0000414
0000599
0000649
0001051
0001139
0001348
0001496
0001632
0001792
0001896
0002008
0002119
0002178
0002455
0002635
0002827
0002917
0002950
0003042
0003062
0003102
0003175
0003256
0003469
0003676
0003692
0003822
0004027
0004178
0004234
0004325
0004473
0004544
0004695
0004777
0004847
0004850
0005198
0005414
0005545
0005561
0005655
0005683
0005684
0005691
0005762
0005794
0006028
0006374
0006514
0006617
0006678
0006682
0006950
0006976
0006993
0007009
0007112
0007140
0007160
0007180
0007196
0007485
0007522
0007660
0007731
0008022
0008168
0008212
0008483
0008486
0008517
0008523
0008631
0008652
0008716
0008777
0008864
0009414
0009445
0009673
0009730
0009740
0009903
0010062
0010064
0010092
0010215
0010549
0010686
0010718
0010757
0010860
0010892
0010902
0011231
0011316
0011339
0011622
0011682
0011752
0011921
0012093
0012147
0012215
0012370
0012697
0012754
0012896
0013208
0013329
0013362
0013485
0013820
0013840
0013908
0013940
0014018
0014033
0014060
0014103
0014404
0014544
0014624
0014648
0014683
0014707
0014759
0014899
0014907
0015191
0015393
0015567
0016244
0016341
0016357
0016363
0016364
0016412
0016426
0016554
0016623
0016701
0016776
0016849
0016918
0016931
0016981
0017133
0017240
0017315
0017669
0017749
0017923
0017990
0018062
0018095
0018104
0018107
0018137
0018149
0018166
0018262
0018348
0018418
0018892
0019024
0019287
0019336
0019383
0019451
0019525
0019735
0019805
0019833
0020087
0020253
0020343
0020345
0020796
0020893
0021024
0021117
0021136
0021219
0021303
0021333
0021358
0021557
0021759
0021934
0021998
0022018
0022080
0022243
0022279
0022286
0022331
0022583
0022677
0022799
0022847
0022918
0022961
0022987
0023137
0023214
0023244
0023274
0023379
0023756
0023764
0023873
0023879
0023952
0023955
0024201
0024409
0024441
0024791
0024848
0024864
0024989
0025298
0025327
0025455
0025460
0025465
0025555
0025735
0025800
0026109
0026158
0026184
0026374
0026379
0026436
0026964
0027012
0027105
0027240
0027253
0027331
0027467
0027477
0027635
0027669
0027681
0027749
0027843
0027938
0028054
0028060
0028602
0028883
0028932
0029204
0029270
0029649
0029726
0029811
0029915
0030092
0030110
0030137
0030157
0030370
0030546
0030812
0030840
0030915
0030997
0031238
0031299
0031329
0031473
0031504
0031512
0031698
0031807
0031888
0031912
0032031
0032034
0032103
0032650
0032663
0032690
0032801
0032892
0032998
0033039
0033079
0033207
0033219
0033355
0033414
0033449
0033889
0034024
0034070
0034128
0034248
0034382
0034451
0034580
0034666
0034797
0034891
0035289
0035372
0035420
0035453
0035609
0035774
0035941
0035964
0035989
0036029
0036362
0036537
0036626
0036766
0036798
0037029
0037031
0037117
0037541
0037574
0037738
0037958
0038113
0038163
0038192
0038326
0038354
0038500
0038503
0038700
0038779
0038829
0039050
0039125
0039126
0039258
0039320
0039681
0039775
0040001
0040021
0040036
0040135
0040176
0040217
0040306
0040339
0040513
0040518
0040538
0040752
0040906
0040944
0040975
0041101
0041167
0041211
0041356
0041382
0041406
0041560
0041751
0041755
0041775
0041964
0042084
0042200
0042241
0042317
0042385
0042502
0042776
0042779
0042800
0042944
0042965
0042970
0043067
0043141
0043404
0043491
0043693
0043718
0044047
0044089
0044255
0044399
0044451
0045050
0045123
0045223
0045336
0045507
0045601
0045788
0045858
0045961
0046029
0046220
0046240
0046344
0046393
0046447
0046468
0046621
0046647
0047023
0047083
0047253
0047320
0047466
0047603
0047662
0047778
0047848
0048025
0048090
0048234
0048428
0048530
0048549
0048625
0048694
0048704
0048788
0048912
0049003
0049232
0049350
0049415
0049463
0049617
0049737
0049935
0050122
0050155
0050329
0050392
0050606
0050785
0050841
0050858
0051060
0051070
0051201
0051207
0051403
0051556
0051624
0051784
0052040
0052110
0052176
0052308
0052328
0052353
0052385
0052391
0052423
0052448
0052455
0052496
0052685
0052729
0052738
0052919
0053077
0053297
0053448
0053451
0053509
0053685
0053782
0053904
0054041
0054101
0054322
0054326
0054339
0054372
0054419
0054848
0055007
0055075
0055159
0055460
0055467
0055475
0055493
0055555
0055652
0055806
0055814
0055916
0056266
0056324
0056377
0056424
0056477
0056487
0056547
0056549
0056778
0056813
0057367
0057480
0057484
0057501
0057607
0057636
0057745
0057746
0057847
0057892
0057926
0057991
0058021
0058186
0058213
0058337
0058496
0058525
0058559
0058591
0058839
0058946
0059114
0059234
0059248
0059482
0059490
0059629
0059786
0059895
0059914
0059924
0059953
0060108
0060206
0060307
0060314
0060572
0060593
0060616
0060735
0060788
0060808
0060881
0060971
0061143
0061277
0061390
0061478
0061549
0061583
0061717
0061723
0061766
0061843
0061960
0062045
0062130
0062141
0062180
0062261
0062369
0062376
0062432
0062503
0062518
0062520
0062603
0062784
0062854
0062885
0063174
0063324
0063400
0063441
0063537
0063571
0063771
0064386
0064525
0064570
0064864
0064960
0064969
0065021
0065080
0065205
0065318
0065574
0065746
0065783
0065831
0065886
0065970
0066060
0066076
0066183
0066203
0066225
0066270
0066363
0066489
0066752
0066843
0067030
0067049
0067091
0067134
0067172
0067254
0067280
0067336
0067392
0067394
0067603
0067622
0067746
0068053
0068079
0068336
0068513
0068560
0068747
0069144
0069275
0069393
0069505
0069700
0069770
0069808
0069831
0069984
0070071
0070130
0070158
0070251
0070392
0070448
0070490
0070592
0070798
0070836
0070970
0070981
0070985
0071002
0071007
0071092
0071149
0071241
0071259
0071473
0071486
0071512
0071520
0071676
0072025
0072094
0072178
0072272
0072333
0072698
0072753
0072756
0072778
0072833
0072902
0072965
0073023
0073036
0073060
0073114
0073258
0073262
0073285
0073345
0073493
0073686
0073721
0073788
0073822
0073974
0074248
0074519
0074528
0074638
0074717
0074770
0074917
0074990
0075031
0075215
0075235
0075291
0075303
0075396
0075446
0075489
0075629
0075662
0075683
0075953
0076051
0076209
0076222
0076388
0076494
0076544
0076745
0076747
0076793
0076821
0076827
0076924
0077101
0077184
0077226
0077425
0077448
0077598
0077671
0077915
0077926
0077946
0078075
0078190
0078221
0078680
0078724
0078881
0078982
0079089
0079153
0079185
0079241
0079248
0079271
0079311
0079425
0079467
0079519
0079623
0079633
0079733
0080161
0080282
0080603
0080757
0080850
0080912
0081068
0081223
0081239
0081281
0081418
0081469
0081558
0081708
0081728
0081827
0082021
0082083
0082130
0082172
0082194
0082570
0082601
0082922
0083078
0083130
0083132
0083157
0083216
0083255
0083297
0083351
0083523
0083621
0083720
0083774
0083851
0084095
0084098
0084333
0084348
0084436
0084464
0084609
0084634
0084708
0084760
0084851
0084938
0085244
0085403
0085435
0085518
0085596
0085636
0085714
0085890
0085905
0085992
0086031
0086103
0086154
0086470
0086524
0086548
0086572
0086833
0087185
0087190
0087288
0087606
0087614
0087691
0087855
0087931
0088093
0088119
0088182
0088535
0088676
0088739
0089154
0089192
0089195
0089251
0089274
0089340
0089365
0089464
0089563
0089590
0089737
0089758
0089851
0090015
0090021
0090177
0090360
0090707
0090741
0090796
0091150
0091296
0091604
0091707
0091731
0091781
0091872
0091955
0091969
0092015
0092066
0092188
0092272
0092368
0092696
0092704
0092706
0092890
0092964
0093039
0093234
0093306
0093518
0093635
0093654
0093794
0093997
0094109
0094128
0094272
0094322
0094455
0094665
0094707
0094716
0094723
0094755
0094829
0094830
0095049
0095080
0095094
0095246
0095320
0095330
0095512
0095568
0095577
0095600
0095722
0095808
0095934
0096021
0096276
0096353
0096399
0097115
0097384
0097602
0097685
0097906
0098026
0098060
0098234
0098325
0098810
0098819
0098839
0098973
0099066
0099199
0099256
0099363
0099514
0099609
0099651
0099774
0099862
0099873
0099876
0100019
0100059
0100079
0100108
0100223
0100255
0100260
0100275
0100331
0100404
0100422
0100600
0100663
0100711
0101303
0101346
0101378
0101487
0101512
0101543
0101637
0101711
0101731
0101960
0102192
0102224
0102272
0102277
0102591
0102609
0102610
0103036
0103039
0103081
0103156
0103291
0103299
0103658
0103695
0103860
0103925
0103969
0104008
0104026
0104070
0104118
0104252
0104254
0104441
0104534
0104535
0104659
0104682
0104722
0104738
0104753
0104769
0105010
0105110
0105206
0105247
0105288
0105471
0105487
0105859
0106048
0106453
0106465
0106637
0106744
0106783
0106905
0107471
0107510
0107573
0107647
0107723
0107804
0107809
0107921
0108055
0108062
0108131
0108290
0108312
0108524
0108536
0108652
0108713
0108768
0108832
0108930
0109005
0109077
0109310
0109386
0109484
0109764
0109860
0109977
0110003
0110161
0110300
0110311
0110515
0110619
0110679
0110685
0110701
0110704
0110743
0110759
0110804
0110938
0110947
0110985
0110997
0111045
0111056
0111367
0111369
0111498
0111530
0111592
0111719
0111857
0112010
0112053
0112089
0112105
0112131
0112403
0112550
0112589
0112700
0112716
0112777
0112785
0112922
0113165
0113205
0113210
0113380
0113428
0113450
0113472
0113575
0113733
0113802
0113944
0114011
0114111
0114217
0114260
0114343
0114369
0114435
0114678
0114794
0114803
0114851
0114862
0115366
0115367
0115424
0115569
0115639
0115676
0115787
0115837
0115876
0115935
0116153
0116196
0116217
0116245
0116280
0116297
0116416
0116432
0116546
0116573
0116676
0116778
0116975
0117215
0117237
0117363
0117412
0117985
0118094
0118507
0118569
0118630
0118666
0118968
0119042
0119106
0119181
0119267
0119760
0119850
0119856
0119993
0120027
0120080
0120153
0120162
0120410
0120448
0120597
0120604
0120644
0120669
0120886
0120997
0120999
0121046
0121091
0121167
0121269
0121292
0121359
0121392
0121494
0121723
0122143
0122413
0122443
0122466
0122515
0122585
0122613
0122861
0123058
0123067
0123071
0123109
0123479
0123627
0123648
0123671
0123685
0123751
0123831
0124237
0124362
0124445
0124507
0124517
0124634
0124742
0124837
0124841
0124856
0125000
0125113
0125186
0125406
0125470
0125517
0125647
0125688
0125736
0125771
0125856
0125888
0125931
0125964
0125993
0126001
0126173
0126240
0126528
0126743
0126755
0126784
0126866
0126871
0126966
0126975
0127144
0127176
0127187
0127280
0127325
0127430
0127500
0127832
0127869
0127870
0127880
0127939
0127946
0128009
0128014
0128203
0128231
0128281
0128350
0128554
0128594
0128655
0128661
0128725
0128834
0128854
0129085
0129133
0129441
0129498
0130054
0130060
0130161
0130527
0130679
0130709
0130740
0130816
0130833
0130983
0131008
0131042
0131265
0131283
0131296
0131302
0131393
0131460
0131693
0131920
0131954
0132082
0132087
0132250
0132356
0132445
0132485
0132541
0132594
0132851
0132941
0132947
0132951
0132986
0133004
0133094
0133198
0133244
0133270
0133350
0133459
0133828
0134008
0134095
0134270
0134483
0134674
0134772
0134779
0134968
0135121
0135124
0135161
0135273
0135302
0135314
0135443
0135661
0135771
0135900
0135965
0136194
0136296
0136368
0136675
0136689
0136770
0136804
0136818
0136889
0136938
0137003
0137030
0137045
0137103
0137171
0137251
0137296
0137311
0137318
0137409
0137480
0137481
0137600
0137615
0137709
0137899
0138022
0138084
0138297
0138350
0138446
0138476
0138622
0139212
0139242
0139243
0139256
0139427
0139452
0139454
0139459
0139465
0139523
0139566
0139638
0139728
0139912
0139973
0140123
0140215
0140359
0140387
0140802
0140879
0141066
0141208
0141288
0141343
0141547
0141580
0141664
0141827
0141877
0141924
0141942
0142229
0142392
0142526
0142544
0142547
0142639
0142747
0142983
0143033
0143105
0143184
0143221
0143282
0143303
0143520
0143697
0143721
0143820
0143859
0144016
0144087
0144091
0144401
0144468
0144501
0144511
0144566
0144795
0144829
0144862
0144892
0145038
0145087
0145133
0145205
0145303
0145499
0145608
0145816
0146086
0146101
0146107
0146181
0146421
0146423
0146732
0146780
0146781
0146792
0146867
0146911
0147044
0147291
0147357
0147358
0147363
0147475
0147488
0147495
0147519
0147554
0147639
0147645
0147949
0148239
0148396
0148407
0148640
0148668
0148698
0148709
0148720
0148752
0148822
0148890
0148910
0149168
0149293
0149333
0149363
0149374
0149448
0149698
0149742
0149877
0150056
0150154
0150266
0150751
0150796
0150866
0150948
0151027
0151103
0151207
0151351
0151404
0151608
0151609
0151938
0152228
0152246
0152354
0152468
0152526
0152650
0153025
0153145
0153152
0153236
0153309
0153350
0153654
0153754
0154101
0154132
0154156
0154178
0154189
0154262
0154268
0154305
0154353
0154386
0154583
0154681
0154719
0154751
0154772
0154818
0154922
0155015
0155022
0155064
0155513
0155552
0155676
0155722
0156356
0156556
0156791
0156797
0156858
0156863
0157025
0157089
0157178
0157196
0157263
0157533
0157558
0157588
0157678
0157698
0157816
0157895
0157936
0157964
0158050
0158113
0158286
0158299
0158352
0158762
0158854
0158857
0158922
0158979
0159104
0159160
0159474
0159999
0160038
0160075
0160260
0160369
0160378
0160408
0160411
0160525
0160616
0160767
0160780
0161019
0161092
0161151
0161447
0161468
0161562
0161721
0161841
0161870
0161903
0161980
0162008
0162191
0162210
0162251
0162270
0162309
0162328
0162464
0162592
0162728
0162822
0162940
0163077
0163149
0163188
0163348
0163433
0163545
0163942
0164035
0164406
0164513
0164545
0164676
0164829
0164930
0164948
0165021
0165069
0165100
0165524
0165609
0165636
0165901
0166090
0166408
0166573
0166635
0166791
0166851
0166878
0167012
0167076
0167492
0167892
0168033
0168136
0168139
0168439
0168692
0168716
0168766
0168797
0169136
0169147
0169153
0169381
0169390
0169456
0169839
0169867
0169898
0170474
0170542
0170582
0170686
0171013
0171239
0171433
0171445
0171600
0171746
0171947
0172056
0172105
0172160
0172240
0172264
0172784
0172812
0172913
0172918
0172929
0173062
0173187
0173251
0173260
0173264
0173848
0173911
0173938
0173995
0174048
0174057
0174191
0174694
0174736
0174889
0175011
0175073
0175127
0175332
0175577
0175633
0175999
0176017
0176052
0176093
0176130
0176246
0176249
0176368
0176427
0176494
0176543
0177322
0177383
0177403
0177468
0177617
0177672
0177812
0177918
0177968
0178046
0178051
0178092
0178117
0178175
0178204
0178220
0178329
0178416
0178425
0178454
0178533
0178564
0178749
0178752
0178866
0178965
0179056
0179079
0179106
0179189
0179331
0179336
0179352
0179471
0179492
0179557
0179837
0179862
0179900
0179921
0179963
0180018
0180079
0180116
0180119
0180273
0180276
0180278
0180291
0180507
0180525
0180540
0180679
0180936
0180967
0181028
0181179
0181405
0181457
0181640
0181646
0181857
0181920
0181967
0181976
0182025
0182172
0182259
0182260
0182436
0182485
0182500
0182529
0182605
0182704
0182993
0183012
0183180
0183199
0183250
0183283
0183404
0183558
0183744
0183789
0184047
0184144
0184232
0184450
0184541
0184542
0184844
0184888
0185378
0185469
0185502
0185736
0185750
0185804
0185875
0186320
0186371
0186576
0186816
0186845
0186873
0186891
0187010
0187102
0187108
0187143
0187225
0187239
0187385
0187469
0187607
0187748
0187804
0187834
0187844
0187846
0188274
0188492
0188585
0188595
0188597
0188598
0188618
0188674
0188825
0189010
0189034
0189090
0189125
0189188
0189260
0189322
0189324
0189382
0189403
0189414
0189457
0189510
0189654
0189767
0189803
0189950
0190087
0190116
0190311
0190486
0190558
0190728
0190744
0191383
0191517
0191755
0191813
0191814
0191835
0192100
0192335
0192572
0192734
0193053
0193070
0193165
0193190
0193230
0193253
0193422
0193446
0193482
0193751
0193851
0193879
0193898
0194205
0194598
0194622
0194736
0195047
0195101
0195327
0195358
0195419
0195538
0195649
0195706
0195753
0195764
0195802
0195935
0196088
0196119
0196205
0196379
0196468
0196625
0196863
0196910
0197007
0197067
0197129
0197258
0197302
0197429
0197439
0197514
0197672
0197686
0197842
0197863
0198043
0198098
0198153
0198285
0198357
0198467
0198469
0198509
0198639
0198696
0198936
0198976
0199003
0199112
0199119
0199267
0199295
0199418
0199505
0199516
0199749
0199826
0199865
0200337
0200396
0200547
0200663
0200784
0200868
0201298
0201326
0201337
0201345
0201433
0201475
0201482
0201530
0201602
0201603
0201629
0201982
0202095
0202251
0202300
0202386
0202597
0202633
0202721
0202772
0202803
0203255
0203364
0203382
0203454
0203601
0203620
0203649
0203702
0203715
0203836
0203885
0203951
0203981
0204007
0204120
0204230
0204514
0204517
0204624
0204684
0204740
0204807
0204840
0205301
0205410
0205573
0205620
0205646
0205676
0205724
0205742
0205921
0205956
0205969
0205970
0206011
0206168
0206200
0206470
0206608
0206804
0206871
0206992
0207102
0207127
0207263
0207285
0207330
0207586
0207653
0208301
0208391
0208394
0208614
0208652
0208657
0208685
0208939
0208949
0208951
0208995
0209139
0209151
0209193
0209341
0209434
0209558
0209571
0209861
0209929
0209950
0209967
0210041
0210047
0210269
0210425
0210568
0210794
0210796
0210825
0211066
0211072
0211085
0211119
0211127
0211416
0211429
0211462
0211480
0211574
0211725
0211823
0211901
0212207
0212608
0212744
0212909
0212994
0213073
0213202
0213235
0213270
0213300
0213303
0213401
0213620
0213754
0213868
0213877
0213971
0214176
0214200
0214224
0214231
0214384
0214607
0214647
0214892
0215015
0215545
0215552
0215673
0215699
0215741
0215803
0215882
0215971
0215996
0216059
0216334
0216446
0216449
0216708
0216771
0216827
0217010
0217050
0217109
0217137
0217175
0217206
0217332
0217484
0217511
0217552
0217630
0217688
0217691
0217758
0217853
0218105
0218187
0218371
0218440
0218668
0218715
0218892
0219118
0219575
0219646
0219666
0219718
0219722
0219746
0219752
0219754
0219763
0219845
0219978
0220134
0220185
0220186
0220229
0220339
0220487
0220494
0220622
0220674
0220690
0220710
0220826
0220985
0221018
0221156
0221177
0221198
0221286
0221337
0221486
0221771
0221830
0221831
0222036
0222177
0222229
0222245
0222288
0222304
0222333
0222577
0222678
0222828
0222921
0223128
0223171
0223284
0223320
0223325
0223513
0223734
0223736
0223852
0223910
0224004
0224294
0224412
0224485
0224549
0224637
0224929
0224977
0225021
0225031
0225182
0225378
0225406
0225433
0225532
0225629
0225780
0226476
0226492
0226592
0226614
0226649
0226653
0226731
0227019
0227041
0227451
0227560
0227804
0227813
0227923
0227931
0228016
0228020
0228301
0228317
0228408
0228444
0228457
0228509
0228555
0228571
0228788
0228884
0228906
0228982
0229349
0229360
0229385
0229405
0229435
0229488
0229524
0229599
0229699
0229719
0229892
0229921
0229938
0229996
0230041
0230189
0230249
0230508
0230646
0230706
0230825
0230844
0230868
0230979
0231009
0231159
0231234
0231288
0231487
0231568
0231635
0231689
0231711
0231725
0231836
0231974
0232093
0232408
0232640
0232824
0233149
0233161
0233163
0233242
0233309
0233316
0233449
0233485
0233552
0233651
0233697
0233822
0233994
0234078
0234277
0234355
0234399
0234426
0234481
0234526
0234713
0234878
0234968
0235018
0235205
0235266
0235434
0235508
0235535
0235661
0235678
0235715
0235743
0235770
0235816
0235973
0236012
0236244
0236346
0236467
0236497
0236706
0236943
0237242
0237296
0237328
0237414
0237474
0237514
0237819
0237921
0238093
0238286
0238336
0238410
0238467
0238614
0238741
0238912
0238941
0239299
0239624
0239767
0239944
0240238
0240550
0240579
0240591
0240691
0240702
0241025
0241050
0241057
0241078
0241089
0241178
0241379
0241449
0241553
0241579
0241743
0241899
0241931
0241998
0242042
0242268
0242483
0242799
0242820
0243286
0243436
0243612
0243774
0243780
0243801
0243997
0244022
0244110
0244115
0244200
0244314
0244327
0244551
0244610
0244694
0244867
0245079
0245195
0245231
0245324
0245399
0245411
0245446
0245476
0245541
0245594
0245640
0245768
0245822
0245938
0246029
0246046
0246047
0246257
0246511
0246537
0246558
0246618
0246636
0246664
0246683
0246819
0246845
0246892
0246924
0247098
0247247
0247326
0247341
0247354
0247442
0247533
0247725
0247817
0247913
0248043
0248062
0248157
0248200
0248396
0248414
0248552
0248561
0248564
0248596
0248656
0248769
0248971
0249199
0249235
0249317
0249352
0249359
0249466
0249665
0249708
0249719
0249818
0249972
0249978
0250111
0250244
0250353
0250482
0250565
0250697
0251044
0251180
0251182
0251191
0251549
0251620
0251772
0251847
0251976
0252158
0252184
0252232
0252363
0252434
0252468
0252522
0252812
0252880
0253183
0253254
0253415
0253432
0253490
0253662
0253709
0253766
0253824
0253965
0254594
0254655
0254666
0254755
0255077
0255080
0255280
0255323
0255377
0255387
0255388
0255417
0255468
0255488
0255523
0256003
0256131
0256132
0256279
0256368
0256401
0256458
0256504
0256554
0256557
0256589
0256687
0256690
0256860
0256874
0257211
0257272
0257293
0257330
0257443
0257471
0257684
0257687
0257695
0257721
0257765
0257793
0257938
0257978
0258051
0258095
0258226
0258260
0258264
0258329
0258330
0258337
0258412
0258469
0258499
0258596
0258604
0258747
0258793
0258814
0259078
0259172
0259364
0259488
0259501
0259671
0259693
0259789
0259818
0259947
0260244
0260285
0260456
0260473
0260489
0260921
0261048
0261081
0261496
0261549
0261728
0261913
0262023
0262084
0262096
0262185
0262223
0262247
0262277
0262291
0262502
0262517
0262533
0262574
0262678
0262723
0262837
0262874
0262889
0262962
0263214
0263351
0263608
0263644
0263670
0263842
0263861
0263928
0264032
0264405
0264505
0264545
0264784
0264800
0264821
0264961
0264966
0265043
0265146
0265405
0265456
0265623
0265724
0265757
0265809
0265840
0265855
0266129
0266196
0266243
0266352
0266371
0266417
0266618
0266815
0266916
0267009
0267013
0267136
0267245
0267272
0267310
0267364
0267367
0267476
0267527
0267590
0267910
0268201
0268263
0268328
0268447
0268515
0268848
0268937
0269146
0269373
0269436
0269505
0269569
0269879
0269895
0270003
0270132
0270149
0270340
0270444
0270506
0270645
0270825
0270831
0271010
0271038
0271144
0271152
0271348
0271411
0271465
0271676
0271679
0271724
0271919
0271969
0272117
0272179
0272264
0272706
0272757
0272802
0273071
0273076
0273126
0273290
0273294
0273378
0273687
0273707
0273790
0274014
0274077
0274222
0274295
0274396
0274427
0274430
0274465
0274552
0274630
0274725
0274776
0274836
0274908
0275097
0275249
0275290
0275329
0275332
0275724
0275896
0275924
0276162
0276164
0276232
0276520
0276561
0276614
0276700
0276883
0277026
0277163
0277237
0277262
0277651
0277744
0277809
0277812
0278094
0278290
0278543
0278626
0278806
0278911
0279011
0279052
0279068
0279133
0279137
0279203
0279238
0279361
0279595
0279610
0279736
0279836
0279855
0279858
0279971
0279983
0280091
0280117
0280180
0280396
0280563
0280659
0280757
0280840
0280964
0281005
0281386
0281409
0281449
0281563
0281678
0281787
0281793
0281826
0282045
0282132
0282342
0282457
0282461
0282601
0282624
0282884
0282887
0282978
0283683
0283757
0284212
0284225
0284283
0284397
0284594
0284802
0284835
0284969
0285075
0285135
0285244
0285296
0285321
0285512
0285528
0285538
0285562
0285714
0285834
0285836
0286011
0286087
0286139
0286156
0286177
0286204
0286411
0286418
0286431
0286721
0286856
0286966
0286999
0287054
0287537
0287656
0287809
0287873
0288247
0288294
0288410
0288733
0288818
0288876
0288894
0288923
0288992
0289008
0289066
0289210
0289223
0289296
0289637
0289651
0289692
0289783
0289805
0289829
0289901
0289954
0289957
0289994
0290023
0290032
0290143
0290226
0290346
0290353
0290397
0290550
0290606
0290641
0290658
0290683
0290897
0290972
0291089
0291311
0291388
0291578
0291704
0291898
0291964
0292002
0292093
0292325
0292358
0292396
0292421
0292431
0292628
0292741
0292900
0292911
0293023
0293178
0293255
0293256
0293260
0293482
0293600
0293846
0293949
0294087
0294269
0294518
0294547
0294557
0294755
0294898
0294910
0294952
0295062
0295088
0295457
0295593
0295599
0295755
0295834
0295890
0295974
0295989
0296040
0296046
0296161
0296242
0296267
0296555
0296601
0297048
0297456
0297482
0297589
0297591
0297953
0298096
0298161
0298378
0298422
0298433
0298497
0298803
0298868
0298969
0298991
0299019
0299323
0299324
0299619
0299863
0299907
0299915
0299937
0299941
0300157
0300365
0300443
0300453
0300466
0300485
0300703
0300766
0301018
0301094
0301235
0301443
0301651
0302057
0302087
0302101
0302123
0302243
0302307
0302562
0302722
0302875
0302927
0303061
0303066
0303173
0303191
0303376
0303382
0303495
0303540
0303613
0303886
0303937
0303970
0303983
0304016
0304171
0304459
0304750
0304880
0304964
0305132
0305136
0305401
0305432
0305500
0305612
0305682
0305882
0305897
0305973
0306332
0306353
0306518
0306615
0306667
0306939
0306957
0307094
0307243
0307353
0307372
0307393
0307471
0307495
0307810
0307986
0308042
0308046
0308162
0308178
0308205
0308256
0308275
0308375
0308634
0308820
0308840
0308914
0309353
0309366
0309759
0309806
0309854
0310057
0310128
0310144
0310236
0310298
0310513
0310575
0310679
0310701
0310713
0310732
0310853
0310915
0310935
0311040
0311066
0311195
0311407
0311439
0311442
0311445
0311534
0311554
0311579
0311666
0311672
0311706
0311724
0311769
0311877
0312331
0312400
0312436
0312589
0312668
0312743
0312775
0312894
0312908
0313010
0313063
0313165
0313185
0313288
0313301
0313409
0313474
0313576
0313586
0313635
0313767
0313843
0313848
0313899
0313995
0314101
0314123
0314145
0314278
0314301
0314401
0314441
0314464
0314523
0314564
0314723
0314790
0314900
0314964
0314992
0315014
0315091
0315216
0315245
0315303
0315325
0315327
0315330
0315560
0315626
0315756
0315799
0315829
0315971
0316025
0316159
0316218
0316348
0316395
0316409
0316417
0316468
0316472
0316481
0316587
0316652
0316655
0316710
0316745
0316776
0316787
0316871
0316892
0316896
0317046
0317052
0317247
0317304
0317399
0317455
0317745
0317785
0317850
0318010
0318043
0318105
0318131
0318225
0318392
0318416
0318468
0318648
0318656
0318738
0318813
0319077
0319175
0319176
0319353
0319518
0319604
0319613
0319687
0319777
0319833
0320107
0320468
0320487
0320501
0320573
0320581
0320753
0320834
0320922
0320977
0320985
0321084
0321173
0321316
0321389
0321548
0321658
0321732
0321770
0322146
0322159
0322264
0322284
0322315
0322333
0322365
0322542
0322663
0322697
0322755
0322803
0322920
0323135
0323211
0323534
0323553
0323805
0323829
0323849
0323864
0323951
0324034
0324093
0324151
0324152
0324249
0324255
0324509
0324726
0324734
0324861
0324909
0325059
0325128
0325163
0325216
0325343
0325361
0325375
0325378
0325775
0326032
0326181
0326229
0326456
0326532
0326578
0326580
0326633
0326670
0326692
0327030
0327138
0327176
0327256
0327364
0327496
0327938
0327975
0328023
0328184
0328462
0328597
0328899
0328913
0328924
0329024
0329119
0329262
0329380
0329508
0329510
0329539
0329563
0329587
0329588
0329595
0329613
0329646
0329859
0329908
0330038
0330189
0330402
0330441
0330529
0330572
0330589
0330637
0330712
0331078
0331213
0331299
0331338
0331389
0331567
0331586
0331587
0331729
0331892
0332087
0332180
0332229
0332305
0332378
0332521
0332583
0332647
0332666
0332691
0332976
0333032
0333235
0333283
0333304
0333397
0333401
0333423
0333658
0333770
0333814
0334007
0334021
0334028
0334121
0334125
0334191
0334370
0334379
0334386
0334406
0334407
0334470
0334511
0335068
0335249
0335309
0335394
0335409
0335418
0335458
0335497
0335594
0335635
0335712
0335842
0335863
0335912
0336231
0336324
0336365
0336504
0336571
0336630
0336770
0336829
0337189
0337428
0337447
0337453
0337495
0337604
0337629
0337637
0337641
0337879
0337889
0337910
0338015
0338107
0338112
0338181
0338353
0338449
0338634
0338672
0338796
0339007
0339021
0339044
0339048
0339144
0339273
0339333
0339401
0339477
0339826
0339979
0340071
0340235
0340237
0340340
0340412
0340486
0340496
0340583
0340614
0340682
0340859
0340892
0340998
0341073
0341104
0341129
0341411
0341442
0341612
0341654
0341721
0341763
0341890
0342028
0342050
0342070
0342227
0342301
0342569
0342591
0342617
0342735
0342763
0342980
0342994
0343057
0343157
0343324
0343376
0343428
0343524
0343593
0343702
0343704
0343854
0344113
0344232
0344345
0344560
0344749
0344792
0344999
0345084
0345105
0345143
0345179
0345432
0345446
0345545
0345755
0345849
0345899
0345987
0346031
0346138
0346140
0346174
0346283
0346458
0346497
0346624
0346966
0347016
0347057
0347176
0347229
0347320
0347321
0347367
0347433
0347468
0347687
0347749
0347776
0348031
0348062
0348296
0348507
0348516
0348522
0348547
0348584
0348688
0348819
0348903
0348919
0348997
0349114
0349358
0349490
0349542
0349563
0349664
0349669
0349755
0349919
0349950
0349980
0350057
0350180
0350301
0350318
0350351
0350490
0350499
0350563
0350629
0350757
0350882
0351065
0351078
0351099
0351190
0351206
0351267
0351362
0351421
0351422
0351423
0351561
0351576
0351681
0351867
0351970
0352326
0352458
0352571
0352699
0352722
0352805
0352877
0352896
0352955
0352972
0353214
0353219
0353239
0353277
0353411
0353644
0353648
0353699
0353732
0353792
0353959
0354087
0354092
0354308
0354309
0354509
0354632
0354655
0354677
0354745
0354825
0354866
0354942
0354946
0355063
0355075
0355097
0355200
0355264
0355582
0355668
0355686
0355707
0355855
0355876
0355895
0355902
0356187
0356213
0356227
0356275
0356289
0356367
0356412
0356539
0356603
0356731
0356826
0356874
0356886
0356910
0357093
0357149
0357208
0357366
0357418
0357802
0357815
0357915
0357965
0357997
0358101
0358126
0358157
0358305
0358487
0358590
0358665
0358813
0358823
0358897
0359022
0359088
0359140
0359239
0359353
0359742
0359749
0360144
0360147
0360290
0360337
0360579
0360635
0360641
0360778
0361034
0361112
0361326
0361331
0361366
0361666
0361692
0361712
0361765
0361845
0361846
0361876
0361879
0361898
0361903
0361912
0361943
0361967
0362167
0362279
0362280
0362298
0362554
0362575
0362586
0362651
0362678
0362882
0362925
0363030
0363271
0363340
0363559
0363641
0363727
0363734
0363797
0363898
0363923
0363929
0364196
0364223
0364357
0364374
0364847
0364964
0365054
0365161
0365254
0365295
0365431
0365814
0365860
0365905
0366317
0366410
0366519
0366577
0366737
0367103
0367151
0367371
0367510
0367575
0367608
0367701
0367866
0368010
0368237
0368355
0368394
0368410
0368604
0368726
0368851
0368860
0368925
0368947
0369043
0369093
0369183
0369299
0369409
0369441
0369595
0369787
0369830
0370122
0370141
0370179
0370192
0370216
0370259
0370286
0370409
0370583
0370709
0370791
0370916
0370932
0371041
0371051
0371076
0371121
0371309
0371385
0371847
0372071
0372114
0372205
0372441
0372457
0372460
0372577
0372645
0372677
0372685
0372854
0372863
0373044
0373183
0373190
0373265
0373566
0373671
0373834
0373838
0373952
0374136
0374273
0374299
0374498
0374540
0374606
0374719
0374729
0374774
0374791
0375039
0375102
0375130
0375176
0375281
0375328
0375354
0375363
0375457
0375491
0375499
0375617
0375676
0375715
0375846
0375971
0376031
0376083
0376181
0376186
0376192
0376199
0376253
0376388
0376476
0376512
0376689
0376696
0376738
0376798
0376810
0376816
0376840
0376857
0376894
0376993
0377049
0377052
0377164
0377248
0377318
0377342
0377420
0377550
0377634
0377719
0377821
0377857
0377938
0378277
0378305
0378353
0378912
0379018
0379116
0379227
0379362
0379508
0379565
0379572
0379662
0380158
0380356
0380812
0380848
0380886
0380961
0381120
0381194
0381411
0381675
0381676
0381757
0381781
0381833
0381844
0381933
0381966
0382005
0382073
0382185
0382202
0382254
0382263
0382289
0382399
0382581
0382620
0382689
0382745
0382966
0383070
0383093
0383218
0383240
0383295
0383536
0383544
0383660
0383719
0383931
0384053
0384107
0384123
0384200
0384356
0384392
0384413
0384667
0385190
0385274
0385349
0385354
0385437
0385530
0385601
0385630
0385762
0385779
0385889
0385990
0386357
0386409
0386592
0386734
0386752
0386857
0386874
0386922
0386957
0386960
0387103
0387193
0387286
0387300
0387406
0387704
0387860
0387938
0387962
0388005
0388140
0388167
0388172
0388210
0388211
0388277
0388308
0388473
0388659
0388661
0388961
0388991
0389235
0389341
0389592
0389669
0389785
0389888
0390193
0390266
0390322
0390428
0390608
0390612
0390750
0390769
0390830
0390899
0390914
0390970
0391041
0391209
0391453
0391455
0391500
0391531
0391533
0391562
0391699
0391703
0391768
0391918
0391980
0392026
0392213
0392226
0392244
0392290
0392331
0392372
0392650
0392653
0392670
0392783
0392832
0392898
0392945
0393052
0393150
0393417
0393608
0393694
0393790
0393805
0393872
0394027
0394051
0394084
0394142
0394198
0394234
0394376
0394396
0394452
0394453
0395008
0395032
0395100
0395210
0395227
0395257
0395433
0395452
0395486
0395583
0395586
0395603
0395820
0395893
0395896
0395907
0395967
0396214
0396427
0396742
0396768
0396783
0397320
0397432
0397437
0397459
0397495
0397729
0397815
0397844
0397909
0397968
0398047
0398053
0398146
0398205
0398228
0398260
0398447
0398452
0398547
0398549
0398599
0398833
0398876
0399019
0399073
0399097
0399297
0399337
0399361
0399368
0400290
0400308
0400325
0400380
0400434
0400483
0400702
0400756
0401062
0401119
0401190
0401307
0401409
0401707
0401830
0401862
0401994
0402008
0402124
0402346
0402398
0402676
0402767
0402777
0402843
0402848
0402953
0403008
0403127
0403131
0403141
0403207
0403232
0403489
0403502
0403865
0404070
0404072
0404304
0404368
0404477
0404562
0404680
0404702
0404812
0404816
0404857
0404981
0405382
0405482
0405497
0405546
0405916
0406048
0406057
0406160
0406207
0406260
0406485
0406510
0406539
0406552
0406747
0406793
0406828
0406879
0407002
0407065
0407119
0407322
0407344
0407449
0407524
0407673
0407939
0408025
0408147
0408171
0408485
0408616
0408727
0408773
0409019
0409032
0409100
0409220
0409288
0409479
0409517
0409571
0409700
0409701
0410118
0410156
0410243
0410414
0410473
0410605
0411163
0411188
0411206
0411263
0411282
0411446
0411466
0411584
0411594
0411614
0411906
0411942
0412056
0412097
0412481
0412683
0412719
0412809
0412939
0412981
0412991
0413047
0413193
0413246
0413313
0413346
0413460
0413479
0413482
0413729
0413730
0413744
0413785
0413819
0413849
0414028
0414130
0414151
0414359
0414373
0414556
0414582
0414606
0414650
0414674
0414904
0414925
0414936
0414959
0414999
0415004
0415069
0415082
0415108
0415132
0415166
0415244
0415253
0415360
0415486
0415539
0415822
0415872
0415968
0416044
0416139
0416203
0416291
0416429
0416473
0416573
0416739
0416800
0416801
0416972
0416984
0417100
0417209
0417218
0417229
0417399
0417461
0417614
0417859
0417877
0418002
0418048
0418230
0418364
0418467
0418646
0418775
0418888
0418959
0418960
0419141
0419181
0419304
0419438
0419498
0419590
0419628
0419893
0419906
0420031
0420154
0420703
0420845
0421009
0421025
0421040
0421059
0421070
0421083
0421114
0421130
0421584
0421620
0421660
0421665
0422075
0422124
0422257
0422343
0422402
0422410
0422423
0422460
0422677
0422746
0422873
0422934
0422984
0422985
0423141
0423167
0423257
0423287
0423324
0423342
0423470
0423492
0423515
0423592
0423617
0423694
0423812
0424025
0424112
0424161
0424204
0424323
0424406
0424538
0424558
0424631
0424649
0424668
0424669
0424705
0424761
0424795
0424849
0424990
0425014
0425172
0425175
0425389
0425532
0425556
0425622
0425637
0425668
0425736
0425923
0426088
0426095
0426477
0426485
0426498
0426564
0426567
0426841
0426843
0427090
0427178
0427179
0427201
0427501
0427605
0427752
0427966
0428046
0428193
0428227
0428292
0428354
0428549
0428592
0428643
0428810
0428822
0428841
0428986
0429016
0429033
0429092
0429200
0429248
0429280
0429577
0429682
0429698
0429797
0429929
0430025
0430098
0430130
0430138
0430223
0430256
0430376
0430401
0430511
0430665
0430728
0430883
0431053
0431105
0431147
0431152
0431504
0431507
0431823
0431877
0431973
0432000
0432019
0432220
0432260
0432408
0432444
0432588
0432632
0432656
0432725
0432742
0432766
0432790
0432814
0432845
0432995
0433032
0433036
0433068
0433099
0433148
0433167
0433174
0433256
0433262
0433301
0433432
0433500
0433505
0433840
0433983
0434123
0434302
0434431
0434660
0434795
0434829
0434841
0434856
0434972
0435078
0435167
0435354
0435361
0435399
0435606
0435634
0435642
0435726
0435780
0435862
0435952
0435954
0436033
0436047
0436061
0436232
0436409
0436485
0436487
0436517
0436541
0436878
0437314
0437380
0437498
0437511
0437530
0437575
0437698
0437713
0437807
0438009
0438206
0438237
0438308
0438428
0438439
0438457
0438554
0438761
0438872
0438914
0438924
0439025
0439036
0439417
0439665
0439680
0439746
0439761
0439782
0439830
0439894
0439953
0439981
0440254
0440276
0440281
0440366
0440480
0440697
0440702
0440810
0440898
0440900
0441258
0441448
0441470
0441517
0441609
0441706
0441731
0441928
0442061
0442219
0442734
0442743
0442841
0443131
0443206
0443216
0443257
0443696
0443823
0443961
0444548
0444549
0444687
0444698
0444838
0444871
0444951
0444999
0445003
0445066
0445147
0445252
0445378
0445467
0445513
0445564
0445752
0445824
0445932
0446011
0446076
0446148
0446169
0446299
0446792
0446907
0446990
0446996
0447150
0447362
0447422
0447495
0447499
0447519
0447544
0447551
0447781
0447857
0447892
0447967
0447990
0448229
0448293
0448323
0448344
0448425
0448434
0448640
0448727
0448751
0448800
0448846
0449156
0449181
0449394
0449611
0449801
0449809
0449851
0449927
0450051
0450424
0450438
0450510
0450545
0450714
0450832
0450844
0450867
0450926
0450968
0451020
0451037
0451127
0451192
0451524
0451667
0451709
0451776
0451782
0451935
0451995
0452208
0452244
0452317
0452360
0452431
0452485
0452893
0453151
0453364
0453382
0453420
0453431
0453522
0453712
0453751
0453759
0453844
0453869
0453900
0453925
0454064
0454247
0454352
0454402
0454442
0454709
0455153
0455186
0455271
0455286
0455414
0455678
0455727
0455767
0455939
0455990
0456044
0456284
0456338
0456403
0456470
0456511
0456524
0456601
0456605
0456659
0456666
0456671
0456973
0457031
0457053
0457135
0457300
0457521
0457543
0457706
0457820
0457867
0457978
0458274
0458755
0458821
0458894
0458931
0459144
0459190
0459225
0459282
0459372
0459413
0459586
0459976
0460018
0460458
0460546
0460715
0460731
0460769
0460803
0460975
0461239
0461392
0461463
0461486
0461648
0461654
0461700
0461850
0461957
0461969
0461989
0462084
0462206
0462326
0462336
0462512
0462840
0463018
0463063
0463212
0463247
0463256
0463325
0463377
0463734
0463785
0463821
0463898
0464055
0464098
0464367
0464470
0464660
0464773
0464840
0464896
0464914
0465242
0465496
0465579
0465795
0465815
0465825
0465971
0466152
0466172
0466330
0466408
0466471
0466474
0466673
0466716
0466728
0467007
0467080
0467099
0467283
0467319
0467340
0467355
0467560
0467844
0467893
0468072
0468093
0468190
0468311
0468344
0468689
0468703
0468980
0469235
0469240
0469562
0469723
0469762
0469881
0469960
0469998
0470074
0470473
0470843
0470894
0471301
0471579
0471673
0471694
0471726
0471767
0471931
0471939
0472133
0472351
0472368
0472527
0472675
0472722
0472745
0472777
0472939
0473227
0473257
0473407
0473656
0473701
0473770
0473970
0474073
0474107
0474128
0474265
0474353
0474424
0474511
0474617
0474662
0474871
0475093
0475183
0475225
0475419
0475529
0475617
0475728
0475767
0475984
0476010
0476033
0476058
0476146
0476502
0476671
0476699
0476885
0477084
0477121
0477187
0477224
0477392
0477403
0477411
0477426
0477525
0477550
0477572
0477704
0477737
0477787
0477834
0477875
0477907
0478043
0478063
0478197
0478234
0478271
0478294
0478345
0478378
0478379
0478605
0478818
0478891
0478956
0478999
0479021
0479159
0479312
0479651
0479970
0479995
0480077
0480187
0480271
0480375
0480662
0480702
0480855
0480861
0480907
0480977
0480987
0481010
0481180
0481346
0481350
0481382
0481532
0481543
0481700
0481745
0481761
0481786
0481808
0482014
0482125
0482241
0482243
0482296
0482606
0482690
0482952
0483040
0483532
0483624
0483942
0484276
0484364
0484458
0484562
0484608
0484653
0484759
0484884
0484923
0484941
0485046
0485160
0485202
0485369
0485565
0485628
0485658
0485774
0485798
0485834
0486069
0486144
0486274
0486293
0486407
0486428
0486731
0486837
0487112
0487138
0487169
0487312
0487663
0487975
0488035
0488097
0488373
0488554
0488565
0488736
0488825
0488855
0488870
0488938
0488948
0489460
0489591
0489789
0489860
0489872
0489976
0490061
0490071
0490410
0490416
0490483
0490523
0490599
0490870
0490885
0491014
0491129
0491317
0491357
0491516
0491863
0491869
0491986
0492142
0492212
0492235
0492430
0492529
0493076
0493297
0493345
0493441
0493568
0493615
0493678
0493701
0493702
0493714
0494064
0494213
0494286
0494327
0494678
0494841
0495112
0495418
0495441
0495468
0495564
0495586
0495928
0496198
0496202
0496309
0496427
0496583
0496607
0497344
0497600
0497619
0497628
0497643
0497749
0497779
0497799
0497867
0497908
0497973
0497993
0498344
0498360
0498366
0498418
0498426
0498466
0498520
0498611
0498667
0498825
0498935
0499059
0499088
0499171
0499226
0499282
0499408
0499489
0499617
0499642
0499736
0499751
0499907
0499944
0500050
0500061
0500114
0500220
0500313
0500539
0500805
0500876
0500917
0500919
0501128
0501226
0501267
0501283
0501390
0501572
0501678
0501859
0501899
0501914
0502059
0502292
0502438
0502503
0502539
0502586
0502714
0502753
0502879
0502961
0503089
0503094
0503110
0503233
0503255
0503297
0503470
0503673
0503688
0503704
0503939
0503974
0504097
0504187
0504427
0504534
0504855
0504892
0504934
0505066
0505298
0505661
0505675
0505767
0505800
0505803
0505859
0505924
0506041
0506130
0506184
0506250
0506301
0506315
0506473
0506527
0506614
0506634
0506690
0506773
0506871
0507057
0507221
0507224
0507287
0507555
0507766
0507978
0508185
0508214
0508431
0508449
0508453
0508466
0508741
0508824
0508901
0509189
0509196
0509227
0509370
0509388
0509605
0509891
0509904
0510214
0510248
0510259
0510333
0510454
0510488
0510509
0510514
0510530
0510611
0510696
0510724
0510727
0510844
0510846
0510848
0510859
0510865
0510919
0510956
0511205
0511321
0511445
0511448
0511504
0511539
0511727
0511906
0511950
0511968
0512242
0512333
0512465
0512702
0512784
0512787
0512841
0512865
0513519
0513523
0513561
0513737
0513771
0513820
0513904
0514298
0514827
0515222
0515282
0515313
0515431
0515587
0515862
0515940
0516026
0516123
0516247
0516349
0516369
0516443
0516528
0516583
0516693
0516748
0516993
0517079
0517086
0517172
0517228
0517304
0517455
0517710
0517750
0517761
0517779
0517921
0517977
0518077
0518129
0518149
0518236
0518279
0518349
0518381
0518418
0518844
0519078
0519091
0519282
0519290
0519316
0519409
0519415
0519424
0519437
0519579
0519630
0519709
0519845
0519890
0519968
0520073
0520111
0520191
0520381
0520431
0520478
0520620
0520660
0520815
0520829
0520907
0520947
0521062
0521425
0521433
0521684
0521733
0521832
0522058
0522124
0522132
0522214
0522322
0522397
0522835
0522877
0523053
0523270
0523361
0523506
0523571
0523607
0523671
0523736
0523783
0523822
0523993
0524097
0524122
0524172
0524245
0524351
0524371
0524590
0524846
0524915
0525035
0525160
0525403
0525468
0525507
0525545
0525605
0525691
0526077
0526110
0526113
0526204
0526249
0526308
0526433
0526435
0526525
0526590
0526755
0526838
0526864
0526911
0527156
0527245
0527509
0527657
0527704
0527761
0527769
0527800
0528050
0528126
0528278
0528338
0528363
0528381
0528684
0528899
0529215
0529216
0529410
0529428
0529798
0529851
0529901
0529993
0530125
0530154
0530463
0530684
0530846
0530875
0530878
0530920
0530940
0530970
0531020
0531173
0531264
0531372
0531765
0531796
0531892
0531947
0532088
0532274
0532363
0532520
0532552
0532560
0532594
0532699
0532909
0532918
0533136
0533355
0533584
0533670
0533760
0533782
0533936
0534046
0534185
0534188
0534307
0534434
0534757
0534861
0535019
0535035
0535266
0535279
0535350
0535719
0535725
0535746
0535809
0536117
0536233
0536244
0536292
0536322
0536323
0536335
0536451
0536465
0536515
0536584
0536651
0536769
0536849
0536960
0536979
0537007
0537041
0537117
0537198
0537612
0537709
0537725
0537807
0537991
0538222
0538224
0538229
0538480
0538703
0538798
0538826
0538840
0539009
0539087
0539222
0539274
0539299
0539529
0539645
0539720
0539750
0539870
0539880
0539943
0540095
0540098
0540123
0540155
0540159
0540267
0540281
0540328
0540395
0540834
0540859
0540885
0540899
0541087
0541167
0541193
0541199
0541548
0541588
0541663
0541698
0541808
0541812
0541848
0541864
0541872
0542233
0542248
0542284
0542325
0542475
0542573
0542579
0542597
0542657
0542684
0542784
0542831
0542890
0543111
0543147
0543173
0543234
0543369
0543426
0543545
0543682
0543764
0543851
0544089
0544202
0544478
0544870
0544939
0544950
0544986
0545022
0545216
0545850
0546089
0546286
0546302
0546465
0546472
0546546
0546635
0546667
0546724
0547108
0547129
0547159
0547253
0547279
0547458
0547464
0547757
0547990
0547995
0548144
0548310
0548329
0548724
0548797
0548799
0548843
0548905
0548973
0549174
0549240
0549422
0549427
0549441
0549457
0549486
0549544
0549708
0549718
0549843
0549858
0549899
0550030
0550076
0550197
0550426
0550428
0550643
0550673
0550796
0550897
0551068
0551102
0551140
0551312
0551324
0551455
0551528
0551544
0551708
0551766
0551772
0551843
0552057
0552058
0552110
0552117
0552219
0552302
0552563
0552565
0552582
0552694
0552809
0552874
0552986
0553182
0553425
0553595
0553651
0553701
0553995
0554321
0554325
0554623
0554766
0554816
0554920
0554950
0554973
0554991
0555079
0555093
0555129
0555214
0555309
0555377
0555430
0555462
0555554
0555588
0555709
0555795
0555838
0555858
0555872
0555903
0556017
0556143
0556149
0556248
0556269
0556348
0556553
0556612
0556678
0556690
0556716
0556751
0556935
0557054
0557247
0557567
0557978
0557997
0558243
0558309
0558473
0558659
0558962
0559005
0559042
0559326
0559456
0559516
0559553
0559618
0559652
0559679
0559761
0559814
0559824
0559835
0560034
0560057
0560153
0560250
0560379
0560513
0560548
0560582
0560594
0560682
0560742
0560781
0560819
0560998
0561062
0561153
0561200
0561467
0561583
0561613
0561788
0561867
0561869
0561883
0561913
0561942
0562002
0562111
0562164
0562335
0562493
0562572
0562654
0562733
0562775
0563305
0563371
0563408
0563618
0563620
0563626
0563648
0563704
0563805
0563842
0564199
0564288
0564735
0564778
0564784
0564855
0564873
0565164
0565238
0565458
0565558
0565622
0565935
0565985
0566185
0566197
0566281
0566412
0566522
0566614
0566776
0566848
0566957
0566973
0566987
0567108
0567240
0567402
0567415
0567494
0567531
0567701
0567974
0568028
0568238
0568264
0568270
0568535
0568686
0568848
0568922
0568991
0569183
0569187
0569232
0569348
0569382
0569406
0569440
0569477
0569600
0569710
0569741
0569753
0569979
0570150
0570161
0570258
0570446
0570455
0570667
0570715
0571149
0571160
0571216
0571254
0571307
0571341
0571672
0571736
0571847
0571967
0572069
0572424
0572425
0572428
0572431
0572649
0572699
0572751
0572875
0572888
0573045
0573295
0573554
0573624
0573685
0573802
0573826
0574016
0574254
0574271
0574366
0574404
0574412
0574655
0574675
0574681
0574695
0574763
0574822
0575056
0575079
0575150
0575198
0575323
0575398
0575821
0576013
0576017
0576116
0576204
0576228
0576556
0576626
0576728
0576768
0576840
0576950
0576964
0577269
0577343
0577585
0577623
0577696
0577774
0577789
0577796
0577837
0577886
0578231
0578316
0578413
0578446
0578464
0578468
0578599
0578768
0578974
0579042
0579050
0579126
0579128
0579162
0579200
0579202
0579371
0579522
0579527
0579636
0579820
0579831
0579839
0579853
0579885
0580019
0580022
0580048
0580076
0580083
0580165
0580221
0580255
0580303
0580304
0580376
0580471
0580632
0580688
0580714
0580747
0580752
0581036
0581074
0581105
0581603
0581659
0581833
0581898
0581944
0581945
0581997
0582068
0582075
0582205
0582261
0582324
0582474
0582611
0583094
0583157
0583158
0583241
0583250
0583293
0583341
0583374
0583420
0583744
0583791
0583876
0584057
0584209
0584223
0584269
0584292
0584386
0584540
0584616
0584630
0584676
0584926
0584990
0585058
0585356
0585668
0585700
0585739
0585966
0586042
0586138
0586325
0586336
0586378
0586521
0586773
0586959
0587541
0587635
0587654
0587714
0587783
0587832
0587869
0587903
0587934
0587963
0587969
0588004
0588045
0588080
0588163
0588170
0588253
0588262
0588336
0588436
0588620
0588749
0588912
0588924
0589182
0589300
0589419
0589442
0589448
0589562
0589722
0589777
0589941
0589988
0590010
0590036
0590228
0590326
0590362
0590411
0590441
0590670
0590804
0590853
0591231
0591249
0591494
0591672
0591750
0591752
0591759
0592039
0592212
0592300
0592310
0592405
0592411
0592413
0592644
0592759
0593061
0593155
0593329
0593462
0593464
0593653
0594075
0594113
0594123
0594299
0594657
0594702
0594717
0594815
0594912
0594959
0595033
0595187
0595269
0595369
0595490
0595568
0595668
0595682
0595823
0595851
0595871
0596363
0596547
0596567
0596808
0596956
0596963
0597241
0597395
0597551
0597718
0597738
0597805
0597910
0598029
0598051
0598091
0598148
0598329
0598342
0598356
0598481
0598598
0598791
0599186
0599299
0599321
0599356
0599387
0599393
0599553
0599618
0599723
0599984
0600002
0600172
0600191
0600249
0600368
0600606
0600688
0600744
0600784
0600791
0600990
0601035
0601061
0601083
0601085
0601151
0601189
0601240
0601485
0601528
0601733
0601826
0601912
0601970
0602392
0602569
0602611
0602725
0602787
0603091
0603231
0603287
0603354
0603436
0603462
0603737
0603747
0603781
0603864
0603962
0603964
0603972
0604013
0604460
0604768
0604871
0605136
0605151
0605352
0605398
0605522
0605941
0605948
0605973
0606026
0606057
0606076
0606165
0606169
0606208
0606397
0606435
0606599
0606606
0606802
0607015
0607054
0607194
0607227
0607230
0607393
0607550
0607607
0607661
0607827
0607831
0607872
0607874
0607918
0608085
0608132
0608294
0608297
0608357
0608448
0608522
0608544
0608570
0608729
0608860
0608865
0608873
0609100
0609139
0609319
0609413
0609490
0609897
0609906
0610044
0610061
0610072
0610219
0610260
0610501
0610503
0610806
0610893
0610950
0610979
0610997
0611104
0611223
0611312
0611370
0611509
0611723
0611976
0611992
0612295
0612313
0612400
0612513
0612649
0612724
0612911
0612917
0612946
0613000
0613055
0613115
0613166
0613180
0613230
0613300
0613324
0613384
0613500
0613536
0613590
0613618
0613629
0613640
0613760
0613856
0613971
0614067
0614199
0614377
0614385
0614399
0614416
0614562
0614568
0614827
0614935
0614960
0615117
0615171
0615326
0615511
0615545
0615603
0615628
0615733
0615874
0615943
0615964
0616240
0616294
0616315
0616800
0616922
0617052
0617116
0617309
0617331
0617451
0617500
0617558
0617569
0617652
0617720
0617784
0617801
0617804
0617813
0617901
0617990
0618064
0618373
0618417
0618442
0618460
0618781
0618805
0619002
0619041
0619202
0619208
0619305
0619424
0619971
0620085
0620132
0620141
0620311
0620402
0620416
0620627
0620675
0620676
0620701
0620739
0620834
0620855
0620879
0621134
0621137
0621206
0621242
0621245
0621297
0621321
0621380
0621432
0621445
0621462
0621671
0621817
0621988
0622106
0622128
0622153
0622372
0622515
0622870
0622883
0622959
0623011
0623838
0624120
0624325
0624339
0624341
0624361
0624595
0624653
0624917
0625054
0625154
0625458
0625479
0625734
0625756
0625765
0625878
0625955
0625986
0626136
0626212
0626330
0626380
0626531
0626657
0626854
0626905
0626943
0626959
0626980
0627103
0627319
0627433
0627471
0627720
0628088
0628204
0628279
0628297
0628346
0628369
0628529
0628609
0628623
0628693
0628711
0628752
0628794
0628823
0628866
0629470
0629534
0629567
0629658
0629815
0629845
0630013
0630060
0630077
0630108
0630187
0630204
0630249
0630439
0630483
0630488
0630538
0630553
0630560
0630601
0630788
0630998
0631110
0631199
0631235
0631326
0631685
0631701
0631821
0631928
0632120
0632312
0632524
0632923
0632951
0632971
0633096
0633137
0633376
0633458
0633513
0633529
0633533
0633618
0633743
0633752
0633793
0634039
0634142
0634633
0634642
0634756
0634890
0634894
0635414
0635467
0635693
0635788
0635792
0635965
0636099
0636117
0636121
0636496
0636503
0636630
0636682
0636698
0636771
0636851
0636863
0636865
0636907
0636940
0636976
0637040
0637108
0637125
0637138
0637142
0637380
0637421
0637513
0637606
0637610
0637699
0637854
0637859
0637942
0638021
0638026
0638141
0638173
0638240
0638587
0638716
0638750
0638906
0638915
0638926
0638991
0639084
0639143
0639188
0639261
0639519
0639695
0639704
0639954
0639999
0640089
0640224
0640257
0640393
0640480
0640760
0640944
0641096
0641127
0641327
0641451
0641557
0641588
0641600
0641837
0641914
0641934
0642003
0642098
0642308
0642375
0642510
0642523
0642762
0642814
0642876
0643050
0643117
0643126
0643175
0643259
0643307
0643402
0643478
0643566
0643668
0643707
0643751
0643764
0643925
0643932
0643991
0644006
0644209
0644222
0644295
0644406
0644479
0644517
0644713
0644825
0644832
0644918
0645043
0645123
0645136
0645153
0645273
0645381
0645448
0645496
0645501
0645560
0645575
0645695
0645733
0645842
0646100
0646632
0646860
0647145
0647201
0647268
0647274
0647296
0647332
0647384
0647483
0647696
0647749
0647810
0647923
0648100
0648329
0648368
0648526
0648583
0648619
0648636
0648644
0648798
0648955
0648995
0649012
0649022
0649212
0649217
0649459
0649480
0649521
0649808
0649894
0649935
0650075
0650169
0650567
0650623
0650739
0650767
0650823
0650847
0651075
0651136
0651142
0651354
0651507
0651524
0651529
0651591
0651610
0651650
0651665
0651704
0651754
0651783
0651908
0651992
0652008
0652046
0652177
0652190
0652273
0652387
0652448
0652491
0652496
0652684
0652829
0652878
0652895
0652946
0653009
0653057
0653175
0653182
0653372
0653438
0653483
0653495
0653539
0653555
0653586
0653613
0653724
0653737
0653829
0653833
0653885
0653910
0653960
0653994
0654054
0654171
0654186
0654311
0654407
0654490
0654510
0654537
0654539
0654654
0654677
0654722
0654885
0654897
0655007
0655011
0655194
0655203
0655227
0655260
0655278
0655337
0655347
0655732
0655735
0655753
0655755
0655839
0655864
0655921
0655943
0655977
0656078
0656179
0656242
0656256
0656280
0656301
0656401
0656489
0656617
0656625
0656650
0656792
0656828
0657180
0657189
0657242
0657317
0657321
0657367
0657513
0657636
0657705
0657715
0657771
0657813
0657873
0657882
0657977
0658108
0658130
0658174
0658217
0658299
0658328
0658382
0658396
0658555
0658696
0658725
0658829
0659101
0659143
0659230
0659396
0659728
0659848
0659894
0660034
0660189
0660191
0660266
0660273
0660321
0660330
0660388
0660488
0660587
0661002
0661145
0662097
0662098
0662170
0662311
0662411
0662427
0662578
0662638
0662759
0663022
0663150
0663219
0663246
0663376
0663470
0663525
0663549
0663631
0663704
0663717
0663737
0663764
0663849
0663878
0663933
0663988
0664031
0664216
0664249
0664265
0664518
0664522
0664587
0664630
0664780
0664852
0665012
0665207
0665280
0665408
0665490
0665511
0665532
0665586
0665607
0665664
0665712
0665722
0665751
0665869
0666022
0666455
0666613
0666627
0666673
0666765
0666774
0666946
0667014
0667184
0667226
0667270
0667426
0667432
0667650
0667825
0667961
0667986
0667988
0668003
0668022
0668126
0668265
0668270
0668491
0668764
0668859
0669044
0669195
0669489
0669738
0669996
0670039
0670093
0670168
0670220
0670311
0670522
0670660
0670685
0670904
0670909
0670976
0671063
0671361
0671380
0671436
0671469
0671534
0671584
0671604
0671838
0671856
0671918
0672021
0672065
0672207
0672236
0672427
0672976
0673060
0673171
0673284
0673309
0673334
0673336
0673412
0673853
0673876
0673976
0674016
0674276
0674344
0674455
0674515
0674554
0674771
0674841
0674975
0675068
0675071
0675081
0675204
0675243
0675291
0675529
0675723
0675865
0675908
0675964
0676255
0676332
0676407
0676799
0676866
0676992
0676997
0677236
0677370
0677460
0677519
0677761
0678284
0678537
0678658
0678705
0678722
0678780
0678819
0678867
0678885
0678925
0678958
0679203
0679650
0679760
0679837
0679852
0679857
0680233
0680368
0680404
0680733
0680912
0681014
0681045
0681153
0681154
0681468
0681496
0681550
0681552
0681578
0681698
0681776
0681842
0681979
0681987
0682072
0682173
0682298
0682349
0682608
0682646
0682725
0682772
0682870
0682886
0683039
0683162
0683190
0683210
0683329
0683354
0683656
0683781
0683855
0684074
0684109
0684247
0684300
0684368
0684515
0684788
0684991
0685039
0685092
0685125
0685175
0685211
0685260
0685265
0685279
0685294
0685508
0685583
0685623
0685673
0685694
0685730
0685743
0685792
0685978
0686091
0686165
0686281
0686515
0686570
0686662
0686747
0686871
0686880
0686967
0687267
0687276
0687307
0687322
0687334
0687465
0687620
0687797
0687882
0688039
0688075
0688102
0688200
0688227
0688240
0688303
0688325
0688476
0688479
0688727
0688857
0688861
0688910
0688953
0689010
0689038
0689073
0689228
0689255
0689279
0689333
0689338
0689607
0689626
0689755
0689771
0689784
0689805
0689865
0689914
0690003
0690149
0690221
0690432
0690813
0691004
0691017
0691032
0691301
0691343
0691384
0691565
0691819
0691965
0691970
0692299
0692359
0692369
0692452
0692486
0692569
0692658
0692755
0692839
0693260
0693494
0693542
0693580
0693598
0693629
0693797
0694021
0694155
0694285
0694378
0694585
0694607
0694679
0694809
0694819
0694933
0694937
0695177
0695308
0695321
0695422
0695510
0695545
0695549
0695587
0695614
0695688
0695757
0695765
0695848
0695880
0696081
0696128
0696432
0697046
0697053
0697060
0697182
0697701
0697722
0697771
0697790
0698451
0698602
0698697
0698698
0698840
0699058
0699149
0699215
0699298
0699329
0699412
0699585
0699634
0699647
0699679
0699728
0699743
0699849
0700030
0700058
0700110
0700138
0700325
0700363
0700436
0700884
0701032
0701094
0701256
0701384
0701624
0702014
0702062
0702222
0702386
0702431
0702519
0702552
0702741
0702862
0702918
0702935
0702944
0703318
0703390
0703423
0703715
0703871
0703891
0703980
0704041
0704068
0704105
0704193
0704202
0704517
0704542
0704598
0704608
0704669
0704699
0704724
0704736
0704761
0704806
0704904
0704923
0705240
0705276
0705329
0705470
0705482
0705673
0705785
0705818
0705836
0706054
0706078
0706103
0706194
0706203
0706210
0706292
0706454
0706502
0706634
0706814
0706878
0706900
0706999
0707092
0707331
0707404
0707419
0707480
0707558
0707602
0707614
0707659
0707676
0707842
0708109
0708142
0708154
0708189
0708198
0708330
0708385
0708673
0708828
0708964
0708986
0709055
0709084
0709245
0709464
0709509
0709519
0709536
0709648
0709661
0709676
0709760
0709921
0710024
0710104
0710154
0710263
0710290
0710362
0710430
0710468
0710587
0710693
0710697
0710801
0710919
0711205
0711373
0711411
0711520
0711620
0711703
0711759
0711771
0711818
0711949
0712129
0712162
0712216
0712267
0712481
0712613
0712825
0712853
0712922
0713088
0713309
0713673
0713696
0713886
0713919
0714112
0714368
0714415
0714555
0714577
0714669
0714720
0714740
0714835
0714875
0714909
0715155
0715223
0715227
0715239
0715463
0715513
0715516
0715566
0715639
0715652
0715767
0715848
0716438
0716497
0716534
0716541
0716543
0716642
0716688
0716730
0717008
0717034
0717232
0717537
0717542
0717571
0717614
0717704
0717830
0717831
0718021
0718229
0718373
0718375
0718454
0718567
0718569
0718614
0718731
0718769
0718977
0719109
0719230
0719270
0719292
0719307
0719695
0719795
0719824
0719891
0719913
0719930
0720465
0720485
0720662
0720675
0721132
0721157
0721162
0721172
0721217
0721301
0721336
0721370
0721416
0721511
0721514
0721631
0721771
0721800
0721852
0721959
0722018
0722213
0722359
0722617
0722629
0722775
0722822
0722954
0723007
0723313
0723471
0723473
0723527
0723652
0723666
0723670
0723714
0723985
0724189
0724471
0724472
0724598
0724830
0724999
0725000
0725181
0725196
0725207
0725290
0725305
0725340
0725368
0725398
0725469
0725472
0725648
0725763
0726028
0726059
0726093
0726120
0726175
0726203
0726292
0726316
0726918
0726938
0727078
0727167
0727273
0727324
0727393
0727403
0727424
0727595
0727725
0727745
0727753
0727763
0727778
0727886
0727890
0728032
0728125
0728132
0728246
0728349
0728476
0728481
0728502
0728689
0728903
0728914
0729074
0729351
0729355
0729461
0729466
0729592
0729671
0729702
0729839
0729941
0729957
0729982
0730112
0730211
0730228
0730260
0730310
0730327
0730413
0730522
0730543
0730673
0730794
0730888
0731009
0731297
0731371
0731492
0731515
0731613
0731636
0731825
0732207
0732267
0732308
0732311
0732513
0732587
0732621
0732746
0732747
0732912
0733020
0733142
0733165
0733190
0733346
0733415
0733424
0733459
0733554
0733642
0733709
0733712
0733766
0733958
0733978
0734055
0734060
0734066
0734092
0734156
0734426
0734518
0734601
0734673
0734750
0734854
0734946
0734965
0735016
0735162
0735292
0735341
0735445
0735545
0735548
0735594
0735773
0735814
0736141
0736153
0736249
0736294
0736376
0736446
0736518
0736585
0736700
0736872
0736886
0736891
0736957
0737009
0737300
0737320
0737337
0737381
0737472
0737874
0737905
0737977
0737993
0738090
0738252
0738360
0738429
0738445
0738447
0738471
0738503
0738657
0738664
0738673
0738822
0738867
0738984
0739104
0739112
0739159
0739252
0739458
0739479
0739515
0739645
0739687
0739760
0739889
0739993
0740023
0740196
0740200
0740446
0740477
0740490
0740528
0740690
0740723
0740847
0740958
0741042
0741113
0741130
0741411
0741552
0741668
0741671
0741778
0741860
0741861
0742216
0742386
0742456
0742480
0742482
0742573
0742637
0742667
0742748
0742752
0742798
0742834
0742943
0742975
0742989
0743268
0743331
0743462
0743550
0743577
0743621
0743751
0743875
0744056
0744118
0744235
0744376
0744488
0744499
0744572
0744721
0744724
0744760
0744883
0744896
0744993
0745097
0745099
0745228
0745235
0745256
0745263
0745323
0745438
0745539
0745904
0745996
0746061
0746087
0746210
0746330
0746345
0746381
0746382
0746885
0747082
0747482
0747646
0747698
0747863
0747988
0748067
0748216
0748277
0748346
0748361
0748371
0748388
0748556
0748725
0748777
0748929
0749322
0749451
0749533
0749616
0749622
0749624
0749781
0750265
0750335
0750393
0750723
0750946
0751018
0751280
0751292
0751426
0751553
0751861
0751863
0751961
0751977
0752213
0752234
0752331
0752355
0752454
0752550
0752715
0752979
0752998
0753065
0753213
0753549
0753665
0753802
0753838
0753854
0753962
0753973
0754035
0754146
0754222
0754771
0754823
0754883
0754917
0755059
0755068
0755371
0755405
0755420
0755430
0755476
0755500
0755531
0755743
0755833
0755866
0755956
0756021
0756178
0756223
0756227
0756232
0756233
0756250
0756289
0756557
0756762
0756848
0757109
0757331
0757332
0757405
0757429
0757454
0757859
0757925
0757954
0758086
0758498
0758682
0758866
0759012
0759121
0759215
0759271
0759328
0759338
0759619
0759726
0759775
0759804
0759869
0759972
0760171
0760425
0760426
0760495
0760537
0760539
0760871
0761033
0761154
0761162
0761356
0761520
0761734
0761772
0761836
0761852
0761888
0761890
0762004
0762073
0762280
0762288
0762361
0762491
0762498
0762547
0762645
0762656
0762819
0763052
0763133
0763228
0763261
0763285
0763330
0763351
0763406
0763728
0763791
0763944
0764087
0764202
0764331
0764457
0764480
0764578
0764580
0764890
0764903
0764935
0764945
0764960
0764963
0765042
0765100
0765191
0765253
0765405
0765412
0765473
0765539
0765552
0765732
0765737
0765742
0765770
0765829
0765839
0765943
0766071
0766084
0766127
0766187
0766300
0766398
0766437
0766533
0766584
0766676
0766729
0766756
0766798
0767212
0767570
0767587
0767597
0767614
0767627
0767758
0768258
0768324
0768364
0768533
0768613
0769056
0769164
0769242
0769253
0769309
0769399
0769449
0769471
0769508
0769559
0769750
0769767
0769868
0769909
0770045
0770060
0770117
0770253
0770424
0770499
0770552
0770583
0770829
0770957
0770975
0771088
0771194
0771265
0771301
0771337
0771447
0771519
0771622
0771635
0771652
0771701
0771744
0771761
0771860
0771918
0771925
0771944
0771962
0771970
0772129
0772158
0772225
0772369
0772461
0772475
0772536
0772625
0772668
0772997
0773127
0773199
0773282
0773366
0773410
0773481
0773491
0773497
0773590
0773748
0773839
0773906
0773938
0774032
0774145
0774369
0774372
0774516
0774554
0774622
0774765
0774787
0774879
0775338
0775343
0775676
0775829
0776015
0776029
0776075
0776404
0776466
0776522
0776566
0776623
0776661
0776782
0776801
0776864
0777399
0777614
0777825
0777826
0777873
0777962
0778159
0778265
0778340
0778365
0778829
0778845
0778917
0779098
0779153
0779278
0779320
0779469
0779705
0779710
0779741
0779944
0780031
0780042
0780103
0780138
0780140
0780169
0780270
0780330
0780455
0780489
0780585
0780788
0780792
0780830
0780865
0780999
0781006
0781281
0781382
0781383
0781433
0781463
0781606
0781696
0781699
0781739
0781795
0781808
0781885
0782055
0782088
0782230
0782703
0782776
0782977
0783071
0783198
0783201
0783370
0783444
0783552
0783582
0783621
0783652
0783673
0783847
0784025
0784200
0784266
0784318
0784348
0784471
0784570
0784587
0784710
0784798
0784814
0784844
0785142
0785144
0785164
0785196
0785197
0785263
0785455
0785479
0785569
0785769
0785801
0785865
0785869
0785880
0785928
0785971
0786011
0786067
0786221
0786225
0786242
0786263
0786351
0786369
0786373
0786474
0786489
0786541
0786588
0786781
0786875
0786935
0787061
0787183
0787285
0787322
0787326
0787382
0787603
0787723
0787844
0787998
0788444
0788544
0788574
0788659
0788839
0788867
0788878
0788902
0788997
0789017
0789088
0789157
0789166
0789284
0789305
0789361
0789514
0789588
0789669
0789804
0789834
0789966
0790042
0790093
0790193
0790214
0790352
0790368
0790458
0790525
0790975
0791004
0791007
0791048
0791241
0791254
0791356
0791426
0791427
0791582
0791739
0791800
0791877
0791897
0792018
0792271
0792406
0792465
0792619
0792639
0792895
0793005
0793121
0793168
0793192
0793223
0793239
0793447
0793579
0793797
0793836
0793872
0794047
0794199
0794223
0794255
0794275
0794313
0794322
0794330
0794416
0794523
0794616
0794781
0794875
0794923
0795025
0795045
0795142
0795167
0795239
0795425
0795469
0795665
0795679
0796037
0796076
0796176
0796223
0796227
0796303
0796331
0796370
0796441
0796612
0796734
0796742
0796970
0797024
0797026
0797149
0797261
0797449
0797484
0797672
0797712
0797876
0797909
0798086
0798255
0798368
0798396
0798483
0798514
0798546
0798607
0798644
0798649
0798720
0798919
0799029
0799202
0799286
0799289
0799441
0799579
0799845
0799945
0800090
0800193
0800302
0800396
0800571
0800587
0800602
0800968
0801005
0801031
0801120
0801258
0801383
0801384
0801493
0801626
0801756
0801801
0801810
0801835
0801936
0802046
0802063
0802150
0802184
0802673
0802849
0802862
0802979
0803087
0803126
0803269
0803391
0803447
0803455
0803519
0803577
0803696
0803999
0804108
0804414
0804510
0804579
0804739
0804863
0805050
0805287
0805292
0805299
0805364
0805588
0805591
0805923
0805966
0805988
0806046
0806288
0806304
0806522
0806587
0806599
0806626
0806642
0806716
0806778
0806890
0807001
0807082
0807270
0807871
0807881
0808170
0808195
0808228
0808251
0808254
0808269
0808289
0808596
0808931
0809040
0809287
0809413
0809545
0809597
0809739
0809942
0810017
0810050
0810079
0810177
0810183
0810366
0810457
0810614
0810663
0810786
0810913
0810928
0810934
0810993
0811018
0811083
0811090
0811294
0811425
0811825
0811826
0811970
0812118
0812135
0812216
0812224
0812255
0812347
0812683
0812842
0812861
0812880
0813108
0813183
0813332
0813375
0813510
0813516
0813533
0813543
0813574
0813653
0813678
0814099
0814118
0814243
0814302
0814448
0814528
0814571
0814693
0814759
0814922
0814925
0815105
0815149
0815403
0815628
0815889
0815981
0815991
0816013
0816077
0816114
0816150
0816189
0816238
0816303
0816328
0816482
0816490
0816502
0816527
0816655
0816677
0816854
0816862
0816899
0816973
0817003
0817026
0817224
0817294
0817347
0817555
0817726
0817753
0817932
0817944
0818159
0818408
0818502
0818595
0818612
0818655
0818914
0818935
0819591
0819665
0819905
0819914
0820083
0820179
0820408
0820452
0820512
0820519
0820556
0820745
0820826
0820913
0820931
0821096
0821132
0821189
0821190
0821192
0821293
0821331
0821339
0821440
0821606
0821728
0821808
0821874
0821952
0822047
0822203
0822303
0822322
0822326
0822453
0822575
0822780
0822786
0823077
0823108
0823287
0823514
0823615
0823746
0823843
0823930
0824036
0824061
0824083
0824157
0824287
0824351
0824363
0824850
0824929
0825029
0825163
0825198
0825349
0825377
0825421
0825600
0825726
0825767
0825830
0825963
0825982
0826013
0826073
0826084
0826203
0826460
0826461
0826480
0826587
0826663
0826678
0826961
0826982
0827091
0827254
0827362
0827494
0827529
0827693
0827762
0827778
0827829
0827872
0827890
0827958
0827996
0828141
0828554
0828566
0828608
0828883
0828971
0829020
0829043
0829099
0829107
0829171
0829255
0829385
0829513
0829610
0829616
0829709
0829827
0829879
0829918
0830038
0830088
0830200
0830219
0830264
0830287
0830362
0830380
0830407
0830413
0830420
0830522
0830648
0830759
0830782
0831095
0831149
0831191
0831221
0831372
0831405
0831702
0831850
0831919
0831938
0832100
0832301
0832352
0832490
0832496
0832599
0832832
0832952
0833072
0833197
0833362
0833409
0833752
0833778
0833791
0833935
0833974
0834003
0834014
0834451
0834476
0834503
0834634
0834638
0834682
0834717
0834788
0834836
0834953
0835000
0835038
0835192
0835284
0835356
0836038
0836316
0836356
0836407
0836437
0836460
0836676
0836850
0836875
0836876
0837168
0837214
0837347
0837507
0837516
0837535
0837620
0837853
0837856
0838257
0838355
0838486
0838556
0838618
0838627
0838703
0838819
0838977
0839124
0839132
0839232
0839312
0839391
0839524
0839529
0839532
0839600
0839637
0839643
0839828
0839850
0839909
0840062
0840066
0840073
0840243
0840308
0840927
0840941
0840974
0840987
0840999
0841291
0841437
0841449
0841479
0841597
0841681
0841966
0842113
0842124
0842331
0842345
0842354
0842433
0842586
0842658
0842738
0842756
0842848
0842910
0843125
0843256
0843400
0843411
0843630
0843652
0843692
0843727
0843867
0843945
0843951
0843957
0844131
0844224
0844330
0844601
0844611
0844613
0844691
0844734
0844747
0844915
0844937
0844960
0845147
0845160
0845296
0845470
0845512
0845514
0845538
0845669
0845762
0845877
0845946
0846119
0846162
0846172
0846335
0846357
0846361
0846414
0846549
0846551
0846558
0846654
0846713
0846772
0846930
0846952
0847146
0847246
0847387
0847422
0847594
0847695
0847750
0847758
0847832
0847890
0848035
0848102
0848229
0848233
0848278
0848321
0848333
0848564
0848606
0848671
0848726
0848779
0849013
0849088
0849306
0849309
0849413
0849555
0849624
0849740
0849769
0849774
0849821
0849840
0849904
0850016
0850311
0850338
0850405
0850441
0850479
0850498
0850695
0850754
0850893
0851202
0851214
0851403
0851448
0851500
0851722
0851762
0851980
0851985
0852096
0852172
0852298
0852521
0852604
0852606
0852681
0853126
0853196
0853261
0853353
0853373
0853492
0853528
0853719
0853839
0853931
0853964
0854069
0854095
0854143
0854172
0854344
0854420
0854506
0854533
0854637
0854704
0854725
0854802
0855049
0855060
0855348
0855379
0855479
0855574
0855698
0855815
0855817
0855849
0856191
0856198
0856273
0856338
0856410
0856509
0856516
0856646
0856759
0856815
0856973
0856974
0857257
0857277
0857379
0857538
0857549
0857701
0857715
0857731
0857900
0858114
0858154
0858205
0858273
0858328
0858376
0858663
0858697
0858717
0858751
0859005
0859203
0859227
0859403
0859613
0859642
0859739
0859825
0859830
0859913
0860059
0860140
0860146
0860188
0860364
0860440
0860539
0860552
0860571
0860603
0860651
0861026
0861043
0861046
0861306
0861440
0861629
0861816
0861888
0861948
0862038
0862124
0862154
0862180
0862200
0862226
0862396
0862412
0862444
0862463
0862478
0862560
0862585
0862593
0862698
0862887
0862920
0862922
0862934
0863013
0863073
0863315
0863375
0863383
0863437
0863759
0863818
0863879
0863907
0863910
0864102
0864154
0864168
0864245
0864659
0864864
0864917
0865119
0865448
0865550
0865578
0865713
0865719
0865831
0865970
0865975
0866065
0866216
0866244
0866342
0866457
0866563
0866575
0866640
0866738
0866791
0866813
0866878
0866914
0866926
0866965
0867100
0867222
0867238
0867289
0867331
0867597
0867615
0867788
0867921
0868007
0868079
0868159
0868578
0868608
0868691
0868724
0868917
0868928
0869149
0869152
0869176
0869258
0869281
0869370
0869458
0869487
0869498
0869666
0869688
0869789
0869824
0869888
0870248
0870396
0870415
0870496
0870661
0870699
0870893
0870974
0870991
0871116
0871207
0871290
0871398
0871541
0871559
0871580
0871738
0871784
0871873
0871911
0872391
0872476
0872706
0872922
0872942
0873255
0873324
0873346
0873625
0873634
0873655
0873695
0873715
0873839
0873943
0873951
0874107
0874421
0874439
0874606
0874697
0874780
0874919
0875003
0875159
0875166
0875231
0875355
0875396
0875580
0875999
0876098
0876396
0876625
0876628
0876647
0876942
0876981
0876992
0877005
0877078
0877141
0877334
0877357
0877362
0877507
0877551
0877775
0877872
0877959
0877960
0878039
0878154
0878247
0878286
0878359
0878561
0878562
0878608
0878614
0878712
0878916
0878936
0878962
0879073
0879189
0879332
0879584
0879630
0879804
0880135
0880240
0880248
0880463
0880673
0880736
0880803
0880923
0880987
0881143
0881173
0881273
0881308
0881353
0881416
0881496
0881606
0881874
0881893
0881981
0882263
0882368
0882407
0882548
0882620
0882773
0882817
0882897
0882930
0882931
0883000
0883254
0883511
0883550
0883674
0883707
0883746
0883812
0883886
0883977
0884030
0884123
0884257
0884292
0884370
0884375
0884387
0884571
0884574
0884588
0884751
0884956
0885090
0885231
0885284
0885333
0885335
0885343
0885393
0885499
0885641
0885857
0885870
0885905
0885976
0886009
0886247
0886361
0886420
0886535
0886557
0886558
0886569
0886658
0886696
0886749
0886854
0886949
0887069
0887131
0887265
0887360
0887447
0887464
0887827
0887860
0887869
0887949
0887963
0887984
0888065
0888209
0888233
0888258
0888271
0888295
0888429
0888507
0888541
0888600
0888628
0888801
0888864
0888903
0888904
0889052
0889111
0889161
0889165
0889208
0889221
0889231
0889275
0889610
0889667
0889775
0890050
0890055
0890109
0890133
0890176
0890476
0890664
0890762
0890770
0890771
0890842
0890887
0891028
0891190
0891418
0891884
0891916
0892126
0892146
0892319
0892374
0892457
0892464
0892492
0892644
0892725
0892733
0892765
0892803
0892857
0892877
0893046
0893245
0893431
0893539
0893567
0893958
0894032
0894227
0894245
0894293
0894685
0894928
0895166
0895482
0895571
0895599
0895742
0895743
0895789
0895792
0895979
0896001
0896194
0896246
0896265
0896415
0896647
0896702
0896832
0896995
0897273
0897320
0897353
0897612
0897625
0897661
0897733
0897815
0897841
0897874
0898050
0898139
0898297
0898419
0898537
0898578
0898753
0898870
0899154
0899160
0899230
0899325
0899381
0899546
0899549
0899612
0899627
0899709
0899763
0899848
0899969
0900142
0900194
0900322
0900859
0900881
0900946
0900980
0901004
0901059
0901138
0901194
0901240
0901337
0901450
0901459
0901565
0901630
0901650
0901735
0901811
0902006
0902101
0902411
0903065
0903147
0903185
0903192
0903239
0903252
0903279
0903582
0903638
0903707
0903745
0904229
0904265
0904339
0904395
0904549
0904584
0904621
0904669
0904977
0905166
0905175
0905204
0905324
0905358
0905390
0905411
0905477
0905537
0905545
0905567
0905602
0905648
0905683
0905760
0905979
0906122
0906216
0906254
0906257
0906305
0906467
0906914
0906979
0907087
0907096
0907097
0907121
0907231
0907270
0907304
0907349
0907370
0907485
0907494
0907530
0907634
0907739
0907749
0907828
0907926
0908119
0908556
0908574
0908640
0908708
0908755
0908758
0908888
0908905
0909160
0909199
0909267
0909329
0909462
0909488
0909493
0909655
0909663
0909837
0909842
0909849
0909878
0910183
0910253
0910679
0910929
0911078
0911098
0911180
0911311
0911336
0911343
0911468
0911739
0911908
0911963
0912298
0912392
0912407
0912410
0912494
0912548
0912556
0912603
0912645
0912695
0912700
0912926
0913106
0913145
0913175
0913180
0913197
0913478
0913526
0913528
0913631
0913638
0913675
0913699
0913919
0913932
0913968
0914103
0914104
0914155
0914217
0914375
0914444
0914470
0914512
0914572
0914632
0914668
0914946
0915068
0915070
0915071
0915121
0915135
0915408
0915428
0915478
0915551
0915773
0916295
0916525
0916621
0916652
0916802
0916803
0916843
0917029
0917106
0917283
0917294
0917309
0917330
0917336
0917626
0917695
0917938
0917949
0917966
0917998
0918027
0918070
0918454
0918653
0918671
0918826
0919104
0919156
0919252
0919557
0919719
0920089
0920106
0920227
0920433
0921220
0921245
0921275
0921407
0921411
0921577
0921621
0921642
0921653
0921826
0922007
0922060
0922084
0922114
0922172
0922207
0922270
0922317
0922508
0922787
0923056
0923098
0923338
0923612
0923949
0924411
0924615
0924707
0924778
0924846
0924862
0924945
0925055
0925073
0925328
0925506
0925571
0925819
0925920
0925962
0925963
0925998
0926041
0926051
0926054
0926104
0926295
0926496
0926609
0926641
0926815
0926978
0927206
0927218
0927223
0927243
0927482
0927512
0927611
0927642
0927672
0927742
0927782
0928418
0928657
0928779
0928930
0928952
0929046
0929191
0929313
0929462
0929609
0929612
0929816
0929991
0930087
0930224
0930232
0930256
0930345
0930423
0930452
0930734
0930796
0930955
0931071
0931266
0931340
0931388
0931506
0931522
0931720
0931833
0931839
0931895
0931907
0932185
0932250
0932308
0932355
0932434
0932497
0932541
0932613
0932908
0932935
0933068
0933108
0933185
0933233
0933250
0933556
0933704
0933796
0933977
0934036
0934193
0934241
0934288
0934293
0934610
0934925
0934937
0934962
0935169
0935180
0935197
0935375
0935532
0935569
0935700
0935782
0935943
0936287
0936485
0936489
0936497
0936548
0936633
0937090
0937095
0937203
0937376
0937475
0937478
0937581
0937603
0937641
0937681
0937874
0937922
0938090
0938106
0938300
0938308
0938333
0938830
0938932
0938949
0939118
0939159
0939280
0939326
0939350
0939369
0939580
0939791
0940097
0940177
0940206
0940249
0940266
0940286
0940390
0940572
0940582
0940611
0940896
0941060
0941229
0941387
0941678
0941704
0941862
0942026
0942035
0942093
0942222
0942238
0942364
0942429
0942503
0943046
0943048
0943168
0943587
0943714
0943825
0944060
0944143
0944165
0944214
0944520
0944628
0944836
0944848
0944982
0945051
0945093
0945137
0945421
0945436
0945487
0945649
0945717
0945926
0946141
0946194
0946245
0946335
0946392
0946405
0946731
0946927
0947000
0947188
0947206
0947276
0947594
0947704
0947857
0947896
0948068
0948178
0948233
0948273
0948625
0948909
0948995
0948997
0949049
0949611
0949773
0949839
0950065
0950307
0950382
0950546
0950653
0950708
0950711
0950716
0950858
0951034
0951065
0951092
0951105
0951162
0951196
0951290
0951408
0951438
0951458
0951513
0951781
0952169
0952329
0952394
0952411
0952502
0952788
0952869
0952946
0952947
0953493
0953537
0953656
0953826
0953889
0953997
0954057
0954075
0954111
0954519
0954572
0954718
0954728
0954842
0955124
0955380
0955496
0955501
0955520
0955603
0955613
0955656
0955684
0955758
0955804
0955996
0956357
0956432
0956610
0956667
0956803
0956880
0956914
0956969
0957138
0957210
0957373
0957445
0957696
0958081
0958377
0958475
0958545
0958608
0958856
0959032
0959120
0959152
0959155
0959326
0959339
0959372
0959392
0959486
0959515
0959613
0959760
0959800
0959926
0959930
0960066
0960099
0960216
0960231
0960242
0960267
0960322
0960331
0960430
0960490
0960560
0960576
0960683
0960687
0960755
0960793
0960810
0960817
0960842
0960855
0960922
0961035
0961364
0961473
0961543
0961695
0961708
0961892
0961930
0961985
0962081
0962177
0962181
0962245
0962255
0962345
0962358
0962444
0962488
0962532
0962550
0962771
0962939
0962944
0963200
0963207
0963249
0963313
0963401
0963487
0963491
0963600
0963682
0963719
0963827
0963875
0964030
0964033
0964083
0964337
0964388
0964528
0964533
0964682
0964836
0965112
0965208
0965260
0965433
0965710
0965776
0965824
0965848
0965952
0966050
0966113
0966157
0966212
0966272
0966462
0966465
0966517
0966608
0966613
0966653
0966824
0966914
0966931
0967105
0967407
0967563
0967590
0967671
0967777
0967820
0967920
0967936
0967969
0968032
0968079
0968095
0968232
0968307
0968319
0968592
0968615
0968633
0968780
0968884
0968894
0968903
0969346
0969407
0969420
0969527
0969548
0969704
0969742
0969833
0970123
0970201
0970203
0970245
0970439
0970498
0970807
0970848
0970978
0971162
0971305
0971373
0971446
0971651
0971708
0971722
0971809
0971830
0971916
0972319
0972349
0972474
0972630
0972688
0972797
0973178
0973260
0973451
0973660
0973977
0974026
0974304
0974346
0974354
0974396
0974399
0974572
0974602
0974627
0974663
0974721
0974727
0974907
0974945
0974979
0975117
0975157
0975220
0975254
0975380
0975397
0975400
0975662
0975739
0975804
0975854
0976014
0976193
0976199
0976223
0976443
0976478
0976709
0976744
0976790
0976874
0976912
0977313
0977413
0977444
0977483
0977716
0977734
0977751
0977813
0977885
0978051
0978060
0978089
0978216
0978320
0978340
0978353
0978485
0978568
0978618
0978662
0978666
0978677
0978968
0978994
0979148
0979266
0979466
0979489
0979573
0979602
0979667
0979684
0979932
0979943
0980219
0980282
0980442
0980480
0980495
0980582
0980589
0980603
0980634
0981033
0981058
0981139
0981210
0981270
0981285
0981359
0981441
0981607
0981753
0981797
0981855
0981864
0982027
0982072
0982129
0982176
0982197
0982257
0982273
0982393
0982633
0982703
0982792
0982822
0982903
0983149
0983235
0983269
0983368
0983529
0983548
0983622
0983641
0983648
0983741
0983803
0984030
0984102
0984340
0984434
0984530
0984614
0984674
0984718
0984816
0985022
0985110
0985183
0985285
0985416
0985537
0985995
0986004
0986037
0986089
0986114
0986146
0986273
0986458
0986500
0986519
0986661
0986680
0986706
0986719
0986748
0986858
0986862
0986927
0987015
0987033
0987038
0987090
0987158
0987333
0987439
0987516
0987625
0987648
0987671
0987729
0987740
0987814
0987839
0988310
0988350
0988357
0988724
0988762
0988849
0988962
0989019
0989020
0989048
0989052
0989342
0989472
0989485
0989495
0989508
0989546
0989734
0989871
0989929
0989986
0990162
0990192
0990235
0990508
0990590
0990704
0990740
0990800
0991045
0991121
0991145
0991257
0991295
0991304
0991458
0991529
0991556
0991566
0991572
0991604
0991760
0991920
0992089
0992147
0992278
0992306
0992408
0992543
0992782
0992912
0992918
0992950
0992971
0992977
0993049
0993083
0993167
0993622
0993655
0993668
0993721
0993876
0994035
0994041
0994123
0994498
0994506
0994512
0994600
0994895
0994952
0995060
0995154
0995180
0995288
0995423
0995576
0995691
0995808
0995946
0996011
0996139
0996197
0996203
0996209
0996281
0996374
0996392
0996404
0996706
0996708
0996743
0996775
0997034
0997098
0997165
0997234
0997240
0997401
0997402
0997443
0997561
0997613
0997756
0997766
0997997
0998155
0998310
0998333
0998520
0998521
0998607
0998784
0998817
0998964
0999094
0999121
0999419
0999468
0999472
0999717
0999818
0999937
1000010
1000024
1000156
1000241
1000243
1000334
1000537
1000950
1000989
1001045
1001099
1001113
1001291
1001360
1001392
1001437
1001520
1001541
1001672
1001676
1001885
1002039
1002060
1002114
1002163
1002213
1002447
1002577
1002616
1002760
1002922
1002988
1003058
1003253
1003552
1003805
1003850
1004125
1004361
1004375
1004426
1004577
1004633
1004675
1004715
1004727
1004856
1004974
1005011
1005131
1005263
1005288
1005335
1005389
1005443
1005459
1005550
1005558
1005578
1005712
1005758
1005789
1005874
1006159
1006164
1006225
1006262
1006538
1006658
1006758
1006858
1006995
1007105
1007218
1007301
1007373
1007413
1007496
1007567
1007626
1007661
1007676
1007943
1008149
1008227
1008231
1008365
1008438
1008486
1008493
1008548
1008640
1008700
1008722
1008752
1008870
1008935
1008943
1009113
1009243
1009465
1009619
1009709
1009781
1009891
1009926
1010149
1010174
1010587
1010712
1010752
1011301
1011409
1011451
1011458
1011459
1011465
1011474
1011532
1011609
1011765
1011783
1012011
1012077
1012177
1012207
1012281
1012338
1012403
1012532
1012561
1012652
1013010
1013080
1013106
1013120
1013135
1013228
1013230
1013523
1013535
1013570
1013641
1013669
1013692
1013735
1013904
1013996
1014122
1014131
1014216
1014284
1014359
1014434
1014445
1014739
1014850
1015031
1015048
1015074
1015141
1015280
1015350
1015854
1015975
1016066
1016073
1016130
1016140
1016270
1016359
1016440
1016577
1016742
1017177
1017239
1017357
1017442
1017546
1017638
1017706
1017820
1017895
1018003
1018059
1018176
1018260
1018283
1018461
1018657
1018673
1018732
1018735
1018831
1018862
1019123
1019138
1019210
1019242
1019425
1019616
1019736
1019812
1019916
1019928
1020286
1020378
1020412
1020429
1020541
1020797
1020805
1020856
1021169
1021279
1021353
1021649
1021769
1021770
1021794
1021926
1022245
1022526
1022539
1022551
1022568
1022785
1022787
1022809
1023070
1023133
1023242
1023366
1023471
1023485
1023508
1023543
1023582
1023608
1023653
1023691
1023904
1023943
1024127
1024353
1024409
1024458
1024467
1024500
1024590
1024663
1024698
1024754
1024840
1024860
1025390
1025458
1025459
1025480
1025596
1025639
1025658
1025711
1025769
1025971
1026011
1026108
1026113
1026240
1026853
1027058
1027084
1027194
1027314
1027424
1027476
1027685
1027744
1027786
1027798
1027843
1027910
1027913
1028082
1028108
1028155
1028262
1028340
1028698
1028778
1028854
1029173
1029205
1029275
1029387
1029557
1029658
1029693
1029763
1029802
1029837
1029931
1029935
1029956
1030258
1030302
1030310
1030496
1030561
1030605
1030702
1030852
1030996
1031031
1031072
1031186
1031195
1031236
1031331
1031433
1031482
1031565
1031577
1031581
1031695
1031801
1031852
1032202
1032259
1032348
1032393
1032903
1032964
1033164
1033219
1033463
1033550
1033571
1033648
1033679
1033799
1033919
1033943
1034035
1034059
1034086
1034097
1034215
1034230
1034235
1034433
1034537
1034559
1034722
1034897
1035072
1035131
1035224
1035250
1035257
1035567
1035591
1035592
1035710
1035776
1035813
1035888
1035940
1036030
1036179
1036211
1036221
1036588
1036639
1036744
1036745
1036746
1036949
1037422
1037438
1037469
1037482
1037617
1037724
1037774
1038138
1038145
1038169
1038257
1038280
1038378
1038388
1038450
1038530
1038585
1038672
1038834
1038890
1039100
1039249
1039502
1039515
1039575
1039660
1039719
1039816
1039869
1039958
1039996
1040133
1040179
1040180
1040294
1040307
1040435
1040456
1040524
1040571
1040572
1040749
1040762
1040819
1040824
1040856
1040920
1040946
1040985
1041019
1041087
1041380
1041397
1041493
1041699
1041782
1041914
1042234
1042300
1042372
1042405
1042408
1042465
1042487
1042546
1042603
1042657
1042687
1042704
1042862
1042880
1042958
1043054
1043205
1043271
1043372
1043392
1043395
1043560
1043864
1043936
1043961
1043994
1044208
1044259
1044285
1044422
1044474
1044493
1044526
1044660
1044708
1044905
1045137
1045229
1045296
1045318
1045389
1045463
1045574
1045662
1045721
1045965
1046127
1046132
1046142
1046207
1046248
1046282
1046316
1046348
1046389
1046492
1046743
1046771
1046909
1047051
1047193
1047226
1047258
1047305
1047328
1047454
1047571
1047577
1047626
1047633
1047708
1047900
1047956
1048008
1048015
1048032
1048352
1048572
1048702
1048767
1048863
1048886
1048954
1049114
1049167
1049217
1049309
1049401
1049574
1049705
1049714
1049984
1050021
1050082
1050099
1050217
1050259
1050311
1050389
1050780
1050999
1051093
1051129
1051194
1051327
1051359
1051370
1051384
1051505
1051507
1051579
1051729
1051786
1051837
1051979
1052140
1052143
1052195
1052232
1052498
1052500
1052570
1052607
1052649
1052778
1052869
1052934
1052945
1052946
1053010
1053043
1053170
1053568
1053912
1054074
1054114
1054279
1054327
1054424
1054463
1054473
1054570
1054694
1054813
1054963
1054970
1054981
1055024
1055106
1055187
1055232
1055293
1055953
1056012
1056046
1056049
1056148
1056212
1056281
1056309
1056442
1056480
1056484
1056591
1056670
1056838
1056913
1056959
1057122
1057227
1057332
1057353
1057398
1057427
1057432
1057520
1057598
1057641
1057668
1057769
1057823
1057898
1057918
1057956
1057966
1058291
1058470
1058945
1059128
1059129
1059198
1059224
1059330
1059540
1059791
1059812
1059887
1059908
1059980
1060047
1060151
1060550
1060674
1060807
1060887
1061074
1061265
1061280
1061639
1061641
1061652
1061653
1061664
1061718
1061982
1062040
1062257
1062336
1062337
1062344
1062419
1062696
1062829
1062912
1062983
1063041
1063077
1063223
1063267
1063388
1063763
1064007
1064064
1064111
1064123
1064140
1064195
1064228
1064245
1064478
1064605
1064614
1064935
1065002
1065307
1065435
1065509
1065540
1065580
1065676
1065733
1065738
1065822
1065824
1066082
1066139
1066144
1066223
1066259
1066267
1066462
1066696
1066771
1066895
1067049
1067064
1067248
1067694
1067785
1068028
1068047
1068141
1068215
1068393
1068431
1068476
1068593
1068721
1068785
1068788
1068797
1068874
1069193
1069409
1069437
1069475
1069749
1069762
1069912
1069992
1070196
1070360
1070588
1070685
1070792
1070892
1070898
1070911
1071008
1071368
1071643
1071870
1072039
1072050
1072299
1072460
1072552
1072977
1073271
1073384
1073460
1073696
1073912
1073980
1074165
1074187
1074249
1074252
1074347
1074418
1074604
1074787
1074885
1074989
1075058
1075222
1075381
1075531
1075539
1075658
1075862
1076164
1076289
1076337
1076372
1076439
1076502
1076537
1076601
1076739
1076748
1076904
1076982
1076994
1077015
1077057
1077076
1077209
1077292
1077414
1077642
1077715
1077855
1078029
1078256
1078326
1078332
1078654
1078671
1078731
1078754
1078855
1078943
1078963
1079125
1079253
1079557
1079582
1079732
1079741
1079754
1079829
1080030
1080220
1080391
1080402
1080479
1080552
1080560
1080708
1080822
1080883
1080929
1081001
1081038
1081114
1081306
1081308
1081316
1081684
1081697
1081799
1081903
1081953
1081984
1082082
1082478
1082759
1082761
1082805
1082935
1082941
1083333
1083435
1083521
1083676
1083689
1083718
1083732
1083957
1084065
1084109
1084130
1084208
1084256
1084262
1084304
1084406
1084643
1084730
1084830
1084842
1084962
1085114
1085268
1085370
1085472
1085634
1085656
1085827
1085870
1085938
1085962
1085984
1086014
1086060
1086262
1086271
1086328
1086352
1086369
1086523
1086783
1086801
1086976
1087031
1087262
1087294
1087410
1087442
1087469
1087502
1087630
1087779
1087909
1087932
1088019
1088049
1088071
1088171
1088420
1088516
1088708
1088862
1088915
1089281
1089283
1089430
1089439
1089462
1089719
1089800
1089805
1089931
1090131
1090264
1090308
1090348
1090465
1090833
1090874
1090978
1091629
1091695
1091720
1092115
1092164
1092324
1092477
1092487
1092535
1092548
1092550
1092667
1092726
1092770
1092812
1093118
1093143
1093239
1093430
1093432
1093628
1093790
1093946
1094188
1094439
1094671
1094698
1094890
1095061
1095274
1095282
1095311
1095589
1095598
1095619
1095857
1096014
1096100
1096243
1096397
1096616
1096682
1096743
1096825
1096853
1096880
1096899
1097037
1097125
1097480
1097506
1097727
1097774
1097808
1097814
1097872
1097880
1097886
1097989
1098115
1098173
1098270
1098303
1098329
1098419
1098496
1098568
1098750
1098867
1098944
1098996
1099080
1099092
1099110
1099125
1099158
1099219
1099344
1099360
1099475
1099512
1099630
1099728
1099838
1099871
1099872
1099900
1099988
1100032
1100047
1100076
1100171
1100249
1100312
1100500
1100662
1100784
1100861
1100979
1101074
1101111
1101348
1101404
1101515
1101621
1101666
1101917
1102077
1102306
1102401
1102456
1102524
1102559
1102686
1102762
1102785
1102929
1102994
1103057
1103160
1103185
1103207
1103307
1103332
1103475
1103617
1103644
1103851
1103977
1104134
1104175
1104234
1104319
1104367
1104480
1104660
1104733
1104812
1104940
1105059
1105080
1105089
1105367
1105434
1105578
1105812
1106216
1106345
1106414
1106447
1106614
1106647
1106734
1106768
1106868
1106935
1106991
1107157
1107214
1107292
1107576
1107588
1107657
1107871
1108011
1108167
1108401
1108405
1108412
1108516
1108607
1108930
1109189
1109225
1109253
1109385
1109503
1109590
1109613
1109793
1109870
1109918
1109920
1110110
1110111
1110195
1110469
1110803
1110922
1110966
1111030
1111090
1111102
1111128
1111157
1111174
1111186
1111219
1111247
1111248
1111631
1111634
1111665
1111760
1111818
1111957
1112040
1112245
1112435
1112672
1112845
1112939
1112950
1112988
1113060
1113066
1113111
1113253
1113380
1113575
1113629
1113641
1113679
1114247
1114422
1114450
1114611
1114753
1114834
1114878
1115125
1115168
1115249
1115287
1115404
1115484
1115523
1115557
1115643
1115725
1115890
1115990
1116003
1116019
1116064
1116379
1116420
1116674
1116715
1116830
1116963
1116989
1117057
1117090
1117237
1117420
1117585
1117616
1117668
1117683
1117755
1117780
1117996
1118017
1118122
1118132
1118140
1118250
1118460
1118604
1118613
1118617
1118712
1118853
1118870
1118981
1118983
1119205
1119257
1119347
1119413
1119905
1120134
1120182
1120315
1120568
1120710
1120865
1121139
1121430
1121459
1121538
1121540
1121595
1121604
1121918
1121967
1121979
1122003
1122134
1122309
1122444
1122501
1122508
1122565
1122637
1122658
1122747
1123046
1123095
1123100
1123424
1123508
1123520
1123571
1123633
1123643
1123927
1123940
1123995
1124093
1124164
1124237
1124402
1124681
1124710
1124788
1124812
1124972
1125054
1125258
1125340
1125582
1125686
1125906
1125936
1126055
1126361
1126420
1126625
1126787
1126908
1126995
1127000
1127343
1127348
1127463
1127499
1127542
1127629
1127683
1128045
1128047
1128063
1128106
1128129
1128156
1128178
1128378
1128383
1128397
1128449
1128753
1128914
1128941
1129046
1129055
1129091
1129241
1129280
1129418
1129654
1129664
1129701
1130054
1130211
1130242
1130250
1130266
1130333
1130362
1130378
1130469
1130480
1130735
1130756
1131047
1131126
1131276
1131486
1131534
1131685
1131701
1131723
1132219
1132304
1132329
1132480
1132524
1132578
1132681
1132787
1132929
1133008
1133246
1133281
1133285
1133428
1133506
1133534
1133567
1133639
1133681
1133743
1133858
1133923
1133968
1133979
1134006
1134054
1134077
1134461
1134470
1134521
1134539
1134556
1134564
1134630
1134680
1134782
1135078
1135082
1135273
1135343
1135354
1135454
1135683
1135857
1135951
1136024
1136027
1136123
1136274
1136349
1136484
1136530
1136844
1136947
1137031
1137069
1137110
1137176
1137204
1137345
1137437
1137671
1137724
1137725
1137745
1137836
1137911
1137923
1138072
1138079
1138097
1138129
1138155
1138438
1138660
1138785
1139164
1139204
1139220
1139391
1139452
1139604
1139611
1139781
1139885
1140070
1140073
1140127
1140252
1140260
1140272
1140276
1140308
1140336
1140396
1140600
1140682
1140747
1140772
1140806
1140847
1140898
1140914
1140981
1141144
1141341
1142033
1142072
1142371
1142444
1142487
1142579
1142729
1142731
1142741
1142749
1142783
1143095
1143213
1143416
1143499
1143645
1143825
1143827
1144009
1144056
1144241
1144267
1144713
1144788
1144993
1145005
1145047
1145226
1145771
1145885
1145967
1146097
1146177
1146262
1146593
1146617
1146699
1146711
1146749
1146796
1146797
1146947
1146985
1147018
1147207
1147323
1147326
1147343
1147420
1147448
1147524
1147531
1147552
1147587
1147655
1147881
1147922
1147934
1148147
1148192
1148525
1148622
1148632
1148872
1148904
1149028
1149155
1149627
1149639
1149737
1149822
1150085
1150088
1150160
1150222
1150298
1150405
1150699
1150773
1150854
1150888
1151096
1151375
1151478
1151563
1151627
1151638
1151727
1151885
1152061
1152174
1152801
1152936
1152972
1152981
1153005
1153193
1153402
1153450
1153490
1153492
1153569
1153580
1153581
1153632
1153747
1153778
1153969
1154076
1154099
1154113
1154438
1154536
1154650
1154813
1154891
1155108
1155337
1155379
1155450
1155451
1155505
1155588
1155646
1155884
1155975
1155993
1156092
1156117
1156139
1156266
1156299
1156655
1156817
1156850
1157059
1157186
1157195
1157297
1157319
1157508
1157509
1157588
1157726
1158144
1158288
1158390
1158410
1158435
1158494
1158670
1158799
1159044
1159123
1159154
1159186
1159189
1159335
1159377
1159453
1159464
1159493
1159593
1159595
1159633
1159728
1159742
1159781
1159828
1159860
1160007
1160214
1160225
1160239
1160328
1160334
1160655
1160819
1160851
1161219
1161248
1161379
1161386
1161733
1161838
1161853
1162010
1162200
1162328
1162424
1162427
1162776
1162950
1162980
1163025
1163257
1163682
1163845
1163876
1163996
1164142
1164191
1164212
1164337
1164403
1164426
1164512
1164621
1164673
1164709
1164832
1165019
1165024
1165047
1165141
1165257
1165273
1165303
1165320
1165393
1165407
1165579
1165615
1165647
1165755
1165758
1165761
1165806
1166142
1166147
1166521
1166553
1166686
1166695
1166892
1167271
1167339
1167489
1167511
1167589
1167600
1167610
1167816
1167920
1168081
1168135
1168234
1168324
1168414
1168701
1168884
1168917
1169130
1169337
1169345
1169445
1169567
1169578
1169753
1169766
1170009
1170020
1170127
1170207
1170369
1170643
1171126
1171154
1171399
1171469
1171528
1171631
1171723
1171837
1171880
1171918
1171932
1171989
1172060
1172220
1172342
1172350
1172369
1172469
1172527
1172558
1172639
1172836
1172884
1172890
1172941
1173257
1173261
1173309
1173489
1173561
1173725
1173892
1174014
1174175
1174209
1174255
1174469
1174718
1174751
1175166
1175306
1175308
1175330
1175457
1175587
1175724
1175753
1175825
1175829
1175941
1176053
1176557
1176571
1176874
1176881
1176919
1176960
1176990
1177083
1177086
1177300
1177301
1177355
1177364
1177366
1177606
1177667
1177718
1177774
1177796
1177922
1177956
1177968
1178046
1178082
1178110
1178207
1178439
1178653
1178696
1178700
1178717
1178746
1178933
1178950
1179056
1179323
1179336
1179368
1179468
1179593
1179631
1179707
1179761
1179812
1180074
1180137
1180208
1180295
1180327
1180409
1180465
1180721
1180837
1181189
1181254
1181289
1181304
1181330
1181454
1181652
1181666
1181702
1181741
1181797
1182030
1182099
1182219
1182248
1182255
1182402
1182436
1182602
1182622
1183053
1183197
1183233
1183535
1183582
1183682
1183719
1183935
1183992
1184111
1184164
1184435
1184575
1184624
1184653
1184877
1185324
1185630
1185709
1185787
1185889
1186011
1186085
1186091
1186199
1186350
1186461
1186573
1186721
1186888
1187082
1187090
1187178
1187221
1187317
1187364
1187553
1187595
1187655
1187659
1187704
1188033
1188243
1188471
1188531
1188584
1188641
1188699
1188727
1188968
1189102
1189210
1189233
1189247
1189282
1189397
1189422
1189535
1189591
1189680
1189753
1189754
1189791
1189914
1189993
1190143
1190250
1190391
1190497
1190526
1190530
1190590
1190751
1190781
1190843
1190845
1191004
1191128
1191157
1191333
1191633
1191752
1191870
1192217
1192293
1192314
1192383
1192405
1192410
1192509
1192647
1192681
1192727
1192866
1192964
1193116
1193129
1193193
1193299
1193335
1193462
1193474
1193630
1193667
1193815
1193889
1194226
1194382
1194431
1194505
1194625
1194718
1194888
1195029
1195035
1195119
1195158
1195169
1195211
1195588
1195759
1195826
1195852
1195894
1195963
1195998
1196038
1196103
1196180
1196473
1196542
1196600
1196635
1196662
1196949
1196973
1196991
1197027
1197120
1197251
1197313
1197421
1197484
1197493
1197574
1197660
1197878
1197892
1198291
1198374
1198395
1198457
1198495
1198580
1198945
1199118
1199152
1199155
1199180
1199217
1199344
1199367
1199395
1199520
1199657
1199658
1199660
1199682
1199746
1199863
1199932
1200030
1200182
1200320
1200527
1200773
1200987
1201022
1201047
1201152
1201253
1201292
1201390
1201396
1201433
1201639
1201716
1202115
1202335
1202676
1202778
1202988
1203059
1203151
1203176
1203411
1203651
1203656
1203738
1203793
1203808
1203814
1203856
1203907
1204065
1204080
1204174
1204266
1204635
1204645
1204732
1204752
1204766
1204798
1204869
1204906
1205115
1205194
1205304
1205407
1205452
1205494
1205548
1205618
1205720
1205723
1205805
1206064
1206106
1206113
1206339
1206442
1206466
1206525
1206671
1206801
1206811
1206837
1207089
1207184
1207202
1207215
1207282
1207312
1207398
1207399
1207482
1207534
1207585
1207783
1207861
1208269
1208314
1208480
1208721
1208773
1208900
1208950
1208976
1209043
1209211
1209327
1209367
1209461
1209640
1209874
1209920
1209946
1210143
1210148
1210220
1210224
1210317
1210458
1210517
1210630
1210979
1211323
1211450
1211562
1211591
1211718
1211744
1211830
1211921
1212158
1212451
1212453
1212509
1212535
1212660
1212676
1212745
1212868
1212887
1213165
1213239
1213350
1213457
1213545
1213880
1214130
1214223
1214481
1214490
1214590
1214718
1214724
1214791
1214844
1214900
1215239
1215240
1215277
1215520
1215531
1215611
1215716
1215809
1215832
1215848
1215976
1216045
1216084
1216102
1216167
1216178
1216282
1216354
1216406
1216432
1216461
1216536
1216554
1216578
1216682
1216722
1216762
1216812
1216972
1216973
1216977
1216984
1217037
1217067
1217201
1217217
1217243
1217453
1217633
1217702
1218128
1218482
1218515
1218546
1218650
1218743
1218761
1218862
1218868
1218902
1219048
1219101
1219149
1219214
1219356
1219531
1219631
1219725
1219745
1220010
1220071
1220388
1220420
1220639
1220715
1220732
1220743
1220955
1221035
1221073
1221129
1221244
1221245
1221366
1221663
1221812
1221896
1222025
1222233
1222260
1222436
1222457
1222465
1222775
1222849
1222852
1222945
1223148
1223256
1223260
1223377
1223657
1223682
1223862
1223945
1223951
1224031
1224035
1224051
1224080
1224148
1224150
1224196
1224259
1224277
1224280
1224307
1224334
1224407
1224498
1224540
1224578
1225064
1225137
1225263
1225538
1225698
1225713
1225798
1225947
1226394
1226525
1226550
1226877
1226914
1226982
1227207
1227340
1227376
1227387
1227533
1227563
1227602
1227652
1227734
1227744
1227765
1227913
1227945
1228190
1228444
1228477
1228634
1228806
1228871
1228882
1229105
1229109
1229198
1229351
1229595
1229849
1230097
1230147
1230184
1230291
1230328
1230362
1230567
1230592
1231109
1231240
1231290
1231398
1231565
1231850
1232198
1232269
1232278
1232367
1232500
1232725
1232850
1232981
1233457
1233511
1233613
1233632
1233758
1233828
1233864
1234055
1234084
1234143
1234204
1234321
1234567
1234672
1234715
1235047
1235080
1235102
1235110
1235118
1235214
1235346
1235387
1235429
1235478
1235684
1235747
1235755
1235762
1235834
1235945
1236023
1236135
1236460
1236536
1236546
1236590
1236830
1236884
1237026
1237038
1237178
1237362
1237439
1237478
1237486
1237568
1237818
1237995
1238227
1238236
1238257
1238283
1238308
1238515
1238548
1238582
1238623
1238631
1239353
1239552
1239599
1239715
1239795
1239888
1240007
1240078
1240090
1240115
1240327
1240444
1240680
1240685
1240760
1240842
1241078
1241114
1241146
1241286
1241483
1241553
1241573
1241620
1241655
1241714
1241793
1241848
1241939
1241978
1242008
1242020
1242147
1242187
1242267
1242321
1242328
1242549
1242605
1242641
1242662
1242821
1242834
1242944
1242979
1243028
1243180
1243199
1243364
1243446
1243548
1243605
1243639
1243809
1243904
1243977
1244025
1244032
1244126
1244128
1244251
1244528
1244543
1244551
1244662
1244703
1244749
1244935
1244955
1245030
1245240
1245315
1245337
1245349
1245426
1245654
1245715
1246207
1246257
1246328
1246379
1246422
1246442
1246466
1246514
1246646
1246768
1246925
1246964
1247275
1247308
1247410
1247436
1247604
1247744
1247776
1247859
1247905
1247984
1248312
1248368
1249074
1249161
1249257
1249488
1249651
1249818
1249936
1249968
1249979
1250040
1250065
1250178
1250226
1250241
1250338
1250596
1250676
1250770
1250795
1250956
1251059
1251140
1251173
1251607
1251634
1251694
1251709
1251997
1252016
1252128
1252131
1252246
1252285
1252325
1252442
1252481
1252525
1252673
1252701
1252762
1253046
1253221
1253420
1253512
1253821
1253997
1253998
1254124
1254278
1254462
1254486
1254603
1254707
1254711
1254823
1254892
1254941
1255029
1255096
1255154
1255285
1255328
1255354
1255431
1255651
1255753
1255790
1255906
1256088
1256117
1256289
1256549
1256687
1256727
1256759
1256794
1256807
1256813
1256865
1257199
1257521
1257529
1257908
1257972
1258017
1258544
1258599
1259128
1259223
1259226
1259312
1259457
1259633
1259673
1259857
1260237
1260263
1260423
1260483
1260619
1260646
1260708
1260833
1260964
1261025
1261061
1261078
1261176
1261217
1261295
1261460
1261487
1261558
1261675
1261830
1261947
1262023
1262128
1262170
1262328
1262518
1262637
1262734
1263007
1263095
1263109
1263165
1263217
1263291
1263534
1263775
1263793
1263896
1263922
1264053
1264195
1264236
1264273
1264288
1264307
1264382
1264505
1264750
1264844
1264907
1265017
1265048
1265414
1265464
1265552
1265590
1265766
1266140
1266148
1266177
1266263
1266292
1266334
1266509
1266548
1266679
1266903
1266971
1267253
1267456
1267605
1267617
1267818
1267837
1267889
1267985
1268001
1268036
1268042
1268086
1268163
1268181
1268358
1268557
1268768
1268925
1269400
1269481
1269526
1269549
1269728
1269850
1269871
1269922
1269949
1269972
1269986
1270013
1270139
1270225
1270250
1270546
1270618
1270628
1270914
1270956
1271014
1271049
1271129
1271253
1271373
1271416
1271516
1271639
1271772
1271822
1271906
1272082
1272102
1272138
1272216
1272217
1272264
1272371
1272462
1272472
1272581
1272705
1272735
1272813
1272869
1273056
1273143
1273369
1273653
1273664
1273729
1273781
1273784
1273969
1274203
1274417
1274487
1274492
1274691
1274726
1274777
1274823
1274953
1275007
1275062
1275151
1275259
1275276
1275551
1275724
1275791
1275795
1275964
1276102
1276140
1276156
1276185
1276190
1276210
1276269
1276363
1276477
1276481
1276498
1276747
1276763
1276779
1276931
1276999
1277219
1277309
1277313
1277414
1277562
1277703
1277734
1277761
1277926
1278110
1278292
1278517
1278583
1278769
1278797
1278848
1278932
1279010
1279024
1279072
1279081
1279150
1279179
1279280
1279335
1279515
1279534
1279596
1279625
1279638
1279654
1279843
1279851
1280027
1280250
1280501
1280599
1280841
1280852
1281008
1281114
1281137
1281145
1281269
1281538
1281577
1281616
1281759
1281867
1282014
1282053
1282083
1282149
1282157
1282223
1282238
1282260
1282262
1282354
1282444
1282483
1282574
1282650
1282672
1282683
1282806
1283193
1283598
1283813
1283865
1283884
1284279
1284374
1284472
1284532
1284600
1284647
1284661
1284670
1284740
1284764
1284937
1285001
1285068
1285135
1285225
1285326
1285383
1285443
1285458
1285493
1285696
1285835
1285864
1285908
1285990
1286075
1286101
1286386
1286403
1286437
1286634
1286656
1286816
1286834
1286913
1287273
1287305
1287308
1287338
1287673
1287739
1287828
1287862
1287939
1288092
1288250
1288296
1288401
1288440
1288506
1288553
1288729
1288788
1288810
1288936
1288943
1289076
1289081
1289150
1289189
1289336
1289393
1289474
1289612
1289841
1289862
1289866
1289984
1289997
1290020
1290063
1290378
1290422
1290515
1290839
1290866
1290977
1291101
1291289
1291552
1291642
1291682
1291724
1291761
1291858
1291964
1292090
1292192
1292282
1292341
1292542
1292665
1292741
1292879
1293353
1293384
1293398
1293529
1293561
1293758
1293870
1294070
1294072
1294136
1294392
1294507
1294531
1294552
1294613
1294936
1294950
1295055
1295109
1295220
1295280
1295332
1295334
1295359
1295383
1295420
1295646
1295654
1295667
1295735
1295745
1295808
1296024
1296132
1296320
1296348
1296437
1296454
1296465
1296474
1296484
1296490
1296537
1296729
1297059
1297365
1297497
1297506
1297565
1297569
1297705
1297800
1297807
1298038
1298317
1298388
1298509
1298558
1298848
1299072
1299165
1299218
1299258
1299264
1299388
1299420
1299624
1299640
1299670
1299743
1299787
1299823
1299874
1300041
1300042
1300082
1300167
1300309
1300317
1300319
1300331
1300362
1300459
1300473
1300480
1300565
1300576
1300583
1300624
1300659
1300720
1300802
1300911
1300928
1301002
1301016
1301024
1301095
1301176
1301258
1301533
1301564
1301596
1301868
1301869
1302016
1302378
1302461
1302525
1302844
1302890
1302992
1302999
1303083
1303119
1303137
1303248
1303279
1303305
1303323
1303398
1303452
1303547
1303574
1304099
1304154
1304337
1304338
1304492
1304794
1304869
1304913
1305123
1305209
1305222
1305392
1305584
1305648
1305840
1306169
1306374
1306461
1306641
1306906
1306922
1307221
1307375
1307389
1307474
1307477
1307480
1307799
1307862
1308163
1308178
1308180
1308200
1308352
1308661
1308768
1308925
1309037
1309068
1309408
1309471
1309479
1309624
1309669
1309709
1309728
1309876
1309938
1309948
1310258
1310550
1310571
1310657
1310677
1310686
1310731
1310923
1310946
1310991
1311042
1311075
1311113
1311115
1311174
1311184
1311254
1311487
1311496
1311533
1311625
1311655
1311801
1311868
1311877
1312027
1312033
1312051
1312471
1312640
1312707
1312782
1312787
1312810
1312864
1312923
1312957
1313020
1313051
1313194
1313459
1313531
1313581
1313665
1313700
1313748
1313856
1313857
1313882
1313921
1313952
1314049
1314055
1314253
1314262
1314341
1314505
1314571
1314717
1314765
1314845
1314915
1315198
1315360
1315670
1315955
1316313
1316335
1316592
1316626
1316676
1316730
1316741
1316874
1316988
1317123
1317202
1317207
1317226
1317258
1317319
1317403
1317505
1317530
1317641
1317645
1317825
1317912
1317969
1318034
1318054
1318059
1318068
1318341
1318575
1318590
1318711
1318810
1318815
1318818
1318828
1319042
1319059
1319065
1319072
1319102
1319104
1319527
1319642
1319680
1319841
1319887
1319917
1320001
1320078
1320129
1320190
1320280
1320291
1320420
1320643
1320648
1320693
1320723
1320792
1320915
1320960
1320972
1321051
1321210
1321550
1321607
1321780
1322100
1322158
1322317
1322336
1322349
1322352
1322452
1322522
1322543
1322583
1322777
1322962
1322998
1323015
1323084
1323167
1323185
1323219
1323445
1323496
1323578
1323640
1323645
1323680
1323707
1323804
1323847
1323889
1323912
1323919
1323921
1323990
1324008
1324169
1324405
1324442
1324757
1324821
1324945
1325273
1325321
1325505
1325599
1325847
1325975
1325983
1326126
1326206
1326273
1326289
1326542
1326664
1326696
1326729
1326786
1326927
1326937
1327035
1327044
1327123
1327250
1327306
1327443
1327527
1327557
1327636
1327995
1328034
1328133
1328274
1328297
1328395
1328396
1328401
1328472
1328555
1328585
1328587
1328758
1328774
1328917
1328928
1329054
1329301
1329673
1329721
1329732
1329807
1329924
1330018
1330027
1330115
1330167
1330323
1330532
1330536
1330619
1330754
1330762
1330931
1331008
1331188
1331284
1331364
1331508
1331583
1331693
1331828
1331861
1331917
1331945
1332287
1332312
1332319
1332438
1332558
1332583
1332585
1332588
1332595
1332632
1332721
1332819
1332858
1332861
1332901
1332903
1332983
1333106
1333162
1333288
1333410
1333470
1333486
1333558
1333584
1333828
1334118
1334235
1334251
1334276
1334294
1334489
1334702
1334801
1334946
1334977
1335091
1335220
1335650
1335927
1336045
1336102
1336107
1336181
1336344
1336663
1336725
1336734
1336771
1336985
1336988
1337043
1337068
1337143
1337278
1337359
1337423
1337484
1337584
1337622
1337852
1337866
1337934
1337996
1338163
1338202
1338584
1338706
1338955
1338963
1339034
1339053
1339133
1339402
1339408
1339541
1339583
1339741
1339782
1340029
1340116
1340212
1340239
1340256
1340304
1340314
1340418
1340463
1340503
1341261
1341396
1341418
1341576
1341687
1341752
1341920
1341937
1342118
1342168
1342170
1342235
1342268
1342400
1342563
1342621
1342630
1342638
1342650
1342681
1342837
1342879
1343068
1343073
1343135
1343282
1343501
1343557
1343570
1343711
1343712
1343886
1343897
1343900
1343944
1344117
1344449
1344515
1344641
1344746
1344759
1345038
1345072
1345073
1345198
1345324
1345380
1345694
1345774
1345778
1345786
1345795
1345808
1345856
1345904
1345953
1345959
1346020
1346137
1346142
1346200
1346427
1346493
1346549
1346702
1346931
1347090
1347216
1347278
1347395
1347482
1347608
1347781
1348046
1348155
1348285
1348301
1348322
1348326
1348415
1348496
1348515
1348556
1348728
1348738
1348776
1349041
1349056
1349068
1349128
1349278
1349385
1349394
1349550
1349689
1349754
1349788
1349818
1349870
1350001
1350105
1350124
1350202
1350251
1350385
1350407
1350421
1350521
1350599
1350665
1350731
1350832
1350856
1350977
1350998
1351170
1351199
1351340
1351510
1351513
1351514
1351732
1351804
1351822
1351945
1352071
1352082
1352119
1352220
1352274
1352298
1352319
1352413
1352648
1352832
1353026
1353103
1353487
1353508
1353782
1354174
1354288
1354514
1354578
1354696
1355316
1355356
1355465
1355475
1355580
1355633
1355719
1356008
1356160
1356184
1356198
1356523
1356626
1356728
1356879
1356908
1357103
1357231
1357355
1357371
1357453
1357536
1357556
1357636
1357956
1358008
1358111
1358180
1358254
1358381
1358496
1358972
1359320
1359372
1359485
1359561
1359849
1359856
1360136
1360176
1360195
1360645
1360689
1360779
1361051
1361107
1361512
1361643
1361787
1362108
1362221
1362447
1362459
1362518
1362530
1362557
1362651
1362738
1362752
1362806
1362912
1362913
1362924
1362959
1363058
1363208
1363280
1363436
1363466
1363570
1363632
1363737
1363862
1363965
1364048
1364227
1364406
1364540
1364596
1364692
1364738
1364763
1365026
1365330
1365391
1365622
1365734
1365995
1366034
1366088
1366183
1366318
1366524
1366598
1366699
1366770
1366851
1366859
1366900
1367226
1367233
1367305
1367357
1367463
1367524
1367728
1367734
1367736
1367757
1367780
1367896
1367955
1367960
1368027
1368219
1368248
1368289
1368338
1368399
1368501
1368600
1368689
1368760
1368849
1369029
1369126
1369164
1369187
1369203
1369285
1369350
1369351
1369477
1369486
1369680
1369712
1369729
1369940
1369969
1369983
1370156
1370273
1370281
1370291
1370365
1370448
1370484
1370502
1370560
1370722
1370828
1370835
1370853
1370904
1371116
1371128
1371172
1371280
1371512
1371570
1371680
1371764
1372365
1372757
1372849
1373003
1373410
1373499
1373539
1373650
1373706
1374023
1374425
1374450
1374464
1374521
1374656
1374675
1374709
1374748
1374749
1374852
1374881
1374935
1375266
1375577
1375764
1375951
1376079
1376080
1376188
1376372
1376378
1376399
1376421
1376550
1376692
1376818
1376873
1376891
1377017
1377044
1377193
1377301
1377388
1377652
1377769
1377917
1377950
1377961
1378378
1378589
1378691
1378980
1379003
1379081
1379116
1379181
1379339
1379359
1379428
1379469
1379594
1379641
1379651
1379652
1379680
1379687
1379879
1379896
1379962
1379995
1380035
1380049
1380521
1380704
1380732
1380798
1380818
1381022
1381023
1381147
1381384
1381436
1381594
1381931
1381983
1382120
1382209
1382344
1382351
1382385
1382512
1382520
1382592
1382606
1382776
1382804
1382856
1382875
1382956
1383193
1383288
1383354
1383394
1383694
1383998
1384033
1384071
1384131
1384359
1384414
1384842
1384845
1384901
1384956
1385126
1385167
1385250
1385323
1385324
1385333
1385453
1385471
1385501
1385731
1385753
1385853
1386037
1386103
1386215
1386247
1386280
1386282
1386294
1386304
1386351
1386382
1386554
1386828
1386995
1387016
1387047
1387060
1387468
1387547
1387639
1387729
1387787
1387869
1388020
1388120
1388271
1388381
1388478
1388549
1388550
1388599
1388619
1388713
1388845
1388868
1388948
1389081
1389092
1389198
1389320
1389507
1389708
1389737
1389798
1389901
1389902
1390171
1390229
1390311
1390578
1390618
1390689
1390710
1390733
1390762
1390852
1390857
1390909
1391147
1391248
1391344
1391382
1391408
1391490
1391504
1391543
1391548
1391657
1392017
1392051
1392409
1392449
1392491
1392507
1392544
1392605
1392690
1392924
1392959
1393129
1393185
1393269
1393472
1393559
1393564
1393685
1393713
1393736
1393783
1393788
1393856
1394106
1394107
1394118
1394122
1394150
1394153
1394170
1394182
1394730
1394773
1394797
1394930
1395007
1395131
1395186
1395360
1395480
1395486
1395496
1395587
1395745
1395807
1395856
1395973
1396054
1396319
1396376
1396437
1396448
1396525
1396551
1396735
1396997
1397325
1397507
1397637
1397860
1397912
1397923
1397934
1398091
1398235
1398261
1398372
1398483
1398632
1398679
1398917
1399115
1399127
1399177
1399407
1399454
1399523
1399658
1399810
1400004
1400181
1400390
1400496
1400546
1400574
1400619
1400691
1400763
1400979
1401029
1401079
1401100
1401273
1401374
1401522
1401583
1401586
1401690
1401759
1401771
1401820
1401838
1401961
1402049
1402196
1402204
1402230
1402354
1402423
1402435
1402558
1402634
1402841
1403036
1403058
1403143
1403146
1403233
1403269
1403399
1403422
1403514
1403602
1403709
1403798
1403921
1403951
1404015
1404207
1404320
1404353
1404387
1404393
1404425
1404440
1404461
1404544
1404601
1404680
1404741
1404888
1404970
1405041
1405198
1405214
1405286
1405492
1405705
1405932
1406152
1406201
1406223
1406576
1406750
1406841
1406924
1407285
1407334
1407517
1407532
1407872
1407878
1408025
1408140
1408149
1408441
1408621
1408650
1408705
1408941
1409110
1409162
1409305
1409326
1409336
1409341
1409363
1409400
1409407
1409464
1409580
1409582
1409749
1409753
1409880
1409926
1409958
1410038
1410221
1410384
1410435
1410512
1410522
1410555
1410687
1410822
1410850
1410879
1411033
1411043
1411159
1411171
1411232
1411375
1411449
1411499
1411575
1411643
1411862
1411940
1411979
1412044
1412171
1412188
1412206
1412241
1412260
1412310
1412335
1412418
1412428
1412517
1412543
1412642
1412723
1412812
1412868
1413122
1413149
1413493
1413643
1414037
1414096
1414148
1414335
1414604
1414644
1414993
1415074
1415227
1415332
1415370
1415466
1415469
1415554
1415573
1415601
1415608
1415659
1415713
1415745
1415756
1415943
1416076
1416150
1416152
1416296
1416313
1416326
1416522
1417078
1417155
1417202
1417225
1417294
1417556
1417670
1417723
1417874
1417985
1418010
1418039
1418065
1418090
1418219
1418225
1418311
1418458
1418650
1418871
1419045
1419050
1419091
1419217
1419299
1419300
1419511
1419536
1419617
1419716
1419985
1420114
1420128
1420136
1420244
1420449
1420480
1420536
1420556
1420668
1420717
1421007
1421032
1421156
1421344
1421553
1421618
1421765
1422043
1422149
1422315
1422322
1422491
1422573
1422638
1422703
1422963
1423075
1423162
1423189
1423248
1423524
1423550
1423930
1423948
1424155
1424200
1424347
1424397
1424424
1424587
1424665
1424944
1424972
1424973
1425010
1425120
1425162
1425279
1425435
1425449
1425456
1425467
1425527
1425715
1425816
1425825
1426052
1426083
1426214
1426216
1426306
1426341
1426356
1426437
1426553
1426633
1426642
1426735
1426738
1426868
1426992
1427089
1427111
1427113
1427205
1427334
1427390
1427477
1427600
1427757
1427846
1427938
1428028
1428105
1428179
1428184
1428391
1428552
1428629
1428635
1428673
1428887
1428957
1429368
1429606
1429654
1429827
1429925
1429947
1429964
1430087
1430093
1430270
1430387
1430440
1430501
1430535
1430548
1430589
1430676
1430678
1430708
1430826
1430906
1431446
1431482
1431537
1431733
1431914
1431999
1432022
1432125
1432149
1432188
1432344
1432381
1432669
1432720
1432992
1433281
1433331
1433334
1433563
1433752
1433920
1433936
1433979
1433985
1434013
1434025
1434140
1434307
1434353
1434406
1434506
1434548
1434617
1434653
1434676
1434963
1435018
1435030
1435056
1435060
1435184
1435191
1435202
1435262
1435302
1435322
1435802
1435844
1435898
1436105
1436127
1436232
1436359
1436364
1436395
1436480
1436500
1436623
1436849
1436885
1436947
1436951
1437124
1437237
1437525
1437626
1437663
1437813
1437832
1437992
1438051
1438080
1438157
1438295
1438352
1438567
1438638
1438639
1438761
1438780
1439136
1439218
1439231
1439311
1439509
1439512
1439675
1439711
1439773
1440032
1440250
1440323
1440361
1440365
1440369
1440509
1440613
1440695
1440721
1440722
1440725
1440746
1440751
1440810
1440859
1441383
1441459
1441610
1442145
1442269
1442600
1442695
1442745
1443047
1443126
1443422
1443441
1443642
1443824
1443867
1443909
1443948
1444083
1444093
1444103
1444231
1444548
1444680
1444888
1444942
1445005
1445128
1445137
1445221
1445222
1445324
1445327
1445344
1445391
1445404
1445512
1445545
1445891
1445921
1446243
1446271
1446295
1446301
1446591
1446704
1446866
1447027
1447080
1447201
1447246
1447460
1447529
1447562
1447633
1447697
1447727
1447773
1447782
1447863
1447919
1447936
1447973
1448034
1448117
1448362
1448408
1448532
1448647
1448681
1448833
1448862
1448863
1449017
1449136
1449220
1449244
1449469
1449845
1449950
1449969
1450051
1450127
1450334
1450383
1450530
1450633
1450714
1450717
1450913
1450971
1451076
1451206
1451305
1451361
1451450
1451485
1451734
1451776
1451825
1451934
1451972
1452027
1452029
1452092
1452233
1452574
1452665
1452683
1452752
1452910
1452988
1453125
1453127
1453470
1453475
1453476
1453665
1453747
1453781
1453798
1453807
1453830
1453875
1453896
1454036
1454174
1454210
1454224
1454299
1454331
1454350
1454375
1454399
1454491
1454671
1454810
1454884
1455041
1455083
1455423
1455511
1455542
1455548
1455618
1455623
1456625
1456629
1456797
1456818
1456867
1456873
1457338
1457522
1457645
1458001
1458007
1458171
1458228
1458307
1458667
1458863
1458884
1458909
1458959
1458973
1458989
1459075
1459180
1459225
1459254
1459589
1459608
1459790
1459923
1459957
1459971
1460125
1460188
1460229
1460230
1460464
1460466
1460489
1460733
1460736
1460838
1460889
1460975
1461118
1461221
1461244
1461270
1461377
1461409
1461516
1461592
1461607
1461689
1462090
1462606
1462728
1462953
1463039
1463120
1463160
1463169
1463178
1463221
1463305
1463419
1463440
1463616
1463657
1464205
1464206
1464353
1464484
1464591
1464743
1464839
1464911
1464921
1464997
1465082
1465104
1465120
1465178
1465303
1465337
1465367
1465577
1465594
1465645
1465658
1465711
1465938
1466040
1466089
1466146
1466544
1466613
1466710
1466737
1466772
1466825
1466965
1467141
1467144
1467153
1467156
1467163
1467379
1467530
1467634
1467749
1467823
1467917
1467931
1467933
1467996
1468186
1468335
1468598
1468622
1468646
1468688
1468693
1468894
1468972
1469301
1469515
1469579
1469612
1469726
1469803
1469988
1470161
1470164
1470427
1470562
1470634
1470673
1470833
1471118
1471245
1471312
1471314
1471387
1471653
1471759
1471792
1471816
1471956
1472011
1472129
1472238
1472280
1472342
1472364
1472391
1472660
1472769
1473260
1473388
1473441
1473575
1473647
1473656
1473682
1473726
1473826
1473956
1474092
1474215
1474299
1474415
1474521
1474654
1474662
1474720
1474781
1474782
1474834
1475293
1475364
1475468
1475627
1475812
1475870
1475917
1476065
1476172
1476235
1476316
1476356
1476468
1476514
1476516
1476530
1476573
1476601
1476651
1476706
1476714
1476787
1477032
1477090
1477134
1477300
1477356
1477399
1477584
1477603
1477771
1477929
1478077
1478098
1478165
1478247
1478426
1478450
1478477
1478548
1478635
1478652
1478892
1478903
1478994
1479179
1479212
1479303
1479324
1479349
1479485
1479486
1479720
1479762
1479774
1479864
1479981
1480023
1480237
1480305
1480467
1480556
1480617
1480886
1480922
1480930
1481096
1481111
1481177
1481333
1481368
1481404
1481451
1481501
1481519
1481835
1481901
1482081
1482194
1482314
1482589
1482643
1482739
1482931
1482990
1483029
1483032
1483118
1483124
1483163
1483165
1483212
1483476
1483538
1483595
1483836
1483971
1484236
1484262
1484303
1484404
1484433
1484515
1484978
1484986
1485103
1485312
1485313
1485518
1485552
1485592
1485848
1485892
1485974
1485991
1486161
1486238
1486297
1486317
1486596
1486729
1486796
1486806
1486903
1486916
1486983
1487289
1487521
1487593
1487614
1487617
1487776
1487840
1488210
1488286
1488419
1488452
1488531
1488545
1488586
1488592
1488597
1488626
1488648
1488654
1488812
1488960
1489001
1489048
1489200
1489241
1489299
1489303
1489387
1489439
1489447
1489481
1489513
1489677
1489682
1489846
1489859
1490100
1490117
1490243
1490342
1490868
1490990
1491053
1491374
1491543
1491570
1491597
1491710
1491756
1491921
1492078
1492083
1492102
1492129
1492262
1492357
1492407
1492634
1492786
1492806
1492943
1492963
1493078
1493086
1493237
1493378
1493416
1493486
1493498
1493682
1493771
1493880
1494107
1494245
1494263
1494303
1494310
1494343
1494376
1494436
1494454
1494470
1494876
1495115
1495143
1495196
1495206
1495233
1495843
1495893
1495918
1496078
1496131
1496139
1496323
1496388
1496416
1496485
1496567
1496876
1496975
1496993
1497017
1497131
1497136
1497376
1497631
1497740
1497748
1497779
1497782
1497855
1497891
1498005
1498036
1498184
1498185
1498209
1498414
1498495
1498537
1498676
1498718
1499148
1499312
1499408
1499508
1499509
1499520
1499612
1499626
1499696
1499751
1499798
1499942
1500052
1500299
1500544
1500664
1500811
1500854
1500919
1501096
1501392
1501474
1501501
1501755
1501846
1502069
1502086
1502101
1502119
1502262
1502573
1502803
1502817
1502939
1502969
1503026
1503105
1503258
1503281
1503323
1503368
1503494
1503570
1503601
1503716
1504071
1504107
1504116
1504142
1504553
1504728
1504739
1504807
1504854
1504880
1504913
1505017
1505044
1505068
1505142
1505167
1505343
1505367
1505478
1505569
1505636
1505649
1505712
1505719
1505723
1505839
1505848
1505877
1505903
1505996
1506079
1506099
1506171
1506340
1506419
1506428
1506435
1506581
1506617
1506655
1506665
1506667
1506732
1506792
1506860
1507022
1507106
1507154
1507509
1507663
1507719
1507782
1507848
1508069
1508073
1508130
1508142
1508264
1508336
1508347
1508351
1508383
1508399
1508560
1508882
1509100
1509253
1509334
1509369
1509392
1509422
1509490
1509510
1509537
1509747
1509908
1510294
1510511
1510578
1510675
1510681
1510740
1510811
1511299
1511305
1511341
1511430
1511573
1511667
1511682
1511690
1511750
1511772
1511839
1511908
1512010
1512064
1512129
1512248
1512380
1512483
1512637
1512648
1512666
1512679
1512759
1512861
1512927
1513165
1513189
1513420
1513522
1513711
1513775
1513842
1513848
1513920
1514038
1514063
1514065
1514107
1514166
1514198
1514383
1514572
1514576
1514797
1514883
1514906
1515050
1515126
1515129
1515279
1515432
1515440
1515454
1515458
1515482
1515644
1515737
1515758
1515904
1516145
1516146
1516213
1516289
1516302
1516378
1516525
1516531
1516608
1516659
1516741
1516840
1516966
1517089
1517383
1517514
1517573
1517652
1517671
1517755
1517903
1517915
1518052
1518055
1518099
1518277
1518340
1518352
1518366
1518367
1518456
1518488
1518723
1518786
1518904
1518905
1518925
1519081
1519202
1519233
1519285
1519495
1519515
1519530
1519616
1519778
1519844
1519923
1520255
1520346
1520412
1520449
1520480
1520543
1520548
1520620
1520847
1520898
1521001
1521095
1521101
1521326
1521397
1521486
1521810
1521824
1521857
1521889
1521962
1522019
1522065
1522068
1522404
1522575
1522629
1522676
1522698
1522738
1522880
1522933
1523164
1523171
1523267
1523360
1523437
1523455
1523515
1523555
1523569
1523631
1523644
1523779
1523815
1523941
1523967
1524055
1524071
1524561
1524694
1524714
1524726
1525309
1525643
1525894
1525944
1526193
1526221
1526379
1526517
1526607
1526646
1526872
1526903
1526941
1526970
1527141
1527156
1527304
1527316
1527350
1527501
1527527
1527596
1527672
1527707
1527758
1528163
1528164
1528293
1528294
1528494
1528530
1528585
1528651
1528659
1528835
1528838
1528874
1528950
1528973
1528974
1528990
1529007
1529088
1529122
1529278
1529303
1529564
1529599
1529604
1529628
1529920
1530058
1530106
1530122
1530165
1530172
1530334
1530416
1530426
1530672
1530727
1530864
1530914
1530975
1531082
1531254
1531340
1531433
1531561
1531578
1531609
1531778
1531859
1531877
1531890
1531903
1531984
1532039
1532042
1532053
1532076
1532116
1532146
1532407
1532447
1532522
1532611
1532633
1532701
1532810
1532864
1532878
1532920
1532952
1532980
1533128
1533228
1533439
1533711
1533757
1533780
1533888
1533951
1533968
1534162
1534321
1535036
1535124
1535172
1535244
1535255
1535336
1535390
1535394
1535428
1535461
1535475
1535586
1535600
1535650
1535706
1535845
1535871
1536047
1536066
1536070
1536412
1536419
1536575
1536583
1536643
1536670
1536764
1536790
1537046
1537147
1537166
1537187
1537204
1537226
1537465
1537495
1537521
1537525
1537614
1537759
1537772
1537778
1537839
1537918
1538201
1538299
1538365
1538409
1538424
1538475
1538480
1538517
1538625
1538728
1538868
1538922
1539019
1539128
1539416
1539589
1539684
1539776
1539821
1539938
1540087
1540231
1540433
1540509
1540573
1540579
1540593
1540646
1540673
1540794
1540840
1540957
1541014
1541038
1541065
1541192
1541259
1541274
1541417
1541452
1541492
1541743
1541788
1541824
1542391
1542398
1542455
1542477
1542703
1542727
1542792
1542909
1542916
1542934
1542955
1543101
1543105
1543178
1543195
1543229
1543270
1543309
1543313
1543428
1543552
1543681
1543842
1544078
1544243
1544444
1544560
1544580
1544773
1544969
1544980
1545040
1545095
1545494
1545599
1545644
1545782
1545804
1545939
1546045
1546100
1546115
1546120
1546154
1546216
1546461
1546630
1546633
1546678
1546682
1546803
1546851
1546869
1546885
1546887
1547021
1547176
1547313
1547617
1547629
1547831
1548022
1548127
1548160
1548230
1548368
1548543
1548659
1548746
1549003
1549059
1549087
1549260
1549320
1549607
1549621
1549631
1549648
1549661
1549821
1549899
1549999
1550000
1550055
1550082
1550115
1550172
1550185
1550238
1550281
1550329
1550369
1550521
1550589
1550598
1550651
1550793
1550822
1550827
1550977
1551019
1551030
1551145
1551201
1551216
1551268
1551348
1551563
1551591
1551604
1551613
1551650
1551940
1552019
1552033
1552117
1552189
1552208
1552319
1552690
1552803
1553117
1553248
1553451
1553639
1553733
1553755
1554080
1554157
1554235
1554331
1554564
1554600
1554784
1554887
1555078
1555085
1555208
1555246
1555256
1555328
1555398
1555887
1556086
1556269
1556326
1556438
1556480
1556722
1556860
1556929
1556958
1557148
1557170
1557258
1557350
1557550
1557597
1557599
1557698
1558032
1558125
1558218
1558368
1558508
1558636
1558652
1558937
1559153
1559174
1559217
1559297
1559373
1559465
1559563
1559616
1559692
1559791
1560024
1560026
1560275
1560504
1560745
1560832
1560923
1560987
1561162
1561244
1561270
1561379
1561484
1561511
1561529
1561674
1561768
1561880
1562041
1562261
1562316
1562676
1562743
1562772
1562812
1562861
1562887
1562993
1563064
1563099
1563180
1563189
1563372
1563528
1563572
1563590
1563698
1563871
1563916
1564045
1564097
1564196
1564411
1564423
1564475
1564507
1564617
1564676
1564725
1564871
1564875
1564882
1564906
1564973
1565027
1565163
1565164
1565270
1565813
1566073
1566082
1566235
1566384
1566423
1566467
1566605
1566696
1566712
1566769
1566805
1566851
1567086
1567105
1567182
1567413
1567565
1567603
1567740
1567807
1567935
1567962
1568103
1568336
1568445
1568596
1568608
1568676
1568832
1569031
1569090
1569479
1569508
1569596
1569751
1569844
1569930
1570026
1570149
1570296
1570330
1570411
1570686
1570693
1570741
1570828
1570842
1570893
1570969
1570982
1571005
1571059
1571118
1571240
1571361
1571464
1571468
1571580
1571635
1571712
1571803
1571883
1571921
1571941
1571952
1572110
1572326
1572361
1572564
1572780
1572785
1573014
1573069
1573245
1573409
1573568
1573756
1573929
1573970
1574462
1574618
1574667
1574923
1575114
1575199
1575229
1575291
1575324
1575418
1575552
1575601
1575665
1575801
1575850
1575901
1575938
1576012
1576042
1576044
1576054
1576100
1576113
1576122
1576182
1576348
1576449
1576466
1576715
1576876
1576949
1577078
1577227
1577293
1577324
1577593
1577679
1578099
1578144
1578200
1578252
1578302
1578304
1578388
1578415
1578820
1578985
1579601
1579846
1580435
1580561
1580574
1580585
1580622
1580671
1580735
1580771
1580790
1580930
1580972
1580996
1581033
1581160
1581429
1581643
1581745
1581991
1582059
1582140
1582167
1582238
1582313
1582359
1582504
1582528
1582972
1582981
1583091
1583198
1583289
1583345
1583543
1583545
1583661
1583861
1583975
1584001
1584054
1584155
1584173
1584355
1584512
1584538
1584553
1584651
1584687
1584725
1584835
1584888
1584910
1585074
1585075
1585184
1585199
1585393
1585398
1585489
1585516
1585524
1585747
1585856
1585896
1585958
1585964
1586082
1586112
1586213
1586419
1586550
1586567
1586685
1586689
1586770
1587101
1587179
1587462
1587660
1587912
1587958
1588005
1588037
1588108
1588110
1588129
1588400
1588430
1588438
1588469
1588511
1588550
1588632
1588723
1588751
1588782
1588875
1589021
1589276
1589304
1589350
1589484
1589489
1589495
1589546
1589560
1589628
1589728
1589825
1589859
1589897
1589905
1589944
1589952
1590231
1590252
1590274
1590331
1590441
1590586
1590724
1590743
1590942
1590944
1591067
1591241
1591340
1591395
1591410
1591487
1591532
1591555
1591870
1591919
1591931
1591977
1591984
1591988
1592064
1592122
1592181
1592269
1592270
1592348
1592438
1592614
1592656
1592674
1592742
1592796
1592922
1592933
1593176
1593258
1593337
1593376
1593441
1594034
1594046
1594086
1594120
1594293
1594398
1594563
1594601
1594633
1594669
1594993
1595156
1595223
1595310
1595343
1595371
1595741
1595994
1595999
1596197
1596222
1596246
1596528
1596631
1596743
1596828
1596842
1596870
1596966
1596992
1597051
1597127
1597141
1597366
1597407
1597439
1597517
1597638
1597844
1598011
1598076
1598283
1598327
1598372
1598389
1598601
1598649
1598702
1598703
1598706
1598794
1598865
1598932
1598972
1598991
1599086
1599095
1599231
1599387
1599593
1599753
1599754
1599766
1599884
1599968
1600235
1600248
1600284
1600302
1600602
1600626
1600833
1600866
1600925
1601026
1601344
1601414
1601631
1601992
1602018
1602087
1602180
1602210
1602713
1602736
1602940
1602969
1603017
1603090
1603100
1603212
1603246
1603258
1603260
1603298
1603466
1603599
1604001
1604122
1604169
1604343
1604550
1604564
1604720
1604742
1604802
1604910
1604974
1605061
1605115
1605262
1605656
1605698
1605710
1606225
1606276
1606307
1606428
1606548
1606552
1606569
1606578
1606653
1606694
1606756
1606911
1607388
1607459
1607512
1607609
1607624
1607645
1607689
1607797
1607812
1607973
1608055
1608062
1608077
1608135
1608182
1608230
1608241
1608346
1608428
1608429
1608448
1608572
1608601
1608680
1608703
1608704
1608723
1608761
1608800
1608857
1608924
1608930
1609011
1609076
1609080
1609094
1609162
1609303
1609318
1609393
1609581
1609856
1609978
1610014
1610050
1610374
1610493
1610587
1610617
1610631
1610675
1610735
1610780
1610882
1610923
1611231
1611416
1611450
1611523
1611584
1611595
1611670
1611789
1611994
1612158
1612172
1612194
1612283
1612567
1612615
1612624
1612801
1612936
1613147
1613223
1613319
1613564
1613654
1613871
1614070
1614088
1614598
1614601
1614688
1614745
1614755
1614761
1614852
1615182
1615279
1615345
1615397
1615470
1615653
1615660
1615674
1615698
1615769
1615773
1615786
1615852
1615853
1615869
1615903
1615920
1616125
1616545
1616662
1616974
1617028
1617046
1617071
1617093
1617110
1617120
1617154
1617362
1617628
1617641
1617758
1617881
1617975
1618021
1618103
1618372
1618405
1618512
1618692
1619029
1619111
1619448
1619708
1619734
1619763
1619812
1620103
1620123
1620243
1620287
1620610
1620727
1620728
1620835
1621321
1621419
1621460
1621620
1621630
1621667
1621772
1621801
1621831
1621861
1621979
1622058
1622137
1622167
1622242
1622413
1622495
1623081
1623091
1623097
1623115
1623335
1623381
1623414
1623440
1623450
1623574
1623578
1623627
1623654
1623700
1623849
1623880
1624193
1624393
1624406
1624437
1624495
1624498
1624591
1624758
1624948
1624996
1625097
1625110
1625230
1625247
1625257
1625314
1625463
1625603
1625676
1625753
1625906
1626113
1626163
1626228
1626292
1626342
1626368
1626430
1626439
1626506
1626581
1626647
1626742
1626895
1626914
1627074
1627121
1627166
1627172
1627274
1627344
1627386
1627589
1627612
1627613
1627673
1627696
1627786
1628342
1628469
1628477
1628670
1628889
1628971
1629029
1629089
1629139
1629152
1629279
1629360
1629429
1629539
1629644
1629783
1629819
1629976
1630050
1630105
1630134
1630265
1630395
1630402
1630480
1630497
1630861
1630905
1630964
1631012
1631013
1631078
1631258
1631459
1631465
1631577
1632316
1632326
1632503
1632595
1632639
1632646
1632684
1632724
1632921
1632942
1633428
1633479
1633619
1633816
1633851
1633879
1634082
1634153
1634265
1634455
1634535
1634696
1634980
1635039
1635340
1635355
1635445
1635483
1635541
1635608
1635700
1635760
1635826
1636053
1636065
1636067
1636174
1636385
1636432
1636751
1636850
1636876
1637342
1637414
1637417
1637512
1637592
1637704
1637796
1637888
1637937
1638090
1638138
1638328
1638408
1638536
1638548
1638558
1638670
1638695
1638709
1638871
1639030
1639050
1639161
1639179
1639234
1639267
1639420
1639535
1639662
1639851
1639885
1639895
1640058
1640075
1640163
1640183
1640260
1640362
1640420
1640457
1640690
1640750
1640801
1640856
1640875
1641113
1641153
1641180
1641191
1641253
1641417
1641696
1641817
1641828
1642059
1642300
1642369
1642651
1642661
1642717
1642832
1643237
1643579
1643637
1643838
1643883
1644005
1644023
1644081
1644083
1644299
1644527
1644610
1644970
1645174
1645182
1645294
1645555
1645645
1645716
1645785
1645888
1646006
1646027
1646075
1646104
1646173
1646386
1646388
1646790
1646794
1646884
1646903
1647014
1647071
1647136
1647225
1647384
1647457
1647465
1647565
1647619
1647715
1647749
1647757
1647763
1647947
1648003
1648006
1648040
1648145
1648174
1648175
1648266
1648297
1648594
1648730
1648825
1648845
1648885
1648886
1648947
1649005
1649219
1649274
1649450
1649552
1649585
1649648
1649723
1649746
1649754
1649829
1649870
1649882
1650052
1650188
1650228
1650253
1650715
1650973
1651219
1651401
1651439
1651443
1651476
1651520
1651636
1651667
1651737
1651832
1651833
1651916
1652039
1652072
1652087
1652214
1652280
1652462
1652552
1652689
1652751
1652796
1652888
1653176
1653577
1653794
1653938
1654145
1654152
1654161
1654679
1654769
1654901
1654909
1654980
1655008
1655021
1655176
1655336
1655641
1656162
1656212
1656334
1656493
1656800
1657055
1657059
1657158
1657307
1657532
1657697
1657779
1657803
1657983
1658183
1658202
1658703
1658705
1658813
1658850
1658922
1659063
1659196
1659319
1659342
1659458
1659675
1659678
1659704
1660018
1660019
1660206
1660263
1660292
1660303
1660345
1660351
1660367
1660495
1660517
1660600
1660688
1660703
1660752
1660832
1660887
1660984
1661286
1661397
1661449
1661483
1661580
1661807
1661974
1662105
1662112
1662164
1662339
1662433
1662477
1662736
1662764
1662799
1662974
1663074
1663207
1663244
1663312
1663387
1663472
1663679
1663808
1663821
1664015
1664121
1664241
1664464
1664567
1664653
1664946
1665088
1665154
1665226
1665268
1665275
1665446
1665566
1665582
1665952
1666404
1666460
1666461
1667036
1667156
1667171
1667557
1667881
1667906
1668037
1668049
1668216
1668253
1668377
1668554
1668726
1668813
1668898
1668958
1668969
1669024
1669048
1669271
1669808
1669824
1669882
1669895
1670058
1670275
1670287
1670314
1670326
1670354
1670388
1670419
1670481
1670514
1670534
1670544
1670988
1671078
1671409
1671544
1671667
1671806
1671882
1671903
1671986
1672119
1672201
1672338
1672358
1672379
1672528
1672544
1672642
1672796
1672983
1673018
1673154
1673228
1673391
1673466
1673580
1673630
1673720
1673844
1673910
1674038
1674170
1674230
1674307
1674348
1674479
1674499
1674523
1674606
1674628
1674685
1674827
1674994
1675038
1675153
1675184
1675217
1675411
1675656
1675775
1675807
1675817
1676292
1676522
1676559
1676626
1676855
1676895
1676972
1677022
1677047
1677103
1677196
1677236
1677508
1677785
1677866
1678012
1678049
1678320
1678495
1678653
1678765
1678820
1678864
1678961
1679039
1679214
1679257
1679338
1679385
1679461
1679464
1679533
1679548
1679569
1679679
1679744
1679747
1679811
1679876
1679998
1680236
1680278
1680320
1680557
1680605
1680643
1680667
1680706
1680936
1681098
1681290
1681492
1681552
1681599
1681758
1681815
1681894
1681949
1682195
1682384
1682435
1682507
1682578
1682658
1682774
1682812
1682815
1683067
1683183
1683221
1683232
1683481
1683703
1683755
1683776
1683854
1684068
1684271
1684307
1684385
1684452
1684475
1684614
1684689
1684690
1684830
1684917
1684981
1684995
1685115
1685309
1685322
1685366
1685429
1685527
1685599
1685623
1685692
1685768
1685938
1685942
1685975
1685979
1686281
1686370
1686431
1686438
1686525
1686663
1686796
1686950
1687001
1687123
1687250
1687330
1687361
1687413
1687418
1687443
1687463
1687583
1687585
1687592
1687603
1687954
1688084
1688120
1688124
1688140
1688193
1688209
1688319
1688537
1688604
1688667
1688718
1688786
1688921
1689055
1689058
1689269
1689399
1689522
1689556
1689661
1689913
1690151
1690153
1690321
1690360
1690369
1690482
1690524
1690565
1690632
1690725
1690766
1691056
1691103
1691119
1691153
1691179
1691190
1691231
1691376
1691391
1691404
1691473
1691613
1691616
1691665
1691683
1691762
1691904
1691960
1692211
1692473
1692553
1692817
1692882
1692888
1692912
1692991
1693436
1693458
1693534
1693614
1693688
1693707
1694276
1694338
1694376
1694565
1694600
1694601
1694717
1694792
1694981
1695008
1695560
1695565
1695703
1695847
1696107
1696141
1696179
1696182
1696352
1696421
1696422
1696518
1696587
1696658
1696757
1696937
1696946
1697076
1697132
1697269
1697479
1697502
1697652
1697691
1697876
1697960
1697983
1698007
1698097
1698148
1698185
1698352
1698433
1698481
1698544
1698570
1698610
1698639
1698685
1698963
1699327
1699356
1699597
1699711
1699738
1699758
1699806
1699853
1699874
1699913
1700011
1700066
1700403
1700494
1700626
1700747
1700788
1700849
1701034
1701069
1701306
1701312
1701424
1701499
1701803
1701849
1702026
1702069
1702116
1702140
1702398
1702540
1702541
1702597
1702687
1702691
1702762
1702773
1702840
1702877
1702889
1702956
1703045
1703177
1703442
1703660
1703684
1703689
1703884
1704071
1704297
1704431
1704504
1704702
1704780
1704832
1704921
1704926
1704973
1705014
1705024
1705234
1705320
1705337
1705454
1705501
1705525
1705579
1705594
1705626
1705667
1705675
1705756
1705899
1705960
1706011
1706284
1706489
1706555
1706694
1706826
1706888
1707009
1707167
1707206
1707207
1707296
1707613
1707673
1707855
1708009
1708206
1708224
1708398
1708456
1708457
1708786
1708831
1708895
1708929
1708994
1709205
1709450
1709541
1709650
1709715
1709793
1709994
1710019
1710060
1710087
1710104
1710106
1710143
1710296
1710488
1710493
1710639
1710701
1710817
1710884
1710936
1711035
1711315
1711521
1711630
1711673
1711715
1712055
1712127
1712231
1712311
1712369
1712419
1712640
1712641
1712773
1712827
1712850
1712861
1712954
1713025
1713046
1713137
1713153
1713291
1713308
1713324
1713337
1713408
1713433
1713674
1713727
1713764
1713803
1714132
1714211
1714212
1714265
1714694
1714771
1714963
1715016
1715019
1715054
1715104
1715297
1715343
1715380
1715444
1715582
1715628
1715665
1715699
1715802
1715829
1715932
1716014
1716048
1716062
1716314
1716446
1716827
1716840
1716842
1717037
1717216
1717345
1717361
1717375
1717598
1717673
1717863
1718172
1718332
1718367
1718390
1718434
1718476
1718642
1718747
1718767
1718849
1718965
1718976
1719051
1719178
1719322
1719364
1719511
1719530
1720116
1720379
1720434
1720452
1720454
1720506
1720544
1720704
1720718
1720769
1721012
1721219
1721262
1721301
1721331
1721351
1721436
1721555
1721571
1721588
1721765
1721845
1721890
1721930
1721931
1721971
1722033
1722069
1722097
1722127
1722249
1722313
1722333
1722482
1722497
1722538
1722576
1722619
1722761
1722814
1722862
1722893
1723040
1723055
1723409
1723505
1723509
1723646
1723674
1723689
1723735
1723775
1723879
1723897
1724226
1724434
1724473
1724538
1724560
1724670
1724848
1724954
1724956
1725002
1725022
1725288
1725338
1725444
1725502
1725652
1725765
1725780
1725795
1725937
1725948
1725981
1726053
1726133
1726190
1726197
1726261
1726322
1726671
1727126
1727488
1727519
1727540
1727570
1727701
1727743
1727774
1727897
1727943
1727946
1728050
1728349
1728421
1728634
1728896
1728971
1728975
1729029
1729048
1729242
1729248
1729312
1729362
1729432
1729454
1729762
1729771
1729842
1730005
1730130
1730149
1730217
1730239
1730453
1730608
1730630
1730886
1731089
1731112
1731384
1731467
1731575
1731805
1731876
1731937
1732064
1732128
1732333
1732420
1732464
1732577
1732887
1732929
1732968
1733206
1733396
1733925
1733957
1734138
1734222
1734725
1734773
1734796
1734998
1735091
1735220
1735368
1735661
1735986
1736030
1736208
1736232
1736270
1736435
1736438
1736660
1736720
1736906
1736918
1737005
1737340
1737476
1737529
1737535
1737877
1737899
1737902
1738144
1738224
1738243
1738255
1738266
1738287
1738400
1738524
1738619
1738727
1738744
1738779
1738866
1739092
1739116
1739643
1739686
1739746
1739774
1739901
1739965
1740024
1740039
1740046
1740064
1740106
1740177
1740427
1740514
1740794
1740860
1740896
1740992
1741065
1741099
1741604
1741645
1741758
1741858
1741878
1742042
1742051
1742168
1742215
1742292
1742305
1742350
1742384
1742446
1742470
1742678
1742814
1742880
1742921
1743066
1743181
1743201
1743206
1743284
1743361
1743477
1743543
1743711
1743715
1743772
1743856
1743872
1743894
1744217
1744254
1744311
1744372
1744385
1744544
1744636
1744656
1744688
1744817
1744925
1744934
1744950
1744965
1745210
1745264
1745337
1745704
1745840
1746144
1746174
1746351
1746445
1746524
1746684
1746698
1746909
1746948
1747105
1747111
1747113
1747159
1747327
1747367
1747425
1747955
1748083
1748114
1748175
1748190
1748194
1748207
1748412
1748417
1748448
1748530
1748902
1749017
1749179
1749182
1749200
1749284
1749364
1749383
1749560
1749618
1749743
1749751
1749866
1749876
1749912
1749918
1749965
1749976
1750071
1750179
1750222
1750236
1750299
1750495
1750498
1750581
1750679
1750688
1750726
1750738
1750771
1750857
1751037
1751084
1751108
1751141
1751169
1751206
1751390
1751620
1751648
1751910
1752071
1752349
1752477
1752842
1752903
1752925
1752992
1753018
1753090
1753355
1753608
1753661
1753761
1753803
1753899
1753922
1754048
1754182
1754224
1754324
1754338
1754376
1754382
1754416
1754499
1754645
1754762
1754857
1754884
1754888
1755103
1755178
1755182
1755557
1755718
1755858
1755920
1756144
1756231
1756281
1756298
1756332
1756431
1756517
1756658
1757006
1757048
1757265
1757298
1757342
1757492
1757617
1757735
1757856
1758033
1758232
1758408
1758453
1758528
1758533
1758556
1758568
1758699
1758804
1758868
1758905
1758969
1759012
1759136
1759320
1759415
1759436
1759591
1759720
1759747
1759781
1759837
1759906
1760005
1760145
1760178
1760267
1760352
1760388
1760574
1760670
1760914
1760986
1761391
1761393
1761627
1761666
1761727
1761746
1761748
1761792
1761984
1762025
1762049
1762184
1762209
1762220
1762339
1762413
1762505
1762619
1762651
1762759
1762774
1762803
1762884
1763265
1763320
1763576
1763578
1763943
1763988
1764183
1764366
1764497
1764598
1764630
1764635
1765011
1765116
1765174
1765184
1765212
1765265
1765515
1765554
1765574
1765584
1765655
1765741
1765757
1765807
1765900
1765990
1766007
1766287
1766454
1766463
1766788
1766977
1767016
1767048
1767236
1767315
1767352
1767446
1767453
1767666
1768712
1768717
1768750
1768909
1768927
1769158
1769208
1769281
1769285
1769870
1769871
1769953
1770071
1770131
1770589
1770612
1770873
1770876
1770985
1771234
1771377
1771508
1771555
1771585
1771622
1771631
1771765
1771774
1771842
1772111
1772272
1772428
1772492
1772559
1772622
1772829
1772869
1772939
1773163
1773232
1773261
1773343
1773348
1773409
1773434
1773542
1773628
1773666
1773694
1773958
1774120
1774141
1774153
1774263
1774265
1774296
1774628
1774641
1774649
1774687
1774713
1774811
1774824
1774847
1774861
1774866
1774959
1775085
1775095
1775170
1775198
1775226
1775400
1775422
1775447
1775494
1775588
1775601
1775707
1775803
1775950
1776087
1776186
1776593
1776658
1776812
1776821
1776918
1776943
1777558
1777622
1777657
1777670
1777874
1778081
1778154
1778385
1778555
1778639
1778772
1778785
1778824
1778993
1779002
1779003
1779197
1779212
1779393
1779742
1779803
1779937
1780349
1780396
1780431
1780671
1780948
1781020
1781056
1781065
1781067
1781138
1781179
1781281
1781397
1781460
1781474
1781563
1781581
1781759
1781811
1781930
1782049
1782147
1782308
1782463
1782514
1782732
1782748
1782915
1782929
1783048
1783087
1783250
1783306
1783383
1783421
1783628
1783713
1783766
1783792
1784047
1784586
1784742
1784747
1784862
1784904
1785181
1785295
1785346
1785779
1785840
1785848
1785935
1786064
1786141
1786193
1786437
1786510
1786542
1786662
1786665
1786801
1786823
1786882
1786934
1787004
1787141
1787189
1787222
1787304
1787423
1787482
1787532
1787798
1787916
1787953
1788069
1788087
1788144
1788439
1788466
1788648
1788718
1788842
1788935
1789199
1789263
1789323
1789435
1789496
1789520
1789529
1789765
1790076
1790098
1790150
1790242
1790252
1790575
1790595
1790602
1790618
1790711
1790774
1790780
1790927
1790973
1791152
1791349
1791361
1791403
1791539
1791625
1791642
1791660
1791708
1791827
1791829
1791841
1791911
1791913
1791993
1792072
1792247
1792322
1792337
1792522
1792693
1792817
1792880
1792890
1793031
1793051
1793107
1793447
1793517
1793721
1793811
1793817
1794031
1794056
1794101
1794348
1794394
1794457
1794512
1794536
1794575
1794644
1794675
1794950
1794971
1795020
1795558
1795671
1795840
1795847
1795928
1795972
1796051
1796064
1796077
1796279
1796297
1796423
1796555
1796621
1796641
1796736
1797211
1797371
1797469
1797496
1797514
1797645
1797755
1797969
1797982
1798039
1798144
1798281
1798375
1798465
1798551
1798809
1798983
1799030
1799051
1799057
1799285
1799602
1799689
1799981
1800048
1800324
1800664
1800846
1800894
1801154
1801236
1801283
1801317
1801564
1801780
1801978
1802139
1802189
1802226
1802416
1802457
1802638
1802703
1802763
1802880
1803163
1803183
1803212
1803376
1803387
1803522
1803816
1803863
1803918
1804002
1804267
1804313
1804474
1804576
1804606
1804728
1804772
1804806
1804831
1804906
1804985
1805057
1805244
1805261
1805376
1805391
1805603
1805617
1805625
1805775
1805787
1805799
1805881
1805959
1806080
1806090
1806138
1806218
1806235
1806537
1806676
1806852
1807054
1807059
1807068
1807116
1807150
1807356
1807357
1807384
1807392
1807662
1807699
1807704
1807807
1807969
1808016
1808172
1808173
1808202
1808290
1808295
1808335
1808364
1808407
1808436
1808452
1808531
1808579
1808645
1808646
1808784
1808841
1808977
1809228
1809311
1809339
1809506
1809515
1809630
1809782
1809825
1809853
1810366
1810379
1810424
1810607
1810790
1810924
1811010
1811138
1811169
1811196
1811368
1811917
1811978
1812029
1812065
1812089
1812144
1812155
1812203
1812243
1812776
1812899
1812909
1812918
1813019
1813027
1813062
1813361
1813372
1813532
1813540
1813572
1813832
1813838
1814072
1814136
1814315
1814342
1814407
1814417
1814568
1814587
1814852
1814898
1814909
1815074
1815177
1815233
1815235
1815311
1815403
1815453
1815656
1815681
1815687
1815739
1815789
1815939
1816082
1816084
1816148
1816205
1816213
1816290
1816556
1816565
1816884
1817137
1817151
1817380
1817413
1817437
1817459
1817472
1817561
1817702
1817703
1817877
1817880
1817988
1818050
1818117
1818167
1818179
1818191
1818244
1818293
1818434
1818514
1818560
1818637
1818688
1818738
1818842
1818991
1819036
1819102
1819411
1819428
1819542
1819565
1819714
1819732
1819959
1820067
1820193
1820226
1820329
1820412
1820598
1820630
1820853
1820920
1820947
1821098
1821101
1821180
1821415
1821617
1821647
1821662
1821742
1821947
1821996
1822000
1822043
1822186
1822192
1822226
1822373
1822581
1822634
1822646
1822680
1822810
1822838
1822982
1823050
1823131
1823159
1823177
1823240
1823321
1823338
1823401
1823409
1823488
1823765
1823996
1824106
1824116
1824144
1824154
1824172
1824182
1824243
1824275
1824290
1824294
1824355
1824432
1824628
1824639
1824742
1824778
1824837
1824907
1825069
1825093
1825117
1825123
1825471
1825502
1825555
1825762
1825796
1825883
1825957
1826025
1826027
1826074
1826102
1826146
1826193
1826215
1826382
1826452
1826562
1826620
1826683
1826713
1826724
1826735
1826873
1827022
1827084
1827100
1827246
1827369
1827409
1827501
1827504
1827555
1827579
1827666
1828113
1828263
1828335
1828479
1828648
1828729
1828841
1828865
1828960
1829001
1829075
1829191
1829303
1829360
1829430
1829637
1829732
1829820
1830075
1830106
1830246
1830250
1830527
1830534
1830729
1830810
1830834
1831039
1831069
1831213
1831335
1831368
1831475
1831496
1831567
1831720
1831857
1831874
1831884
1832243
1832435
1832517
1832706
1832725
1832810
1832992
1833131
1833330
1833492
1833544
1833578
1833746
1833754
1833783
1833805
1833821
1833851
1834018
1834051
1834178
1834215
1834274
1834326
1834626
1834664
1834670
1834732
1834744
1834832
1834893
1834973
1835050
1835084
1835161
1835165
1835197
1835388
1835590
1835924
1835926
1836041
1836264
1836524
1836533
1836539
1836601
1836655
1836675
1836839
1836964
1836998
1837168
1837193
1837223
1837272
1837617
1837630
1837833
1837944
1837946
1838061
1838204
1838207
1838232
1838442
1838715
1838760
1838790
1838945
1838975
1839346
1839386
1839648
1839886
1839966
1839981
1840203
1840337
1840697
1840745
1840797
1840817
1841010
1841182
1841190
1841201
1841260
1841296
1841306
1841366
1841386
1841509
1841595
1841660
1841665
1841779
1841840
1841861
1842260
1842290
1842325
1842589
1842614
1842631
1842681
1843011
1843027
1843034
1843060
1843189
1843498
1843766
1843799
1843970
1844010
1844228
1844244
1844380
1844506
1844556
1844571
1844788
1844987
1845063
1845187
1845192
1845398
1845400
1845485
1845681
1845682
1845710
1845767
1845920
1845991
1846003
1846122
1846141
1846513
1846622
1846671
1846882
1846922
1846963
1846966
1847045
1847072
1847213
1847319
1847396
1847745
1847755
1847782
1847874
1847889
1848225
1848282
1848530
1848533
1848578
1848585
1848863
1848900
1849049
1849314
1849353
1849382
1849441
1849777
1849797
1849848
1849855
1849895
1849977
1850031
1850047
1850063
1850416
1850551
1850695
1850858
1850865
1850991
1851128
1851241
1851547
1851680
1851799
1851826
1851833
1852035
1852044
1852213
1852244
1852265
1852416
1852514
1852524
1852706
1852785
1852818
1852911
1853074
1853104
1853181
1853322
1853397
1853401
1853593
1853605
1853654
1853699
1853830
1853939
1854076
1854170
1854307
1854316
1854525
1854612
1854679
1854698
1854775
1854910
1855028
1855036
1855256
1855343
1855431
1855436
1855608
1855842
1855848
1856110
1856230
1856366
1856428
1856463
1856478
1856555
1856593
1856605
1856758
1857044
1857202
1857219
1857242
1857284
1857349
1857433
1857467
1857548
1857554
1857566
1857598
1857742
1857897
1857977
1858111
1858280
1858293
1858368
1858502
1858521
1858691
1858780
1858826
1858995
1859139
1859141
1859168
1859233
1859346
1859375
1859453
1859535
1859543
1859586
1859655
1859689
1859728
1859825
1859963
1859982
1860104
1860127
1860192
1860345
1860352
1860361
1860383
1860385
1860417
1860471
1860552
1860595
1860637
1860765
1860938
1861224
1861311
1861341
1861444
1861667
1861677
1861744
1861768
1861826
1861875
1861907
1861935
1862050
1862087
1862144
1862166
1862447
1862537
1862590
1862638
1862841
1862968
1863039
1863254
1863288
1863442
1863490
1863550
1863673
1863903
1863927
1863960
1863962
1864206
1864274
1864405
1864740
1864810
1864862
1864874
1864973
1864974
1865051
1865065
1865265
1865307
1865592
1865708
1865886
1865980
1866033
1866100
1866118
1866151
1866163
1866309
1866487
1866633
1866839
1867114
1867310
1867509
1867652
1867701
1867815
1867893
1867927
1867987
1868108
1868176
1868217
1868405
1868479
1868639
1868663
1868684
1868696
1868802
1868862
1869150
1869360
1869391
1869707
1869806
1870046
1870067
1870103
1870112
1870123
1870206
1870470
1870548
1870580
1870835
1870846
1870994
1871029
1871119
1871261
1871472
1871527
1871603
1871783
1871785
1871853
1872051
1872063
1872111
1872214
1872274
1872361
1872472
1872485
1872723
1872886
1872967
1872982
1872991
1873009
1873034
1873178
1873196
1873252
1873333
1873373
1873389
1873583
1873589
1873656
1874055
1874141
1874187
1874220
1874223
1874244
1874327
1874452
1874468
1874570
1874628
1874895
1875022
1875040
1875182
1875208
1875686
1875875
1876122
1876228
1876231
1876246
1876281
1876418
1876864
1876881
1876961
1876971
1877013
1877110
1877296
1877402
1877455
1877500
1877537
1877612
1877655
1877680
1877877
1877880
1877960
1877961
1878204
1878303
1878328
1878519
1878781
1878814
1878817
1878906
1879005
1879062
1879423
1879571
1879597
1879693
1879723
1879813
1879839
1879972
1880162
1880356
1880441
1880865
1880872
1880918
1881067
1881103
1881135
1881154
1881273
1881761
1881792
1881820
1882138
1882207
1882254
1882458
1882547
1882553
1882557
1882676
1882768
1882810
1882827
1882942
1882943
1882946
1883004
1883011
1883156
1883347
1883359
1883430
1883432
1883626
1883628
1883931
1883969
1884070
1884106
1884245
1884330
1884426
1884453
1884586
1885042
1885234
1885430
1885600
1885608
1885629
1885722
1885757
1885821
1886103
1886145
1886183
1886257
1886301
1886329
1886454
1886461
1886488
1886528
1886568
1887114
1887169
1887294
1887471
1887489
1888019
1888038
1888272
1888288
1888422
1888537
1888708
1888770
1888862
1888875
1889016
1889090
1889147
1889244
1889398
1889506
1890004
1890057
1890115
1890376
1890492
1890659
1890796
1890809
1890834
1890880
1890907
1891115
1891174
1891203
1891212
1891303
1891380
1891666
1891738
1891774
1891781
1891870
1891917
1891986
1892033
1892070
1892074
1892229
1892248
1892786
1892893
1892959
1893152
1893347
1893348
1893689
1893854
1894049
1894154
1894240
1894437
1894575
1894674
1894758
1894894
1895084
1895094
1895401
1895427
1895475
1895631
1895983
1896065
1896462
1896524
1896639
1896673
1896676
1897095
1897129
1897275
1897490
1897584
1897749
1897884
1897922
1898000
1898060
1898147
1898382
1898403
1898525
1898549
1898573
1898605
1898845
1898869
1898931
1898937
1899152
1899216
1899220
1899224
1899349
1899388
1899399
1899444
1899744
1899908
1900170
1900239
1900410
1900430
1900498
1900552
1900553
1900679
1900738
1900831
1900869
1900909
1900998
1901127
1901130
1901147
1901380
1901833
1901909
1901937
1902063
1902084
1902212
1902344
1902434
1902491
1902495
1902551
1902626
1902830
1902949
1903009
1903116
1903124
1903222
1903231
1903379
1903531
1903575
1903723
1903732
1903742
1903815
1903867
1904327
1904438
1904486
1904499
1904556
1904594
1904733
1905442
1905482
1905487
1905497
1905507
1905670
1905734
1905843
1906034
1906503
1906728
1906817
1907048
1907126
1907137
1907271
1907278
1907340
1907343
1907348
1907404
1907418
1907440
1907511
1907513
1907521
1907560
1907575
1907593
1907609
1907638
1907644
1907699
1907709
1907986
1907995
1908044
1908062
1908109
1908266
1908494
1908540
1908641
1908690
1909103
1909160
1909164
1909235
1909513
1909625
1909830
1909846
1909875
1909919
1909961
1910094
1910171
1910207
1910347
1910363
1910686
1910777
1910860
1910895
1910917
1910955
1911147
1911378
1911432
1911463
1911636
1911708
1911798
1911814
1911955
1912020
1912145
1912259
1912468
1912754
1912775
1912780
1912847
1912939
1912977
1913014
1913062
1913142
1913182
1913249
1913282
1913287
1913299
1913459
1913463
1913820
1913969
1913973
1914014
1914193
1914273
1914430
1914453
1914517
1914583
1914769
1914854
1915016
1915132
1915403
1915803
1915962
1916167
1916178
1916231
1916590
1916658
1916668
1916763
1916841
1916863
1917102
1917267
1917320
1917341
1917348
1917463
1917833
1917966
1918014
1918206
1918224
1918313
1918367
1918426
1918513
1918713
1918718
1918766
1919054
1919229
1919469
1919527
1919545
1919566
1919632
1919711
1919805
1920039
1920168
1920265
1920316
1920370
1920453
1920537
1920688
1920727
1920834
1920925
1920971
1920987
1921049
1921261
1921271
1921309
1921336
1921440
1921462
1921535
1921724
1921728
1921781
1922003
1922056
1922074
1922197
1922375
1922378
1922473
1922578
1922594
1922718
1922867
1923004
1923065
1923265
1923300
1923442
1923487
1923590
1923677
1923792
1923794
1923943
1923995
1924051
1924074
1924168
1924169
1924268
1924455
1924678
1924761
1924774
1924982
1925011
1925276
1925379
1925381
1925614
1925672
1925832
1925891
1926073
1926087
1926357
1926778
1926804
1926940
1927046
1927458
1927475
1927547
1927562
1927565
1927633
1927857
1927898
1928007
1928055
1928111
1928130
1928136
1928162
1928301
1928387
1928791
1928829
1928853
1928878
1928939
1928981
1929142
1929169
1929386
1929409
1929429
1929500
1929623
1929644
1929685
1929689
1930142
1930453
1930483
1930542
1930600
1930643
1930667
1930722
1930884
1930925
1930934
1931047
1931255
1931294
1931444
1931538
1931626
1931689
1931713
1931775
1932040
1932317
1932335
1932492
1932570
1932588
1932625
1932770
1932867
1932975
1933142
1933215
1933614
1933686
1933793
1933795
1933836
1933843
1933899
1934014
1934026
1934034
1934094
1934240
1934436
1934437
1934509
1934538
1934615
1934651
1934683
1934715
1935032
1935034
1935085
1935110
1935389
1935544
1935668
1935884
1936037
1936080
1936310
1936440
1936477
1936501
1936562
1936649
1936837
1937209
1937231
1937252
1937281
1937428
1937432
1937489
1937509
1937667
1937717
1937950
1938219
1938413
1938449
1938625
1938631
1938810
1938843
1938942
1938977
1939082
1939102
1939141
1939155
1939194
1939331
1939370
1939376
1939749
1939906
1940022
1940069
1940111
1940263
1940494
1940499
1940545
1940784
1940851
1940900
1940921
1940989
1941401
1941618
1941770
1941809
1941890
1941974
1942029
1942048
1942190
1942281
1942295
1942316
1942558
1942588
1942635
1943280
1943294
1943298
1943315
1943423
1943783
1943867
1943955
1944029
1944053
1944077
1944078
1944383
1944411
1944483
1944637
1944788
1945071
1945140
1945147
1945176
1945233
1945287
1945388
1945415
1945446
1945643
1945682
1946053
1946242
1946424
1946454
1946601
1946712
1946734
1946920
1947188
1947226
1947520
1947575
1947863
1947965
1947974
1948328
1948358
1948565
1948658
1948799
1949219
1949256
1949273
1949277
1949390
1949454
1949468
1949793
1949805
1949838
1949927
1950041
1950292
1950664
1950726
1950750
1950836
1950896
1950969
1951049
1951451
1951471
1951510
1951527
1951605
1951611
1951613
1951626
1951637
1951766
1951771
1951774
1951819
1952000
1952118
1952134
1952369
1952384
1952474
1952695
1952931
1952993
1953056
1953085
1953123
1953204
1953505
1953506
1953683
1953718
1953759
1953768
1953793
1953900
1953914
1953940
1953958
1954065
1954371
1954505
1954546
1954747
1954815
1954854
1955099
1955112
1955204
1955230
1955319
1955335
1955436
1955536
1955559
1955638
1956182
1956259
1956266
1956300
1956577
1956689
1956793
1956973
1956978
1957032
1957323
1957479
1957490
1957534
1957578
1957813
1957820
1957843
1957862
1957915
1957998
1958070
1958149
1958397
1958475
1958488
1958513
1958645
1958800
1958851
1958968
1959039
1959092
1959114
1959202
1959233
1959415
1959598
1959642
1959762
1959867
1959929
1959987
1959999
1960131
1960224
1960342
1960763
1960790
1960914
1961046
1961152
1961266
1961288
1961452
1961584
1961643
1961761
1961828
1961974
1962123
1962183
1962222
1962267
1962307
1962503
1962588
1962744
1962751
1962760
1962780
1962800
1962863
1962916
1962921
1962922
1962925
1963011
1963042
1963073
1963155
1963181
1963277
1963576
1963939
1964523
1964540
1964616
1964807
1964866
1964915
1964978
1965032
1965049
1965063
1965127
1965179
1965381
1965405
1965542
1965590
1965644
1965661
1965738
1966097
1966201
1966297
1966391
1966620
1966657
1966760
1966812
1966978
1966993
1967037
1967042
1967273
1967339
1967406
1967552
1967853
1967972
1968032
1968041
1968109
1968229
1968246
1968289
1968673
1968797
1968865
1968984
1968987
1969092
1969115
1969149
1969157
1969188
1969356
1969452
1969466
1969490
1969496
1969716
1969858
1969881
1970112
1970120
1970433
1970443
1970512
1970611
1970630
1970757
1970799
1971093
1971197
1971219
1971261
1971439
1971555
1971640
1971657
1971662
1971709
1971713
1971736
1972252
1972303
1972615
1972633
1972647
1972696
1972846
1972876
1972955
1972957
1972958
1972987
1972990
1973105
1973118
1973171
1973458
1973699
1973847
1973859
1974084
1974102
1974290
1974388
1974416
1974448
1974482
1974741
1974770
1974797
1974925
1974934
1975058
1975147
1975226
1975262
1975269
1975456
1975585
1975588
1975680
1975773
1975898
1975984
1976037
1976052
1976335
1976421
1976481
1976524
1976566
1976646
1976781
1976791
1976961
1976967
1977065
1977080
1977171
1977483
1977522
1977743
1977825
1977869
1977999
1978245
1978253
1978344
1978502
1978659
1978921
1979131
1979170
1979312
1979392
1979764
1980162
1980300
1980365
1980390
1980534
1980567
1980570
1980666
1980761
1980798
1980802
1980937
1980981
1981040
1981086
1981316
1981516
1981835
1981978
1982184
1982313
1982364
1982386
1982546
1982671
1982689
1983109
1983299
1983359
1983367
1983403
1983511
1983529
1983711
1983978
1983981
1984019
1984056
1984250
1984321
1984514
1984560
1984857
1984963
1984968
1985026
1985372
1985455
1985551
1985586
1985611
1985618
1985670
1985726
1985997
1986044
1986119
1986382
1986566
1986746
1986775
1986845
1986853
1986893
1986894
1987030
1987045
1987057
1987122
1987158
1987163
1987168
1987282
1987346
1987408
1987984
1988123
1988125
1988135
1988145
1988158
1988288
1988306
1988781
1988845
1988876
1988956
1988987
1989121
1989312
1989627
1989636
1989709
1989710
1989809
1989811
1990028
1990164
1990212
1990257
1990292
1990491
1990591
1990694
1990730
1990767
1990780
1990812
1990850
1990892
1990981
1991082
1991097
1991197
1991239
1991275
1991321
1991363
1991577
1991584
1991590
1991860
1991926
1992031
1992187
1992371
1992426
1992494
1992530
1992602
1992603
1992635
1992698
1992771
1992904
1992917
1993307
1993313
1993479
1993588
1993600
1993697
1994102
1994117
1994180
1994266
1994283
1994448
1994774
1994928
1994972
1994986
1995138
1995256
1995360
1995609
1995622
1995673
1995798
1995929
1996269
1996470
1996607
1996660
1996674
1996772
1996820
1997068
1997092
1997136
1997147
1997260
1997526
1997595
1997630
1997709
1997823
1997865
1997952
1998005
1998057
1998227
1998256
1998321
1998348
1998383
1998527
1998613
1998748
1998780
1998811
1998922
1999123
1999167
1999302
1999337
1999440
1999505
1999593
1999806
2000007
2000221
2000570
2000752
2000765
2000918
2000919
2000954
2001140
2001496
2001570
2001962
2002258
2002397
2002461
2002497
2002533
2002537
2002727
2002740
2002870
2003167
2003187
2003287
2003306
2003344
2003639
2003655
2003682
2003771
2004053
2004193
2004285
2004286
2004353
2004900
2005004
2005006
2005048
2005104
2005274
2005347
2005377
2005478
2005500
2005592
2005830
2005870
2005890
2005940
2005990
2005996
2006060
2006093
2006176
2006471
2006582
2006788
2006800
2006879
2006994
2006998
2007122
2007367
2007531
2007755
2007757
2007815
2007833
2008011
2008048
2008145
2008323
2008582
2008595
2008814
2008843
2008971
2008982
2008986
2009025
2009099
2009103
2009136
2009140
2009153
2009247
2009273
2009278
2009304
2009445
2009610
2009655
2009682
2009697
2009817
2009980
2010002
2010030
2010037
2010160
2010215
2010267
2010270
2010377
2010555
2010669
2010693
2010783
2010934
2011032
2011051
2011056
2011117
2011392
2011417
2011646
2011736
2011769
2011790
2011797
2012083
2012159
2012260
2012470
2012506
2012515
2012530
2012546
2012648
2012807
2012856
2012914
2012928
2013147
2013163
2013245
2013287
2013343
2013381
2013479
2013483
2013683
2013820
2014006
2014011
2014088
2014153
2014222
2014316
2014636
2014719
2014785
2014795
2014814
2014865
2014931
2014940
2014952
2014974
2015028
2015069
2015201
2015322
2015341
2015384
2015438
2015489
2015593
2015688
2015704
2015712
2015726
2015760
2015823
2015829
2016054
2016104
2016376
2016514
2016589
2016639
2016668
2016680
2016697
2016723
2016822
2016923
2017088
2017156
2017487
2017488
2017719
2017845
2017929
2017991
2018008
2018089
2018095
2018408
2018476
2018616
2018712
2019262
2019388
2019468
2019609
2019643
2019656
2019662
2019690
2019748
2020032
2020077
2020085
2020161
2020306
2020308
2020312
2020422
2020474
2020559
2020616
2020733
2020853
2020901
2021229
2021287
2021297
2021367
2021419
2021424
2021692
2021761
2022027
2022092
2022172
2022202
2022373
2022593
2022596
2022627
2022819
2022845
2022953
2023540
2023719
2023914
2023934
2024102
2024176
2024187
2024260
2024328
2024358
2024368
2024452
2024468
2024578
2024703
2024756
2024764
2024895
2024954
2025144
2025226
2025241
2025268
2025327
2025427
2025429
2025469
2025484
2025491
2025505
2025660
2025661
2025807
2025904
2025947
2026135
2026147
2026245
2026342
2026424
2026533
2026677
2026826
2026874
2026948
2026967
2026994
2027014
2027131
2027293
2027346
2027416
2027429
2027498
2027510
2027544
2027723
2027739
2028146
2028163
2028218
2028276
2028283
2028399
2028405
2028443
2028576
2028618
2028636
2029073
2029110
2029122
2029220
2029235
2029294
2029334
2029697
2029709
2029783
2029793
2030099
2030355
2030374
2030529
2030588
2030746
2030775
2030785
2030974
2031012
2031015
2031260
2031329
2031333
2031360
2031554
2031676
2031749
2031867
2031976
2032179
2032397
2032551
2032565
2032682
2032709
2032729
2032766
2033076
2033126
2033309
2033490
2033613
2033642
2033875
2034057
2034151
2034294
2034314
2034497
2034687
2034738
2034811
2034871
2034894
2035023
2035261
2035342
2035353
2035379
2035417
2035432
2035516
2035635
2035664
2035703
2035789
2035817
2036166
2036235
2036265
2036348
2036373
2036377
2036568
2036573
2036666
2036712
2036831
2036933
2036991
2037052
2037053
2037126
2037310
2037492
2037513
2037573
2037621
2037703
2037780
2037949
2038233
2038304
2038318
2038351
2038421
2038646
2038700
2038845
2039019
2039074
2039556
2039640
2039750
2039957
2039990
2040080
2040295
2040366
2040374
2040410
2040473
2040476
2040550
2040552
2040593
2040617
2040709
2040777
2040957
2040971
2041055
2041058
2041337
2041401
2041476
2041511
2041635
2041745
2041773
2042165
2042196
2042216
2042437
2042486
2042537
2042736
2042795
2042891
2042943
2042993
2043020
2043043
2043046
2043195
2043233
2043250
2043330
2043460
2043659
2043666
2043955
2044027
2044083
2044087
2044090
2044153
2044161
2044317
2044336
2044415
2044509
2044560
2044603
2044718
2044795
2045003
2045083
2045109
2045140
2045370
2045396
2045435
2045654
2045692
2045800
2046319
2046347
2046384
2046472
2046793
2046833
2046847
2046905
2046915
2047131
2047141
2047422
2047494
2047701
2047733
2047882
2047912
2048186
2048456
2048705
2048753
2048780
2048843
2048966
2049046
2049064
2049152
2049161
2049213
2049526
2049664
2049772
2049793
2050236
2050377
2050531
2050612
2050620
2050636
2050728
2050740
2050746
2050770
2050802
2050814
2050831
2050843
2050896
2051174
2051278
2051436
2051503
2051521
2051524
2051575
2051641
2051726
2051761
2051771
2051879
2052345
2052529
2052565
2052592
2052761
2052772
2052943
2052972
2053306
2053339
2053411
2053485
2053783
2053853
2054062
2054294
2054424
2054489
2054623
2054726
2054759
2054954
2054968
2055564
2055669
2055685
2056034
2056287
2056319
2056594
2056722
2057538
2057547
2057606
2057995
2058078
2058247
2058295
2058298
2058462
2058539
2058549
2058576
2058606
2058758
2058774
2058829
2058984
2059081
2059367
2059419
2059444
2059449
2059553
2059599
2059602
2059612
2059672
2059695
2059764
2059773
2059798
2060027
2060028
2060190
2060204
2060362
2060500
2060547
2060697
2060706
2060734
2060963
2061266
2061556
2061752
2061765
2061969
2062227
2062389
2062573
2062587
2063057
2063159
2063161
2063245
2063353
2063418
2063510
2063581
2063662
2063748
2063749
2063774
2064211
2064303
2064454
2064473
2064584
2064685
2064936
2065069
2065107
2065135
2065197
2065484
2065542
2065621
2065713
2065802
2065834
2065849
2065900
2065901
2065998
2066147
2066330
2066563
2066610
2066658
2066731
2066779
2066898
2066938
2066939
2067165
2067298
2067370
2067402
2067542
2067640
2067657
2067742
2067812
2067815
2068048
2068398
2068554
2068572
2068797
2068909
2069054
2069111
2069142
2069168
2069379
2069400
2069432
2069505
2069591
2069619
2069640
2069841
2069943
2070097
2070473
2070510
2070544
2070595
2070778
2071076
2071112
2071117
2071410
2071558
2071861
2071892
2071913
2071954
2072081
2072099
2072137
2072203
2072365
2072432
2072434
2072500
2072511
2072660
2072730
2072856
2072877
2072911
2073110
2073112
2073175
2073253
2073293
2073318
2073371
2073384
2073467
2073636
2073731
2073873
2073891
2074038
2074183
2074256
2074264
2074318
2074446
2074576
2074616
2074652
2074690
2074720
2074953
2075065
2075073
2075234
2075506
2075974
2076086
2076095
2076128
2076235
2076287
2076457
2076511
2076737
2076749
2076832
2076920
2076921
2076968
2077000
2077594
2077608
2077763
2077813
2077949
2077963
2078145
2078168
2078219
2078290
2078351
2078482
2078529
2078555
2078833
2078864
2078902
2079017
2079032
2079071
2079096
2079258
2079279
2079443
2079444
2079534
2079692
2079707
2079710
2079780
2079785
2079849
2079930
2080054
2080289
2080380
2080652
2080659
2080664
2080740
2080868
2080966
2081103
2081168
2081194
2081700
2082181
2082192
2082306
2082398
2082628
2082734
2082843
2082918
2082980
2083036
2083287
2083361
2083362
2083403
2083443
2083449
2083511
2083533
2083609
2083710
2083932
2083936
2084197
2084273
2084394
2084559
2084667
2084671
2085023
2085055
2085072
2085084
2085264
2085360
2085579
2085639
2085660
2086099
2086280
2086341
2086355
2086485
2086631
2086682
2086685
2086747
2086815
2086954
2087146
2087324
2087514
2087558
2087573
2087616
2087730
2087898
2087915
2087971
2087993
2088002
2088239
2088256
2088464
2088517
2088564
2088714
2088812
2088816
2088826
2088958
2089106
2089202
2089353
2089475
2089526
2089647
2089732
2089755
2089871
2089893
2090036
2090048
2090166
2090195
2090203
2090362
2090365
2090433
2090546
2090553
2090557
2090692
2090727
2090749
2090811
2090816
2090844
2090851
2090912
2090967
2090985
2090988
2091234
2091551
2091737
2091745
2092027
2092161
2092375
2092492
2092626
2092722
2092812
2092889
2093168
2093268
2093269
2093528
2093565
2093701
2093803
2093873
2093917
2094144
2094253
2094525
2094567
2094583
2094585
2094697
2094729
2094768
2094999
2095031
2095048
2095066
2095210
2095313
2095437
2095447
2095589
2095889
2096103
2096207
2096220
2096252
2096290
2096349
2096429
2096434
2096689
2097158
2097280
2097324
2097383
2097393
2097411
2097429
2097436
2097437
2097549
2097655
2097720
2098115
2098242
2098243
2098246
2098328
2098343
2098436
2098679
2098722
2099036
2099084
2099118
2099165
2099175
2099524
2099649
2099823
2100282
2100358
2100513
2100541
2100549
2100587
2100699
2100733
2100898
2100909
2100943
2100981
2100998
2101053
2101214
2101268
2101330
2101385
2101411
2101505
2101759
2101787
2101917
2101979
2101986
2101987
2102078
2102287
2102298
2102382
2102546
2102773
2102996
2103219
2103336
2103498
2103901
2104008
2104023
2104051
2104941
2104961
2104962
2105071
2105307
2105379
2105380
2105450
2105478
2105550
2105624
2105653
2105706
2106210
2106318
2106670
2106901
2106905
2106909
2107018
2107308
2107528
2107785
2107865
2107881
2107907
2107961
2107979
2108031
2108099
2108103
2108401
2108439
2108502
2108535
2108552
2108575
2108585
2108593
2108688
2108698
2109090
2109152
2109363
2109364
2109408
2109445
2109578
2109608
2109913
2109934
2109975
2110010
2110589
2110709
2110862
2110962
2111012
2111064
2111144
2111213
2111254
2111308
2111391
2111610
2111681
2111692
2111737
2111768
2111909
2111970
2112076
2112172
2112274
2112332
2112372
2112388
2112480
2112591
2112652
2112750
2112793
2112971
2113150
2113154
2113274
2113293
2113439
2113488
2113546
2113550
2113588
2113922
2114045
2114127
2114266
2114449
2114451
2114656
2114657
2114826
2115019
2115547
2115553
2115592
2115676
2115845
2115856
2115908
2116172
2116332
2116478
2116775
2117006
2117019
2117022
2117162
2117238
2117274
2117339
2117346
2117347
2117472
2117861
2118203
2118230
2118241
2118382
2118597
2118814
2118823
2118850
2118874
2119004
2119600
2119656
2119682
2119752
2119788
2119813
2119824
2119869
2119920
2120030
2120032
2120066
2120074
2120115
2120176
2120470
2120524
2120577
2120615
2120758
2121005
2121028
2121527
2121857
2121885
2121977
2122035
2122140
2122358
2122481
2122606
2122868
2122900
2122962
2123146
2123218
2123252
2123349
2123404
2123501
2123508
2123565
2123755
2123990
2124009
2124150
2124303
2124321
2124346
2124434
2124613
2124696
2124708
2124785
2124885
2124926
2125212
2125433
2125453
2125481
2125486
2125518
2125559
2125742
2125798
2125812
2125820
2125847
2125910
2125913
2125927
2125975
2126091
2126137
2126184
2126267
2126557
2126672
2126926
2127148
2127170
2127249
2127263
2127617
2127651
2127726
2127820
2127954
2128073
2128082
2128231
2128262
2128434
2128568
2128666
2128720
2128728
2128811
2128816
2128999
2129253
2129308
2129367
2129424
2129467
2129586
2129632
2129645
2129803
2129871
2129900
2129938
2130034
2130084
2130185
2130299
2130474
2130610
2130737
2130757
2131090
2131194
2131196
2131347
2131553
2132240
2132253
2132271
2132276
2132290
2132482
2132615
2132765
2132795
2132841
2133000
2133101
2133198
2133508
2133555
2133562
2134008
2134058
2134202
2134233
2134314
2134382
2134444
2134459
2134598
2134605
2134656
2134733
2134818
2135032
2135047
2135240
2135343
2135454
2135630
2135676
2135687
2135714
2135789
2135841
2136075
2136086
2136205
2136351
2136617
2136672
2136755
2136762
2137042
2137276
2137301
2137636
2137702
2137738
2137961
2137988
2138081
2138115
2138176
2138261
2138329
2138330
2138551
2138704
2138745
2138774
2138918
2139288
2139354
2139361
2139481
2139778
2139789
2139828
2139862
2139950
2140060
2140072
2140246
2140254
2140327
2140394
2140413
2140476
2140494
2140500
2140596
2140788
2140963
2141108
2141157
2141241
2141261
2141365
2141520
2141539
2141576
2141823
2141986
2142030
2142212
2142408
2142436
2142795
2142829
2142904
2143390
2143687
2144035
2144057
2144317
2144319
2144513
2144573
2144665
2144948
2145390
2145515
2145528
2145638
2145670
2145724
2145779
2145789
2145920
2146032
2146093
2146219
2146329
2146360
2146407
2146473
2146609
2146736
2147047
2147069
2147082
2147141
2147281
2147294
2147390
2147391
2147468
2147557
2147563
2147581
2147736
2147823
2147968
2147971
2148132
2148268
2148323
2148457
2148510
2148511
2148524
2148582
2148743
2148776
2148819
2149053
2149402
2149586
2149692
2149736
2149737
2149855
2149937
2150573
2150612
2150674
2150778
2150951
2151133
2151241
2151285
2151388
2151609
2151634
2151822
2151837
2151856
2152072
2152144
2152157
2152216
2152305
2152365
2152368
2152463
2152607
2152664
2152787
2153053
2153248
2153268
2153611
2153612
2153766
2153866
2153893
2154076
2154116
2154164
2154168
2154177
2154407
2154497
2154570
2154708
2154761
2154855
2154922
2155110
2155236
2155424
2155502
2155503
2155580
2155676
2155816
2155923
2156078
2156380
2156456
2156595
2156848
2157236
2157399
2157470
2157558
2158217
2158219
2158276
2158430
2158570
2158861
2158939
2158964
2159052
2159281
2159368
2159439
2159449
2159456
2159562
2159705
2159907
2159939
2160108
2160151
2160154
2160217
2160641
2160823
2161048
2161049
2161623
2161659
2161726
2161797
2161824
2162034
2162394
2162711
2162724
2162787
2162908
2163246
2163322
2163349
2163373
2163559
2163646
2163648
2163761
2163800
2163864
2163916
2163974
2164107
2164295
2164306
2164447
2164488
2164627
2164642
2164753
2164924
2164928
2164955
2165129
2165137
2165208
2165258
2165266
2165516
2165561
2165655
2165710
2165734
2165789
2165821
2165928
2166042
2166258
2166262
2166460
2166478
2166578
2166593
2166600
2166818
2166833
2166885
2167023
2167102
2167129
2167158
2167246
2167413
2167484
2167555
2167613
2167725
2167739
2168033
2168047
2168113
2168134
2168156
2168379
2168514
2168749
2168897
2168999
2169121
2169245
2169317
2169349
2169449
2169894
2169923
2169928
2169976
2170021
2170096
2170151
2170219
2170650
2170775
2170837
2170851
2170941
2170946
2170955
2171103
2171210
2171459
2171533
2171543
2171724
2171802
2172054
2172130
2172275
2172593
2172653
2172696
2172876
2172899
2172908
2173003
2173056
2173415
2173425
2173485
2173715
2173732
2173812
2173928
2173965
2174091
2174229
2174307
2174348
2174526
2174601
2174660
2174686
2174695
2174734
2174776
2174780
2174803
2174921
2175094
2175317
2175398
2175450
2175477
2175629
2175654
2175701
2175775
2175798
2175857
2176028
2176113
2176120
2176276
2176891
2176894
2176900
2176943
2176983
2177116
2177207
2177258
2177319
2177330
2177341
2177389
2177450
2177467
2177583
2177691
2177935
2178295
2178482
2178673
2179002
2179005
2179049
2179194
2179260
2179348
2179351
2179445
2179577
2179746
2179773
2179801
2179877
2179919
2179928
2179930
2180096
2180100
2180192
2180239
2180281
2180319
2180509
2180577
2180708
2180774
2180839
2180978
2181358
2181394
2181515
2181522
2181613
2181659
2181738
2181750
2181783
2181899
2182231
2182234
2182350
2182451
2182464
2182577
2182754
2182949
2182970
2183007
2183037
2183170
2183208
2183298
2183326
2183401
2183414
2183600
2183605
2183817
2183819
2183912
2183962
2183974
2183996
2184003
2184113
2184129
2184139
2184324
2184358
2184428
2184471
2184506
2184525
2184527
2184709
2185001
2185032
2185060
2185293
2185326
2185351
2185359
2185502
2185508
2185591
2185874
2186138
2186258
2186504
2186527
2186730
2186901
2187037
2187046
2187264
2187485
2187487
2187717
2187981
2188317
2188443
2188616
2188820
2189041
2189073
2189117
2189119
2189235
2189445
2189566
2189577
2189687
2189707
2189726
2189856
2190176
2190205
2190273
2190353
2190516
2190743
2190807
2190869
2190929
2190934
2190953
2190955
2191073
2191102
2191157
2191261
2191350
2191879
2191929
2192239
2192315
2192400
2192571
2192579
2192670
2192834
2192899
2192963
2192967
2193000
2193194
2193362
2193437
2193477
2193479
2193518
2193537
2193688
2193716
2193722
2193725
2193978
2194278
2194310
2194415
2194420
2194448
2194452
2194483
2194538
2194731
2194959
2195067
2195088
2195324
2195470
2195498
2195579
2195603
2195663
2195677
2195802
2196008
2196294
2196341
2196466
2196500
2196501
2196570
2196646
2196694
2196859
2197151
2197158
2197478
2197532
2197609
2197695
2197826
2197843
2198174
2198302
2198373
2198391
2198438
2198443
2198510
2198657
2198680
2198684
2198694
2198729
2198810
2198896
2199204
2199311
2199448
2199456
2199466
2199705
2199723
2199793
2199980
2200121
2200302
2200477
2200491
2200557
2200647
2200837
2200861
2200907
2201052
2201324
2201397
2201435
2201622
2201661
2201725
2201736
2201737
2201763
2201926
2201998
2202153
2202232
2202351
2202681
2202742
2202929
2203105
2203123
2203198
2203328
2203362
2203593
2203605
2203713
2203741
2203769
2204022
2204346
2204444
2204504
2204594
2204629
2204838
2204914
2205162
2205254
2205260
2205356
2205390
2205515
2205527
2205554
2205710
2205813
2206331
2206353
2206549
2206696
2206726
2206730
2206772
2207283
2207291
2207302
2207477
2207559
2207586
2207632
2207779
2207866
2207931
2208022
2208024
2208202
2208280
2208390
2208623
2208726
2208739
2208764
2208981
2208991
2209071
2209200
2209240
2209343
2209500
2209959
2210055
2210175
2210181
2210554
2210598
2210668
2210748
2210768
2210911
2211021
2211046
2211213
2211232
2211328
2211672
2211674
2211743
2211912
2212075
2212094
2212096
2212378
2212476
2212734
2212749
2212840
2213003
2213251
2213334
2213758
2213832
2213863
2213876
2213963
2213985
2214075
2214128
2214201
2214478
2214546
2214869
2214906
2215028
2215199
2215228
2215372
2215393
2216098
2216181
2216334
2216554
2216562
2216739
2216756
2216772
2216827
2216860
2216866
2217054
2217107
2217261
2217319
2217363
2217470
2217568
2217617
2217624
2217700
2217703
2217719
2217848
2217941
2218016
2218101
2218111
2218283
2218296
2218384
2218479
2218650
2218664
2218964
2218987
2219045
2219086
2219209
2219335
2219877
2220064
2220131
2220193
2220337
2220351
2220461
2220550
2220562
2220587
2220601
2220623
2220634
2220737
2220794
2220908
2220972
2221048
2221101
2221397
2221441
2221513
2221524
2221799
2221869
2222007
2222095
2222301
2222321
2222458
2222593
2222639
2222640
2222698
2222817
2222923
2222943
2223387
2223397
2223471
2223565
2223791
2223887
2224106
2224325
2224392
2224394
2224566
2224584
2224847
2224869
2225499
2225601
2225605
2225754
2225784
2225798
2225805
2225934
2225979
2225987
2226073
2226187
2226255
2226543
2226625
2226648
2226680
2226918
2226985
2227342
2227404
2227472
2227763
2227811
2227902
2227946
2228091
2228144
2228161
2228247
2228349
2228388
2228527
2228711
2228757
2228846
2228975
2228982
2229317
2229455
2229509
2229528
2229573
2229741
2229868
2229875
2229987
2230059
2230089
2230160
2230242
2230326
2230521
2230622
2230849
2230911
2231043
2231070
2231220
2231345
2231433
2231563
2231698
2231702
2231939
2232060
2232186
2232207
2232380
2232440
2232445
2232465
2232539
2232617
2232640
2232686
2232696
2232903
2233095
2233680
2233753
2233857
2233859
2233950
2233972
2234033
2234290
2234334
2234454
2234478
2234484
2234538
2234581
2234746
2234748
2234931
2235590
2235710
2235716
2235746
2235791
2235880
2235969
2235983
2236096
2236155
2236261
2236397
2236542
2236591
2236650
2236688
2236793
2236805
2236978
2236983
2237045
2237165
2237207
2237258
2237310
2237670
2237705
2237713
2237895
2237978
2238299
2238362
2238390
2238591
2238613
2238664
2238719
2238855
2238864
2239012
2239035
2239079
2239146
2239217
2239266
2239459
2239504
2239578
2239761
2239782
2239822
2239866
2240086
2240245
2240345
2240413
2240524
2240544
2240667
2240671
2240793
2240944
2240973
2241050
2241271
2241536
2241600
2241606
2241643
2242106
2242214
2242303
2242397
2242449
2242453
2242493
2242773
2242923
2243017
2243149
2243174
2243277
2243559
2243891
2243915
2243983
2244157
2244232
2244241
2244475
2244495
2244512
2244519
2244537
2244872
2245221
2245313
2245314
2245550
2245729
2245803
2245995
2246031
2246043
2246063
2246113
2246377
2246488
2246529
2246620
2246673
2246922
2247051
2247094
2247225
2247242
2247301
2247357
2247404
2247456
2247471
2247549
2247873
2248078
2248132
2248271
2248274
2248320
2248446
2248466
2248528
2248636
2249103
2249137
2249146
2249242
2249298
2249430
2249515
2249575
2249680
2249698
2249723
2249807
2249857
2249864
2250172
2250272
2250346
2250418
2250459
2250517
2250719
2250783
2250948
2251100
2251133
2251136
2251441
2251458
2251471
2251484
2251487
2251648
2251748
2251753
2251810
2251844
2252019
2252020
2252168
2252200
2252416
2252485
2252498
2252814
2252842
2252889
2252903
2252940
2252952
2253014
2253071
2253079
2253166
2253278
2253329
2253560
2253711
2253816
2253870
2253918
2253919
2253928
2253995
2254106
2254178
2254182
2254269
2254283
2254299
2254381
2254386
2254619
2254642
2254686
2254814
2254825
2254880
2254912
2254940
2254977
2255040
2255055
2255161
2255190
2255272
2255306
2255384
2255588
2255675
2255716
2255774
2255787
2255794
2256149
2256316
2256340
2256382
2256559
2256649
2256710
2257059
2257067
2257087
2257181
2257270
2257310
2257348
2257401
2257608
2257756
2257951
2258034
2258092
2258166
2258177
2258201
2258238
2258256
2258508
2258536
2258589
2258698
2258824
2258955
2258996
2259033
2259040
2259047
2259218
2259383
2259417
2259517
2259542
2259666
2259941
2260113
2260134
2260185
2260348
2260385
2260393
2260404
2260915
2261123
2261464
2261552
2261840
2262000
2262143
2262166
2262191
2262334
2262370
2262526
2262694
2262818
2263001
2263059
2263178
2263258
2263274
2263338
2263439
2263488
2263635
2263668
2263692
2263724
2263871
2263990
2264068
2264112
2264231
2264336
2264680
2264718
2264752
2264792
2264854
2265010
2265012
2265104
2265167
2265246
2265286
2265296
2265391
2265579
2265833
2265858
2265938
2265954
2266002
2266040
2266047
2266097
2266124
2266196
2266224
2266247
2266262
2266446
2266661
2266689
2267137
2267273
2267459
2267469
2267526
2267680
2267754
2267949
2268040
2268265
2268334
2268395
2268454
2268507
2268533
2268645
2268667
2268716
2268769
2268879
2268948
2268997
2269266
2269282
2269305
2269366
2269569
2269619
2270137
2270213
2270217
2270264
2270358
2270369
2270407
2270490
2270661
2270899
2271067
2271102
2271280
2271449
2271548
2271626
2271729
2271731
2271740
2271900
2271947
2272368
2272478
2272503
2272614
2272767
2272851
2272982
2273023
2273026
2273041
2273246
2273286
2273497
2273589
2273595
2273796
2273903
2273953
2274070
2274098
2274175
2274178
2274291
2274556
2274563
2274596
2274677
2274703
2274780
2274936
2274950
2275002
2275190
2275297
2275403
2275414
2275687
2275755
2275968
2275996
2276164
2276165
2276357
2276385
2276453
2276543
2276625
2276644
2276648
2276658
2276717
2276766
2276777
2276839
2276923
2276963
2277034
2277078
2277090
2277125
2277157
2277193
2277200
2277305
2277454
2277535
2277824
2277935
2277995
2278065
2278128
2278300
2278319
2278496
2278808
2278895
2278899
2278934
2279198
2279255
2279391
2279397
2279425
2279458
2279930
2280207
2280253
2280395
2280475
2280505
2280681
2280693
2280832
2280841
2280919
2280973
2280991
2281042
2281050
2281060
2281315
2281422
2281488
2281540
2282262
2282436
2282477
2282510
2282520
2282594
2282744
2282775
2282816
2282898
2283187
2283372
2283400
2283584
2283596
2283616
2283684
2283697
2283719
2283826
2283866
2283930
2284090
2284172
2284225
2284415
2284551
2284554
2284749
2284852
2284929
2285037
2285049
2285119
2285152
2285443
2285512
2285659
2285742
2285840
2285847
2286126
2286433
2286446
2286612
2286705
2286923
2286978
2287118
2287135
2287372
2287529
2287915
2287921
2287943
2287977
2288044
2288234
2288309
2288411
2288462
2288624
2288663
2288754
2289108
2289202
2289204
2289328
2289390
2289487
2289513
2289678
2289790
2289819
2290059
2290287
2290349
2290367
2290377
2290423
2290428
2290550
2290658
2290738
2290828
2290953
2291055
2291177
2291178
2291231
2291256
2291451
2291585
2291588
2291909
2291991
2292018
2292076
2292365
2292405
2292497
2292579
2292657
2292721
2292908
2292949
2293109
2293357
2293413
2293443
2293634
2293648
2293795
2293816
2293968
2294127
2294226
2294292
2294463
2294551
2294604
2294646
2294684
2294717
2294748
2294802
2295001
2295013
2295158
2295199
2295338
2295361
2295388
2295404
2295467
2295757
2295791
2295793
2295909
2296056
2296098
2296133
2296171
2296378
2296388
2296695
2296786
2296849
2296956
2296959
2296996
2297034
2297374
2297386
2297504
2297740
2297758
2297836
2297863
2298021
2298059
2298063
2298198
2298286
2298323
2298341
2298409
2298460
2298480
2298851
2298922
2299055
2299102
2299171
2299204
2299283
2299289
2299339
2299419
2299428
2299489
2299519
2299571
2299598
2299616
2299630
2299678
2299886
2299946
2300010
2300084
2300331
2300476
2300498
2300716
2300769
2300803
2300886
2300967
2300999
2301338
2301684
2301721
2301919
2301942
2302011
2302029
2302189
2302264
2302471
2302687
2303138
2303423
2303428
2303549
2303584
2303605
2303730
2303743
2303747
2304017
2304072
2304162
2304164
2304258
2304259
2304278
2304470
2304543
2304572
2304584
2304587
2304608
2304790
2304895
2304899
2304997
2305174
2305310
2305316
2305391
2305567
2305605
2305642
2305655
2305845
2306050
2306074
2306083
2306084
2306206
2306352
2306387
2306473
2306536
2306611
2307092
2307093
2307170
2307209
2307301
2307435
2307453
2307635
2307660
2307995
2308033
2308077
2308287
2308342
2308533
2308602
2308656
2308853
2308875
2308930
2308965
2309132
2309161
2309291
2309362
2309762
2309823
2309871
2310045
2310127
2310137
2310172
2310186
2310214
2310677
2310957
2311026
2311126
2311142
2311156
2311463
2311539
2311581
2311586
2311611
2311642
2311684
2311794
2312001
2312031
2312283
2312370
2312424
2312509
2312537
2312570
2312799
2312892
2312908
2312944
2313093
2313171
2313201
2313391
2313398
2313404
2313470
2313599
2314186
2314225
2314275
2314374
2314495
2314738
2314840
2314969
2315040
2315133
2315134
2315137
2315189
2315443
2315466
2315509
2315574
2315631
2315653
2315671
2315724
2315728
2315779
2315806
2315896
2316040
2316061
2316078
2316387
2316410
2316442
2316461
2316465
2316963
2317019
2317070
2317107
2317269
2317304
2317383
2317419
2317441
2317448
2317519
2317843
2317991
2318137
2318241
2318300
2318746
2318864
2318889
2318977
2319017
2319103
2319104
2319305
2319308
2319481
2319502
2319535
2319731
2319864
2319972
2320038
2320283
2320294
2320498
2320569
2320744
2320800
2320857
2321167
2321358
2321876
2321932
2321981
2322008
2322068
2322247
2322389
2322538
2322619
2322633
2322644
2322755
2322909
2323188
2323292
2323418
2323453
2323503
2323602
2323681
2323799
2323850
2323892
2324251
2324290
2324350
2324363
2324475
2324479
2324585
2324632
2324742
2324862
2324879
2324895
2325094
2325111
2325178
2325272
2325277
2325452
2325466
2325668
2325689
2326051
2326092
2326119
2326178
2326370
2326395
2326426
2326527
2326576
2326697
2326901
2327005
2327082
2327117
2327130
2327144
2327238
2327280
2327436
2327477
2327785
2327821
2328068
2328135
2328147
2328365
2328431
2328646
2328718
2328741
2328786
2328858
2329084
2329103
2329238
2329375
2329400
2329420
2329443
2329461
2329605
2329610
2329614
2329643
2329797
2330010
2330070
2330095
2330132
2330296
2330342
2330373
2330422
2330548
2330609
2330635
2330718
2330802
2330807
2330834
2330864
2330875
2330950
2331079
2331234
2331241
2331245
2331602
2331610
2331651
2331670
2331814
2331939
2331970
2331979
2332301
2332435
2332484
2332680
2332815
2332896
2332915
2332974
2333064
2333090
2333094
2333301
2333320
2333387
2333528
2333850
2333870
2333922
2334033
2334094
2334124
2334240
2334278
2334363
2334578
2334612
2334846
2335095
2335100
2335164
2335387
2335435
2335531
2335649
2335781
2335860
2336032
2336103
2336244
2336281
2336347
2336358
2336572
2336655
2336777
2336863
2336896
2336944
2336951
2337025
2337355
2337380
2337559
2337740
2337823
2337842
2337866
2337923
2337938
2338025
2338028
2338066
2338080
2338253
2338269
2338324
2338364
2338392
2338426
2338561
2338598
2338771
2338784
2338958
2339344
2339368
2339441
2339551
2339562
2339801
2339871
2339951
2340182
2340205
2340379
2340710
2340925
2341480
2341676
2341708
2341715
2342511
2342619
2342792
2342807
2342952
2343020
2343105
2343139
2343176
2343225
2343265
2343367
2343387
2343467
2343596
2343696
2343708
2343769
2343821
2344044
2344071
2344130
2344297
2344313
2344452
2344666
2344745
2344786
2344787
2344870
2344892
2345222
2345452
2345601
2345690
2345693
2345712
2345730
2345934
2346024
2346080
2346203
2346357
2346571
2346591
2346962
2346997
2347073
2347274
2347353
2347367
2347645
2347647
2347670
2347701
2347726
2347981
2348075
2348090
2348259
2348317
2348376
2348530
2348643
2348967
2349099
2349183
2349415
2349492
2349597
2349818
2349849
2349886
2349955
2350052
2350176
2350188
2350193
2350246
2350295
2350563
2350753
2350793
2350857
2350900
2350940
2351002
2351089
2351158
2351184
2351338
2351556
2351867
2351928
2352050
2352065
2352117
2352300
2352374
2352402
2352439
2352468
2352481
2352768
2352962
2353016
2353164
2353257
2353276
2353312
2353469
2353506
2353537
2353554
2353623
2353746
2353837
2353887
2353945
2354085
2354127
2354130
2354194
2354300
2354318
2354503
2354508
2354608
2354669
2354858
2355127
2355173
2355313
2355403
2355406
2355484
2355563
2355590
2355734
2355883
2355992
2356200
2356428
2356523
2356541
2356589
2356664
2356818
2356980
2357177
2357281
2357306
2357415
2357552
2357632
2357758
2357799
2357984
2358126
2358180
2358353
2358522
2358751
2358759
2358871
2359222
2359264
2359323
2359339
2359365
2359476
2359592
2359654
2359668
2359692
2359745
2359806
2359819
2359851
2360112
2360185
2360338
2360639
2360789
2361006
2361036
2361131
2361198
2361339
2361464
2361473
2361627
2361731
2361770
2361902
2361905
2361930
2362062
2362071
2362094
2362268
2362269
2362426
2362627
2362760
2362796
2362832
2363011
2363105
2363118
2363488
2363618
2363779
2363795
2363831
2363859
2363886
2364031
2364056
2364077
2364105
2364226
2364484
2364659
2364902
2364939
2365063
2365281
2365324
2365485
2365695
2365768
2365874
2366008
2366104
2366125
2366287
2366370
2366406
2366415
2366631
2366659
2366836
2366971
2367063
2367068
2367142
2367354
2367442
2367445
2367552
2367590
2367739
2367826
2367970
2368027
2368106
2368110
2368126
2368436
2368437
2368554
2368684
2368740
2368773
2368937
2369101
2369137
2369218
2369241
2369300
2369302
2369414
2369483
2369491
2369832
2369836
2370106
2370203
2370252
2370266
2370340
2370341
2370900
2371057
2371343
2371372
2371400
2371424
2371490
2371649
2371662
2371673
2371861
2372026
2372188
2372238
2372254
2372309
2372750
2372879
2372906
2373031
2373065
2373190
2373205
2373231
2373369
2373370
2373407
2373589
2373717
2373739
2373749
2373754
2373784
2373839
2373890
2373903
2374036
2374047
2374188
2374273
2374350
2374393
2374533
2374636
2374809
2375068
2375133
2375195
2375721
2375747
2375849
2375875
2375896
2375965
2376054
2376103
2376106
2376168
2376507
2376511
2376539
2376625
2376837
2376944
2377086
2377275
2377415
2377428
2377482
2377513
2377573
2377874
2377877
2377883
2377947
2378011
2378013
2378039
2378230
2378271
2378351
2378534
2378710
2378869
2378961
2379019
2379039
2379111
2379267
2379653
2379657
2379707
2379726
2379823
2379869
2379909
2379938
2379975
2380017
2380235
2380283
2380657
2380781
2380882
2380951
2381212
2381252
2381366
2381478
2381494
2381509
2381538
2381568
2381581
2381728
2381968
2382071
2382083
2382197
2382459
2382511
2382764
2382823
2383035
2383098
2383115
2383188
2383225
2383554
2383655
2383670
2383759
2383821
2383914
2383964
2384099
2384150
2384167
2384524
2384653
2384809
2384868
2384904
2385075
2385077
2385144
2385284
2385426
2385753
2385895
2386432
2386634
2386789
2386842
2386891
2386892
2386939
2386975
2387162
2387381
2387782
2388056
2388156
2388351
2388470
2388587
2388840
2388880
2389162
2389344
2389378
2389518
2389583
2389819
2389847
2389916
2390068
2390113
2390171
2390233
2390469
2390833
2390916
2391157
2391197
2391302
2391341
2391414
2391692
2391712
2391787
2392113
2392155
2392164
2392226
2392466
2392609
2392703
2392734
2392805
2392809
2392897
2392903
2392983
2393395
2393515
2393517
2393538
2393560
2393565
2393625
2393851
2394669
2394752
2394896
2394936
2394989
2395280
2395390
2395395
2395444
2395727
2395947
2395990
2396047
2396126
2396147
2396174
2396280
2396397
2396424
2396570
2396623
2396757
2396777
2396885
2397083
2397542
2397544
2397550
2397604
2397759
2397774
2397869
2398024
2398035
2398056
2398198
2398299
2398338
2398563
2398596
2398645
2398692
2398756
2398881
2398908
2398929
2398972
2399017
2399075
2399301
2399446
2399476
2399508
2399543
2399674
2399698
2399723
2399765
2399786
2399853
2400105
2400110
2400316
2400490
2400510
2400793
2400822
2400905
2400963
2400990
2401013
2401099
2401281
2401573
2402198
2402215
2402262
2402283
2402336
2402424
2402528
2402577
2402581
2402693
2402849
2402886
2403064
2403113
2403123
2403297
2403328
2403354
2403382
2403386
2403765
2403856
2403971
2404239
2404260
2404267
2404443
2404534
2404541
2404622
2404791
2404829
2404862
2404876
2404930
2405131
2405150
2405364
2405487
2405507
2405642
2405648
2405700
2405751
2405766
2405785
2405892
2405932
2406067
2406081
2406508
2406593
2406598
2406759
2406799
2406822
2406894
2406899
2407064
2407114
2407179
2407201
2407238
2407387
2407434
2407707
2407728
2407739
2407767
2407863
2408002
2408009
2408042
2408177
2408189
2408253
2408429
2408606
2408722
2408800
2408856
2409160
2409260
2409287
2409310
2409348
2409460
2409524
2409540
2409554
2409568
2409666
2409732
2409783
2409962
2410013
2410035
2410063
2410100
2410147
2410391
2410441
2410577
2410975
2411120
2411451
2411455
2411475
2411651
2411660
2411704
2411793
2412163
2412192
2412283
2412392
2412481
2412532
2412614
2412707
2412729
2412871
2413101
2413141
2413150
2413185
2413269
2413549
2413643
2414107
2414142
2414218
2414324
2414431
2414454
2414660
2414882
2415176
2415219
2415478
2415602
2415625
2415731
2415749
2415937
2415977
2416110
2416363
2416417
2416513
2416748
2417060
2417180
2417264
2417317
2417681
2417851
2417857
2417915
2417953
2418031
2418068
2418117
2418173
2418493
2418582
2418646
2418652
2418653
2418672
2418854
2418880
2418979
2419034
2419090
2419229
2419292
2419339
2419419
2419617
2419627
2420020
2420039
2420236
2420250
2420264
2420304
2420343
2420441
2420471
2420486
2420496
2420583
2420624
2420688
2420806
2420893
2421219
2421409
2421426
2421499
2421610
2421654
2421757
2421787
2421953
2421987
2421994
2422083
2422131
2422208
2422253
2422255
2422399
2422701
2422903
2422913
2422931
2422956
2422989
2423005
2423113
2423217
2423219
2423294
2423378
2423407
2423571
2423716
2423978
2424048
2424133
2424186
2424271
2424350
2424383
2424481
2424514
2424526
2424543
2424568
2424657
2424963
2425038
2425076
2425187
2425216
2425254
2425296
2425479
2425486
2425527
2425659
2425683
2425788
2425801
2425900
2426234
2426270
2426271
2426320
2426642
2426663
2426671
2426798
2427031
2427037
2427129
2427295
2427820
2428001
2428408
2428542
2428636
2428702
2428928
2428946
2429035
2429093
2429296
2429300
2429397
2429844
2429904
2430060
2430092
2430513
2430588
2430646
2430678
2430713
2430786
2430809
2430852
2431063
2431242
2431306
2431325
2431446
2431562
2432020
2432265
2432272
2432305
2432320
2432385
2432428
2432577
2432585
2432622
2432786
2432909
2432924
2433046
2433062
2433118
2433142
2433413
2433441
2433465
2433508
2433988
2434064
2434092
2434136
2434233
2434428
2434455
2434541
2434544
2434655
2434827
2434847
2434919
2434982
2435034
2435217
2435297
2435729
2435821
2436389
2436411
2436619
2436687
2436722
2437033
2437127
2437367
2437496
2437697
2437752
2437848
2437862
2437904
2437983
2438132
2438221
2438231
2438382
2438566
2438641
2438651
2438695
2438989
2439041
2439288
2439369
2439430
2439555
2439640
2439677
2439879
2439915
2439920
2439976
2440054
2440146
2440224
2440268
2440347
2440386
2440516
2440667
2440731
2440787
2440836
2440909
2440916
2440928
2440967
2441105
2441232
2441255
2441379
2441489
2441962
2442047
2442075
2442338
2442385
2442468
2442542
2442782
2442865
2442955
2442967
2443059
2443216
2443309
2443673
2443764
2443997
2444286
2444308
2444357
2444411
2444491
2444496
2444625
2444670
2444808
2444827
2444965
2445140
2445266
2445281
2445411
2445445
2445546
2445817
2445917
2445929
2445952
2445987
2446066
2446067
2446084
2446100
2446209
2446405
2446501
2446533
2446767
2447155
2447264
2447300
2447322
2447350
2447378
2447492
2447566
2447787
2447814
2448097
2448157
2448532
2448575
2448621
2448635
2448748
2448886
2448905
2448991
2449099
2449363
2449537
2449676
2449735
2449814
2449882
2449890
2449960
2450249
2450257
2450313
2450361
2450431
2450570
2450619
2450807
2450880
2451103
2451131
2451384
2451741
2451809
2451879
2451974
2452188
2452304
2452309
2452322
2452463
2452493
2452626
2452651
2452727
2452742
2452892
2453014
2453106
2453259
2453380
2453474
2453541
2453625
2453662
2453954
2453997
2454206
2454283
2454367
2454488
2454534
2454588
2454603
2454624
2454675
2454783
2454794
2454832
2455074
2455155
2455198
2455269
2455303
2455507
2455542
2455586
2455814
2455964
2455972
2456063
2456141
2456169
2456173
2456421
2456444
2456464
2456592
2456889
2457246
2457266
2457309
2457332
2457401
2457484
2457522
2457896
2457942
2457989
2458096
2458156
2458171
2458240
2458294
2458336
2458464
2458468
2458645
2458707
2458741
2458784
2458979
2459019
2459136
2459477
2459525
2459606
2459767
2459881
2459998
2460163
2460210
2460249
2460473
2460780
2460862
2461117
2461151
2461175
2461278
2461297
2461306
2461486
2461565
2461629
2461688
2461781
2462067
2462133
2462150
2462220
2462284
2462326
2462439
2462477
2462560
2462862
2462896
2462958
2463181
2463455
2463579
2463593
2463628
2463739
2463804
2464021
2464111
2464175
2464215
2464231
2464301
2464339
2464414
2464733
2464818
2464819
2464934
2464974
2465036
2465082
2465215
2465218
2465275
2465436
2465585
2465644
2465692
2465709
2465759
2465787
2465866
2466009
2466160
2466237
2466274
2466301
2466987
2467270
2467584
2467612
2467734
2467766
2467991
2468069
2468095
2468107
2468184
2468274
2468730
2468732
2468758
2468959
2469026
2469128
2469193
2469237
2469313
2469387
2469491
2469578
2469773
2470001
2470005
2470072
2470114
2470121
2470229
2470414
2470650
2470741
2470751
2470779
2470863
2471048
2471087
2471124
2471132
2471145
2471169
2471180
2471216
2471517
2471641
2471761
2472037
2472053
2472123
2472198
2472323
2472352
2472459
2472547
2472956
2472993
2473172
2473187
2473444
2473450
2473459
2473462
2473463
2473553
2473580
2473641
2473779
2473836
2473950
2474134
2474138
2474172
2474277
2474411
2474602
2474645
2474654
2474706
2474826
2474997
2475032
2475057
2475411
2475472
2475478
2475494
2475528
2475562
2475963
2476117
2476448
2476537
2476713
2476776
2476789
2477094
2477445
2477453
2477558
2477666
2477682
2477740
2477783
2477834
2478017
2478285
2478343
2478349
2478398
2478508
2478569
2478665
2478681
2479111
2479241
2479326
2479618
2479676
2479760
2479785
2479821
2479957
2480196
2480226
2480487
2480739
2480801
2480831
2480894
2481123
2481290
2481462
2481478
2481486
2481506
2481558
2481591
2481642
2481939
2482027
2482149
2482158
2482231
2482234
2482341
2482363
2482443
2482525
2482630
2482633
2482772
2482779
2482780
2482781
2482793
2483063
2483095
2483167
2483596
2483633
2483646
2483731
2483859
2483894
2484262
2484306
2484401
2484480
2484777
2484862
2484959
2485007
2485065
2485180
2485238
2485356
2485401
2485507
2485629
2485703
2485804
2485851
2485882
2485934
2486036
2486083
2486095
2486247
2486308
2486433
2486864
2487099
2487481
2487542
2487558
2487772
2487834
2487869
2487883
2488074
2488273
2488304
2488319
2488343
2488344
2488364
2488478
2488555
2488615
2488680
2488706
2488761
2488920
2489093
2489217
2489410
2489585
2489893
2490012
2490045
2490057
2490340
2490424
2490523
2490689
2490714
2490782
2490849
2490903
2490911
2491249
2491310
2491429
2491458
2491497
2491642
2491656
2491955
2492246
2492249
2492271
2492317
2492328
2492400
2492553
2492557
2492614
2492712
2492809
2492909
2493071
2493170
2493385
2493564
2493659
2493930
2493987
2493992
2493998
2494025
2494130
2494270
2494314
2494398
2494419
2494473
2494552
2494652
2494658
2494666
2494999
2495127
2495149
2495179
2495644
2495777
2495975
2496062
2496115
2496134
2496149
2496170
2496326
2496393
2496407
2496436
2496531
2496670
2496819
2496927
2496954
2496962
2497179
2497280
2497564
2497589
2497642
2497645
2497719
2497770
2497774
2498356
2498671
2498748
2498758
2499006
2499032
2499053
2499151
2499172
2499339
2499413
2499448
2499583
2499640
2499741
2499817
2499820
2499870
2499871
2500063
2500336
2500434
2500495
2500540
2500704
2501024
2501241
2501375
2501377
2501583
2501604
2501671
2501853
2501873
2501922
2502083
2502220
2502257
2502410
2502417
2502681
2503014
2503050
2503055
2503232
2503557
2503754
2503854
2503896
2503900
2503918
2503968
2504137
2504209
2504550
2504562
2504598
2504734
2504742
2504754
2504788
2504832
2504837
2504894
2504906
2505171
2505265
2505270
2505331
2505372
2505449
2505459
2505504
2505517
2505563
2505566
2505682
2505744
2505751
2505790
2505865
2505870
2505901
2505925
2505972
2506159
2506438
2506504
2506552
2506679
2506788
2506805
2506846
2506905
2506920
2506984
2507022
2507394
2507891
2507989
2508114
2508130
2508210
2508246
2508297
2508328
2508348
2508435
2508451
2508569
2508645
2508701
2508916
2508940
2508951
2508954
2508966
2508969
2509119
2509158
2509351
2509451
2509474
2509500
2509834
2509902
2510033
2510168
2510177
2510205
2510408
2510487
2510531
2510571
2510651
2510846
2510863
2510955
2510956
2510971
2510993
2511172
2511428
2511464
2511490
2511496
2511497
2511550
2511558
2511622
2511626
2511677
2511864
2511868
2512365
2512503
2512816
2512864
2512867
2512886
2513133
2513211
2513254
2513542
2513647
2513781
2513809
2514001
2514149
2514175
2514317
2514361
2514381
2514482
2514544
2514647
2514885
2515112
2515208
2515273
2515318
2515547
2515825
2515909
2515921
2515948
2516039
2516122
2516186
2516326
2516392
2516502
2516640
2516814
2516901
2516930
2516943
2517040
2517346
2517519
2517640
2517812
2518000
2518103
2518273
2518473
2518575
2518672
2518690
2519056
2519233
2519237
2519374
2519405
2519440
2519798
2520000
2520074
2520151
2520247
2520279
2520400
2520427
2520476
2520489
2520621
2520715
2520724
2520768
2520804
2520850
2520859
2521126
2521138
2521141
2521343
2521398
2521404
2521742
2521875
2521959
2522039
2522041
2522131
2522141
2522173
2522201
2522327
2522357
2522361
2522427
2522463
2522476
2522561
2522578
2522621
2522644
2522742
2522981
2523141
2523183
2523251
2523718
2523752
2523890
2523931
2524310
2524345
2524439
2524648
2524651
2524673
2524692
2524747
2524841
2524884
2525134
2525291
2525437
2525492
2525700
2525757
2525765
2525857
2526038
2526125
2526223
2526331
2526564
2526762
2526868
2527186
2527276
2527277
2527414
2527445
2527551
2527665
2527708
2527802
2528057
2528247
2528476
2528608
2528614
2528784
2528978
2529011
2529204
2529206
2529276
2529289
2529336
2529424
2529522
2529693
2529705
2529930
2529932
2529956
2529978
2530029
2530040
2530053
2530177
2530271
2530410
2530474
2530645
2530775
2530813
2530842
2530854
2530861
2530869
2530915
2530976
2531033
2531094
2531115
2531116
2531191
2531206
2531244
2531339
2531381
2531388
2531391
2531478
2531481
2531538
2531617
2531626
2531884
2531939
2531963
2532056
2532079
2532139
2532269
2532500
2532507
2532528
2532570
2532597
2532736
2532829
2532867
2532902
2533573
2533730
2533750
2533881
2533916
2534080
2534162
2534200
2534249
2534473
2534512
2534521
2534592
2534644
2534934
2534970
2534977
2535085
2535132
2535362
2535377
2535722
2535793
2535909
2535920
2536066
2536184
2536334
2536967
2536986
2537010
2537033
2537180
2537565
2537601
2537914
2538087
2538163
2538177
2538229
2538406
2538499
2538678
2538773
2538840
2538861
2538871
2538935
2539328
2539468
2539500
2539564
2539768
2539853
2540009
2540011
2540103
2540197
2540262
2540421
2540445
2540674
2540720
2540748
2540772
2540780
2540932
2541027
2541061
2541082
2541110
2541262
2541274
2541318
2541356
2541387
2541391
2541451
2541485
2541490
2541502
2541505
2541911
2542042
2542198
2542240
2542519
2542656
2542680
2542702
2542987
2543159
2543294
2543296
2543310
2543539
2543545
2543695
2543734
2543958
2543977
2543978
2544028
2544138
2544171
2544231
2544313
2544356
2544391
2544687
2544703
2544738
2544761
2544824
2544915
2544916
2545036
2545038
2545230
2545280
2545341
2545369
2545562
2545720
2545767
2545837
2545866
2545909
2545936
2545975
2546093
2546146
2546310
2546335
2546614
2546636
2546735
2546754
2546844
2547423
2547444
2547653
2548047
2548172
2548281
2548364
2548646
2548679
2548836
2548870
2548953
2549151
2549184
2549445
2549488
2549531
2549588
2549599
2549629
2549633
2549712
2549846
2549937
2549985
2550046
2550199
2550390
2550407
2550487
2550516
2550539
2550642
2550645
2550649
2550731
2550904
2551006
2551028
2551084
2551090
2551172
2551365
2551437
2551469
2551580
2551771
2551819
2551972
2551993
2552237
2552568
2552880
2553104
2553166
2553191
2553325
2553646
2553692
2553888
2554298
2554397
2554407
2554437
2554620
2554692
2554721
2554791
2555154
2555328
2555357
2555374
2555405
2555420
2555654
2555663
2555683
2555692
2555713
2555742
2556113
2556170
2556190
2556226
2556235
2556290
2556404
2556480
2556531
2556654
2556826
2556843
2557064
2557233
2557280
2557477
2557495
2557591
2557640
2557740
2558118
2558258
2558352
2558366
2558399
2558492
2558521
2558618
2558635
2558768
2558795
2559090
2559469
2559551
2559570
2559704
2559789
2559832
2559841
2559868
2559933
2559966
2560041
2560094
2560190
2560396
2560445
2560487
2560590
2560681
2560827
2561062
2561099
2561193
2561219
2561296
2561333
2561505
2561512
2561519
2561576
2561621
2561681
2561741
2561768
2561947
2562004
2562095
2562131
2562250
2562425
2562902
2562913
2563011
2563071
2563572
2563714
2563748
2563832
2563841
2563927
2564026
2564130
2564166
2564211
2564213
2564310
2564362
2564398
2564425
2564472
2564539
2564703
2564921
2565056
2565208
2565326
2565549
2565599
2565649
2565772
2565966
2566089
2566148
2566206
2566236
2566349
2566381
2566417
2566506
2566716
2566784
2566792
2567026
2567293
2567417
2567451
2567499
2567599
2567708
2567741
2567906
2567908
2567975
2567979
2568082
2568106
2568208
2568251
2568321
2568620
2568775
2568797
2568838
2568983
2569002
2569049
2569122
2569132
2569266
2569476
2569600
2569632
2569824
2570112
2570511
2570587
2570709
2570713
2570741
2570906
2571131
2571133
2571151
2571200
2571249
2571255
2571331
2571359
2571545
2571577
2571620
2571622
2571962
2572008
2572027
2572029
2572273
2572321
2572404
2572410
2572471
2572570
2572662
2572858
2572861
2573046
2573079
2573278
2573290
2573338
2573358
2573409
2573784
2573836
2573944
2573946
2574014
2574029
2574153
2574290
2574301
2574338
2574385
2574502
2574516
2574812
2574827
2574830
2574846
2574950
2575099
2575123
2575142
2575188
2575235
2575257
2575258
2575283
2575334
2575552
2575586
2575603
2575709
2575721
2575752
2575805
2575972
2576152
2576279
2576335
2576337
2576469
2576537
2576722
2576987
2577068
2577197
2577198
2577251
2577413
2577419
2577539
2577614
2577624
2577685
2577764
2577766
2577899
2578048
2578121
2578139
2578216
2578295
2578328
2578375
2578742
2578942
2579020
2579114
2579186
2579312
2579438
2579591
2579748
2579774
2579819
2579941
2580081
2580167
2580176
2580198
2580397
2580431
2580567
2580684
2580699
2580715
2580760
2580785
2580854
2581193
2581242
2581468
2581489
2581514
2581585
2581593
2581826
2581885
2581895
2581899
2581982
2582061
2582062
2582174
2582205
2582228
2582549
2582602
2582716
2582720
2582808
2582871
2582904
2583192
2583203
2583289
2583334
2583521
2583565
2583584
2583605
2583879
2584009
2584032
2584149
2584222
2584290
2584405
2584408
2584793
2584797
2584868
2584906
2585047
2585052
2585070
2585108
2585111
2585263
2585334
2585435
2585474
2585662
2585864
2586012
2586039
2586049
2586276
2586344
2586398
2586440
2586475
2586499
2586678
2586966
2587091
2587185
2587271
2587428
2587566
2587625
2587897
2587929
2587961
2588004
2588146
2588199
2588296
2588305
2588350
2588585
2588625
2588631
2588706
2588749
2588759
2588807
2589119
2589143
2589301
2589361
2589415
2589430
2589475
2589546
2589656
2589845
2589859
2589915
2590024
2590269
2590418
2590594
2590677
2590706
2590847
2590968
2591526
2591542
2591694
2591786
2591798
2591799
2591832
2591943
2592130
2592173
2592185
2592201
2592322
2592348
2592370
2592698
2592736
2592752
2592763
2593071
2593211
2593244
2593317
2593510
2593694
2593753
2593759
2593839
2594013
2594051
2594108
2594123
2594165
2594574
2594679
2594728
2594853
2594883
2594912
2595074
2595092
2595110
2595257
2595523
2595554
2595662
2595681
2595869
2595925
2596025
2596086
2596380
2596503
2596556
2596602
2596621
2596781
2596815
2597013
2597065
2597132
2597147
2597228
2597554
2597559
2597663
2597670
2597882
2598400
2598803
2598857
2598873
2598915
2598936
2599100
2599147
2599195
2599307
2599591
2599661
2599786
2599830
2599848
2599900
2599991
2600119
2600148
2600215
2600265
2600357
2600464
2600551
2600726
2600742
2600798
2600893
2600910
2600955
2601003
2601062
2601463
2601488
2601504
2601536
2601544
2601612
2601721
2601722
2602006
2602010
2602025
2602030
2602115
2602176
2602208
2602387
2602610
2602630
2602802
2602863
2602958
2603084
2603174
2603202
2603221
2603240
2603252
2603315
2603409
2603585
2603727
2603968
2603988
2604031
2604197
2604455
2604566
2604573
2604594
2604604
2604666
2604745
2604777
2604806
2604838
2605408
2605454
2605515
2605524
2605553
2605602
2605673
2605685
2605694
2605774
2605795
2605800
2605864
2605868
2605939
2606205
2606271
2606313
2606349
2606380
2606402
2606408
2606486
2606516
2606522
2606644
2606669
2606740
2607064
2607101
2607301
2607958
2608287
2608393
2608532
2608562
2608565
2608670
2608741
2608747
2608859
2608903
2609039
2609076
2609284
2609553
2609767
2610080
2610083
2610394
2610599
2610698
2610704
2610767
2611099
2611148
2611226
2611432
2611471
2611536
2611654
2611656
2611686
2611708
2611727
2612042
2612043
2612126
2612198
2612261
2612327
2612749
2612839
2613000
2613091
2613339
2613378
2613462
2613562
2613601
2613658
2613742
2613743
2613756
2613849
2613859
2613934
2614041
2614078
2614245
2614269
2614721
2614798
2614978
2615175
2615279
2615294
2615413
2615452
2615620
2615650
2615997
2616027
2616030
2616235
2616643
2616703
2616783
2616855
2616915
2616927
2616948
2616964
2616985
2617058
2617519
2617525
2617565
2617604
2617681
2617683
2618104
2618284
2618409
2618440
2618485
2618522
2618737
2618810
2618877
2618912
2619064
2619195
2619326
2619366
2619505
2619589
2619738
2619776
2620029
2620050
2620301
2620416
2620435
2620495
2620533
2620647
2620659
2620985
2621016
2621046
2621050
2621209
2621717
2621908
2622025
2622080
2622162
2622265
2622482
2622533
2623182
2623749
2623854
2623905
2623994
2624087
2624201
2624288
2624399
2624449
2624591
2624614
2624872
2625055
2625168
2625478
2625638
2625707
2625749
2625797
2625821
2625851
2626040
2626083
2626137
2626177
2626277
2626323
2626477
2626518
2626544
2626551
2626683
2626868
2627321
2627488
2627528
2627673
2627763
2627787
2627898
2628062
2628291
2628318
2628466
2628527
2628660
2628702
2628720
2628909
2628939
2629029
2629100
2629211
2629228
2629241
2629450
2629577
2629679
2629691
2629907
2629914
2629928
2630063
2630092
2630102
2630186
2630438
2630476
2630509
2630725
2630774
2630781
2630842
2630855
2631027
2631118
2631131
2631148
2631172
2631372
2631743
2631816
2631972
2631988
2632033
2632048
2632151
2632252
2632261
2632289
2632298
2632300
2632354
2632362
2632417
2632481
2632569
2632572
2632769
2632847
2633101
2633236
2633317
2633403
2633424
2633449
2633647
2633671
2633861
2633901
2633910
2633965
2633993
2633996
2634037
2634334
2634405
2634490
2634634
2634787
2634824
2634911
2634943
2634963
2635020
2635110
2635152
2635205
2635214
2635265
2635304
2635415
2635474
2635483
2635769
2635791
2635901
2636023
2636028
2636309
2636371
2636513
2636809
2637055
2637227
2637232
2637402
2637450
2637634
2637656
2637738
2637822
2637922
2638264
2638310
2638361
2638415
2638464
2638502
2638743
2638849
2638973
2639097
2639112
2639190
2639228
2639263
2639288
2639336
2639355
2639541
2639545
2639805
2639841
2639872
2639937
2640247
2640508
2640559
2640698
2640758
2640796
2640849
2640859
2640917
2640923
2640925
2641196
2641489
2641515
2641525
2641649
2641685
2641784
2641851
2642034
2642053
2642249
2642333
2642364
2642407
2642445
2642449
2642647
2642763
2642953
2643132
2643190
2643239
2643298
2643561
2643562
2643643
2643747
2643812
2643821
2643985
2644297
2644338
2644356
2644398
2644496
2644522
2644589
2644658
2644893
2645108
2645111
2645115
2645306
2645374
2645460
2645619
2645670
2645695
2645930
2646001
2646011
2646049
2646173
2646231
2646408
2646419
2646573
2646627
2646660
2646804
2646922
2646933
2647278
2647291
2647440
2647539
2647711
2647796
2647808
2647859
2647866
2647877
2647937
2647938
2647993
2648032
2648158
2648543
2648787
2648936
2649336
2649464
2650007
2650039
2650046
2650164
2650221
2650521
2650559
2650575
2650614
2650717
2650755
2650784
2650982
2651012
2651415
2651470
2651600
2651853
2652068
2652094
2652153
2652253
2652332
2652492
2652520
2652614
2652713
2653072
2653162
2653261
2653301
2653312
2653431
2653785
2653818
2653838
2653872
2654143
2654215
2654294
2654371
2654463
2654633
2654888
2654916
2654949
2655000
2655170
2655219
2655344
2655418
2655578
2656064
2656097
2656161
2656240
2656445
2656776
2656860
2656962
2657026
2657082
2657086
2657138
2657153
2657249
2657353
2657401
2657615
2657690
2657783
2658003
2658128
2658291
2658472
2658731
2658743
2658761
2658776
2658922
2659113
2659127
2659250
2659303
2659353
2659400
2659427
2659444
2659533
2659554
2659769
2659824
2659853
2659930
2659936
2660054
2660206
2660263
2660373
2660465
2660471
2660479
2660821
2660876
2660890
2660930
2661014
2661017
2661095
2661168
2661276
2661439
2661475
2661631
2661658
2661705
2661946
2661954
2661960
2662006
2662105
2662121
2662194
2662353
2662459
2662647
2662736
2662817
2662973
2663175
2663230
2663261
2663370
2663527
2663542
2663708
2663762
2663773
2663782
2663812
2663845
2664336
2664482
2664537
2664549
2664645
2664733
2664851
2664928
2664996
2665008
2665187
2665373
2665412
2665425
2665603
2665639
2665700
2665718
2665872
2665948
2665962
2666031
2666077
2666095
2666149
2666168
2666298
2666556
2666617
2666639
2666993
2667139
2667457
2667597
2667641
2667853
2668031
2668229
2668335
2668642
2668779
2668867
2668869
2669032
2669040
2669089
2669104
2669224
2669225
2669337
2669456
2669479
2669516
2669529
2669705
2669763
2669773
2670024
2670092
2670140
2670530
2670555
2670649
2670671
2670838
2670956
2671174
2671183
2671317
2671360
2671451
2671610
2671636
2671805
2671947
2672344
2672620
2672716
2672743
2672885
2672923
2673086
2673159
2673197
2673270
2673431
2673504
2673652
2673669
2673717
2673834
2673895
2674061
2674072
2674078
2674098
2674131
2674414
2674660
2674797
2674832
2674880
2674944
2674959
2675088
2675182
2675251
2675311
2675332
2675570
2675575
2675705
2675789
2675793
2675932
2676152
2676286
2676313
2676321
2676394
2676416
2676493
2676527
2676646
2676665
2676715
2676765
2676824
2676999
2677192
2677449
2677624
2677643
2678123
2678348
2678457
2678623
2678664
2678693
2678747
2678758
2678815
2678834
2678843
2678924
2678985
2679026
2679260
2679289
2679291
2679336
2679392
2679448
2679481
2679595
2679652
2679698
2679905
2679968
2679983
2680148
2680275
2680395
2680510
2680529
2680600
2680656
2680972
2680983
2681117
2681186
2681222
2681253
2681312
2681313
2681456
2681506
2681526
2681664
2681691
2681718
2681725
2681739
2681750
2681835
2681889
2681927
2682239
2682362
2682383
2682407
2682436
2682463
2682505
2682537
2682909
2683074
2683124
2683125
2683192
2683222
2683569
2683614
2683670
2683748
2683764
2683867
2683938
2684081
2684303
2684324
2684348
2684645
2684804
2684843
2684890
2684900
2685147
2685158
2685183
2685299
2685413
2685535
2685537
2685669
2685752
2685974
2686037
2686216
2686257
2686476
2686522
2686525
2686647
2686747
2686748
2686910
2687141
2687160
2687245
2687391
2687501
2687712
2687839
2687842
2688232
2688236
2688707
2688766
2688820
2688835
2688961
2688991
2689040
2689181
2689199
2689267
2689449
2689496
2689517
2690101
2690119
2690249
2690264
2690361
2690392
2690479
2690533
2690598
2690601
2690659
2690857
2690932
2690944
2691075
2691150
2691254
2691326
2691375
2691473
2691562
2691592
2691606
2691764
2691771
2691953
2692143
2692177
2692223
2692409
2692487
2692848
2692873
2692977
2692995
2693019
2693149
2693319
2693381
2693534
2693610
2693629
2693744
2693752
2693782
2693835
2693869
2694021
2694023
2694178
2694228
2694251
2694373
2694554
2694636
2694735
2694740
2694873
2694959
2695021
2695079
2695179
2695276
2695287
2695293
2695428
2695434
2695546
2695648
2695845
2695847
2695945
2695982
2696040
2696112
2696154
2696177
2696274
2696353
2696471
2696553
2696682
2696944
2696946
2696974
2697057
2697215
2697224
2697302
2697347
2697407
2697412
2697473
2697504
2697602
2697661
2697821
2697951
2698124
2698320
2698341
2698362
2698386
2698482
2698499
2698550
2698769
2698830
2698906
2699019
2699283
2699584
2699622
2699653
2699961
2700161
2700342
2700421
2700541
2700651
2700959
2701220
2701694
2701704
2701777
2701851
2701878
2702028
2702144
2702184
2702317
2702473
2702482
2702582
2702835
2702935
2702973
2703353
2703364
2703512
2703675
2703717
2703785
2703821
2704021
2704026
2704033
2704139
2704158
2704349
2704362
2704433
2704444
2704513
2704535
2704554
2704746
2704773
2704828
2704884
2704900
2704954
2704970
2705233
2705261
2705333
2705489
2705521
2705594
2705657
2705750
2705911
2705995
2706045
2706089
2706125
2706175
2706503
2706557
2706616
2706627
2706649
2706769
2706775
2706812
2706983
2707209
2707441
2707482
2707798
2708174
2708191
2708215
2708346
2708409
2708876
2709232
2709436
2709463
2709539
2709605
2709703
2709759
2710017
2710146
2710253
2710289
2710333
2710711
2710798
2710815
2710872
2710913
2710952
2711091
2711138
2711454
2711578
2711583
2711818
2711925
2711944
2711992
2712077
2712103
2712290
2712528
2712539
2712571
2712664
2712697
2712791
2712793
2712908
2713057
2713167
2713183
2713186
2713336
2713499
2713759
2713818
2713826
2713868
2713881
2713920
2713923
2713960
2713984
2714258
2714299
2714308
2714450
2714558
2714728
2714874
2714878
2714995
2715060
2715075
2715129
2715228
2715492
2715570
2715799
2716166
2716289
2716362
2716366
2716368
2716483
2716621
2716715
2716856
2716898
2716991
2717008
2717290
2717304
2717361
2717460
2717529
2717634
2717653
2717715
2717784
2717785
2717849
2718072
2718080
2718113
2718281
2718348
2718377
2718568
2718774
2718784
2718792
2718866
2718868
2718997
2719035
2719209
2719221
2719359
2719399
2719425
2719512
2719607
2719633
2719689
2719714
2719930
2720010
2720245
2720331
2720387
2720659
2720666
2720707
2720781
2720936
2721037
2721150
2721183
2721188
2721389
2721419
2721469
2721502
2721640
2721864
2721898
2722170
2722256
2722335
2722371
2722375
2722684
2722710
2722971
2723207
2723208
2723478
2723489
2723530
2723580
2723723
2723779
2723901
2723987
2724003
2724154
2724162
2724318
2724389
2724401
2724514
2724546
2724620
2724681
2724702
2724743
2724808
2724952
2725026
2725286
2725841
2725849
2725854
2725869
2725888
2725945
2726126
2726206
2726297
2726428
2726459
2726553
2726566
2726661
2726802
2726883
2726911
2726930
2727087
2727390
2727492
2727918
2728064
2728154
2728168
2728173
2728205
2728286
2728319
2728366
2728557
2728663
2728722
2729067
2729192
2729322
2729478
2729566
2729750
2729755
2729773
2730039
2730112
2730141
2730413
2730419
2730486
2730505
2730507
2730569
2730680
2730792
2730855
2730945
2730965
2731013
2731063
2731111
2731230
2731359
2731416
2731433
2731465
2731526
2731737
2731740
2731990
2732349
2732354
2732384
2732481
2732565
2732698
2732699
2732716
2732857
2732967
2733100
2733105
2733145
2733330
2733417
2733491
2733505
2733648
2733650
2733665
2733868
2733998
2734018
2734107
2734165
2734313
2734452
2734544
2734565
2734653
2734751
2734814
2735108
2735252
2735315
2735601
2735818
2735857
2736111
2736349
2736381
2736428
2736455
2736682
2736764
2737020
2737243
2737256
2737266
2737463
2737482
2737520
2737524
2737639
2737710
2737827
2737831
2737832
2737840
2737905
2737964
2737976
2738026
2738153
2738156
2738238
2738346
2738475
2738652
2738680
2738952
2739405
2739682
2739705
2739710
2739727
2739852
2740009
2740023
2740166
2740268
2740403
2740421
2740439
2740533
2740538
2740632
2740709
2740741
2740831
2740884
2740886
2741085
2741170
2741201
2741202
2741243
2741278
2741294
2741468
2741667
2741675
2741696
2741735
2741759
2741795
2741899
2742145
2742153
2742178
2742186
2742194
2742203
2742223
2742268
2742381
2742390
2742465
2742509
2742799
2742935
2743024
2743050
2743124
2743131
2743194
2743234
2743288
2743295
2743334
2743429
2743584
2743614
2743740
2743804
2743814
2743837
2743962
2743987
2744007
2744067
2744095
2744297
2744310
2744492
2744733
2744943
2745115
2745206
2745459
2745488
2745501
2745579
2745593
2745611
2745649
2745658
2745863
2745911
2746142
2746249
2746416
2746657
2746868
2747441
2747457
2747542
2747612
2747691
2747974
2748019
2748078
2748212
2748319
2748483
2748501
2748509
2748568
2748598
2748726
2748733
2748996
2749065
2749097
2749353
2749514
2749658
2749747
2749868
2750011
2750044
2750051
2750193
2750446
2750457
2750495
2750497
2750631
2750650
2750794
2750841
2750860
2750873
2750888
2750924
2750966
2751146
2751261
2751319
2751561
2751619
2751695
2751817
2751954
2751968
2752054
2752274
2752303
2752567
2752615
2752922
2752953
2752993
2753009
2753094
2753173
2753259
2753273
2753358
2753404
2753500
2753520
2753572
2753618
2753742
2753788
2753944
2753983
2754089
2754186
2754215
2754365
2754528
2754578
2754902
2755039
2755106
2755239
2755278
2755404
2755673
2755674
2755924
2756158
2756220
2756247
2756295
2756296
2756299
2756375
2756426
2756544
2756606
2756661
2756674
2756684
2756688
2756825
2756974
2757037
2757236
2757287
2757380
2757818
2757839
2758052
2758154
2758244
2758447
2758630
2759199
2759384
2759390
2759629
2759654
2759674
2759710
2759876
2759928
2759983
2760065
2760305
2760357
2760712
2760831
2760920
2760996
2761052
2761135
2761438
2761467
2761524
2761544
2761620
2761924
2761946
2762008
2762134
2762684
2762736
2762775
2762843
2762844
2762990
2763006
2763027
2763056
2763143
2763202
2763224
2763639
2763865
2763867
2764009
2764099
2764275
2764482
2764604
2764619
2764760
2764846
2764937
2765046
2765140
2765167
2765365
2765592
2765600
2765610
2765714
2765873
2765941
2765957
2766001
2766059
2766129
2766146
2766160
2766340
2766548
2766629
2766953
2767094
2767274
2767314
2767438
2767667
2767852
2767856
2767903
2767905
2768080
2768355
2768483
2768767
2768897
2768910
2768956
2769008
2769139
2769199
2769672
2769790
2770106
2770150
2770290
2770332
2770455
2770497
2770508
2770637
2771063
2771120
2771121
2771390
2771419
2771433
2771815
2771849
2771889
2771934
2772326
2772443
2772664
2772757
2772793
2772847
2772876
2772904
2772905
2772907
2772908
2773000
2773051
2773344
2773434
2773516
2773798
2773841
2773891
2773893
2773953
2773954
2773984
2774020
2774053
2774121
2774242
2774282
2774292
2774373
2774441
2774510
2774572
2774624
2774638
2774676
2774734
2774797
2774837
2775113
2775177
2775260
2775509
2775624
2775676
2775763
2775916
2775945
2776126
2776139
2776237
2776253
2776302
2776456
2776722
2777184
2777201
2777339
2777402
2777450
2777470
2777644
2777813
2777814
2777864
2778208
2778252
2778288
2778331
2778431
2778576
2778962
2779123
2779442
2779506
2779553
2779594
2779734
2780016
2780133
2780313
2780362
2780646
2780812
2780856
2780890
2781146
2781161
2781344
2781575
2781602
2781608
2781810
2781999
2782041
2782077
2782113
2782166
2782190
2782419
2782440
2782492
2782520
2782689
2782712
2782785
2782890
2782945
2783373
2783374
2783415
2783541
2783608
2783620
2783834
2784004
2784102
2784114
2784380
2784495
2784515
2784522
2784586
2784741
2784788
2784859
2785126
2785142
2785248
2785249
2785275
2785349
2785355
2785410
2785427
2785620
2785888
2785968
2785978
2786030
2786105
2786190
2786240
2786425
2786441
2786867
2786980
2787057
2787061
2787068
2787074
2787148
2787470
2787609
2787641
2787696
2787702
2787765
2787869
2787969
2787987
2788125
2788260
2788336
2788381
2788386
2788433
2788681
2788685
2788754
2788808
2789011
2789276
2789300
2789448
2789453
2789463
2789649
2789703
2789827
2790103
2790127
2790252
2790382
2790394
2790403
2790569
2790580
2790661
2790673
2790869
2790936
2790989
2790998
2791045
2791363
2791408
2791419
2791532
2791694
2791776
2791819
2791831
2792108
2792161
2792252
2792324
2792342
2792374
2792467
2792607
2792972
2793085
2793266
2793313
2793457
2793511
2793526
2793585
2793656
2793671
2793705
2793795
2794014
2794194
2794238
2794353
2794587
2794731
2794926
2795073
2795206
2795338
2795369
2795447
2795570
2795586
2795651
2795655
2795806
2795836
2796294
2796296
2796305
2796444
2796463
2796501
2796537
2796590
2796763
2796793
2797020
2797035
2797297
2797317
2797577
2797705
2797824
2797992
2798027
2798150
2798388
2798438
2798502
2798690
2798816
2799129
2799211
2799350
2799458
2799573
2799603
2799658
2799672
2799759
2799841
2799981
2800121
2800137
2800270
2800355
2800449
2800450
2800643
2800731
2800862
2800888
2801050
2801084
2801126
2801154
2801658
2801805
2801814
2801829
2801908
2802078
2802171
2802279
2802386
2802402
2802480
2802572
2802602
2802894
2802928
2803194
2803456
2803672
2803711
2803734
2803790
2803791
2803992
2804109
2804117
2804189
2804198
2804226
2804289
2804557
2804684
2804722
2804758
2804886
2804889
2804938
2805036
2805139
2805170
2805363
2805411
2805633
2805750
2805896
2805969
2806338
2806361
2806467
2806932
2806936
2807146
2807244
2807323
2807414
2807494
2807544
2807619
2807660
2807912
2807996
2808067
2808267
2808322
2808346
2808351
2808501
2808517
2808669
2808812
2808825
2808829
2808843
2808955
2809048
2809074
2809181
2809279
2809354
2809618
2809628
2809709
2809757
2810015
2810124
2810203
2810215
2810277
2810302
2810447
2810507
2810766
2810801
2810969
2811135
2811232
2811305
2811719
2811854
2811921
2812190
2812621
2812755
2812802
2812928
2812950
2813001
2813423
2813541
2813888
2814084
2814130
2814181
2814226
2814307
2814373
2814421
2814637
2814672
2814930
2815127
2815165
2815219
2815579
2815589
2815645
2815680
2815781
2815882
2816105
2816256
2816397
2816437
2816796
2816842
2817265
2817292
2817356
2817394
2817488
2817541
2817579
2817613
2817797
2817827
2817901
2817947
2817972
2818008
2818023
2818093
2818108
2818243
2818318
2818363
2818457
2818464
2818497
2819076
2819437
2819487
2819502
2819535
2819664
2819879
2819935
2820013
2820200
2820538
2820582
2820608
2820708
2820783
2820840
2820869
2820898
2821034
2821035
2821113
2821326
2821446
2821639
2821646
2821733
2822047
2822300
2822313
2822373
2822436
2822441
2822515
2822755
2822872
2822873
2822946
2823082
2823159
2823419
2823501
2823505
2823528
2823644
2823691
2823709
2823716
2823717
2823971
2824183
2824212
2824372
2824540
2824761
2824827
2825032
2825089
2825154
2825159
2825207
2825239
2825246
2825375
2825470
2825572
2825589
2825655
2825656
2825726
2825780
2825804
2825851
2825926
2825997
2826059
2826124
2826134
2826314
2826582
2827157
2827173
2827207
2827244
2827273
2827713
2828261
2828502
2828698
2828702
2828844
2828874
2829004
2829177
2829197
2829209
2829236
2829363
2829401
2829411
2829474
2829514
2829578
2829716
2829793
2829865
2829891
2829996
2829999
2830014
2830074
2830182
2830219
2830382
2830434
2830488
2830726
2831004
2831057
2831106
2831311
2831338
2831538
2831712
2831740
2831843
2831847
2831852
2831861
2831962
2832352
2832380
2832503
2832611
2832728
2832880
2832973
2833002
2833088
2833090
2833431
2833470
2833629
2833759
2834129
2834141
2834152
2834217
2834459
2834473
2834524
2834928
2834933
2834981
2834999
2835013
2835192
2835223
2835378
2835446
2835593
2835652
2835806
2835889
2835958
2836204
2836287
2836328
2836360
2836604
2836700
2836706
2836821
2836864
2836902
2837345
2837417
2837479
2837599
2837633
2837647
2837817
2838175
2838221
2838229
2838242
2838285
2838304
2838315
2838341
2838453
2838616
2838636
2838849
2838991
2839005
2839306
2839400
2839423
2839495
2839496
2839665
2839728
2839966
2840158
2840163
2840208
2840231
2840317
2840458
2841099
2841192
2841394
2841404
2841411
2841418
2841430
2841723
2841830
2841951
2841957
2842038
2842047
2842059
2842163
2842237
2842346
2842570
2842640
2842753
2842869
2843032
2843043
2843074
2843094
2843180
2843269
2843454
2843587
2843763
2843974
2844024
2844198
2844282
2844546
2844744
2844865
2844974
2845026
2845107
2845214
2845308
2845317
2845673
2845739
2845861
2845885
2845941
2846011
2846052
2846077
2846172
2846284
2846346
2846514
2846629
2846663
2846689
2846750
2846802
2846926
2847018
2847092
2847163
2847176
2847295
2847318
2847496
2847506
2847630
2847676
2847677
2847820
2847847
2848037
2848224
2848499
2848613
2848697
2848723
2848740
2848755
2848881
2849042
2849047
2849071
2849082
2849089
2849191
2849246
2849425
2849483
2849544
2849671
2849697
2849959
2850060
2850281
2850691
2850710
2850888
2850903
2850925
2851272
2851331
2851443
2851452
2851476
2851595
2851809
2851892
2852109
2852152
2852243
2852351
2852428
2852688
2852739
2852849
2852968
2852982
2853049
2853326
2853347
2853433
2853436
2853546
2853582
2853725
2853891
2853898
2854026
2854243
2854421
2854473
2854565
2854633
2854669
2854671
2854810
2854827
2854929
2855271
2855324
2855417
2855486
2855495
2855496
2855688
2855704
2855766
2855770
2855947
2856007
2856085
2856200
2856229
2856348
2856426
2856440
2856497
2856498
2856700
2856889
2856977
2857102
2857141
2857193
2857221
2857242
2857258
2857281
2857290
2857318
2857355
2857596
2858058
2858143
2858204
2858322
2858344
2858392
2858415
2858595
2858700
2858808
2858913
2858940
2858978
2859106
2859180
2859379
2859384
2859540
2859566
2859729
2859730
2859746
2859765
2859871
2859907
2860011
2860027
2860055
2860059
2860081
2860110
2860327
2860376
2860428
2860534
2860551
2860696
2860845
2860912
2860971
2861037
2861227
2861283
2861296
2861302
2861381
2861447
2861470
2861627
2861629
2861640
2861724
2861782
2861789
2861995
2862333
2862406
2862500
2862515
2862517
2862569
2862607
2862789
2862809
2862937
2863158
2863193
2863247
2863274
2863339
2863380
2863412
2863464
2863544
2863615
2863875
2864489
2864550
2864564
2864706
2864758
2864863
2865059
2865078
2865102
2865197
2865443
2865632
2865722
2865938
2865978
2866020
2866021
2866170
2866231
2866247
2866263
2866315
2866482
2866525
2866634
2866726
2866792
2866857
2866873
2866912
2867023
2867064
2867071
2867184
2867241
2867248
2867301
2867306
2867358
2867412
2867627
2867730
2867797
2867827
2867936
2867992
2868047
2868161
2868164
2868171
2868320
2868322
2868399
2868438
2868543
2868565
2868635
2868777
2868790
2868793
2869004
2869045
2869059
2869314
2869379
2869417
2869515
2869657
2869703
2869778
2869829
2869863
2869868
2869930
2869947
2870009
2870029
2870056
2870072
2870150
2870248
2870279
2870373
2870528
2870652
2870658
2870692
2871070
2871084
2871169
2871424
2871536
2871574
2871607
2871614
2871658
2871781
2871799
2872036
2872060
2872115
2872142
2872190
2872309
2872539
2872619
2872771
2873057
2873076
2873094
2873112
2873263
2873374
2873398
2873451
2873608
2874206
2874224
2874303
2874495
2874555
2874700
2874721
2874882
2874989
2875020
2875042
2875112
2875171
2875189
2875222
2875286
2875631
2875713
2875739
2875921
2876267
2876443
2876445
2876631
2876640
2876720
2876798
2876803
2876871
2876958
2877009
2877067
2877112
2877176
2877262
2877271
2877417
2877479
2877529
2877629
2877644
2877662
2877674
2877759
2877886
2877907
2877942
2878191
2878199
2878225
2878346
2878379
2878502
2878595
2878714
2878715
2878850
2879090
2879115
2879156
2879184
2879442
2879447
2879452
2879465
2879511
2879538
2879657
2879840
2879846
2879849
2880280
2880349
2880458
2880570
2880673
2880722
2880942
2880946
2880959
2880985
2881041
2881464
2881482
2881520
2881934
2882037
2882107
2882127
2882231
2882233
2882249
2882315
2882326
2882441
2882505
2882640
2882680
2882687
2882802
2882869
2883064
2883118
2883160
2883220
2883233
2883253
2883421
2883429
2883489
2883532
2883659
2883770
2883773
2883801
2884025
2884083
2884246
2884282
2884302
2884504
2884599
2884727
2884775
2884780
2884794
2884965
2885080
2885155
2885259
2885419
2885507
2885559
2885599
2885699
2885839
2885934
2886053
2886061
2886090
2886102
2886105
2886234
2886300
2886712
2886719
2886774
2886814
2886892
2887241
2887298
2887356
2887448
2887474
2887715
2887741
2887781
2887813
2887942
2887994
2888001
2888217
2888360
2888414
2888449
2888556
2888601
2888701
2888714
2888764
2888804
2888867
2888963
2888989
2889024
2889070
2889095
2889200
2889291
2889318
2889395
2889416
2889446
2889455
2889658
2889698
2889822
2889973
2890003
2890031
2890096
2890174
2890200
2890347
2890515
2890723
2890762
2891119
2891218
2891402
2891443
2891497
2891524
2891575
2891680
2891693
2891733
2891799
2892036
2892101
2892105
2892116
2892217
2892291
2892312
2892322
2892580
2892783
2892917
2893097
2893231
2893306
2893337
2893477
2893651
2893950
2894106
2894187
2894296
2894467
2894499
2894630
2894731
2894928
2895094
2895122
2895197
2895267
2895400
2895492
2895496
2895640
2895673
2895779
2895800
2896103
2896113
2896170
2896222
2896232
2896356
2896358
2896442
2896469
2896559
2896640
2896652
2896879
2896986
2897248
2897265
2897913
2897919
2897940
2897952
2898040
2898162
2898235
2898267
2898658
2898698
2898873
2898886
2898964
2898965
2899018
2899118
2899405
2899455
2899575
2899663
2899736
2899895
2900238
2900297
2900482
2900670
2900705
2900739
2900762
2900913
2900977
2901084
2901333
2901550
2901661
2901992
2902269
2902311
2902318
2902348
2902417
2902561
2902856
2902960
2902973
2903098
2903235
2903250
2903285
2903335
2903435
2903598
2903606
2903654
2903883
2903895
2903950
2904036
2904167
2904258
2904315
2904417
2904573
2904722
2904806
2904915
2905234
2905265
2905278
2905343
2905427
2905491
2905737
2906018
2906148
2906227
2906341
2906385
2906537
2906555
2906605
2906758
2906765
2906884
2907028
2907152
2907174
2907201
2907276
2907299
2907579
2907677
2907900
2907915
2907935
2907953
2908051
2908139
2908286
2908423
2908441
2908501
2908648
2908833
2908870
2909021
2909030
2909051
2909079
2909104
2909159
2909306
2909700
2909752
2909872
2909934
2910038
2910422
2910512
2910529
2910532
2910760
2910809
2911194
2911312
2911464
2911495
2911762
2911790
2911958
2911970
2912080
2912142
2912204
2912216
2912254
2912257
2912360
2912425
2912505
2912706
2912754
2912985
2913028
2913073
2913192
2913215
2913251
2913294
2913329
2913653
2913783
2913843
2914049
2914125
2914273
2914428
2914447
2914493
2914523
2914584
2914670
2914747
2914820
2914893
2914896
2914961
2914983
2915975
2916155
2916184
2916201
2916269
2916482
2916532
2916741
2916814
2916888
2917192
2917204
2917225
2917286
2917301
2917429
2917625
2917831
2917958
2918112
2918205
2918226
2918235
2918281
2918398
2918491
2918568
2918589
2918689
2918713
2918749
2918814
2918949
2919035
2919081
2919145
2919216
2919343
2919574
2919632
2919633
2919653
2919755
2919914
2920091
2920104
2920172
2920360
2920741
2920818
2920876
2920991
2921035
2921070
2921071
2921099
2921191
2921279
2921379
2921853
2921925
2922053
2922119
2922313
2922364
2922515
2922531
2922616
2922734
2922752
2922995
2923039
2923047
2923170
2923294
2923297
2923490
2923653
2923682
2923827
2923870
2924047
2924140
2924240
2924259
2924429
2924538
2924756
2924808
2924823
2924874
2924936
2924949
2925106
2925130
2925344
2925426
2925459
2925507
2925579
2925650
2925854
2925948
2925989
2926089
2926262
2926306
2926440
2926791
2926914
2926934
2926956
2927121
2927150
2927271
2927355
2927444
2927587
2927739
2927926
2927927
2927939
2927979
2928131
2928449
2928476
2928523
2929014
2929057
2929135
2929142
2929245
2929447
2929727
2929731
2929750
2929926
2930054
2930080
2930173
2930353
2930521
2930644
2930667
2930767
2930796
2930846
2930933
2931198
2931574
2931644
2931893
2931953
2931963
2932197
2932310
2932312
2932355
2932402
2932413
2932497
2932525
2932676
2932779
2932931
2933142
2933159
2933229
2933582
2933635
2933781
2933929
2934045
2934095
2934145
2934189
2934324
2934338
2934717
2934720
2934726
2934857
2934864
2934875
2934888
2934909
2935110
2935227
2935346
2935409
2935616
2935687
2935732
2936214
2936407
2936458
2936497
2936606
2936665
2936728
2936747
2936853
2936960
2937061
2937135
2937147
2937433
2937453
2937661
2937851
2937870
2937918
2937946
2938055
2938133
2938267
2938282
2938360
2938478
2938592
2938631
2938653
2938751
2938829
2938860
2938895
2938996
2939013
2939185
2939191
2939346
2939476
2939646
2939731
2939732
2939830
2939836
2940043
2940083
2940250
2940309
2940387
2940445
2940454
2940545
2940548
2940702
2940745
2940766
2940818
2940972
2941116
2941165
2941196
2941199
2941324
2941456
2941544
2941867
2941932
2942085
2942519
2942558
2942618
2942831
2942844
2942965
2943184
2943246
2943323
2943348
2943391
2943492
2943549
2943604
2943642
2943671
2943684
2943864
2944046
2944311
2944577
2944672
2944709
2944798
2944940
2945050
2945086
2945114
2945217
2945377
2945388
2945524
2945851
2945914
2946071
2946085
2946117
2946159
2946443
2946583
2946588
2946615
2946652
2946881
2946957
2947006
2947068
2947089
2947244
2947282
2947317
2947369
2947617
2947749
2948273
2948339
2948450
2948551
2948558
2949080
2949090
2949116
2949168
2949197
2949221
2949282
2949320
2949524
2949550
2949582
2949646
2949969
2950052
2950105
2950273
2950535
2950944
2951006
2951127
2951180
2951197
2951447
2951552
2951559
2951641
2951777
2952037
2952171
2952207
2952222
2952344
2952391
2952452
2952599
2952689
2953041
2953050
2953243
2953253
2953292
2953331
2953590
2953641
2953643
2953707
2953737
2953788
2953812
2953863
2953910
2954061
2954263
2954326
2954383
2954415
2954426
2954536
2954810
2954930
2954938
2954976
2955047
2955097
2955208
2955367
2955428
2955452
2955491
2955508
2955535
2955684
2955702
2955733
2955738
2955900
2956188
2956396
2956481
2956572
2956641
2956775
2956909
2957053
2957058
2957099
2957219
2957655
2957666
2957741
2957785
2957967
2957992
2958112
2958181
2958318
2958642
2958653
2958793
2958840
2958921
2958942
2959077
2959092
2959112
2959159
2959410
2959482
2959569
2959606
2959616
2959816
2959874
2959912
2959918
2960057
2960371
2960392
2960401
2960433
2960638
2960698
2960727
2960834
2960993
2961080
2961081
2961105
2961131
2961184
2961198
2961230
2961243
2961362
2961461
2961480
2961699
2961769
2961802
2961819
2961868
2961927
2962020
2962131
2962323
2962476
2962510
2962625
2962855
2963226
2963683
2963851
2963864
2963937
2963982
2963991
2964241
2964253
2964254
2964438
2964453
2964519
2964625
2964634
2964768
2965005
2965091
2965145
2965233
2965247
2965296
2965311
2965383
2965391
2965475
2965527
2965569
2965610
2965630
2965632
2965929
2966077
2966131
2966361
2966388
2966431
2966492
2966624
2966679
2966697
2966761
2966952
2966968
2967010
2967011
2967081
2967172
2967221
2967222
2967236
2967305
2967349
2967428
2967576
2967587
2967665
2967694
2967774
2967792
2967802
2967910
2967989
2968140
2968175
2968184
2968238
2968276
2968384
2968392
2968530
2968587
2968641
2968812
2968873
2968890
2968983
2969042
2969082
2969120
2969135
2969219
2969328
2969406
2969475
2969534
2969568
2969641
2969845
2969944
2969947
2969954
2970002
2970148
2970216
2970284
2970300
2970305
2970533
2970779
2970853
2970945
2971139
2971211
2971539
2971583
2971701
2971808
2971875
2971985
2972074
2972134
2972196
2972298
2972382
2972634
2972646
2972694
2972714
2972818
2972999
2973022
2973080
2973111
2973147
2973244
2973297
2973308
2973371
2973412
2973560
2973564
2973637
2973642
2973688
2973890
2973950
2974006
2974014
2974042
2974060
2974093
2974119
2974172
2974272
2974346
2974352
2974380
2974388
2974397
2974467
2974511
2974543
2974696
2974738
2974856
2974948
2974965
2974973
2975044
2975186
2975399
2975452
2975515
2975641
2975834
2975844
2975928
2975951
2975981
2976076
2976102
2976260
2976267
2976314
2976322
2976586
2976610
2976650
2977014
2977086
2977109
2977151
2977489
2977517
2977589
2977754
2977877
2977885
2977936
2978065
2978191
2978206
2978296
2978647
2978699
2978928
2978975
2979030
2979129
2979199
2979302
2979542
2979585
2979691
2979808
2979834
2979905
2979925
2980037
2980052
2980118
2980290
2980521
2980933
2980956
2981517
2981575
2981576
2981665
2981779
2981832
2981844
2981904
2981982
2982003
2982062
2982133
2982138
2982241
2982322
2982375
2982424
2982491
2982498
2982555
2982619
2982646
2983018
2983028
2983250
2983287
2983307
2983528
2983540
2983734
2983847
2983972
2984354
2984414
2984483
2984575
2984581
2985039
2985077
2985089
2985096
2985132
2985333
2985402
2985620
2985805
2985824
2985920
2986034
2986214
2986241
2986326
2986332
2986347
2986374
2986390
2986555
2986654
2986757
2986907
2986944
2986951
2987037
2987066
2987116
2987135
2987136
2987362
2987384
2987452
2987494
2987508
2987618
2987677
2987762
2987774
2988040
2988061
2988114
2988115
2988222
2988234
2988266
2988272
2988307
2988439
2988508
2988661
2988679
2988726
2988769
2988777
2988789
2988986
2989131
2989297
2989463
2989533
2989594
2989601
2989696
2990171
2990193
2990225
2990359
2990510
2990677
2990686
2990982
2991366
2991370
2991407
2991517
2991622
2991680
2991806
2991973
2992047
2992094
2992169
2992253
2992290
2992311
2992430
2992745
2992803
2992875
2993063
2993858
2993967
2993972
2993977
2994049
2994373
2994583
2994881
2995004
2995013
2995114
2995117
2995278
2995334
2995643
2995673
2995695
2995714
2996123
2996138
2996284
2996298
2996327
2996355
2996371
2996380
2996515
2996722
2996749
2996812
2997008
2997009
2997166
2997243
2997270
2997501
2997760
2997765
2997779
2997949
2997993
2998076
2998200
2998500
2998548
2998623
2998671
2998891
2999117
2999231
2999566
2999654
2999704
2999743
2999749
2999837
2999984
3000109
3000157
3000437
3000641
3000968
3001044
3001216
3001374
3001421
3001549
3001843
3001956
3002154
3002255
3002421
3002478
3002595
3002597
3002673
3002759
3002867
3002975
3002980
3003263
3003265
3003345
3003470
3003544
3003726
3003747
3003870
3004434
3004578
3004728
3004922
3004961
3005184
3005186
3005263
3005639
3005673
3005713
3005839
3006290
3006495
3006553
3006606
3006831
3006913
3006928
3006939
3007215
3007216
3007265
3007300
3007347
3007365
3007384
3007434
3007435
3007538
3007671
3007697
3007766
3007944
3007964
3007994
3008045
3008049
3008203
3008256
3008413
3008461
3008753
3008770
3009227
3009257
3009322
3009389
3009532
3009534
3009597
3009744
3009770
3009826
3010104
3010143
3010153
3010199
3010376
3010515
3010547
3010571
3010804
3010888
3010902
3010919
3011172
3011238
3011337
3011541
3011565
3011629
3011650
3011656
3011864
3011997
3012171
3012230
3012376
3012503
3012639
3012698
3012724
3012745
3012871
3013090
3013102
3013300
3013352
3013408
3013417
3013442
3013576
3013770
3013861
3013949
3014154
3014236
3014507
3014620
3014659
3014676
3014751
3014753
3015124
3015202
3015257
3015361
3015439
3015490
3015639
3015874
3015880
3015946
3016144
3016237
3016328
3016432
3016462
3016607
3016798
3016885
3016912
3016926
3016937
3016979
3017074
3017183
3017228
3017277
3017329
3017849
3017876
3017894
3017952
3017970
3017978
3018009
3018172
3018251
3018355
3018611
3018745
3018750
3018829
3018888
3018961
3019137
3019239
3019243
3019294
3019737
3019814
3019844
3019851
3020079
3020105
3020218
3020414
3020651
3020795
3020842
3020856
3020926
3021027
3021032
3021083
3021162
3021196
3021226
3021358
3021447
3021489
3021589
3021598
3021691
3021766
3021861
3022099
3022337
3022421
3022469
3022547
3022591
3022608
3022612
3022819
3022941
3023044
3023047
3023141
3023360
3023371
3023407
3023471
3023551
3023564
3023583
3023609
3023635
3023657
3023746
3023755
3023951
3024004
3024017
3024164
3024205
3024268
3024365
3024529
3024718
3024743
3024784
3024790
3024825
3024829
3024849
3024901
3024958
3025061
3025089
3025100
3025286
3025296
3025384
3025407
3025479
3025694
3025731
3025880
3026110
3026114
3026150
3026169
3026299
3026321
3026477
3026632
3026650
3026660
3026731
3026771
3026805
3027036
3027346
3027391
3027649
3027709
3027879
3027998
3028082
3028184
3028231
3028291
3028465
3028513
3028555
3028645
3028804
3028826
3029086
3029123
3029228
3029537
3029544
3029568
3029799
3029832
3029845
3029860
3029941
3030347
3030496
3030623
3030741
3030815
3030846
3030963
3030965
3031115
3031131
3031154
3031178
3031248
3031353
3031428
3031486
3031930
3032042
3032097
3032368
3032498
3032753
3032871
3033127
3033243
3033398
3033457
3033475
3033549
3033574
3033839
3034019
3034110
3034161
3034428
3034477
3034539
3034603
3034617
3034679
3034698
3035157
3035171
3035231
3035606
3035722
3035749
3035914
3035933
3036331
3036379
3036436
3036453
3036508
3036550
3036667
3036799
3036855
3036893
3036994
3037005
3037181
3037204
3037275
3037318
3037325
3037621
3037864
3037883
3037891
3038040
3038075
3038194
3038245
3038273
3038416
3038420
3038557
3038560
3038666
3038755
3038817
3039038
3039089
3039378
3039397
3039489
3039630
3039648
3039934
3039947
3040015
3040236
3040248
3040309
3040494
3040533
3040629
3040644
3040687
3040774
3040810
3040841
3040881
3040913
3040984
3040993
3041237
3041265
3041286
3041343
3041408
3041562
3041691
3041930
3041987
3041997
3042007
3042025
3042123
3042138
3042170
3042235
3042313
3042463
3042483
3042490
3042586
3042593
3042748
3042807
3042848
3043114
3043159
3043206
3043268
3043646
3043709
3043789
3043792
3043865
3043879
3043925
3043960
3044179
3044200
3044397
3044411
3044640
3044781
3044795
3044877
3044896
3045177
3045256
3045421
3045504
3045524
3045592
3045669
3045682
3045804
3045906
3046140
3046204
3046408
3046553
3046740
3046919
3046996
3047109
3047344
3047345
3047421
3047465
3047468
3047629
3047679
3047821
3047826
3048335
3048649
3048663
3048691
3048746
3048922
3048930
3048935
3048952
3048976
3049014
3049019
3049023
3049039
3049373
3049426
3049442
3049469
3049499
3049645
3049894
3049945
3049978
3050084
3050213
3050248
3050301
3050371
3050450
3050471
3050544
3050611
3050639
3050883
3050937
3050969
3051088
3051188
3051309
3051452
3051597
3051671
3051674
3051813
3052112
3052168
3052294
3052318
3052518
3052746
3052842
3052882
3052917
3052943
3052989
3052996
3053042
3053100
3053161
3053191
3053270
3053409
3053414
3053430
3053442
3053488
3053697
3053718
3053776
3053875
3054154
3054164
3054183
3054408
3054529
3054595
3054903
3054982
3055402
3055425
3055631
3055648
3055863
3055924
3055934
3055962
3055974
3056054
3056198
3056354
3056411
3056661
3056700
3056730
3056754
3056766
3056879
3056948
3056978
3057027
3057084
3057087
3057146
3057321
3057396
3057677
3057693
3057775
3057833
3057885
3058234
3058479
3058561
3058642
3058765
3059079
3059131
3059342
3059383
3059515
3059700
3059809
3059845
3060087
3060298
3060643
3060838
3060921
3060987
3061037
3061070
3061181
3061378
3061465
3061625
3061772
3061828
3061839
3061889
3061955
3061957
3062027
3062275
3062419
3062456
3062466
3062478
3062526
3062843
3062969
3063019
3063072
3063104
3063158
3063163
3063390
3063429
3063617
3063956
3064107
3064111
3064165
3064267
3064309
3064313
3064325
3064340
3064533
3064546
3064702
3064739
3065175
3065276
3065347
3065418
3065455
3065636
3065708
3066008
3066014
3066303
3066330
3066595
3066600
3066605
3066655
3066708
3066770
3066863
3066907
3067107
3067333
3067379
3067424
3067451
3067687
3067692
3067763
3067775
3067844
3068187
3068204
3068264
3068329
3068542
3068808
3069122
3069201
3069255
3069427
3069452
3069495
3069539
3069594
3069677
3069785
3069796
3069919
3070097
3070356
3070360
3070381
3070583
3070929
3070966
3071059
3071076
3071214
3071267
3071284
3071290
3071303
3071421
3071772
3071834
3071890
3071944
3071978
3072258
3072294
3072442
3072485
3072552
3072851
3072870
3073058
3073086
3073171
3073365
3073567
3073570
3073684
3073772
3073817
3073823
3074046
3074080
3074185
3074270
3074413
3074676
3074725
3074756
3074815
3074844
3074960
3074970
3075067
3075094
3075181
3075312
3075332
3075437
3075568
3075575
3075695
3075776
3075803
3075824
3076099
3076146
3076186
3076295
3076378
3076429
3076448
3076464
3076638
3076944
3076975
3077000
3077046
3077072
3077163
3077215
3077355
3077380
3077401
3077475
3077526
3077632
3077862
3077964
3077982
3078028
3078215
3078281
3078437
3078651
3078783
3079103
3079392
3079438
3079503
3079646
3079810
3079822
3079824
3079826
3079918
3079982
3080010
3080206
3080234
3080254
3080349
3080398
3080520
3080630
3080647
3080661
3080672
3080975
3081056
3081194
3081231
3081299
3081453
3081670
3081846
3081873
3082092
3082254
3082275
3082294
3082401
3082454
3082608
3082663
3082754
3082912
3083115
3083118
3083202
3083283
3083424
3083724
3083749
3083801
3084196
3084233
3084386
3084402
3084576
3084799
3084843
3085081
3085099
3085114
3085119
3085312
3085369
3085506
3085668
3085732
3085836
3085926
3085968
3086027
3086044
3086201
3086283
3086334
3086368
3086400
3086436
3086481
3086502
3086754
3086808
3086834
3086881
3086974
3087001
3087012
3087060
3087071
3087115
3087196
3087199
3087219
3087221
3087366
3087465
3087615
3087852
3087942
3087973
3088269
3088295
3088373
3088435
3088484
3088513
3088523
3088573
3088828
3088931
3089057
3089145
3089146
3089200
3089326
3089447
3089516
3089580
3089821
3089970
3090063
3090067
3090227
3090409
3090656
3090834
3090849
3090892
3090987
3091094
3091167
3091199
3091247
3091415
3091538
3091551
3091715
3091760
3091869
3091920
3091980
3091984
3092066
3092097
3092191
3092274
3092287
3092311
3092350
3092450
3092543
3092596
3092783
3092868
3092972
3093172
3093182
3093429
3093455
3093580
3093633
3093801
3093811
3094099
3094167
3094277
3094300
3094524
3094552
3094622
3094753
3094783
3094784
3094902
3094905
3094993
3095069
3095214
3095303
3095386
3095600
3095713
3095737
3095797
3095844
3096164
3096174
3096198
3096287
3096732
3096805
3096918
3096936
3096976
3097036
3097078
3097392
3097563
3097746
3097757
3097931
3097988
3098017
3098074
3098175
3098572
3098613
3098827
3098853
3098862
3099002
3099046
3099050
3099056
3099284
3099398
3099509
3099693
3099977
3100035
3100139
3100142
3100360
3100751
3100821
3100850
3100874
3100925
3100987
3100996
3101025
3101048
3101177
3101386
3101475
3101522
3101533
3101537
3101707
3101780
3102048
3102269
3102329
3102338
3102339
3102412
3102545
3102749
3102978
3103060
3103225
3103400
3103449
3103629
3103841
3103860
3103928
3104188
3104256
3104285
3104295
3104322
3104514
3104571
3104576
3104668
3104811
3104835
3104887
3104895
3104965
3104995
3105093
3105165
3105481
3105566
3105581
3105631
3105723
3105921
3105939
3106007
3106029
3106102
3106225
3106331
3106610
3106664
3106687
3106749
3106976
3106983
3106988
3107088
3107182
3107208
3107327
3107626
3107918
3107945
3108020
3108039
3108155
3108177
3108200
3108225
3108236
3108269
3108892
3109208
3109246
3109343
3109630
3109795
3109953
3110036
3110175
3110176
3110289
3110334
3110364
3110454
3110491
3110562
3110581
3110630
3110639
3110648
3110725
3110789
3110861
3110885
3110947
3111078
3111083
3111217
3111316
3111339
3111576
3111609
3111731
3111967
3112050
3112096
3112654
3112707
3112807
3112836
3113006
3113049
3113078
3113081
3113106
3113111
3113402
3113444
3113508
3113521
3113533
3113586
3113674
3113713
3113735
3113891
3114010
3114050
3114088
3114106
3114121
3114133
3114281
3114319
3114391
3114638
3114884
3114915
3115339
3115400
3115487
3115615
3115718
3115736
3115738
3115873
3115929
3115935
3116015
3116077
3116088
3116199
3116221
3116270
3116443
3116454
3116560
3116728
3116760
3116879
3116930
3117007
3117144
3117174
3117182
3117358
3117597
3117626
3117630
3117643
3117728
3117753
3117896
3117937
3117940
3118106
3118274
3118340
3118431
3118476
3118516
3118623
3118624
3118673
3118680
3118694
3118735
3118749
3118907
3119323
3119480
3119498
3119580
3119586
3119809
3119923
3119935
3120114
3120136
3120344
3120414
3120452
3120624
3120674
3120726
3121060
3121091
3121148
3121401
3121446
3121660
3121808
3121902
3121914
3122041
3122056
3122115
3122285
3122346
3122397
3122401
3122403
3122448
3122523
3122739
3122793
3123030
3123239
3123371
3123453
3123471
3123473
3123531
3123846
3123865
3123933
3123955
3123963
3124008
3124014
3124023
3124152
3124215
3124373
3124425
3124553
3124599
3124650
3124765
3124789
3124904
3125220
3125266
3125374
3125512
3125616
3125745
3125819
3125943
3125948
3126043
3126107
3126141
3126202
3126325
3126540
3126706
3126714
3126979
3127000
3127015
3127135
3127199
3127341
3127387
3127530
3127533
3127587
3127611
3127747
3127828
3127862
3127994
3128135
3128294
3128432
3128500
3128588
3128661
3128708
3128749
3128939
3128975
3129000
3129136
3129218
3129377
3129422
3129476
3129669
3129758
3129787
3129975
3130167
3130170
3130319
3130629
3130936
3130965
3131106
3131487
3131499
3131543
3131861
3131976
3132093
3132134
3132281
3132298
3132323
3132431
3132545
3132776
3132822
3132869
3132960
3133096
3133171
3133195
3133334
3133516
3133701
3133710
3133828
3134256
3134329
3134498
3134588
3134647
3134906
3134962
3135214
3135427
3135472
3135485
3135809
3135877
3136081
3136099
3136192
3136214
3136328
3136390
3136405
3136428
3136449
3136599
3136735
3136933
3137074
3137127
3137300
3137333
3137454
3137469
3137479
3137481
3137640
3137653
3137654
3137668
3137827
3137916
3137975
3137982
3138037
3138424
3138436
3138449
3138625
3138786
3138828
3138997
3139057
3139090
3139093
3139274
3139448
3139508
3139544
3139622
3139716
3139725
3139879
3139885
3140168
3140196
3140209
3140312
3140508
3140543
3140600
3140602
3140668
3140766
3140976
3141193
3141274
3141293
3141305
3141350
3141438
3141449
3141485
3141654
3141673
3141737
3141757
3141890
3142023
3142053
3142555
3142769
3142828
3142829
3142831
3142935
3142944
3142962
3143055
3143091
3143421
3143514
3143611
3143626
3143989
3144240
3144510
3144614
3144617
3144640
3144720
3144729
3144846
3144937
3145038
3145051
3145167
3145282
3145359
3145513
3145586
3145608
3145612
3145811
3145818
3145983
3146092
3146281
3146293
3146314
3146418
3146458
3146504
3146585
3146666
3146690
3146767
3146808
3146823
3146852
3146880
3147068
3147117
3147609
3147624
3147667
3147668
3147695
3147731
3147939
3147983
3148117
3148336
3148341
3148376
3148379
3148418
3148693
3148729
3148921
3148922
3148959
3148984
3148985
3149082
3149253
3149278
3149316
3149583
3149634
3149722
3149904
3149964
3150041
3150203
3150205
3150403
3150613
3150681
3150806
3150968
3150993
3151133
3151636
3151727
3151744
3151901
3152163
3152379
3152444
3152475
3152520
3152551
3152796
3152847
3152927
3153011
3153047
3153213
3153287
3153292
3153297
3153556
3153790
3153808
3153970
3153991
3154119
3154422
3154484
3154529
3154591
3154603
3154613
3154650
3154702
3154789
3154823
3154894
3154974
3155171
3155843
3155945
3155983
3155995
3156254
3156615
3156626
3156684
3156708
3156871
3156873
3156948
3157245
3157256
3157290
3157447
3157586
3157652
3157821
3157830
3157948
3157962
3158007
3158069
3158264
3158392
3158425
3158536
3158618
3158652
3158898
3159038
3159152
3159304
3159475
3159485
3159605
3159616
3159638
3159649
3159659
3159672
3159746
3159805
3159897
3159942
3160013
3160073
3160087
3160118
3160244
3160378
3160533
3160893
3161044
3161275
3161362
3161416
3161543
3161548
3161796
3161823
3161882
3161913
3162091
3162205
3162340
3162372
3162399
3162465
3162469
3162492
3162636
3162713
3162769
3162795
3162844
3162871
3163015
3163035
3163059
3163102
3163304
3163311
3163606
3163672
3164073
3164086
3164187
3164430
3164583
3164755
3164802
3164824
3164897
3164963
3164995
3165057
3165300
3165641
3165786
3165804
3165825
3165895
3165907
3166244
3166249
3166318
3166399
3166545
3166571
3166631
3166644
3166743
3166790
3166977
3167047
3167102
3167228
3167392
3167497
3167510
3167514
3167602
3167644
3167680
3167876
3168033
3168404
3168682
3168810
3168859
3169153
3169328
3169338
3169351
3169380
3169439
3169626
3169650
3169653
3169664
3169691
3169697
3169842
3169970
3170237
3170297
3170398
3170404
3170527
3170755
3170902
3170917
3171034
3171139
3171161
3171340
3171416
3171840
3171924
3171980
3172034
3172154
3172225
3172268
3172277
3172307
3172328
3172373
3172441
3172520
3172563
3172585
3172597
3172628
3172667
3172684
3172719
3172737
3172838
3172905
3172951
3173135
3173280
3173368
3173385
3173392
3173446
3173483
3173559
3173717
3173790
3173833
3174004
3174099
3174114
3174136
3174156
3174199
3174229
3174366
3174407
3174477
3174655
3174659
3174737
3174759
3174899
3174982
3175092
3175234
3175263
3175319
3175399
3175510
3175522
3175556
3175647
3175988
3176272
3176292
3176395
3176487
3176676
3176755
3176897
3177054
3177256
3177262
3177306
3177312
3177764
3177801
3177925
3177962
3177963
3177979
3178116
3178426
3178434
3178513
3178992
3179073
3179155
3179167
3179325
3179429
3179456
3179885
3180061
3180175
3180204
3180394
3180484
3180663
3180722
3180791
3180833
3180855
3181169
3181192
3181204
3181242
3181404
3181441
3181489
3181760
3181839
3181998
3182087
3182142
3182193
3182203
3182307
3182318
3182329
3182452
3182524
3182541
3182570
3182586
3182712
3182747
3182992
3183016
3183194
3183324
3183522
3183535
3183728
3183840
3183903
3184005
3184265
3184278
3184326
3184422
3184558
3185200
3185395
3185427
3185488
3185501
3185613
3185636
3185670
3185671
3186084
3186167
3186201
3186347
3186415
3186455
3186492
3186531
3186536
3186569
3186572
3186600
3186622
3186670
3186814
3187061
3187077
3187174
3187204
3187384
3187428
3187644
3187694
3187792
3188013
3188033
3188041
3188100
3188191
3188209
3188233
3188366
3188588
3188613
3188805
3188814
3188904
3189117
3189238
3189448
3189450
3189742
3189936
3189981
3190012
3190036
3190048
3190107
3190157
3190389
3190483
3190507
3190597
3190726
3190889
3190929
3191072
3191115
3191235
3191307
3191386
3191849
3191874
3192026
3192212
3192225
3192417
3192558
3192637
3192806
3192994
3193014
3193121
3193326
3193417
3193536
3193590
3193844
3193881
3193969
3193994
3194077
3194164
3194175
3194224
3194225
3194405
3194447
3194593
3194612
3194685
3194724
3194865
3195125
3195214
3195403
3195417
3195467
3195528
3195606
3195617
3195732
3196046
3196131
3196198
3196324
3196512
3196646
3196795
3196872
3196915
3196931
3196982
3197306
3197357
3197391
3197495
3197602
3197923
3197934
3197977
3198237
3198278
3198308
3198369
3198483
3198723
3198765
3198830
3198852
3198871
3199125
3199220
3199295
3199434
3199600
3199604
3199623
3199781
3199914
3199942
3199987
3200106
3200113
3200203
3200208
3200225
3200272
3200619
3200666
3200676
3200756
3200945
3200983
3200996
3201204
3201343
3201509
3201580
3202093
3202118
3202166
3202168
3202307
3202427
3202434
3202604
3202682
3202811
3202957
3203104
3203149
3203159
3203222
3203269
3203282
3203376
3203693
3203732
3203855
3204125
3204282
3204290
3204418
3204643
3204731
3204813
3204817
3204831
3204978
3204997
3205011
3205131
3205134
3205349
3205378
3205460
3205778
3205938
3206121
3206138
3206202
3206274
3206782
3206924
3206955
3206981
3207046
3207064
3207087
3207189
3207217
3207250
3207322
3207609
3207969
3208026
3208050
3208172
3208220
3208298
3208340
3208447
3208761
3208768
3208813
3208990
3209139
3209170
3209178
3209329
3209419
3209931
3210051
3210194
3210208
3210215
3210256
3210478
3210852
3210930
3210935
3210994
3211096
3211132
3211139
3211149
3211249
3211390
3211468
3211477
3211764
3212311
3212357
3212361
3212389
3212478
3212523
3212580
3212632
3212661
3212717
3212804
3212970
3212984
3213101
3213149
3213310
3213319
3213331
3213350
3213503
3213773
3213797
3213812
3213816
3213849
3213899
3213945
3213979
3214204
3214327
3214395
3214415
3214499
3214510
3214518
3214780
3214826
3214966
3215243
3215360
3215421
3215932
3215973
3216022
3216182
3216267
3216301
3216313
3216659
3216787
3216861
3216865
3216905
3216931
3217045
3217144
3217178
3217248
3217378
3217407
3217501
3217513
3217702
3217820
3218034
3218348
3218466
3218534
3218602
3218855
3218906
3218957
3219034
3219041
3219266
3219269
3219429
3219445
3219459
3219507
3219536
3219555
3219637
3219674
3219735
3219792
3219868
3219935
3219984
3220097
3220113
3220180
3220281
3220692
3220739
3220765
3220865
3220960
3221071
3221400
3221567
3221678
3221752
3222201
3222248
3222263
3222411
3222481
3222564
3222769
3222819
3222842
3222878
3223130
3223145
3223183
3223525
3223650
3223708
3223803
3223807
3223852
3223856
3223898
3224057
3224179
3224440
3224487
3224752
3224867
3224907
3225262
3225337
3225421
3225516
3225630
3225839
3225917
3226011
3226294
3226310
3226373
3226407
3226513
3226559
3226801
3226831
3226882
3226907
3226915
3227110
3227184
3227206
3227513
3227659
3227782
3227869
3227978
3227986
3227988
3227995
3228001
3228111
3228122
3228132
3228176
3228193
3228361
3228375
3228476
3228648
3228703
3228849
3228898
3229083
3229203
3229318
3229350
3229414
3229538
3229618
3229641
3229986
3230120
3230439
3230804
3230836
3230877
3230914
3231080
3231140
3231269
3231531
3231766
3231810
3231980
3231984
3231993
3232134
3232212
3232245
3232271
3232307
3232394
3232489
3232871
3232874
3233311
3233367
3233452
3233491
3233513
3233716
3233749
3233832
3233998
3234133
3234159
3234283
3234340
3234414
3234698
3234868
3235066
3235113
3235226
3235249
3235363
3235410
3235458
3235530
3235538
3235548
3235699
3235882
3235908
3235963
3236123
3236143
3236182
3236227
3236236
3236246
3236292
3236317
3236345
3236871
3237300
3237335
3237630
3238070
3238096
3238235
3238239
3238289
3238319
3238544
3238556
3238677
3238704
3238714
3238751
3238972
3239208
3239276
3239405
3239440
3239511
3239513
3239552
3239711
3239734
3239802
3239832
3240038
3240043
3240340
3240550
3240630
3240733
3241132
3241166
3241225
3241319
3241617
3241810
3241869
3241877
3241934
3242198
3242467
3242493
3242558
3242581
3242676
3242703
3242733
3242842
3243032
3243124
3243400
3243445
3243462
3243510
3243548
3243564
3243742
3244011
3244170
3244180
3244308
3244359
3244522
3244779
3244782
3244785
3244819
3244833
3245034
3245199
3245416
3245423
3245473
3245478
3245898
3245990
3246190
3246763
3246842
3246876
3247033
3247037
3247904
3247934
3248018
3248148
3248189
3248393
3248410
3248695
3248702
3248754
3248759
3248776
3248843
3248850
3249068
3249095
3249167
3249376
3249440
3249457
3249656
3249754
3249910
3249978
3250004
3250128
3250141
3250466
3250521
3251080
3251082
3251163
3251215
3251297
3251339
3251342
3251643
3251784
3252048
3252184
3252238
3252288
3252472
3252567
3252816
3252906
3252908
3252997
3253145
3253359
3253424
3253555
3253608
3253940
3254146
3254157
3254208
3254240
3254359
3254679
3254983
3255193
3255224
3255229
3255376
3255417
3255445
3255543
3255638
3255926
3256115
3256122
3256198
3256371
3256427
3256482
3256486
3256487
3256548
3256618
3256662
3256685
3256820
3256850
3257061
3257101
3257353
3257420
3257516
3257535
3257540
3257682
3257695
3257847
3257903
3258093
3258168
3258184
3258190
3258314
3258337
3258844
3258990
3259192
3259384
3259565
3259598
3259601
3259623
3259870
3259881
3259995
3260231
3260354
3260435
3260503
3260534
3260561
3260638
3260818
3260869
3261239
3261364
3261372
3261452
3261469
3261478
3261495
3261788
3261832
3261891
3261950
3262022
3262180
3262510
3262586
3262739
3262752
3262822
3262915
3263121
3263163
3263196
3263259
3263564
3263569
3263570
3263576
3263605
3263615
3263912
3263956
3264065
3264427
3264490
3264587
3264686
3264839
3265054
3265318
3265359
3265605
3265650
3265887
3266000
3266009
3266151
3266320
3266460
3266468
3266553
3266664
3266678
3266684
3266872
3266918
3266980
3267147
3267184
3267201
3267220
3267229
3267333
3267433
3267488
3267629
3267793
3267830
3267900
3268031
3268729
3268752
3268888
3269061
3269191
3269234
3269240
3269445
3269487
3269745
3269751
3269753
3269810
3269972
3270062
3270117
3270157
3270409
3270526
3270785
3270809
3270862
3270966
3271002
3271040
3271144
3271192
3271585
3271670
3271725
3271732
3271931
3272124
3272213
3272263
3272456
3272481
3272509
3272753
3272966
3273105
3273126
3273157
3273162
3273195
3273227
3273387
3273562
3273645
3273653
3274022
3274024
3274033
3274095
3274116
3274118
3274164
3274225
3274364
3274399
3274532
3274566
3274578
3274686
3274794
3274904
3275000
3275035
3275058
3275070
3275097
3275241
3275347
3275415
3275448
3275601
3275684
3275724
3275749
3275765
3275813
3275933
3275955
3276037
3276418
3276520
3276688
3276739
3276846
3277211
3277369
3277450
3277510
3277568
3277856
3278138
3278476
3278498
3278554
3278705
3278794
3278806
3278845
3278848
3278969
3279070
3279529
3279733
3279806
3279913
3280221
3280237
3280263
3280401
3280521
3280645
3280682
3280722
3281009
3281250
3281273
3281378
3281420
3281458
3281508
3281557
3281648
3281732
3281931
3282061
3282131
3282237
3282308
3282543
3282553
3282604
3282801
3282811
3282896
3283046
3283061
3283138
3283279
3283410
3283443
3283558
3283560
3283708
3283816
3284071
3284228
3284277
3284284
3284302
3284342
3284358
3284576
3284677
3284698
3284735
3284849
3284869
3284951
3285022
3285157
3285286
3285400
3285421
3285443
3285496
3285667
3285722
3285746
3285805
3285825
3285903
3285919
3286012
3286028
3286144
3286197
3286201
3286211
3286250
3286308
3286462
3286469
3286605
3286679
3286768
3286826
3286965
3287411
3287471
3287569
3287586
3287757
3287781
3287830
3288027
3288162
3288177
3288183
3288192
3288216
3288271
3288366
3288398
3288421
3288569
3288689
3288748
3288890
3288928
3288932
3289081
3289235
3289241
3289392
3289395
3289691
3289819
3289842
3289925
3290009
3290085
3290101
3290237
3290271
3290676
3290677
3290679
3290730
3290755
3290929
3291137
3291232
3291277
3291287
3291568
3291754
3291845
3292070
3292163
3292332
3292370
3292562
3292748
3292769
3292855
3293009
3293106
3293158
3293241
3293409
3293464
3293467
3293526
3293584
3293915
3293975
3294135
3294211
3294286
3294306
3294526
3294836
3294901
3294993
3295233
3295359
3295368
3295392
3295435
3295517
3295579
3295688
3295847
3295884
3296018
3296127
3296218
3296327
3296394
3296426
3296535
3296626
3296647
3296892
3296969
3297060
3297101
3297216
3297442
3297561
3297766
3297990
3297999
3298562
3298599
3298624
3298688
3298710
3298790
3298802
3298803
3298830
3298842
3298858
3298915
3299078
3299124
3299232
3299252
3299379
3299982
3300045
3300268
3300369
3300482
3300494
3300541
3300639
3300669
3300860
3300886
3300929
3300977
3300990
3301093
3301118
3301127
3301163
3301202
3301289
3301351
3301353
3301410
3301503
3301572
3301657
3301717
3301734
3302025
3302068
3302142
3302189
3302319
3302603
3302719
3302785
3303010
3303047
3303244
3303257
3303403
3303543
3303658
3303710
3303853
3303896
3303919
3303959
3303985
3304066
3304201
3304491
3304498
3304531
3304610
3304669
3305009
3305140
3305364
3305491
3305693
3305700
3305793
3306044
3306103
3306121
3306236
3306284
3306396
3306587
3306623
3306782
3306784
3307101
3307134
3307214
3307222
3307252
3307602
3307719
3307895
3307918
3307957
3308052
3308130
3308305
3308328
3308344
3308389
3308471
3308847
3309004
3309065
3309185
3309266
3309301
3309333
3309340
3309466
3309724
3309937
3310040
3310181
3310366
3310425
3310440
3310656
3310834
3310873
3310922
3310931
3311202
3311566
3311606
3311709
3311723
3311724
3311733
3311839
3311892
3312097
3312124
3312218
3312251
3312331
3312369
3312455
3312466
3312572
3312837
3312886
3312905
3313111
3313143
3313148
3313593
3313754
3313851
3313967
3313971
3314000
3314067
3314140
3314299
3314374
3314420
3314570
3314617
3314619
3314677
3314729
3314785
3315176
3315301
3315316
3315441
3315524
3315714
3315774
3315817
3315973
3316057
3316232
3316239
3316331
3316359
3316793
3316967
3317035
3317150
3317222
3317276
3317427
3317601
3317636
3317734
3317746
3318027
3318066
3318105
3318115
3318320
3318382
3318625
3318681
3318698
3318716
3318833
3318842
3319112
3319251
3319371
3319403
3319660
3319903
3320066
3320416
3320655
3320880
3320927
3320947
3321097
3321139
3321167
3321198
3321503
3321516
3321532
3321895
3321943
3321966
3322053
3322073
3322125
3322164
3322240
3322686
3322760
3322907
3322999
3323231
3323317
3323380
3323479
3323717
3323726
3323733
3323779
3323800
3323801
3323843
3323972
3324174
3324263
3324354
3324577
3324581
3324831
3324979
3325015
3325100
3325721
3326314
3326394
3326419
3326420
3326494
3326552
3326570
3326657
3326660
3326818
3326972
3327021
3327174
3327218
3327248
3327276
3327470
3327484
3327527
3327691
3327883
3328004
3328129
3328265
3328292
3328528
3328610
3328632
3328658
3328808
3328826
3329003
3329044
3329087
3329348
3329472
3329565
3329616
3329649
3329665
3330127
3330286
3331109
3331197
3331252
3331260
3331428
3331473
3331641
3331732
3331747
3331748
3331786
3331906
3332100
3332103
3332417
3332425
3332478
3332695
3332736
3332744
3332881
3332993
3333178
3333270
3333386
3333415
3333464
3333550
3333716
3334345
3334532
3334597
3334629
3334806
3335013
3335522
3335621
3335948
3335994
3336003
3336036
3336043
3336289
3336308
3336402
3336603
3336610
3336689
3336800
3336878
3337270
3337279
3337282
3337324
3337452
3337731
3337878
3337924
3338020
3338268
3338284
3338296
3338791
3338827
3338880
3338933
3339032
3339165
3339232
3339249
3339365
3339442
3339514
3339520
3339595
3339605
3339677
3339804
3339842
3340027
3340032
3340103
3340174
3340247
3340337
3340350
3340387
3340419
3340446
3340689
3340855
3340874
3340976
3341079
3341189
3341774
3341799
3341958
3341962
3342037
3342085
3342092
3342229
3342233
3342252
3342320
3342408
3342428
3342698
3342848
3342964
3343024
3343093
3343250
3343343
3343556
3343571
3343730
3343774
3344040
3344152
3344161
3344223
3344282
3344283
3344560
3344629
3344762
3344842
3345016
3345155
3345225
3345249
3345274
3345552
3345644
3345734
3345748
3346041
3346150
3346155
3346272
3346494
3346598
3346935
3346998
3347198
3347229
3347615
3347619
3347715
3347728
3347815
3347930
3348109
3348115
3348149
3348185
3348316
3348397
3348517
3348591
3348629
3348673
3349054
3349166
3349281
3349483
3349492
3349597
3349811
3349915
3349956
3349998
3350042
3350053
3350095
3350193
3350312
3350387
3350478
3350483
3350628
3350721
3350758
3350838
3350885
3350977
3351026
3351211
3351322
3351356
3351413
3351505
3351711
3351780
3352005
3352020
3352461
3352594
3352813
3352833
3352907
3352950
3353005
3353514
3353572
3353594
3353608
3353748
3353859
3354030
3354091
3354430
3354460
3354472
3354495
3354507
3354667
3354682
3354717
3354739
3354933
3355058
3355092
3355236
3355386
3355526
3355587
3355601
3355613
3355622
3355694
3355697
3355826
3356082
3356656
3356907
3356926
3357071
3357331
3357406
3357877
3357892
3357950
3358049
3358141
3358153
3358258
3358271
3358360
3358491
3358499
3358632
3358745
3358870
3358875
3358947
3358962
3359317
3359337
3360028
3360093
3360402
3360872
3360918
3361130
3361162
3361212
3361245
3361356
3361404
3361509
3361688
3361707
3361741
3361899
3362027
3362216
3362256
3362261
3362376
3362730
3362793
3362844
3363038
3363128
3363203
3363544
3363700
3363982
3364281
3364329
3364392
3364478
3364548
3364630
3364692
3364817
3365015
3365123
3365199
3365625
3365760
3365807
3365873
3365966
3366002
3366021
3366131
3366472
3366543
3367016
3367171
3367341
3367438
3367659
3367795
3367847
3367991
3368022
3368029
3368123
3368177
3368178
3368189
3368197
3368241
3368402
3368403
3368460
3368514
3368564
3368566
3368612
3368615
3368655
3368672
3368937
3369070
3369155
3369285
3369394
3369447
3369560
3369598
3369650
3369779
3369832
3369847
3369858
3369903
3369944
3370071
3370229
3370287
3370290
3370305
3370351
3370734
3370821
3371032
3371269
3371344
3371392
3371599
3371920
3371934
3371940
3372038
3372075
3372161
3372233
3372253
3372286
3372316
3373002
3373113
3373321
3373449
3373468
3373477
3373515
3373567
3373570
3373635
3373672
3373761
3373819
3373838
3373938
3373962
3374099
3374102
3374213
3374354
3374429
3374470
3374547
3374611
3374921
3374993
3375040
3375168
3375244
3375421
3375426
3375488
3375491
3375600
3375604
3375766
3376084
3376088
3376253
3376343
3376407
3376497
3376578
3377057
3377090
3377169
3377182
3377343
3377500
3377551
3377587
3377592
3377635
3377760
3377849
3378088
3378089
3378250
3378582
3378835
3379064
3379106
3379131
3379164
3379439
3379514
3379521
3379673
3379694
3379707
3379739
3379796
3379928
3379950
3380111
3380190
3380441
3380469
3380483
3380520
3380643
3380863
3380884
3380902
3381204
3381221
3381223
3381229
3381530
3381563
3381593
3381679
3381880
3381944
3381982
3382020
3382232
3382267
3382433
3382487
3382650
3382666
3382679
3382684
3382713
3382888
3382928
3383003
3383194
3383274
3383276
3383290
3383552
3383554
3383683
3383922
3384012
3384013
3384269
3384287
3384419
3384526
3384543
3384639
3384656
3384684
3384690
3384719
3384767
3384781
3384889
3384932
3384957
3384993
3385149
3385355
3385550
3385691
3385739
3385877
3385916
3385938
3386055
3386137
3386225
3386266
3386780
3386800
3386912
3387040
3387085
3387405
3387443
3387458
3387508
3387515
3387526
3387604
3387609
3387720
3387993
3388355
3388452
3388856
3388877
3388903
3389078
3389301
3389433
3389674
3389874
3389979
3390021
3390057
3390115
3390166
3390179
3390285
3390544
3390736
3390768
3390835
3390841
3391336
3391380
3391391
3391616
3391622
3391709
3391734
3391780
3391817
3391904
3392081
3392099
3392136
3392239
3392552
3392606
3392620
3392651
3392732
3392836
3392943
3393113
3393319
3393572
3393734
3393757
3393772
3393917
3394002
3394021
3394089
3394121
3394158
3394170
3394171
3394347
3394375
3394517
3394948
3395058
3395098
3395132
3395271
3395336
3395398
3395449
3395495
3395648
3395997
3396082
3396101
3396264
3396286
3396338
3396452
3396591
3396661
3396665
3396690
3396859
3397028
3397071
3397236
3397334
3397445
3397530
3397567
3397647
3397788
3397833
3397844
3397848
3397874
3398161
3398180
3398295
3398502
3398505
3398771
3398921
3398926
3398930
3398936
3399002
3399303
3399491
3399548
3399605
3399647
3399724
3400047
3400173
3400251
3400289
3400301
3400330
3400392
3400576
3400603
3400639
3400758
3400985
3401116
3401176
3401413
3401445
3401474
3401562
3401581
3401634
3401658
3401730
3402005
3402030
3402079
3402156
3402376
3402456
3402458
3402583
3402729
3402827
3402881
3403006
3403015
3403033
3403080
3403095
3403350
3403590
3403670
3403675
3403698
3403835
3404107
3404341
3404357
3404383
3404432
3404526
3404531
3404567
3404706
3404844
3404864
3404984
3405066
3405199
3405326
3405372
3405519
3405561
3405662
3405778
3405842
3405854
3406019
3406158
3406176
3406213
3406314
3406516
3406557
3406573
3406710
3406984
3407017
3407280
3407351
3407692
3407707
3407727
3407801
3407806
3407935
3408172
3408215
3408220
3408512
3408607
3409003
3409217
3409291
3409515
3409606
3409805
3410041
3410301
3410343
3410413
3410431
3410464
3410672
3410687
3410696
3410771
3410872
3410900
3410927
3411024
3411046
3411161
3411199
3411250
3411256
3411308
3411310
3411355
3411563
3411588
3411691
3411925
3411972
3412030
3412088
3412116
3412283
3412289
3412333
3412397
3412409
3412426
3412430
3412646
3412647
3412711
3412745
3412770
3412869
3412960
3413164
3413294
3413419
3413448
3413522
3413529
3413660
3413806
3413823
3413917
3413957
3413994
3414019
3414193
3414460
3414642
3415093
3415126
3415185
3415287
3415360
3415572
3415585
3415698
3415722
3415859
3415996
3416097
3416128
3416157
3416270
3416409
3416638
3416743
3416931
3417089
3417143
3417260
3417292
3417299
3417435
3417636
3417650
3418046
3418110
3418216
3418237
3418384
3418438
3418441
3418470
3418775
3418822
3418909
3418965
3418993
3419044
3419124
3419156
3419606
3419627
3419726
3419855
3419998
3420023
3420024
3420054
3420079
3420090
3420225
3420401
3420462
3420536
3420554
3420588
3420665
3420720
3420906
3420927
3420941
3420958
3420998
3421101
3421286
3421334
3421404
3421842
3421998
3422080
3422089
3422169
3422192
3422204
3422355
3422540
3422636
3422832
3422834
3422896
3422967
3423004
3423033
3423070
3423075
3423238
3423568
3423702
3423780
3423808
3423970
3424109
3424134
3424141
3424177
3424376
3424574
3424786
3424877
3424998
3425036
3425100
3425127
3425155
3425239
3425415
3425441
3425568
3425737
3425839
3425932
3425981
3426052
3426077
3426080
3426107
3426232
3426308
3426582
3426896
3426948
3426955
3427066
3427137
3427165
3427415
3427473
3427588
3427622
3427700
3427969
3427973
3427992
3428097
3428142
3428262
3428375
3428403
3428533
3428744
3428777
3428795
3428903
3428905
3428923
3428982
3429232
3429248
3429308
3429336
3429439
3429602
3429800
3429865
3429987
3430063
3430084
3430331
3430614
3430656
3430761
3430773
3431014
3431310
3431398
3431547
3431650
3431764
3432098
3432231
3432368
3432529
3432629
3432680
3432843
3432938
3432970
3433024
3433100
3433165
3433174
3433258
3433503
3433538
3433608
3433609
3433720
3433788
3433972
3434078
3434114
3434378
3434419
3434479
3434548
3434572
3434615
3434621
3434798
3435076
3435110
3435125
3435259
3435269
3435529
3435601
3435624
3435715
3435790
3435970
3435980
3436307
3436441
3436686
3436805
3436826
3436854
3436923
3436932
3436961
3437014
3437048
3437089
3437187
3437200
3437231
3437341
3437406
3437562
3437607
3437640
3437646
3437786
3437795
3437848
3437914
3437939
3437947
3437961
3437966
3437981
3437988
3438039
3438088
3438266
3438295
3438320
3438410
3438694
3438736
3438766
3439064
3439091
3439186
3439253
3439333
3439404
3439444
3439483
3439674
3439691
3439869
3439930
3439970
3439973
3439983
3439989
3440044
3440211
3440258
3440593
3440609
3440745
3440813
3441294
3441335
3441373
3441540
3441560
3441580
3441660
3441852
3441917
3442092
3442246
3442445
3442491
3442567
3442701
3442751
3442924
3442935
3443248
3443301
3443333
3443513
3443555
3443726
3443958
3443965
3443977
3444135
3444245
3444430
3444513
3444654
3444708
3444726
3445076
3445133
3445144
3445162
3445171
3445178
3445215
3445301
3445409
3445643
3445649
3445703
3445713
3445749
3445776
3446470
3446514
3446647
3446697
3446730
3446902
3446925
3447145
3447218
3447498
3447508
3447671
3447726
3447756
3447794
3447913
3447928
3447993
3448010
3448023
3448070
3448076
3448142
3448341
3448513
3448693
3448813
3448925
3449001
3449015
3449047
3449097
3449121
3449144
3449150
3449485
3449583
3449715
3449770
3449874
3449878
3450004
3450068
3450119
3450166
3450189
3450389
3450478
3451003
3451014
3451113
3451172
3451265
3451320
3451353
3451486
3451532
3451561
3451675
3451697
3451708
3451764
3451814
3451838
3452150
3452285
3452409
3452561
3452569
3452633
3452734
3452761
3452789
3452793
3452961
3453010
3453023
3453075
3453085
3453321
3453471
3453613
3453731
3453897
3453959
3454091
3454109
3454136
3454162
3454265
3454533
3454545
3454561
3454671
3454770
3455013
3455094
3455100
3455239
3455271
3455315
3455353
3455459
3455512
3455522
3455560
3455591
3455747
3455805
3456146
3456222
3456315
3456470
3456582
3456591
3456624
3456712
3456758
3457325
3457455
3457552
3457557
3457785
3457853
3458060
3458115
3458180
3458247
3458324
3458396
3458440
3458641
3458657
3458765
3458890
3458948
3459036
3459056
3459104
3459346
3459415
3459533
3459620
3459643
3459740
3459763
3459773
3459851
3459866
3459915
3459930
3460047
3460085
3460348
3460375
3460443
3460465
3460476
3460530
3460554
3460558
3460571
3460646
3460705
3460956
3461095
3461105
3461147
3461189
3461193
3461245
3461252
3461454
3461487
3461728
3461796
3461953
3461975
3462064
3462070
3462072
3462250
3462274
3462283
3462305
3462549
3462695
3462789
3462802
3462833
3463066
3463157
3463226
3463281
3463334
3463357
3463476
3463528
3463532
3463538
3463578
3463639
3463741
3463841
3464002
3464110
3464555
3464568
3464747
3464853
3465144
3465360
3465447
3465530
3465551
3465613
3465625
3465751
3465791
3465809
3466139
3466425
3466523
3466598
3466633
3466721
3466793
3466852
3466883
3466911
3467148
3467168
3467213
3467226
3467448
3467779
3468001
3468197
3468236
3468253
3468303
3468356
3468486
3468722
3468729
3468737
3468905
3469011
3469044
3469047
3469104
3469170
3469193
3469200
3469304
3469825
3469897
3469925
3469961
3469969
3470105
3470129
3470413
3470453
3470469
3470479
3470523
3470617
3470739
3470792
3470794
3470917
3471034
3471133
3471193
3471233
3471381
3471452
3471458
3471533
3471728
3471844
3471882
3471914
3471934
3471958
3472009
3472023
3472471
3472786
3472831
3472856
3472859
3472869
3472886
3472894
3473036
3473043
3473106
3473220
3473241
3473242
3473367
3473406
3473687
3473788
3473857
3474460
3474487
3474714
3474945
3474961
3474976
3475004
3475005
3475043
3475197
3475229
3475235
3475508
3475567
3475607
3475803
3476002
3476089
3476331
3476371
3476519
3476529
3476550
3476584
3476678
3476739
3476832
3476842
3477132
3477137
3477181
3477280
3477405
3477505
3477518
3477562
3477583
3477636
3477699
3477727
3477754
3477805
3478109
3478396
3478409
3478468
3478472
3478572
3478688
3478778
3478918
3478982
3479026
3479054
3479146
3479153
3479182
3479249
3479257
3479410
3479597
3479643
3479697
3479836
3479878
3480173
3480218
3480247
3480298
3480430
3480593
3480636
3480638
3480829
3480989
3481004
3481108
3481125
3481508
3481527
3481549
3481698
3481705
3481863
3482037
3482093
3482149
3482158
3482175
3482339
3482378
3482648
3482697
3482729
3482804
3482811
3483071
3483351
3483363
3483669
3483681
3483687
3483696
3483951
3484125
3484218
3484343
3484633
3484668
3484734
3484959
3485101
3485401
3485431
3485464
3485815
3486011
3486138
3486500
3486535
3486602
3486639
3486701
3486854
3487255
3487452
3487481
3487674
3487841
3487868
3488195
3488416
3488453
3488528
3488578
3488590
3488673
3488748
3488776
3488949
3488972
3489174
3489459
3489605
3489663
3489717
3489857
3489938
3489992
3490093
3490162
3490170
3490245
3490539
3490545
3490569
3490650
3490658
3490678
3490716
3490733
3490885
3490912
3490979
3491025
3491153
3491196
3491206
3491261
3491262
3491438
3491678
3491842
3491902
3492604
3492676
3492820
3493020
3493056
3493154
3493278
3493303
3493454
3493715
3493804
3493807
3494070
3494113
3494227
3494305
3494348
3494378
3494408
3494479
3494744
3495003
3495086
3495219
3495295
3495477
3495558
3495565
3495599
3495826
3495984
3496063
3496191
3496383
3496505
3496539
3496913
3496949
3496983
3497177
3497370
3497412
3497578
3497810
3497884
3498018
3498020
3498330
3498385
3498386
3498412
3498504
3498552
3498738
3498782
3498821
3498846
3498903
3498945
3498993
3499068
3499105
3499114
3499115
3499136
3499306
3499400
3499444
3499484
3499649
3499713
3499922
3499926
3500111
3500174
3500190
3500201
3500261
3500266
3500385
3500644
3500780
3500825
3500846
3500885
3500914
3501048
3501572
3501599
3501712
3501740
3501798
3501816
3501881
3502008
3502011
3502050
3502122
3502312
3502352
3502376
3502384
3502433
3502491
3502552
3502620
3502717
3502839
3502865
3502906
3502933
3502999
3503013
3503196
3503403
3503547
3503656
3503960
3503984
3504243
3504354
3504491
3504532
3504567
3504577
3504685
3504720
3504723
3504919
3504985
3505060
3505064
3505415
3505421
3505453
3505475
3505494
3505517
3505549
3505624
3505786
3505820
3506045
3506086
3506133
3506192
3506392
3506627
3506644
3506704
3506779
3506874
3506992
3507129
3507185
3507304
3507313
3507383
3507479
3507622
3507801
3507984
3508055
3508083
3508119
3508139
3508150
3508728
3508892
3509096
3509366
3509464
3509489
3509516
3509537
3509599
3509650
3509710
3509992
3510096
3510105
3510122
3510176
3510309
3510428
3510463
3510579
3510590
3510609
3510680
3510785
3510802
3511178
3511332
3511443
3511575
3511613
3511866
3511986
3512016
3512201
3512294
3512673
3512992
3513124
3513144
3513173
3513187
3513211
3513333
3513550
3513570
3513573
3513619
3513715
3513827
3513841
3514078
3514082
3514156
3514293
3514353
3514465
3514495
3514676
3515060
3515122
3515197
3515552
3515594
3515854
3515857
3515933
3516022
3516037
3516147
3516325
3516470
3516726
3516960
3516971
3516991
3517114
3517253
3517271
3517348
3517542
3517583
3517683
3517691
3517835
3517861
3518259
3518460
3518548
3518686
3518755
3518846
3518877
3519199
3519238
3519323
3519361
3519551
3519796
3519855
3519938
3519966
3519983
3519992
3520014
3520035
3520135
3520165
3520201
3520297
3520395
3520582
3520967
3521046
3521066
3521084
3521114
3521137
3521317
3521569
3522092
3522175
3522231
3522350
3522560
3522607
3522639
3522710
3522907
3523004
3523051
3523116
3523303
3523304
3523414
3523430
3523554
3523562
3523684
3523749
3523766
3523943
3524055
3524351
3524671
3524803
3524865
3525152
3525190
3525236
3525453
3525637
3525685
3525884
3525900
3526094
3526097
3526103
3526210
3526479
3526494
3526556
3526670
3526691
3526908
3526952
3527050
3527084
3527196
3527300
3527322
3527772
3527776
3527876
3527889
3527956
3528031
3528072
3528184
3528224
3528244
3528249
3528518
3528542
3528589
3528594
3528851
3528962
3528991
3528995
3529003
3529175
3529234
3529388
3529439
3529765
3529887
3529944
3530010
3530048
3530052
3530134
3530135
3530197
3530366
3530392
3530416
3530473
3530485
3530585
3530592
3530931
3531028
3531036
3531046
3531180
3531286
3531331
3531390
3531408
3531456
3531504
3531688
3531921
3532005
3532209
3532248
3532324
3532416
3532448
3532803
3532834
3533171
3533220
3533226
3533263
3533281
3533304
3533340
3533517
3533563
3533572
3533696
3533878
3534022
3534452
3534617
3534756
3534795
3534813
3535001
3535012
3535268
3535347
3535409
3535422
3535423
3535434
3535971
3536155
3536202
3536220
3536262
3536386
3536461
3536493
3536571
3536665
3536806
3537024
3537028
3537056
3537122
3537256
3537503
3537532
3537651
3537697
3537770
3538076
3538423
3538470
3538559
3538625
3538780
3538823
3538864
3538940
3539146
3539498
3539523
3539552
3539629
3539636
3539779
3540031
3540067
3540121
3540224
3540362
3540373
3540434
3540448
3540549
3540694
3540703
3540867
3540957
3541121
3541240
3541462
3541602
3541679
3541758
3541759
3542033
3542062
3542516
3542558
3542650
3542667
3542686
3542938
3543080
3543097
3543315
3543337
3543379
3543390
3543461
3543610
3543721
3543784
3544212
3544270
3544300
3544472
3544571
3544716
3544846
3545105
3545213
3545288
3545323
3545349
3545583
3545605
3545630
3545657
3545687
3545693
3545806
3545830
3545951
3546176
3546180
3546188
3546244
3546539
3546622
3546674
3546973
3547122
3547184
3547231
3547413
3547597
3547601
3547809
3547857
3547868
3547870
3548027
3548031
3548385
3548602
3548705
3548738
3548873
3548894
3548920
3549047
3549064
3549072
3549172
3549200
3549203
3549213
3549483
3549534
3549648
3549689
3549713
3549756
3549854
3549858
3550042
3550071
3550186
3550237
3550245
3550510
3550571
3550577
3550718
3551179
3551447
3551467
3551491
3551634
3551688
3551803
3551912
3551958
3552070
3552165
3552192
3552209
3552285
3552610
3552653
3552849
3552940
3553250
3553254
3553378
3553501
3553697
3553797
3553806
3554012
3554075
3554289
3554425
3554430
3554432
3554456
3554507
3554539
3554764
3554778
3554969
3555209
3555301
3555370
3555396
3555482
3555619
3555773
3556061
3556174
3556211
3556330
3556448
3556662
3556709
3556736
3556770
3556948
3557071
3557130
3557206
3557278
3557327
3557332
3557360
3557391
3557433
3557510
3557513
3557564
3557788
3557867
3557881
3557907
3557965
3557990
3558012
3558116
3558136
3558315
3558387
3558402
3558592
3558857
3558942
3559032
3559228
3559344
3559566
3559664
3559761
3559766
3559981
3559984
3560030
3560131
3560184
3560312
3560349
3560530
3560846
3560983
3560988
3561005
3561096
3561485
3561491
3561696
3561819
3561835
3562229
3562313
3562485
3562588
3562652
3562773
3562798
3563016
3563045
3563237
3563385
3563417
3563419
3563563
3563709
3563719
3564093
3564503
3564605
3564625
3564701
3564954
3565157
3565227
3565245
3565330
3565336
3565434
3565461
3565588
3565756
3565806
3566118
3566335
3566476
3566495
3566569
3566617
3566827
3566868
3566903
3567045
3567164
3567225
3567485
3567487
3567503
3567513
3567632
3567729
3567778
3567858
3567925
3568175
3568278
3568505
3568575
3568727
3568818
3568819
3569001
3569255
3569287
3569293
3569423
3569435
3569530
3569716
3569755
3569843
3569857
3570062
3570124
3570272
3570575
3570766
3570779
3571039
3571082
3571173
3571201
3571469
3571682
3571818
3571841
3571851
3571926
3571928
3572121
3572199
3572237
3572260
3572347
3572381
3572431
3572466
3572583
3572775
3572817
3572984
3573046
3573048
3573211
3573261
3573350
3573400
3573509
3573946
3574079
3574099
3574113
3574201
3574491
3574561
3574688
3574709
3574758
3574932
3575036
3575189
3575247
3575289
3575513
3575562
3575631
3575908
3576163
3576318
3576505
3576600
3576676
3576710
3576741
3577193
3577245
3577256
3577308
3577439
3577694
3577944
3577966
3578033
3578073
3578220
3578248
3578339
3578402
3578433
3578577
3578596
3578797
3578838
3578883
3578921
3578985
3579051
3579292
3579369
3579496
3579556
3579817
3579858
3579926
3580090
3580093
3580137
3580300
3580307
3580315
3580464
3580476
3580648
3580737
3580770
3580869
3580890
3580903
3580948
3581179
3581301
3581392
3581415
3581540
3581648
3581700
3581740
3582180
3582369
3582760
3582839
3582847
3583184
3583231
3583314
3583565
3583568
3583571
3583687
3583814
3583892
3584006
3584081
3584134
3584241
3584263
3584308
3584385
3584398
3584414
3584455
3584494
3584689
3584960
3585141
3585211
3585258
3585424
3585684
3585698
3585841
3586078
3586305
3586359
3586389
3586670
3586813
3586835
3586860
3586893
3587000
3587208
3587227
3587286
3587361
3587363
3587378
3587380
3587386
3587530
3587748
3587880
3587885
3587901
3588011
3588120
3588175
3588206
3588399
3588496
3588724
3588752
3588806
3588824
3589061
3589400
3589425
3589681
3589814
3589873
3589979
3590132
3590298
3590301
3590391
3590897
3590929
3591053
3591152
3591418
3591474
3591483
3591514
3591534
3591706
3591787
3591826
3591914
3591922
3592044
3592238
3592255
3592506
3592570
3592712
3592769
3592930
3592945
3592958
3593037
3593039
3593044
3593192
3593241
3593289
3593508
3593535
3593597
3593634
3593650
3593656
3594280
3594310
3594315
3594431
3594466
3594668
3595025
3595086
3595182
3595194
3595387
3595418
3595469
3595475
3595479
3595523
3595685
3595734
3595751
3595790
3595907
3595996
3596103
3596235
3596331
3596418
3596445
3596518
3596537
3596644
3596663
3596760
3597023
3597082
3597095
3597099
3597378
3597479
3597486
3597523
3597606
3597607
3597701
3597902
3598400
3598493
3598502
3598526
3598629
3598705
3599072
3599401
3599453
3599671
3599673
3599751
3599780
3600019
3600126
3600195
3600267
3600344
3600828
3600844
3600870
3600945
3601066
3601304
3601367
3601467
3601516
3601605
3601649
3601825
3601832
3601975
3602090
3602108
3602212
3602232
3602307
3602314
3602370
3602372
3602405
3602770
3602811
3602879
3602978
3603430
3603750
3603822
3603830
3603838
3603937
3604009
3604022
3604100
3604144
3604155
3604157
3604167
3604207
3604334
3604493
3604685
3605076
3605081
3605093
3605191
3605195
3605484
3605495
3605641
3605692
3605720
3605816
3605986
3605993
3606270
3606311
3606569
3606602
3606946
3607127
3607548
3607588
3607612
3607753
3607810
3607907
3607974
3607978
3608019
3608021
3608314
3608598
3608626
3608703
3608712
3608777
3608803
3608934
3608984
3608988
3609152
3609312
3609418
3609468
3609662
3609664
3609781
3609828
3609897
3609946
3610150
3610195
3610358
3610484
3610509
3610519
3610556
3610653
3610792
3610860
3611138
3611175
3611272
3611283
3611571
3611711
3611728
3612009
3612102
3612184
3612361
3612483
3612500
3612576
3612604
3612777
3612794
3613191
3613197
3613264
3613324
3613350
3613563
3613643
3614005
3614019
3614047
3614245
3614458
3614460
3614577
3614589
3614705
3614727
3614830
3614840
3614902
3614931
3614989
3614998
3615097
3615140
3615407
3615411
3615593
3615738
3615763
3615960
3616041
3616064
3616133
3616211
3616215
3616236
3616241
3616263
3616418
3616476
3616716
3616734
3616929
3617240
3617341
3617430
3617457
3617636
3617654
3617694
3617838
3618008
3618039
3618125
3618187
3618396
3618427
3618449
3618510
3618620
3618649
3618658
3618669
3618675
3618694
3618791
3618871
3619199
3619248
3619367
3619559
3619629
3619786
3619809
3619879
3619893
3619993
3620093
3620246
3620298
3620464
3620530
3620828
3620881
3620907
3621219
3621360
3621439
3621440
3621487
3621745
3621777
3621798
3621885
3621892
3622088
3622098
3622141
3622393
3622478
3622568
3622617
3622635
3622792
3622800
3622832
3622884
3622941
3622962
3623155
3623164
3623326
3623339
3623440
3623550
3623973
3624091
3624137
3624181
3624272
3624319
3624362
3624461
3624592
3624690
3624719
3624957
3624972
3625304
3625447
3625485
3625547
3625625
3625875
3625918
3625934
3625963
3626095
3626131
3626358
3626367
3626495
3626532
3626653
3626852
3626995
3626998
3627077
3627171
3627175
3627237
3627346
3627556
3627568
3627618
3627822
3627849
3627902
3627912
3628070
3628098
3628121
3628179
3628186
3628314
3628317
3628429
3628604
3628666
3628705
3628769
3628885
3628979
3629096
3629123
3629227
3629254
3629407
3629434
3629750
3629757
3629930
3630031
3630255
3630303
3630342
3630388
3630433
3630634
3630717
3630846
3630850
3630952
3630959
3630966
3631072
3631108
3631177
3631366
3631444
3631750
3631804
3631813
3632146
3632175
3632221
3632267
3632285
3632420
3632760
3633055
3633155
3633209
3633245
3633454
3633563
3633581
3633583
3633612
3634230
3634347
3634501
3634529
3634564
3634804
3634818
3634915
3635028
3635115
3635151
3635185
3635198
3635219
3635271
3635468
3635677
3635679
3635844
3635850
3635946
3635949
3635961
3636013
3636257
3636424
3636571
3636791
3636910
3636915
3636979
3637001
3637078
3637120
3637178
3637208
3637254
3637507
3637606
3637631
3637636
3637827
3637904
3637960
3638101
3638224
3638231
3638251
3638671
3638679
3638810
3638980
3639411
3639466
3639555
3640317
3640400
3640418
3640530
3640612
3640616
3640644
3640683
3640874
3640948
3641083
3641113
3641263
3641270
3641359
3641423
3641517
3641562
3642366
3642386
3642394
3642780
3642938
3643079
3643185
3643197
3643292
3643504
3643707
3643748
3643779
3643889
3643903
3644010
3644014
3644023
3644065
3644243
3644278
3644284
3644318
3644332
3644424
3644521
3644586
3644658
3644820
3645041
3645075
3645177
3645200
3645967
3646276
3646304
3646572
3646950
3646980
3647000
3647065
3647167
3647335
3647399
3647622
3647784
3647797
3647812
3647910
3648022
3648147
3648259
3648419
3648446
3648546
3648570
3648832
3648931
3648964
3648967
3649161
3649172
3649178
3649244
3649338
3649343
3649419
3649450
3649586
3649639
3649646
3649859
3649884
3649983
3650010
3650071
3650077
3650146
3650240
3650447
3650494
3650688
3650718
3650768
3650877
3650944
3651017
3651237
3651469
3651500
3651569
3651651
3651657
3651788
3652009
3652064
3652151
3652197
3652401
3652540
3652592
3652609
3652685
3652756
3652781
3652957
3653121
3653137
3653189
3653280
3653439
3653563
3653625
3653797
3654051
3654074
3654163
3654177
3654183
3654192
3654254
3654385
3654502
3654894
3655093
3655196
3655198
3655222
3655233
3655475
3655585
3655616
3655691
3655710
3655831
3655858
3656114
3656177
3656188
3656268
3656429
3656499
3656553
3656706
3656779
3656805
3656868
3657016
3657017
3657110
3657164
3657210
3657339
3657362
3657418
3657653
3657664
3657667
3657675
3657716
3657789
3657809
3657815
3658161
3658207
3658586
3658681
3658697
3658705
3658744
3658792
3658991
3659361
3659399
3659436
3659545
3659886
3660221
3660232
3660352
3660422
3660531
3660538
3660549
3660698
3660836
3660963
3661006
3661097
3661137
3661634
3661698
3661846
3661946
3661982
3662001
3662069
3662336
3662385
3662414
3662445
3662622
3662923
3662966
3663186
3663195
3663339
3663624
3663804
3663954
3664035
3664116
3664205
3664309
3664529
3664539
3664541
3664725
3665108
3665296
3665386
3665546
3665625
3665835
3665841
3665880
3666022
3666122
3666236
3666299
3666375
3666410
3666448
3666773
3666846
3666852
3667106
3667133
3667297
3667408
3667593
3667622
3667660
3667711
3667815
3668072
3668539
3668541
3668671
3668797
3668808
3669171
3669209
3669214
3669372
3669390
3669476
3669509
3669510
3669512
3669517
3669532
3669536
3669615
3669911
3669955
3670064
3670139
3670294
3670351
3670492
3670517
3670550
3670559
3670603
3670745
3670747
3670831
3670858
3670956
3670962
3670991
3671024
3671115
3671294
3671644
3671724
3671814
3671827
3671869
3671907
3672019
3672040
3672091
3672156
3672167
3672218
3672242
3672309
3672545
3672554
3672614
3672829
3672873
3672967
3673045
3673405
3673432
3673646
3673665
3673673
3673717
3673772
3673773
3673856
3673951
3673976
3673980
3674147
3674230
3674680
3674745
3674767
3674860
3675032
3675125
3675172
3675225
3675378
3675798
3675821
3675830
3675993
3676533
3676719
3676740
3676900
3676909
3676944
3676988
3677068
3677109
3677154
3677543
3677579
3677663
3677730
3677756
3677956
3677968
3678100
3678153
3678352
3678437
3678451
3678561
3678590
3678720
3679011
3679209
3679437
3679713
3679745
3679767
3679769
3679772
3679813
3680038
3680085
3680163
3680521
3680562
3680619
3680733
3680752
3680810
3680892
3680987
3681018
3681136
3681216
3681236
3681242
3681249
3681273
3681549
3681610
3681648
3681682
3681713
3681728
3681767
3681905
3681920
3682027
3682120
3682275
3682288
3682401
3682544
3682599
3682725
3682849
3682884
3682903
3682998
3683222
3683278
3683429
3683440
3683519
3683737
3683827
3683844
3683857
3683900
3684140
3684173
3684219
3684256
3684273
3684314
3684433
3684478
3684526
3684722
3684801
3684864
3684889
3685063
3685076
3685552
3685583
3685604
3685773
3685824
3685854
3685963
3686000
3686017
3686035
3686198
3686258
3686274
3686355
3686526
3686775
3686789
3686899
3686916
3687089
3687208
3687442
3687459
3687486
3687595
3687679
3687871
3688007
3688018
3688053
3688108
3688292
3688322
3688344
3688433
3688462
3688486
3688591
3688631
3688733
3688888
3688936
3688947
3688987
3689159
3689355
3689494
3689763
3689869
3689878
3689906
3689966
3689983
3690006
3690035
3690084
3690156
3690203
3690235
3690480
3690561
3690583
3690597
3690636
3690657
3690672
3690742
3690825
3690865
3691044
3691195
3691428
3691430
3691432
3691440
3691677
3691754
3691780
3691950
3692167
3692229
3692242
3692498
3692649
3692670
3692723
3692771
3692847
3693100
3693165
3693194
3693206
3693453
3693467
3693509
3693556
3693619
3693691
3693707
3693813
3693835
3693914
3693923
3694093
3694121
3694148
3694237
3694267
3694421
3694428
3694668
3694715
3694779
3694836
3694979
3695108
3695468
3695692
3695703
3695757
3695960
3696318
3696348
3696547
3696598
3696717
3696936
3697050
3697059
3697103
3697251
3697278
3697417
3697478
3697634
3697643
3697688
3697820
3698228
3698240
3698434
3698443
3698550
3698594
3698751
3698926
3698928
3698987
3699011
3699024
3699176
3699192
3699305
3699556
3699735
3699945
3699954
3699978
3700204
3700245
3700261
3700319
3700404
3700709
3700787
3700823
3700861
3700954
3700990
3701278
3701362
3701459
3701465
3701774
3701998
3702015
3702160
3702219
3702222
3702242
3702338
3702416
3702568
3702569
3702624
3702648
3702676
3702810
3702850
3702886
3702888
3702948
3702974
3703181
3703189
3703293
3703305
3703334
3703383
3703581
3703878
3703970
3704182
3704415
3704480
3704486
3704711
3704821
3704940
3704956
3705105
3705114
3705233
3705344
3705606
3705660
3705776
3705785
3705813
3705827
3705839
3706041
3706100
3706166
3706286
3706295
3706422
3706446
3706547
3706939
3706947
3706977
3707182
3707337
3707470
3707619
3707699
3707797
3707882
3707890
3708174
3708267
3708291
3708338
3708374
3708731
3708784
3709043
3709074
3709209
3709271
3709426
3709441
3709742
3709818
3709958
3710008
3710062
3710242
3710307
3710509
3710526
3710727
3710780
3710786
3710892
3710917
3710941
3711069
3711077
3711192
3711459
3711796
3711823
3711877
3711881
3711931
3712075
3712240
3712280
3712411
3712442
3712483
3712619
3712622
3712649
3712764
3712772
3712886
3712914
3712916
3713258
3713403
3713458
3713603
3713675
3713760
3713769
3714062
3714134
3714186
3714254
3714342
3714502
3714624
3714625
3714722
3715022
3715212
3715216
3715239
3715355
3715444
3715533
3715579
3715625
3715859
3715874
3715899
3715981
3716011
3716269
3716321
3716326
3716492
3716505
3716632
3716730
3717081
3717365
3717378
3717391
3717462
3717624
3717847
3717921
3717927
3718002
3718016
3718042
3718126
3718171
3718242
3718280
3718313
3718918
3719126
3719175
3719224
3719229
3719295
3719311
3719313
3719314
3719456
3719636
3719649
3719676
3719898
3719908
3719926
3720092
3720124
3720234
3720568
3720582
3720883
3721050
3721132
3721138
3721144
3721156
3721197
3721252
3721531
3721616
3721732
3721848
3721914
3721968
3722211
3722415
3722425
3722655
3722691
3722812
3722882
3722962
3723087
3723115
3723258
3723323
3723498
3723696
3723698
3723831
3723962
3724119
3724201
3724245
3724309
3724386
3724475
3724484
3724528
3724549
3724724
3724778
3724847
3724857
3724891
3725035
3725237
3725338
3725460
3725636
3725699
3725720
3725775
3725813
3725991
3726056
3726112
3726164
3726327
3726385
3726401
3726512
3726545
3726775
3726796
3726908
3726963
3727015
3727184
3727285
3727422
3727635
3727664
3727671
3727848
3727865
3727876
3728004
3728230
3728330
3728353
3728467
3728497
3728560
3728673
3728685
3728714
3728719
3728779
3728845
3728850
3729131
3729219
3729247
3729260
3729383
3729399
3729405
3729419
3729436
3729448
3729499
3729525
3729545
3729561
3729624
3729720
3729731
3729788
3729820
3729946
3729969
3730150
3730194
3730224
3730239
3730579
3730665
3730691
3730770
3730872
3730941
3730960
3731110
3731127
3731195
3731208
3731271
3731304
3731322
3731337
3731362
3731447
3731460
3731513
3731543
3731607
3731615
3731639
3731811
3731891
3731971
3732103
3732349
3732436
3732795
3732804
3732847
3732855
3732861
3732864
3732959
3732972
3733106
3733147
3733267
3733433
3733552
3733572
3733640
3733643
3733710
3734196
3734205
3734314
3734427
3734508
3734533
3734630
3734974
3735025
3735055
3735061
3735073
3735082
3735318
3735431
3735515
3735585
3735645
3735811
3735827
3735885
3736001
3736194
3736245
3736451
3736464
3736711
3736923
3736978
3736984
3737070
3737105
3737134
3737203
3737295
3737613
3737631
3737929
3737960
3738119
3738202
3738378
3738697
3738764
3738853
3738879
3739032
3739261
3739372
3739389
3739394
3739539
3739548
3739571
3739583
3740065
3740077
3740174
3740264
3740433
3740506
3740531
3740552
3740565
3740640
3740663
3740722
3740769
3740811
3740826
3741105
3741510
3741562
3741622
3741719
3741762
3741804
3741818
3741829
3741917
3742095
3742163
3742195
3742207
3742257
3742283
3742808
3742852
3743006
3743047
3743058
3743078
3743143
3743344
3743380
3743572
3743667
3743684
3743786
3743800
3744051
3744082
3744094
3744107
3744131
3744233
3744382
3744489
3744509
3744567
3744581
3744618
3744702
3744822
3744881
3745058
3745142
3745145
3745199
3745206
3745275
3745473
3745740
3745774
3745978
3746596
3746621
3746882
3746925
3747092
3747194
3747283
3747316
3747331
3747383
3747423
3747462
3747718
3747810
3748024
3748068
3748126
3748131
3748185
3748233
3748276
3748379
3748431
3748439
3748462
3748465
3748511
3748571
3748693
3749068
3749090
3749162
3749294
3749351
3749471
3749691
3749748
3749774
3749836
3749910
3749918
3750035
3750135
3750435
3750829
3750835
3751062
3751121
3751164
3751269
3751321
3751327
3751341
3751486
3751612
3751687
3751959
3752154
3752161
3752258
3752268
3752299
3752318
3752328
3752388
3752396
3752440
3752765
3753241
3753283
3753590
3753754
3753837
3753840
3753845
3753950
3754021
3754208
3754210
3754355
3754535
3754678
3754725
3754804
3754805
3754836
3755147
3755249
3755334
3755516
3755625
3755779
3755781
3755798
3755823
3756036
3756248
3756450
3756524
3756596
3756654
3756672
3756739
3756832
3756855
3756868
3756920
3757030
3757073
3757140
3757147
3757164
3757171
3757237
3757313
3757375
3757609
3757621
3757642
3757670
3757731
3757761
3757774
3757793
3758082
3758101
3758106
3758153
3758161
3758365
3758496
3758510
3758637
3758969
3759014
3759134
3759379
3759443
3759595
3759624
3759724
3759795
3759849
3759862
3759886
3759936
3760008
3760233
3760280
3760312
3760331
3760363
3760535
3760590
3760600
3760648
3760950
3760960
3760999
3761081
3761238
3761241
3761393
3761470
3761490
3761600
3761683
3761744
3761791
3761885
3761979
3761999
3762015
3762163
3762184
3762321
3762430
3762559
3762607
3762611
3762612
3762628
3762685
3762705
3762881
3762906
3763113
3763146
3763166
3763339
3763568
3763705
3763727
3763795
3763812
3763887
3763897
3763946
3763993
3764015
3764096
3764184
3764306
3764484
3764622
3764719
3764839
3764866
3764918
3764980
3765027
3765272
3765410
3765467
3765543
3765575
3765675
3765907
3765958
3765959
3765990
3766007
3766019
3766446
3766523
3766528
3766617
3766651
3766875
3767172
3767218
3767239
3767298
3767412
3767543
3767544
3767598
3767666
3767954
3768114
3768236
3768409
3768552
3768597
3768624
3768676
3768817
3768826
3768830
3769277
3769278
3769375
3769430
3769543
3769570
3769584
3769610
3769617
3769827
3769843
3769883
3770229
3770280
3770315
3770347
3770482
3770538
3770595
3770627
3770652
3770832
3770867
3770895
3771017
3771029
3771109
3771118
3771242
3771298
3771450
3771783
3771917
3771937
3772000
3772005
3772017
3772071
3772094
3772101
3772224
3772299
3772308
3772342
3772375
3772426
3772594
3772889
3772945
3772968
3773305
3773470
3773813
3773824
3773921
3773940
3773954
3773960
3774135
3774140
3774340
3774415
3774507
3774797
3774857
3774861
3775061
3775187
3775188
3775214
3775219
3775438
3775514
3775604
3775700
3775808
3775990
3776165
3776177
3776187
3776581
3776589
3776677
3776694
3776789
3776878
3777247
3777270
3777399
3777626
3777665
3777876
3778113
3778209
3778300
3778328
3778417
3778465
3778572
3778676
3778739
3778786
3778853
3778963
3779005
3779128
3779380
3779398
3779538
3779598
3779656
3779927
3779955
3779997
3780056
3780236
3780281
3780294
3780328
3780439
3780601
3780850
3780855
3780864
3780972
3781190
3781269
3781297
3781326
3781601
3781632
3781737
3781764
3782024
3782043
3782113
3782146
3782232
3782281
3782369
3782585
3782614
3782664
3782682
3782826
3782941
3783149
3783218
3783232
3783279
3783419
3783442
3783529
3783562
3783819
3783970
3783994
3784140
3784144
3784191
3784475
3784550
3784662
3784669
3784713
3784772
3784847
3784947
3784996
3785057
3785091
3785236
3785301
3785560
3785584
3785605
3785675
3785696
3786008
3786169
3786218
3786241
3786371
3786461
3786620
3786667
3786694
3786808
3786865
3786879
3787004
3787175
3787180
3787198
3787736
3787784
3787809
3788300
3788329
3788397
3788602
3788692
3788749
3788839
3788938
3789036
3789062
3789366
3789368
3789369
3789401
3789490
3789600
3789733
3789742
3789832
3789894
3789968
3790207
3790222
3790277
3790368
3790413
3790428
3790444
3790489
3790498
3790529
3790645
3790721
3790776
3790787
3790881
3791032
3791173
3791257
3791285
3791415
3791481
3791526
3791658
3791792
3791796
3791935
3791954
3792043
3792099
3792151
3792168
3792257
3792349
3792432
3792508
3792533
3792828
3792882
3793033
3793059
3793232
3793327
3793915
3793962
3794057
3794074
3794132
3794239
3794256
3794450
3794512
3794913
3794926
3795003
3795062
3795063
3795090
3795276
3795294
3795319
3795463
3795521
3795581
3795613
3795922
3795980
3796235
3796355
3796377
3796514
3796601
3796652
3796760
3796840
3796962
3797000
3797121
3797265
3797278
3797291
3797309
3797462
3797508
3797684
3797704
3797793
3797920
3797933
3797970
3797974
3797999
3798047
3798048
3798170
3798400
3798473
3798545
3798625
3798679
3798759
3798883
3798896
3799242
3799252
3799317
3799333
3799365
3799442
3799527
3799563
3799736
3799894
3799908
3799911
3799927
3800102
3800194
3800332
3800552
3800568
3800682
3801039
3801148
3801274
3801303
3801313
3801417
3801603
3801641
3801682
3801720
3801865
3802222
3802313
3802350
3802707
3802721
3802791
3802870
3802940
3802977
3802980
3803345
3803414
3803530
3803671
3803715
3803757
3803834
3804181
3804186
3804579
3804627
3804633
3804946
3804977
3805170
3805254
3805385
3805476
3805622
3805655
3805830
3805859
3806140
3806265
3806274
3806396
3806432
3806465
3806522
3806580
3806643
3806665
3806731
3806738
3806778
3806885
3806930
3807031
3807084
3807139
3807281
3807352
3807443
3807789
3807906
3807956
3808010
3808235
3808268
3808478
3808488
3809040
3809171
3809194
3809315
3809556
3809583
3809833
3809844
3809953
3810029
3810166
3810195
3810287
3810414
3810570
3810652
3810681
3810696
3810701
3810785
3810824
3810827
3810908
3810931
3811077
3811092
3811100
3811136
3811198
3811344
3811377
3811412
3811428
3811546
3811646
3811647
3811662
3811689
3811748
3811917
3811933
3811935
3811976
3812245
3812324
3812345
3812431
3812575
3812602
3812695
3812795
3812863
3812982
3812987
3813318
3813340
3813352
3813410
3813558
3813626
3813787
3813826
3813847
3813993
3814106
3814512
3814537
3814842
3814845
3814927
3814971
3815009
3815046
3815072
3815121
3815334
3815337
3815393
3815534
3815552
3815602
3815634
3815654
3815686
3815749
3815842
3815911
3815974
3816071
3816098
3816190
3816687
3816708
3816742
3816922
3816926
3817207
3817238
3817245
3817350
3817596
3817602
3817720
3817741
3817919
3817923
3817969
3817991
3818101
3818180
3818211
3818234
3818423
3818644
3818783
3818835
3818937
3819068
3819152
3819455
3819935
3819976
3819986
3820184
3820282
3820319
3820366
3820467
3820523
3820636
3820761
3820846
3820899
3820930
3820964
3821029
3821049
3821191
3821252
3821260
3821263
3821273
3821335
3821345
3821362
3821417
3821604
3821703
3821852
3821960
3822071
3822213
3822270
3822281
3822314
3822325
3822374
3822378
3822606
3822649
3822652
3822702
3822725
3822752
3822910
3822947
3823064
3823065
3823158
3823246
3823424
3823429
3823445
3823470
3823477
3823488
3823498
3823784
3823892
3823907
3823944
3824099
3824122
3824306
3824325
3824392
3824444
3824517
3824600
3824601
3825044
3825052
3825101
3825410
3825519
3825602
3825606
3825719
3825772
3825782
3825786
3825885
3826201
3826299
3826378
3826418
3826430
3826659
3826694
3826698
3826743
3826787
3826926
3826928
3826934
3827034
3827039
3827046
3827243
3827248
3827546
3827673
3827723
3827727
3827929
3828050
3828142
3828198
3828291
3828366
3828716
3828721
3828765
3828801
3828818
3828821
3828834
3829090
3829275
3829290
3829375
3829418
3829709
3829749
3829815
3829985
3830125
3830285
3830359
3830376
3830440
3830563
3830721
3830788
3830806
3830846
3830849
3830979
3830982
3831174
3831377
3831406
3831466
3831564
3831620
3831713
3831852
3831883
3831937
3831950
3831994
3832060
3832108
3832115
3832239
3832266
3832378
3832426
3832605
3832626
3832774
3833055
3833283
3833336
3833347
3833545
3833577
3833639
3833932
3833940
3834030
3834052
3834067
3834121
3834167
3834170
3834179
3834212
3834229
3834346
3834379
3834514
3834530
3834675
3834740
3834894
3834908
3834933
3834961
3834978
3835014
3835044
3835115
3835140
3835190
3835339
3835426
3835437
3835648
3835816
3835876
3835969
3836269
3836331
3836406
3836447
3836541
3836612
3836651
3836668
3837054
3837163
3837293
3837406
3837615
3837710
3837753
3837780
3837822
3837955
3838011
3838029
3838121
3838139
3838230
3838302
3838473
3838545
3838553
3838573
3838708
3838757
3838779
3838861
3838973
3839001
3839157
3839332
3839600
3839933
3839974
3840042
3840230
3840293
3840374
3840412
3840417
3840420
3840919
3841185
3841274
3841289
3841571
3841660
3841726
3841749
3841818
3841824
3841875
3841975
3842018
3842021
3842050
3842089
3842097
3842195
3842395
3842692
3842941
3843095
3843138
3843177
3843199
3843415
3843432
3843538
3843553
3843620
3843631
3843648
3843704
3843834
3843953
3844044
3844181
3844346
3844354
3844573
3844615
3844644
3844768
3844811
3844815
3844860
3844995
3845060
3845070
3845092
3845174
3845353
3845394
3845396
3845456
3845467
3845486
3845518
3845841
3845946
3846364
3846396
3846675
3846749
3846822
3846854
3846885
3846942
3847067
3847311
3847523
3847600
3847647
3847766
3848057
3848657
3848734
3848920
3848939
3848953
3848958
3849103
3849142
3849151
3849168
3849194
3849250
3849461
3849564
3849616
3849682
3849778
3849797
3850072
3850199
3850443
3850760
3850789
3850800
3850829
3850831
3850931
3850984
3851006
3851079
3851106
3851111
3851127
3851146
3851159
3851211
3851270
3851325
3851364
3851651
3851670
3851721
3851807
3851839
3851910
3851961
3852105
3852152
3852315
3852634
3852639
3852658
3852872
3853304
3853414
3853523
3853648
3853863
3853945
3854058
3854191
3854208
3854230
3854410
3854661
3854787
3854982
3855038
3855102
3855185
3855215
3855254
3855446
3855485
3855648
3855686
3855727
3855869
3855927
3856017
3856047
3856239
3856521
3856669
3856721
3856960
3857018
3857225
3857272
3857350
3857417
3857512
3857616
3857752
3857818
3857943
3857998
3858376
3858472
3858490
3858769
3858803
3858994
3859004
3859037
3859060
3859324
3859335
3859641
3859736
3859762
3859851
3860075
3860141
3860205
3860299
3860375
3860378
3860498
3860533
3860543
3860560
3860577
3860624
3860651
3860658
3860747
3860778
3860822
3860828
3860955
3861005
3861027
3861054
3861210
3861392
3861482
3861534
3861764
3862029
3862095
3862107
3862149
3862165
3862169
3862281
3862297
3862726
3862761
3862887
3862902
3863102
3863139
3863151
3863340
3863524
3863558
3863875
3864004
3864074
3864252
3864337
3864530
3864595
3864666
3864852
3865008
3865082
3865134
3865137
3865195
3865347
3865696
3866066
3866189
3866399
3866591
3866593
3866607
3866967
3866973
3867027
3867084
3867366
3867440
3867471
3867494
3868051
3868069
3868212
3868251
3868263
3868276
3868298
3868452
3868468
3868472
3868518
3868590
3868641
3868714
3868730
3868792
3869148
3869163
3869189
3869250
3869473
3869513
3869636
3869653
3869737
3869764
3869854
3869855
3870210
3870251
3870366
3870383
3870526
3870589
3870592
3870620
3870717
3870744
3870855
3870876
3871196
3871226
3871247
3871257
3871258
3871281
3871734
3871764
3871838
3871947
3871979
3872313
3872647
3872843
3872922
3873052
3873209
3873222
3873511
3873601
3873605
3873633
3873827
3873833
3873844
3873884
3874032
3874104
3874136
3874371
3874485
3874579
3875192
3875201
3875213
3875461
3875494
3875680
3875762
3875829
3875910
3875971
3875976
3876006
3876139
3876470
3876596
3876673
3876780
3876875
3876904
3877020
3877187
3877220
3877246
3877284
3877428
3877448
3877453
3877585
3877610
3877631
3877689
3877851
3877891
3877978
3878074
3878086
3878175
3878206
3878289
3878476
3878620
3878732
3878740
3878878
3878901
3878990
3879091
3879104
3879133
3879328
3879568
3879603
3879860
3880224
3880271
3880323
3880388
3880432
3880547
3880626
3880694
3880779
3880871
3881164
3881188
3881218
3881250
3881438
3881442
3881495
3881739
3881746
3881902
3881904
3881972
3882086
3882205
3882227
3882350
3882556
3882594
3882824
3882879
3882880
3882954
3883272
3883320
3883450
3883750
3883796
3884186
3884404
3884447
3884528
3884664
3884758
3884940
3884966
3885023
3885257
3885583
3885669
3885744
3885769
3885851
3885931
3885967
3885996
3886036
3886044
3886058
3886105
3886300
3886397
3886438
3886598
3886620
3886897
3886906
3886933
3887099
3887122
3887152
3887174
3887177
3887295
3887418
3887432
3887453
3887515
3887559
3887610
3887644
3887694
3887783
3887842
3887948
3887989
3888125
3888191
3888216
3888247
3888392
3888432
3888451
3888559
3888567
3888826
3888890
3888948
3889229
3889270
3889289
3889297
3889298
3889550
3889647
3889894
3889984
3889990
3890122
3890224
3890256
3890278
3890450
3890665
3890807
3891017
3891057
3891070
3891071
3891105
3891124
3891247
3891358
3891363
3891409
3891533
3891578
3891627
3891767
3891794
3891881
3892083
3892159
3892372
3892559
3892640
3892684
3892709
3892811
3892848
3892883
3893184
3893223
3893401
3893563
3893874
3893992
3894196
3894226
3894305
3894457
3894465
3894694
3894712
3894748
3894799
3894834
3894838
3894862
3894888
3895325
3895483
3895689
3895730
3895800
3896084
3896146
3896147
3896215
3896290
3896443
3896636
3896757
3896817
3896845
3896965
3897008
3897031
3897050
3897224
3897356
3897548
3897552
3897698
3897756
3897917
3897995
3897996
3898003
3898159
3898186
3898195
3898197
3898258
3898432
3898530
3898562
3898733
3898774
3898875
3898922
3899064
3899109
3899358
3900109
3900152
3900164
3900248
3900475
3900556
3900605
3900622
3900685
3900694
3900726
3900942
3900953
3901036
3901173
3901719
3901850
3901914
3901931
3901948
3902066
3902092
3902097
3902107
3902238
3902492
3902552
3902625
3902748
3902809
3902851
3902902
3903123
3903162
3903311
3903406
3903458
3903564
3903588
3903758
3903775
3903937
3904027
3904174
3904193
3904265
3904442
3904593
3904612
3904620
3904755
3904797
3904874
3904971
3904994
3905218
3905448
3905457
3905491
3905518
3905560
3905576
3906071
3906243
3906290
3906302
3906362
3906415
3906416
3906453
3906615
3906710
3906798
3906802
3906818
3907165
3907231
3907443
3907484
3907512
3907584
3907793
3908018
3908068
3908070
3908370
3908429
3908438
3908452
3908610
3908784
3908848
3909532
3909547
3909552
3909649
3909785
3909832
3909948
3910231
3910243
3910467
3910531
3910641
3910860
3911072
3911104
3911202
3911321
3911431
3911471
3912071
3912149
3912173
3912270
3912379
3912399
3912499
3912525
3912528
3912551
3912648
3912710
3912930
3913000
3913058
3913326
3913398
3913496
3913583
3913636
3913643
3913713
3913717
3913809
3913811
3913865
3914208
3914396
3914428
3914430
3914539
3914665
3914672
3914901
3914905
3914998
3915094
3915542
3915582
3915626
3915638
3915679
3915682
3915695
3915755
3915787
3915924
3916019
3916075
3916077
3916089
3916098
3916120
3916357
3916476
3916501
3916548
3916591
3916679
3916736
3916823
3916986
3917028
3917058
3917061
3917210
3917532
3918003
3918123
3918288
3918319
3918340
3918406
3918446
3918594
3918752
3918780
3918789
3918795
3918839
3918935
3918951
3919019
3919144
3919171
3919248
3919438
3919533
3919733
3919830
3919917
3920302
3920375
3920391
3920460
3920522
3920528
3920567
3920568
3920607
3920725
3920821
3920984
3921147
3921181
3921195
3921428
3921456
3921710
3921817
3921860
3921883
3922049
3922173
3922181
3922282
3922296
3922312
3922328
3922981
3923113
3923311
3923376
3923511
3923528
3923542
3923554
3923607
3923639
3923698
3923786
3923849
3923938
3924000
3924063
3924544
3924551
3924656
3924786
3924801
3924843
3924878
3924915
3924997
3925050
3925268
3925302
3925377
3925490
3925491
3925507
3925605
3925612
3925866
3925927
3925964
3926249
3926292
3926308
3926356
3926415
3926623
3926654
3926803
3926943
3926993
3927050
3927067
3927277
3927286
3927486
3927809
3928088
3928098
3928176
3928215
3928231
3928248
3928424
3928431
3928651
3928657
3928955
3928960
3929075
3929141
3929280
3929415
3929544
3929625
3929643
3929651
3929762
3929829
3929830
3929916
3930060
3930132
3930330
3930440
3930528
3930583
3930616
3930648
3930679
3930685
3930900
3931179
3931227
3931382
3931411
3931543
3931644
3931652
3931659
3931732
3931771
3931828
3931985
3932041
3932059
3932510
3932516
3932557
3932585
3932814
3932903
3932973
3933022
3933161
3933265
3933381
3933435
3933526
3933662
3933677
3933807
3934080
3934429
3934494
3934644
3934946
3934981
3935000
3935008
3935254
3935494
3935512
3935749
3935933
3935942
3936172
3936243
3936498
3936652
3936807
3936895
3937112
3937134
3937299
3937366
3937455
3937512
3937605
3937646
3937667
3937685
3937886
3937922
3937992
3938012
3938022
3938036
3938140
3938291
3938541
3938617
3938811
3939040
3939396
3939455
3939472
3939504
3939619
3939730
3939882
3939908
3939946
3940002
3940109
3940123
3940200
3940238
3940327
3940340
3940498
3940532
3940543
3940589
3940593
3940780
3940782
3940943
3940972
3940993
3940997
3941000
3941059
3941087
3941116
3941122
3941142
3941178
3941248
3941295
3941479
3941521
3941536
3941666
3941672
3941899
3941971
3942035
3942285
3942351
3942448
3942561
3942566
3942655
3942756
3942834
3942843
3942850
3942971
3943044
3943081
3943091
3943138
3943179
3943242
3943362
3943373
3943626
3943764
3943768
3943852
3944085
3944104
3944337
3944361
3944445
3944513
3944536
3944878
3944882
3945078
3945356
3945393
3945451
3945497
3945580
3945615
3945682
3945730
3945751
3945798
3945803
3945848
3945938
3946299
3946312
3946659
3946677
3946700
3946714
3946746
3946778
3946879
3946960
3947010
3947061
3947072
3947444
3947563
3947807
3948066
3948076
3948103
3948191
3948224
3948253
3948314
3948334
3948410
3948450
3948772
3948866
3949008
3949129
3949178
3949198
3949312
3949348
3949705
3949893
3950072
3950190
3950236
3950242
3950450
3950501
3950602
3950718
3950905
3951064
3951066
3951189
3951653
3951820
3951876
3951890
3951926
3952070
3952095
3952156
3952278
3952334
3952352
3952438
3952801
3952863
3952907
3953177
3953254
3953341
3953560
3953850
3953861
3953903
3954498
3954586
3954670
3954961
3955059
3955135
3955141
3955362
3955467
3955557
3955621
3955687
3955784
3955785
3956414
3956435
3956519
3956904
3957007
3957010
3957018
3957054
3957252
3957315
3957527
3957677
3957708
3957981
3958164
3958224
3958619
3958678
3958724
3958842
3958862
3959003
3959027
3959029
3959287
3959406
3959599
3959617
3959942
3959986
3960043
3960242
3960261
3960350
3960418
3960454
3960465
3960662
3960691
3960784
3961028
3961045
3961278
3961317
3961602
3961709
3961968
3962092
3962636
3962637
3962713
3962841
3962944
3962946
3962990
3962999
3963100
3963201
3963241
3963264
3963300
3963327
3963366
3963677
3963688
3963852
3964172
3964174
3964213
3964389
3964457
3964458
3964615
3964708
3964926
3965001
3965134
3965322
3965609
3965780
3965802
3965987
3965993
3966071
3966120
3966159
3966190
3966281
3966324
3966356
3966364
3966521
3966522
3966532
3966575
3966732
3966872
3966945
3967040
3967091
3967234
3967361
3967394
3967556
3967712
3967743
3967908
3968065
3968099
3968377
3968463
3968469
3968537
3968766
3968796
3969720
3969965
3969980
3970029
3970069
3970215
3970324
3970418
3970523
3970596
3970601
3970702
3970741
3971051
3971061
3971101
3971237
3971302
3971355
3971364
3971378
3971404
3971458
3971527
3971654
3971760
3971768
3971870
3971872
3971893
3972017
3972035
3972143
3972192
3972219
3972490
3972712
3972713
3972719
3972806
3972824
3972853
3973095
3973116
3973343
3973430
3973445
3973723
3973813
3973928
3973959
3973992
3974342
3974358
3974515
3974913
3974948
3974959
3975160
3975336
3975399
3975420
3975487
3975565
3975639
3975667
3975728
3975801
3975880
3976043
3976142
3976533
3976538
3976541
3976612
3976798
3976829
3976973
3977031
3977068
3977108
3977193
3977421
3977534
3977558
3977648
3977653
3977947
3977976
3978037
3978296
3978317
3978360
3978413
3978437
3978563
3978690
3978751
3978913
3978952
3978996
3979129
3979284
3979363
3979364
3979489
3979683
3979712
3979734
3979820
3979918
3979973
3979978
3980552
3980586
3980617
3980697
3980747
3980752
3980866
3981169
3981280
3981481
3981531
3981706
3981957
3982029
3982118
3982489
3982616
3982978
3983059
3983131
3983160
3983251
3983333
3983565
3983606
3983672
3983708
3983810
3984225
3984284
3984368
3984392
3984557
3984572
3984718
3984787
3984988
3985159
3985198
3985253
3985269
3985353
3985412
3985835
3985839
3985846
3985918
3985958
3985993
3986198
3986220
3986241
3986268
3986387
3986519
3986599
3986604
3986612
3986629
3986697
3986789
3986815
3986869
3987145
3987152
3987179
3987215
3987358
3987383
3987428
3987632
3987816
3987987
3988016
3988019
3988122
3988128
3988270
3988284
3988313
3988330
3988451
3988486
3988647
3988792
3989065
3989173
3989269
3989351
3989486
3989528
3989559
3989707
3990009
3990126
3990325
3990337
3990357
3990508
3990525
3990689
3990713
3990741
3990786
3990789
3990877
3991016
3991034
3991041
3991148
3991160
3991236
3991265
3991300
3991313
3991489
3991559
3991617
3991633
3991779
3991864
3992010
3992188
3992301
3992363
3992408
3992409
3992508
3992645
3992810
3992823
3992834
3992880
3993127
3993403
3993507
3993657
3993684
3993853
3993920
3994028
3994044
3994068
3994160
3994198
3994208
3994248
3994458
3994886
3995031
3995086
3995267
3995292
3995514
3995800
3995900
3995959
3996003
3996079
3996231
3996262
3996340
3996357
3996401
3996450
3996534
3996645
3996684
3996718
3996929
3996947
3996983
3996988
3997034
3997572
3997641
3997710
3997774
3997910
3997911
3998049
3998105
3998175
3998286
3998310
3998355
3998410
3998419
3998539
3998627
3998911
3998913
3998970
3998977
3998981
3999015
3999487
3999496
3999592
3999671
3999892
4000071
4000489
4000499
4000504
4000580
4000589
4000704
4000889
4000890
4001000
4001127
4001265
4001347
4001834
4001835
4001884
4002110
4002174
4002203
4002461
4002576
4002651
4003127
4003399
4003600
4003798
4003912
4003966
4004019
4004252
4004284
4004353
4004402
4004519
4004647
4004718
4004770
4004783
4004830
4005104
4005147
4005256
4005272
4005627
4005683
4005964
4006088
4006405
4006507
4006523
4006602
4006657
4006841
4006847
4006910
4007091
4007104
4007108
4007190
4007240
4007344
4007474
4007605
4007701
4007732
4007733
4007785
4007787
4007849
4007868
4007941
4007958
4007960
4007968
4008236
4008278
4008302
4008354
4008406
4008447
4008521
4008990
4009010
4009062
4009113
4009361
4009420
4009506
4009703
4009933
4010087
4010550
4010583
4010669
4010707
4010785
4010981
4011017
4011123
4011205
4011284
4011444
4011881
4012189
4012265
4012502
4012622
4012652
4012664
4012869
4013344
4013375
4013425
4013573
4013593
4013673
4013723
4013857
4014173
4014261
4014288
4014348
4014350
4014403
4014469
4014529
4014591
4014696
4014722
4014908
4014965
4015214
4015729
4015730
4015744
4015810
4015845
4015860
4016086
4016116
4016186
4016277
4016339
4016354
4016429
4016470
4016485
4016557
4016728
4016813
4016829
4017240
4017337
4017751
4017820
4017834
4017865
4017881
4018092
4018344
4018587
4018836
4018904
4019179
4019347
4019491
4019942
4020001
4020082
4020183
4020184
4020208
4020528
4020686
4020746
4020870
4020932
4020984
4021314
4021343
4021413
4021435
4021783
4021850
4021913
4021990
4022250
4022446
4022556
4022744
4022893
4022900
4023012
4023059
4023117
4023542
4023543
4023551
4023624
4023682
4024133
4024249
4024451
4024513
4024537
4024589
4024609
4024825
4024922
4024947
4025032
4025391
4025751
4026035
4026048
4026123
4026135
4026162
4026253
4026269
4026275
4026397
4026579
4026605
4026701
4026795
4026941
4027206
4027403
4027419
4027432
4027438
4027638
4027809
4027865
4027905
4027908
4027909
4027954
4028124
4028187
4028225
4028251
4028259
4028344
4028514
4028593
4028683
4028811
4028903
4028920
4029069
4029070
4029100
4029244
4029273
4029368
4029433
4029526
4029555
4029585
4029795
4029811
4029918
4029919
4030098
4030210
4030266
4030504
4030534
4030647
4030733
4030936
4030949
4031018
4031227
4031344
4031599
4031655
4031687
4031806
4031944
4031991
4032248
4032252
4032674
4032678
4032687
4032815
4032925
4032964
4033022
4033075
4033317
4033643
4033656
4033772
4033826
4033853
4033866
4033994
4034020
4034378
4034419
4034550
4034582
4034614
4034735
4034802
4034843
4034852
4034909
4035013
4035114
4035127
4035141
4035248
4035523
4035572
4035574
4035609
4035625
4035747
4035782
4035998
4036027
4036166
4036222
4036236
4036386
4036725
4036765
4036884
4036918
4036941
4037071
4037151
4037226
4037323
4037662
4037667
4037851
4037863
4038271
4038288
4038306
4038370
4038393
4038472
4038568
4038611
4038730
4038809
4038811
4038998
4038999
4039038
4039054
4039273
4039310
4039409
4039510
4039591
4039656
4039666
4039693
4039765
4039888
4040024
4040078
4040125
4040402
4040481
4040649
4040669
4040726
4040760
4040922
4041062
4041231
4041329
4041386
4041422
4041510
4041580
4041724
4041758
4041957
4041984
4042019
4042156
4042230
4042368
4042397
4042807
4042942
4042944
4043001
4043057
4043134
4043275
4043488
4043585
4043718
4043755
4044043
4044068
4044198
4044417
4044430
4044486
4044574
4044617
4044640
4044830
4044837
4044897
4044914
4045029
4045217
4045607
4045659
4045666
4045963
4046204
4046212
4046334
4046514
4046540
4046639
4046684
4046860
4046873
4046889
4046923
4046927
4046939
4047025
4047091
4047146
4047181
4047268
4047295
4047356
4047516
4047548
4047573
4047755
4047813
4047874
4048038
4048082
4048209
4048432
4048471
4048498
4048641
4048736
4048805
4048883
4048907
4048926
4048937
4048971
4049126
4049146
4049253
4049274
4049376
4049413
4049457
4049474
4049506
4049524
4049773
4049891
4049960
4049971
4050045
4050099
4050148
4050294
4050487
4050506
4050542
4050763
4051004
4051127
4051201
4051291
4051499
4051574
4051728
4051856
4051990
4052115
4052217
4052329
4052373
4052393
4052432
4052544
4052559
4052624
4052858
4052872
4052891
4052970
4053088
4053185
4053253
4053258
4053407
4053429
4053759
4053794
4053803
4053822
4053862
4053892
4053895
4053949
4054208
4054290
4054348
4054360
4054380
4054462
4054502
4054654
4055080
4055083
4055166
4055237
4055248
4055259
4055343
4055388
4055735
4055778
4055833
4056008
4056010
4056026
4056063
4056074
4056075
4056421
4056436
4056642
4056648
4056854
4056906
4056931
4057029
4057359
4057438
4057488
4057539
4057614
4057656
4057687
4057697
4057753
4057794
4057931
4057965
4057994
4058143
4058219
4058305
4058422
4058562
4058604
4058712
4058779
4058876
4059076
4059080
4059214
4059352
4059362
4059438
4059480
4059519
4059597
4059609
4059637
4059757
4059848
4059859
4060011
4060058
4060170
4060467
4060637
4060661
4060732
4060948
4061017
4061038
4061039
4061151
4061165
4061402
4061723
4061841
4062106
4062112
4062290
4062482
4062575
4062694
4062699
4062726
4062752
4062779
4062787
4062887
4062916
4062935
4063056
4063405
4063502
4063600
4063665
4063799
4064053
4064232
4064423
4064603
4064612
4064631
4064809
4064909
4065266
4065308
4065311
4065402
4065456
4065509
4065514
4065515
4065584
4065603
4065631
4065638
4065834
4065880
4065886
4065918
4066070
4066081
4066082
4066184
4066210
4066262
4066315
4066333
4066338
4066365
4066435
4066501
4066628
4066664
4067021
4067027
4067180
4067406
4067460
4067470
4067708
4067746
4068056
4068090
4068241
4068284
4068382
4068435
4068471
4068481
4068488
4068558
4068777
4068851
4069004
4069013
4069213
4069313
4069414
4069417
4069454
4069514
4069561
4069581
4069627
4069779
4069804
4069847
4070225
4070268
4070297
4070334
4070361
4070363
4070404
4070410
4070419
4070764
4070932
4071031
4071047
4071452
4071494
4071566
4071574
4071780
4071935
4071939
4071959
4072014
4072020
4072175
4072236
4072287
4072288
4072467
4072521
4072583
4072772
4072819
4072885
4072932
4073184
4073353
4073366
4073433
4073458
4073681
4073743
4073887
4073995
4074075
4074446
4074528
4074670
4075088
4075103
4075221
4075437
4075460
4075553
4075568
4075617
4075797
4075901
4076006
4076027
4076073
4076156
4076669
4076806
4076957
4077284
4077307
4077357
4077417
4077454
4077461
4077622
4077639
4077951
4078113
4078154
4078351
4078482
4078542
4078609
4078746
4078821
4078827
4079002
4079131
4079276
4079664
4079688
4079782
4079792
4079799
4079802
4079844
4079858
4080121
4080443
4080510
4080630
4080640
4080695
4080716
4080727
4080868
4081007
4081035
4081045
4081139
4081272
4081284
4081375
4081526
4081628
4081879
4081902
4081918
4081958
4082001
4082041
4082071
4082396
4082413
4082494
4082557
4082851
4082871
4082973
4083261
4083517
4083661
4083879
4083962
4084000
4084055
4084256
4084408
4084502
4084560
4084706
4084744
4084813
4084857
4084885
4084904
4084980
4085033
4085158
4085202
4085370
4085478
4085501
4085563
4086029
4086074
4086188
4086210
4086429
4086560
4086668
4086770
4086955
4087190
4087406
4087533
4087567
4087589
4087756
4087804
4087907
4088171
4088181
4088242
4088410
4088519
4088554
4088599
4088644
4088775
4088806
4088925
4088968
4089083
4089406
4089516
4089544
4089664
4089704
4089735
4089782
4089802
4089813
4089829
4089947
4089957
4090030
4090147
4090322
4090532
4090617
4090740
4091025
4091125
4091218
4091262
4091298
4091552
4091684
4091860
4092230
4092381
4092405
4092556
4092871
4092951
4092973
4093082
4093125
4093141
4093153
4093256
4093377
4093412
4093715
4093880
4093948
4093951
4094148
4094153
4094277
4094282
4094422
4094448
4094508
4094689
4094850
4094959
4094987
4095084
4095206
4095220
4095294
4095505
4095520
4095525
4095682
4095719
4095727
4095773
4095790
4095851
4095892
4095921
4095925
4095930
4095931
4096065
4096089
4096100
4096139
4096370
4096386
4096418
4096439
4096551
4096670
4096697
4096927
4097112
4097153
4097341
4097372
4097536
4097551
4097654
4097656
4097819
4097849
4097980
4097984
4098085
4098570
4098594
4098637
4098695
4098872
4099046
4099061
4099108
4099111
4099202
4099277
4099287
4099365
4099531
4099535
4099606
4099654
4099691
4099728
4099738
4099752
4099765
4099811
4099820
4099835
4099920
4100051
4100055
4100083
4100138
4100392
4100632
4100682
4100722
4100846
4100886
4100951
4100957
4100980
4101128
4101429
4101484
4101494
4101517
4101540
4101799
4101983
4102017
4102028
4102057
4102148
4102283
4102297
4102302
4102346
4102574
4102602
4102673
4102679
4102692
4102885
4102915
4102918
4103039
4103177
4103188
4103240
4103386
4103419
4103467
4103547
4103572
4103574
4103781
4103805
4103835
4104217
4104265
4104284
4104349
4104506
4104617
4104645
4104712
4104835
4104839
4104842
4104861
4104885
4105045
4105195
4105481
4105496
4105629
4105685
4105761
4105840
4106498
4106615
4106698
4106717
4106721
4106754
4106912
4107024
4107050
4107052
4107133
4107150
4107377
4107574
4107706
4107753
4107816
4108011
4108027
4108066
4108079
4108137
4108621
4108634
4108713
4108736
4108893
4108913
4109094
4109117
4109304
4109515
4109559
4109885
4110233
4110451
4110540
4110709
4110729
4110801
4110883
4111213
4111237
4111389
4111424
4111527
4111745
4111852
4111891
4111938
4111964
4111983
4112121
4112180
4112318
4112381
4112397
4112404
4112532
4112584
4112720
4112838
4112895
4112980
4113066
4113247
4113277
4113298
4113392
4113450
4113799
4113854
4114143
4114229
4114306
4114373
4114403
4114491
4114524
4114589
4114635
4114711
4114798
4114954
4115046
4115145
4115174
4115240
4115262
4115860
4115968
4116120
4116159
4116281
4116311
4116371
4116389
4116516
4116543
4116583
4116663
4116806
4116854
4116979
4117022
4117061
4117216
4117317
4117443
4117460
4117624
4117680
4117810
4118101
4118250
4118294
4118559
4118729
4119038
4119125
4119218
4119260
4119285
4119294
4119338
4119375
4119507
4119539
4119602
4119675
4119709
4119729
4119796
4119809
4119835
4119949
4120035
4120067
4120230
4120254
4120309
4120377
4120469
4120542
4120556
4120669
4120713
4121161
4121189
4121273
4121353
4121357
4121458
4121502
4121528
4121530
4121601
4121688
4121714
4121752
4121759
4121824
4122414
4122419
4122477
4122590
4122632
4122670
4122726
4122924
4123039
4123098
4123310
4123340
4123350
4123492
4123544
4123706
4123804
4123812
4123842
4123950
4123951
4124012
4124090
4124175
4124682
4124693
4124777
4124867
4125056
4125149
4125339
4125405
4125441
4125621
4125799
4125802
4125814
4125893
4125992
4126169
4126303
4126411
4126447
4126837
4126950
4126966
4127053
4127096
4127135
4127316
4127379
4127606
4127608
4127738
4127854
4127931
4128096
4128160
4128321
4128333
4128608
4128737
4129190
4129377
4129464
4129473
4129498
4129617
4129688
4129694
4129813
4130084
4130141
4130223
4130246
4130345
4130436
4130480
4130670
4130864
4130915
4131257
4131337
4131437
4131475
4131573
4131590
4131609
4131671
4131711
4131797
4131844
4132076
4132089
4132090
4132168
4132180
4132192
4132364
4132403
4132561
4132835
4132939
4133052
4133090
4133175
4133448
4133478
4133573
4133660
4133813
4133823
4133834
4133858
4133861
4133892
4133947
4134165
4134201
4134243
4134347
4134408
4134447
4134549
4134624
4134687
4134809
4134915
4134958
4134984
4135002
4135015
4135208
4135488
4135540
4135547
4135670
4135756
4135836
4135858
4135975
4136052
4136264
4136276
4136304
4136368
4136380
4136463
4136512
4136580
4136645
4136732
4136835
4136851
4136888
4136899
4136928
4137037
4137044
4137068
4137215
4137463
4137474
4137491
4137685
4137706
4137725
4137847
4137895
4138185
4138263
4138265
4138302
4138322
4138339
4138353
4138382
4138503
4138601
4139012
4139049
4139125
4139165
4139175
4139191
4139214
4139261
4139385
4139553
4139554
4139562
4139701
4139703
4139708
4140091
4140463
4140536
4140593
4140946
4141045
4141156
4141266
4141307
4141317
4141421
4141566
4141860
4142005
4142069
4142167
4142192
4142864
4142911
4142958
4143092
4143144
4143274
4143353
4143468
4143747
4143808
4143817
4143858
4143884
4143891
4143920
4144074
4144238
4144246
4144488
4144518
4144573
4144621
4144679
4144692
4144696
4144700
4144765
4144824
4144850
4144921
4144930
4144997
4145042
4145064
4145115
4145161
4145353
4145360
4145402
4145412
4145443
4145457
4145517
4145785
4145886
4145909
4145988
4146036
4146090
4146239
4146314
4146326
4146457
4146528
4146543
4146545
4146691
4147157
4147253
4147319
4147342
4147346
4147450
4147755
4147848
4147915
4147972
4148120
4148299
4148503
4148582
4148630
4148657
4148768
4148939
4148960
4149029
4149180
4149217
4149302
4149335
4149355
4149420
4149993
4150099
4150280
4150308
4150444
4150479
4150552
4150683
4150712
4150893
4150914
4150997
4151098
4151237
4151339
4151345
4151366
4151375
4151518
4151592
4151674
4151867
4151886
4151906
4151949
4151963
4151986
4152030
4152123
4152196
4152249
4152335
4152422
4152474
4152525
4152645
4152653
4152654
4152669
4152691
4152693
4152830
4152898
4152997
4153069
4153073
4153177
4153255
4153290
4153313
4153421
4153488
4153601
4153739
4153836
4153885
4154002
4154014
4154174
4154258
4154731
4154832
4154920
4154922
4155026
4155072
4155122
4155154
4155202
4155301
4155412
4155649
4155672
4155714
4155802
4155832
4155912
4156107
4156183
4156194
4156363
4156528
4156590
4156608
4156656
4156697
4156803
4156811
4156988
4157008
4157087
4157280
4157324
4157461
4157545
4157744
4157751
4157765
4157907
4157957
4158103
4158249
4158328
4158332
4158338
4158408
4158437
4158528
4158534
4158577
4158797
4158887
4158918
4159057
4159062
4159250
4159321
4159393
4159432
4159448
4159585
4159630
4159747
4159840
4159876
4159932
4160223
4160262
4160314
4160374
4160486
4160502
4160559
4160576
4160580
4160628
4160737
4160779
4161083
4161405
4161638
4161653
4161697
4161863
4161879
4162058
4162223
4162340
4162500
4162626
4162637
4162766
4162838
4162997
4162999
4163053
4163059
4163192
4163195
4163247
4163354
4163475
4163601
4163691
4163717
4164068
4164072
4164206
4164289
4164358
4164569
4164801
4164823
4164888
4164903
4165283
4165408
4165410
4165588
4165630
4165643
4165880
4166225
4166268
4166557
4166614
4166739
4166831
4167006
4167015
4167050
4167201
4167311
4167594
4167625
4167649
4167698
4167893
4168055
4168057
4168091
4168130
4168307
4168311
4168527
4168843
4168867
4168886
4168911
4168929
4169063
4169109
4169221
4169268
4169285
4169416
4169551
4169631
4169724
4169857
4170284
4170378
4170435
4170728
4170730
4170756
4170894
4171037
4171158
4171174
4171299
4171316
4171523
4171962
4171989
4172410
4172537
4172607
4172666
4172890
4173036
4173038
4173087
4173132
4173144
4173359
4173550
4173571
4173605
4173727
4173843
4173936
4173999
4174013
4174057
4174149
4174268
4174419
4174546
4174635
4174778
4174866
4174878
4174902
4175183
4175246
4175266
4175321
4175628
4175629
4175704
4175716
4175757
4175897
4175918
4175988
4176036
4176039
4176287
4176459
4176560
4176581
4176777
4176795
4176826
4176874
4176951
4176998
4177521
4177746
4177955
4178067
4178409
4178510
4178539
4178674
4179043
4179413
4179660
4179662
4179791
4179893
4180059
4180110
4180369
4180430
4180458
4180552
4180701
4180717
4180773
4180860
4180964
4181174
4181604
4181644
4181719
4182158
4182349
4182455
4182536
4182654
4182659
4182716
4182728
4182928
4182933
4182956
4183229
4183246
4183271
4183392
4183448
4183698
4183796
4183939
4183960
4183976
4184035
4184128
4184525
4184597
4184619
4184753
4184904
4184912
4185339
4185402
4185569
4185715
4185785
4185794
4185884
4186020
4186097
4186320
4186533
4186545
4186642
4186988
4187034
4187035
4187099
4187140
4187163
4187289
4187297
4187313
4187393
4187412
4187507
4187527
4187599
4187727
4187822
4188017
4188239
4188253
4188346
4188471
4188595
4188648
4188885
4188997
4189009
4189057
4189183
4189251
4189319
4189405
4189434
4189482
4189585
4189589
4189722
4189727
4189854
4189954
4190158
4190207
4190382
4190724
4190870
4190935
4190936
4190962
4191069
4191184
4191264
4191280
4191292
4191302
4191421
4191509
4192083
4192356
4192432
4192622
4192634
4192832
4192837
4193001
4193135
4193200
4193259
4193502
4193717
4193991
4194039
4194174
4194243
4194466
4194491
4194513
4194524
4194575
4194693
4194717
4194812
4194860
4195084
4195129
4195151
4195155
4195181
4195271
4195316
4195395
4195478
4195498
4196053
4196087
4196110
4196211
4196225
4196317
4196539
4196543
4196555
4196686
4196842
4196887
4197031
4197032
4197243
4197257
4197396
4197439
4197486
4197551
4197641
4197751
4197789
4197915
4197929
4198125
4198207
4198305
4198344
4198521
4198654
4198778
4198792
4198810
4199271
4199591
4199684
4199766
4199807
4199854
4199987
4199988
4200082
4200089
4200385
4200407
4200573
4200794
4200849
4200859
4200879
4200946
4200947
4200959
4201025
4201189
4201205
4201245
4201250
4201256
4201391
4201685
4201742
4201746
4201856
4201899
4202019
4202059
4202348
4202639
4202937
4202970
4203453
4203518
4203546
4204013
4204065
4204161
4204322
4204331
4204401
4204470
4204491
4204606
4204643
4204752
4204877
4204959
4205054
4205143
4205196
4205215
4205219
4205293
4205294
4205370
4205889
4206054
4206251
4206292
4206491
4206728
4206842
4206961
4207005
4207202
4207295
4207452
4207477
4207695
4207929
4208032
4208227
4208248
4208272
4208342
4208553
4208566
4208637
4208834
4208835
4208848
4209015
4209748
4209763
4209770
4209833
4209892
4209948
4210031
4210252
4210424
4210695
4210790
4210889
4211077
4211198
4211212
4211251
4211281
4211302
4211412
4211458
4211576
4211835
4212191
4212198
4212285
4212310
4212446
4212453
4212806
4212826
4213142
4213226
4213399
4213565
4213748
4214006
4214078
4214119
4214223
4214256
4214337
4214372
4214484
4214552
4214558
4214566
4214754
4214810
4214900
4214945
4215183
4215435
4215524
4215529
4215559
4215802
4215803
4215818
4215827
4215848
4215850
4215875
4215944
4215968
4216108
4216123
4216193
4216265
4216274
4216355
4216375
4216576
4216619
4216719
4216897
4216918
4216925
4217045
4217374
4217386
4217388
4217423
4217491
4217722
4217879
4218008
4218040
4218047
4218180
4218270
4218315
4218351
4218683
4219017
4219024
4219163
4219197
4219421
4219547
4219651
4219784
4219897
4219914
4219977
4220121
4220270
4220273
4220419
4220685
4220696
4220702
4220888
4221001
4221097
4221139
4221264
4221265
4221272
4221357
4221411
4221487
4221520
4221596
4221632
4221634
4221687
4221750
4222156
4222357
4222413
4222428
4222502
4222567
4222581
4222776
4222796
4222867
4222942
4223004
4223101
4223137
4223361
4223435
4223529
4223596
4223766
4224047
4224122
4224206
4224244
4224267
4224357
4224424
4224530
4224546
4224816
4224854
4224865
4224882
4224934
4225014
4225393
4225771
4225856
4225924
4225939
4226031
4226267
4226443
4226461
4226599
4226649
4226696
4226855
4226935
4227268
4227350
4227354
4227361
4227375
4227549
4227567
4227698
4227699
4227750
4227871
4227979
4228071
4228075
4228139
4228206
4228246
4228389
4228405
4228425
4228587
4228613
4228618
4228693
4228741
4228766
4228777
4228812
4228814
4228865
4228904
4228909
4229182
4229195
4229221
4229233
4229253
4229400
4229402
4229408
4229445
4229458
4229507
4229657
4229694
4229796
4229847
4229999
4230042
4230055
4230107
4230155
4230172
4230330
4230344
4230508
4230703
4230714
4230777
4230888
4231253
4231328
4231472
4231509
4231523
4231526
4231622
4231721
4231917
4231952
4232111
4232115
4232239
4232268
4232320
4232328
4232400
4232560
4232654
4232733
4232802
4232873
4232981
4233013
4233033
4233073
4233128
4233159
4233342
4233511
4233594
4233597
4233599
4233727
4233780
4233889
4233943
4233961
4233993
4234084
4234239
4234244
4234364
4234439
4234713
4234865
4235027
4235083
4235263
4235302
4235338
4235392
4235405
4235655
4235738
4235844
4235851
4235890
4235899
4236542
4236620
4236653
4236716
4236780
4236818
4236985
4237120
4237512
4237764
4237798
4237804
4237835
4238012
4238072
4238092
4238174
4238236
4238268
4238441
4238465
4238531
4238541
4238607
4238713
4238781
4238786
4238856
4239036
4239221
4239372
4239437
4239605
4239644
4239722
4239751
4239832
4240157
4240305
4240312
4240525
4240648
4240670
4240855
4240890
4240892
4240906
4241004
4241153
4241288
4241303
4241313
4241627
4241683
4241711
4241927
4242101
4242207
4242216
4242587
4242712
4242751
4243014
4243161
4243269
4243285
4243298
4243333
4243384
4243413
4243591
4243885
4243915
4243922
4244041
4244120
4244126
4244220
4244418
4244602
4244659
4244780
4244938
4244989
4245054
4245117
4245208
4245217
4245251
4245256
4245557
4245660
4245669
4245776
4245789
4245818
4245832
4245881
4245899
4245903
4245947
4246395
4246569
4246695
4246772
4246984
4247149
4247153
4247318
4247437
4247451
4247632
4247650
4247651
4247673
4247811
4247962
4248037
4248417
4248500
4248563
4248572
4248610
4248643
4248719
4248772
4248795
4248900
4249006
4249020
4249120
4249131
4249223
4249247
4249304
4249341
4249593
4249635
4249811
4250068
4250110
4250178
4250275
4250296
4250392
4250532
4250709
4250747
4250821
4251104
4251161
4251272
4251409
4251462
4251617
4251756
4251822
4251880
4252083
4252235
4252289
4252416
4252760
4252786
4252995
4253034
4253061
4253338
4253428
4253641
4253704
4253953
4253984
4254031
4254105
4254125
4254214
4254405
4254506
4254513
4254526
4254610
4254770
4254807
4254892
4255030
4255085
4255230
4255470
4255542
4255546
4255653
4256037
4256045
4256158
4256305
4256337
4256446
4256576
4256654
4256659
4256745
4256852
4256916
4256927
4257012
4257049
4257118
4257149
4257161
4257207
4257262
4257312
4257341
4257372
4257466
4257475
4257536
4257586
4257839
4257987
4258059
4258148
4258297
4258541
4258702
4258802
4259223
4259476
4259521
4259550
4259609
4259726
4259867
4259924
4259954
4260091
4260187
4260220
4260357
4260510
4260601
4260619
4260692
4260869
4261030
4261092
4261198
4261217
4261266
4261322
4261464
4261655
4261774
4261992
4262041
4262171
4262226
4262304
4262354
4262398
4262472
4262557
4262647
4262756
4262802
4262869
4263018
4263081
4263353
4263475
4263555
4263764
4263818
4263831
4263836
4263949
4264010
4264140
4264327
4264377
4264683
4264771
4264912
4264933
4265043
4265063
4265129
4265288
4265290
4265794
4265829
4265855
4265894
4266352
4266629
4266653
4266717
4266782
4266920
4266931
4266937
4266958
4267034
4267039
4267090
4267097
4267136
4267340
4267597
4267702
4267708
4267947
4267992
4268011
4268075
4268103
4268192
4268218
4268244
4268261
4268300
4268365
4268620
4268822
4268893
4269033
4269079
4269089
4269143
4269168
4269220
4269240
4269337
4269431
4269468
4269558
4269673
4269736
4270025
4270074
4270078
4270217
4270229
4270291
4270318
4270319
4270342
4270358
4270372
4270466
4270573
4270755
4270785
4271157
4271172
4271185
4271392
4271396
4271462
4271749
4271756
4271950
4271975
4272110
4272124
4272187
4272375
4272400
4272538
4272617
4272655
4272779
4273020
4273075
4273151
4273571
4273724
4273991
4274062
4274398
4274473
4274576
4274588
4274595
4274631
4274702
4274855
4274877
4274913
4274981
4275084
4275178
4275375
4275471
4275485
4275625
4276039
4276303
4276511
4276660
4276945
4277218
4277262
4277333
4277375
4277391
4277433
4277543
4277553
4277615
4277877
4277899
4278167
4278186
4278201
4278394
4278441
4278550
4278600
4278629
4278702
4278763
4278821
4278906
4279032
4279073
4279255
4279449
4279459
4279732
4279794
4279800
4280022
4280075
4280335
4280367
4280455
4280462
4280605
4280696
4280898
4280916
4281080
4281190
4281361
4281365
4281416
4281532
4281689
4281704
4281722
4281759
4281957
4282116
4282137
4282184
4282228
4282291
4282470
4282662
4282803
4282905
4282966
4282988
4283004
4283019
4283216
4283321
4283592
4283597
4283614
4283638
4284031
4284068
4284140
4284156
4284727
4284864
4285334
4285434
4285436
4285700
4285802
4285836
4286091
4286125
4286391
4286414
4286434
4286455
4286512
4286561
4286562
4286655
4286681
4286746
4286800
4286805
4286873
4286908
4286968
4287023
4287162
4287214
4287238
4287466
4287593
4287747
4287810
4287867
4287969
4288003
4288017
4288181
4288192
4288207
4288271
4288431
4288455
4288498
4288599
4288617
4288689
4288775
4288867
4289193
4289201
4289251
4289271
4289292
4289524
4289669
4289961
4290018
4290024
4290234
4290314
4290454
4290526
4290613
4290630
4290661
4290664
4290682
4291030
4291056
4291103
4291154
4291170
4291228
4291255
4291269
4291453
4291500
4291730
4292081
4292110
4292172
4292224
4292284
4292293
4292420
4292553
4292573
4292624
4292902
4292942
4292957
4292990
4293120
4293237
4293469
4293506
4293600
4294290
4294299
4294572
4294602
4295077
4295416
4295438
4295527
4295776
4295841
4295848
4295984
4296097
4296212
4296306
4296309
4296332
4296376
4296472
4296473
4296779
4296793
4296983
4296997
4297211
4297307
4297449
4297505
4297734
4297756
4297767
4298024
4298055
4298061
4298089
4298099
4298167
4298409
4298482
4298526
4298685
4298770
4298917
4298950
4299006
4299134
4299183
4299371
4299446
4299585
4299590
4299622
4299642
4299776
4299789
4299939
4299979
4300145
4300341
4300534
4300572
4300576
4300585
4300651
4300685
4300701
4300802
4300812
4300814
4300874
4300913
4300987
4301301
4301421
4301490
4301570
4301579
4301821
4301841
4302140
4302196
4302260
4302347
4302396
4302565
4302646
4302716
4302919
4302966
4303144
4303174
4303176
4303239
4303244
4303250
4303447
4303500
4303633
4303831
4303865
4303872
4304019
4304053
4304085
4304093
4304120
4304286
4304369
4304513
4304527
4304752
4304863
4304947
4305059
4305133
4305205
4305211
4305229
4305271
4305435
4305439
4305473
4305573
4305690
4305793
4305916
4306017
4306054
4306145
4306176
4306199
4306392
4306427
4306527
4306567
4306677
4306691
4306725
4306808
4306819
4307050
4307148
4307288
4307492
4307626
4307762
4307769
4308141
4308484
4308614
4308637
4308742
4308769
4308790
4309034
4309040
4309327
4309426
4309467
4309559
4309603
4309740
4309926
4310191
4310284
4310540
4310784
4310823
4310833
4310934
4311023
4311048
4311165
4311483
4311496
4311554
4311646
4311914
4311959
4312072
4312084
4312166
4312168
4312188
4312319
4312320
4312373
4312391
4312416
4312469
4312751
4312777
4312863
4313025
4313060
4313132
4313282
4313458
4313775
4313786
4313867
4313881
4313975
4314006
4314146
4314353
4314368
4314381
4314564
4314650
4314683
4314689
4314744
4314813
4315013
4315024
4315196
4315216
4315313
4315320
4315403
4315425
4315441
4315534
4315631
4315645
4315918
4315940
4316018
4316046
4316075
4316184
4316259
4316291
4316444
4316625
4316657
4316704
4316717
4316720
4316836
4316936
4317153
4317168
4317213
4317261
4317406
4317420
4317455
4317523
4317524
4317572
4317665
4317719
4317829
4317857
4317888
4318081
4318159
4318172
4318187
4318200
4318266
4318373
4318455
4318468
4318558
4318743
4318757
4318789
4319094
4319095
4319232
4319251
4319312
4319530
4319531
4319607
4319667
4319675
4319750
4319876
4319954
4319980
4320009
4320015
4320307
4320795
4320835
4320845
4320935
4321062
4321269
4321540
4321712
4321748
4321822
4321911
4322089
4322129
4322183
4322264
4322306
4322317
4322435
4322502
4322522
4322599
4322647
4322917
4322972
4323130
4323211
4323254
4323298
4323467
4323529
4323664
4323680
4323742
4323914
4323933
4324421
4324513
4324526
4324794
4324832
4324881
4324967
4325148
4325312
4325361
4325389
4325529
4325688
4325805
4325813
4325889
4325922
4325976
4326093
4326199
4326267
4326286
4326330
4326348
4326368
4326379
4326538
4326549
4326832
4326934
4327089
4327132
4327653
4327730
4327768
4327888
4328286
4328345
4328383
4328423
4328483
4328742
4328756
4328796
4328837
4328840
4328889
4329126
4329154
4329193
4329353
4329399
4329643
4329692
4329758
4329774
4329803
4329933
4330258
4330271
4330314
4330351
4330400
4330524
4330601
4330710
4330762
4330787
4330921
4330961
4331066
4331191
4331225
4331239
4331383
4331397
4331481
4331539
4331543
4331640
4331657
4331690
4331771
4331812
4331921
4332055
4332076
4332102
4332169
4332337
4332346
4332450
4332517
4332542
4332719
4332759
4332926
4332952
4332980
4332992
4333521
4333533
4333695
4333779
4333815
4333826
4333915
4334218
4334410
4334413
4334440
4334553
4334559
4334628
4334693
4334903
4334909
4334988
4335034
4335129
4335132
4335148
4335293
4335320
4335438
4335464
4335609
4335710
4335731
4335893
4335956
4336117
4336340
4336342
4336410
4336440
4336491
4336761
4336771
4337004
4337085
4337093
4337097
4337323
4337327
4337604
4337700
4337805
4337826
4337874
4337900
4338035
4338250
4338270
4338420
4338452
4338570
4338741
4338813
4338876
4339291
4339350
4339355
4339417
4339484
4339497
4339802
4339811
4339868
4340055
4340392
4340606
4340631
4340727
4340903
4340923
4340948
4341053
4341153
4341195
4341225
4341399
4341457
4341529
4341747
4341793
4341883
4341899
4341993
4342012
4342098
4342416
4342419
4342477
4342604
4342737
4342825
4342872
4343035
4343439
4343469
4343494
4343660
4343723
4343768
4343776
4343868
4343894
4343978
4344042
4344156
4344163
4344287
4344433
4344506
4344561
4344743
4344777
4344851
4344873
4344975
4345028
4345040
4345193
4345322
4345460
4345535
4345551
4345720
4345846
4345893
4345944
4345986
4346044
4346199
4346347
4346381
4346448
4346602
4346762
4346938
4347025
4347050
4347071
4347072
4347201
4347331
4347373
4347420
4347663
4347758
4347903
4347922
4347984
4348020
4348050
4348377
4348446
4348564
4348690
4348763
4348766
4348777
4349045
4349129
4349435
4349490
4349512
4349668
4349697
4349997
4350153
4350376
4350396
4350501
4350516
4350526
4350778
4351005
4351152
4351213
4351382
4351473
4351571
4351580
4351989
4352001
4352011
4352088
4352115
4352140
4352337
4352495
4352794
4352889
4353043
4353130
4353252
4353447
4353566
4353740
4353875
4354084
4354404
4354412
4354415
4354654
4354673
4354677
4354684
4354730
4354817
4354822
4355102
4355155
4355278
4355403
4355409
4355831
4355867
4355919
4355958
4355973
4356041
4356171
4356271
4356321
4356413
4356474
4356524
4356553
4356631
4356727
4356969
4357122
4357200
4357331
4357455
4357490
4357516
4357525
4358021
4358090
4358162
4358198
4358554
4358669
4358781
4358942
4359162
4359287
4359408
4359448
4359736
4359881
4359916
4360021
4360037
4360110
4360139
4360179
4360310
4360504
4360557
4360613
4360667
4360678
4360701
4360754
4360789
4361037
4361145
4361388
4361563
4361609
4361628
4361633
4361691
4361837
4361853
4361867
4362336
4362338
4362460
4362473
4362527
4362652
4362681
4362687
4362831
4362846
4362904
4363014
4363035
4363284
4363652
4363669
4363843
4363910
4364022
4364100
4364408
4364435
4364458
4364487
4364679
4364717
4364761
4364927
4364951
4365021
4365108
4365110
4365183
4365291
4365500
4365537
4365760
4365868
4366101
4366428
4366553
4366923
4366942
4367270
4367318
4367485
4367597
4367737
4367799
4368092
4368142
4368193
4368197
4368252
4368265
4368269
4368320
4368379
4368499
4368505
4368790
4368806
4368879
4369116
4369180
4369213
4369255
4369492
4369503
4369504
4369640
4369939
4369995
4370054
4370207
4370322
4370420
4370462
4370508
4370510
4370523
4370773
4370810
4370857
4371002
4371020
4371032
4371301
4371458
4371484
4371965
4372254
4372616
4372648
4372674
4372716
4372734
4372738
4373115
4373137
4373361
4373614
4373693
4373740
4373759
4373774
4373798
4373853
4373996
4374096
4374145
4374209
4374290
4374335
4374477
4374604
4374726
4374934
4375111
4375255
4375262
4375446
4375527
4375666
4375858
4375900
4375990
4376043
4376242
4376372
4376464
4376571
4376615
4376713
4376835
4376856
4376861
4376933
4376971
4376990
4377024
4377345
4377387
4377501
4377606
4377832
4377871
4377901
4378052
4378053
4378179
4378426
4378590
4378767
4378803
4378895
4378968
4379021
4379128
4379191
4379237
4379252
4379415
4379447
4379497
4379719
4379802
4379850
4380108
4380117
4380181
4380192
4380283
4380356
4380598
4380778
4380843
4380885
4381070
4381121
4381145
4381215
4381228
4381641
4381748
4381876
4382103
4382129
4382133
4382150
4382283
4382448
4382456
4382572
4382731
4382768
4382951
4382985
4383005
4383007
4383088
4383111
4383177
4383191
4383220
4383228
4383366
4383387
4383432
4383492
4383493
4383651
4383743
4383788
4383831
4383930
4384000
4384010
4384038
4384176
4384180
4384230
4384353
4384355
4384379
4384474
4384564
4384636
4384660
4384677
4384803
4385418
4385487
4385541
4385573
4385643
4385648
4385686
4385818
4385843
4385871
4385926
4385972
4386011
4386028
4386209
4386299
4386344
4386650
4386829
4386877
4387175
4387187
4387433
4387480
4387639
4387752
4387765
4388192
4388233
4388256
4388326
4388327
4388398
4388778
4388855
4388986
4389026
4389250
4389253
4389648
4389756
4389768
4389815
4389855
4389959
4390065
4390086
4390103
4390107
4390311
4390347
4390457
4390557
4390911
4390936
4391158
4391237
4391433
4391522
4391546
4391547
4391567
4391585
4391650
4391658
4391712
4391714
4391866
4391957
4392062
4392090
4392326
4392388
4392473
4392842
4392879
4392933
4392942
4392993
4393509
4393559
4393787
4393962
4394098
4394157
4394335
4394473
4394561
4394773
4395136
4395182
4395190
4395199
4395271
4395280
4395296
4395376
4395443
4395747
4395866
4395871
4395882
4396005
4396162
4396175
4396291
4396386
4396500
4396654
4396671
4396713
4396869
4396888
4396963
4397319
4397332
4397417
4397439
4397753
4397819
4397841
4397876
4398135
4398201
4398242
4398376
4398488
4398927
4399110
4399235
4399253
4399273
4399308
4399314
4399355
4399399
4399417
4399434
4399562
4399676
4399955
4399970
4400012
4400219
4400235
4400328
4400445
4400491
4400676
4401008
4401017
4401142
4401342
4401397
4401535
4401536
4401594
4401725
4401736
4401800
4401827
4401977
4402022
4402044
4402076
4402287
4402345
4402538
4402605
4402643
4402666
4402685
4402732
4402751
4402886
4402891
4402971
4403121
4403176
4403185
4403327
4403469
4403591
4403829
4404257
4404307
4404579
4404632
4404694
4404713
4404823
4404833
4404920
4404991
4405117
4405435
4405589
4405603
4405664
4405958
4406068
4406129
4406576
4406635
4406664
4406704
4406719
4406727
4406761
4407034
4407070
4407093
4407107
4407410
4407427
4407497
4407524
4407591
4407774
4407908
4407949
4407952
4408352
4408469
4408561
4408607
4408647
4408652
4408750
4409242
4409329
4409535
4409933
4409960
4410030
4410181
4410660
4410755
4410877
4411388
4411410
4411423
4411436
4411443
4411597
4411728
4411775
4411873
4412074
4412106
4412112
4412123
4412134
4412261
4412266
4412739
4412748
4412794
4412873
4412995
4413002
4413287
4413551
4413728
4413823
4414018
4414022
4414031
4414077
4414200
4414284
4414367
4414417
4414448
4414509
4414600
4414670
4414950
4415228
4415267
4415376
4415412
4415416
4415649
4415830
4416029
4416084
4416157
4416250
4416324
4416606
4416653
4416724
4416745
4416940
4417058
4417110
4417226
4417316
4417396
4417416
4417624
4417800
4417818
4417858
4417971
4418051
4418288
4418514
4418574
4418648
4418981
4418996
4419067
4419121
4419142
4419241
4419433
4419463
4419491
4419526
4419648
4419692
4419724
4419761
4419951
4419989
4420023
4420060
4420341
4420391
4420426
4420511
4420517
4420651
4420690
4420805
4420981
4421201
4421238
4421470
4421587
4421731
4421944
4421967
4422045
4422074
4422104
4422166
4422399
4422430
4422522
4422786
4422897
4423075
4423206
4423308
4423321
4423388
4423404
4423805
4423998
4424071
4424193
4424234
4424374
4424420
4424474
4424502
4424525
4424527
4424564
4424724
4424749
4424778
4425171
4425301
4425312
4425519
4425541
4425558
4425691
4425806
4425866
4426045
4426075
4426145
4426150
4426196
4426234
4426592
4426650
4427277
4427624
4427804
4427834
4427975
4427990
4428050
4428131
4428182
4428188
4428356
4428569
4428745
4428835
4428888
4429203
4429511
4429520
4429562
4429742
4430005
4430068
4430077
4430699
4431074
4431155
4431221
4431253
4431305
4431307
4431566
4431632
4431662
4431667
4431672
4431813
4431971
4432054
4432101
4432154
4432404
4432471
4432497
4432667
4432700
4432812
4432822
4432832
4432845
4432853
4432919
4433133
4433347
4433708
4433890
4433930
4434008
4434052
4434410
4434452
4434578
4434946
4435038
4435047
4435060
4435061
4435216
4435329
4435728
4435729
4435810
4435838
4436152
4436320
4436399
4436477
4436642
4436702
4436765
4436802
4436862
4437101
4437140
4437178
4437199
4437293
4437410
4437506
4437735
4437771
4437777
4437838
4438009
4438211
4438461
4438548
4438728
4439283
4439412
4439423
4439460
4439735
4439816
4439821
4439886
4439899
4440105
4440348
4440386
4440402
4440550
4440565
4440575
4440703
4440746
4440792
4440868
4440999
4441043
4441205
4441515
4441564
4441866
4442083
4442195
4442297
4442375
4442420
4442426
4442440
4442482
4442564
4442583
4442602
4442862
4442912
4442957
4442971
4443065
4443093
4443129
4443137
4443192
4443318
4443355
4443385
4443415
4443430
4443794
4443827
4444017
4444056
4444082
4444255
4444564
4444623
4444820
4444864
4444908
4445027
4445057
4445069
4445265
4445271
4445331
4445348
4445425
4445475
4445516
4445753
4445793
4446095
4446124
4446184
4446324
4446356
4446438
4446573
4446615
4446633
4446680
4446691
4446737
4446741
4446824
4446881
4446993
4447233
4447285
4447770
4447826
4447869
4447980
4448225
4449003
4449047
4449088
4449368
4449513
4449654
4449759
4449763
4449843
4450083
4450136
4450310
4450350
4450428
4450590
4450687
4450744
4450807
4450921
4451099
4451143
4451148
4451278
4451504
4451856
4451972
4452016
4452166
4452170
4452187
4452188
4452217
4452332
4452340
4452400
4452520
4452588
4452764
4452864
4452903
4453018
4453448
4453624
4453672
4453753
4453941
4454075
4454131
4454150
4454161
4454226
4454282
4454311
4454473
4454529
4454651
4454799
4454927
4455107
4455122
4455282
4455360
4455379
4455492
4455592
4455689
4455931
4456004
4456038
4456060
4456076
4456155
4456330
4456564
4456615
4456804
4456976
4457015
4457265
4457443
4457526
4457545
4457591
4457643
4457667
4457875
4457932
4457942
4458048
4458176
4458275
4458367
4458383
4458429
4458544
4458549
4458618
4458672
4458780
4458851
4458920
4458977
4459216
4459244
4459744
4459917
4460004
4460041
4460084
4460104
4460229
4460287
4460310
4460395
4460406
4460539
4460632
4460650
4460662
4460778
4461023
4461047
4461131
4461205
4461240
4461265
4461474
4461507
4461511
4461826
4461877
4461922
4462145
4462285
4462352
4462452
4462595
4462605
4462744
4462766
4463084
4463154
4463215
4463359
4463534
4463567
4463873
4463875
4463918
4463978
4464110
4464126
4464136
4464258
4464267
4464388
4464414
4464551
4464739
4464821
4465046
4465127
4465311
4465674
4465813
4465882
4465916
4465951
4465985
4465999
4466004
4466177
4466233
4466512
4466672
4466673
4466704
4466729
4466995
4467094
4467106
4467241
4467323
4467584
4467623
4467653
4467676
4467748
4467915
4468032
4468065
4468165
4468174
4468709
4468752
4468774
4468797
4468934
4468943
4469034
4469092
4469125
4469532
4469674
4469691
4469841
4469971
4470137
4470204
4470219
4470232
4470602
4470671
4470674
4470692
4470772
4470774
4470787
4470824
4470842
4470858
4470861
4471073
4471145
4471276
4471379
4471397
4471517
4471548
4471560
4471640
4471696
4471709
4471729
4471879
4471915
4471923
4472179
4472202
4472318
4472360
4472855
4472861
4472970
4472976
4473042
4473187
4473257
4473281
4473304
4473599
4473700
4473788
4473801
4473827
4473878
4473946
4474100
4474119
4474227
4474304
4474339
4474419
4474694
4474723
4474816
4474889
4474984
4475104
4475266
4475439
4475499
4475552
4475728
4475730
4475746
4475871
4475992
4476023
4476116
4476172
4476197
4476248
4476290
4476308
4476327
4476411
4476947
4477012
4477015
4477078
4477100
4477460
4477483
4477565
4477605
4477884
4478014
4478117
4478330
4478410
4478500
4478555
4478623
4478661
4478668
4478771
4478870
4478888
4479066
4479069
4479215
4479335
4479377
4479385
4479432
4479436
4479467
4479559
4479655
4479684
4479776
4479812
4480113
4480198
4480214
4480431
4480579
4480667
4480810
4480861
4480898
4480900
4481009
4481042
4481182
4481257
4481264
4481386
4481511
4481719
4482028
4482070
4482096
4482100
4482120
4482137
4482229
4482337
4482381
4482389
4482837
4482907
4482999
4483069
4483111
4483313
4483391
4483404
4483593
4483901
4484358
4484744
4484770
4484852
4484868
4484914
4484944
4484964
4484975
4485018
4485024
4485036
4485248
4485318
4485396
4485472
4485529
4485573
4485657
4485672
4486048
4486118
4486321
4486399
4486549
4486703
4486714
4486771
4486896
4486943
4486957
4487017
4487083
4487196
4487239
4487273
4487314
4487347
4487513
4487550
4487719
4487765
4487957
4488005
4488008
4488041
4488110
4488216
4488277
4488732
4489094
4489139
4489142
4489177
4489203
4489217
4489243
4489459
4489635
4489660
4489704
4489721
4489743
4489754
4489791
4489815
4489871
4490057
4490167
4490253
4490258
4490282
4490445
4490470
4490600
4490815
4490977
4491105
4491136
4491159
4491313
4491344
4491452
4491709
4491740
4491789
4491796
4491868
4492029
4492043
4492222
4492337
4492344
4492408
4492739
4492853
4493246
4493255
4493338
4493410
4493433
4493573
4493619
4493622
4493728
4493877
4493931
4494064
4494298
4494492
4494699
4494815
4495126
4495252
4495343
4495390
4495531
4495840
4495875
4495921
4495998
4496033
4496101
4496148
4496369
4496481
4496520
4496532
4496625
4496636
4496751
4496757
4496801
4496805
4496810
4496825
4496960
4497184
4497310
4497630
4497681
4497802
4497830
4497941
4497985
4498562
4498769
4498820
4498825
4498917
4499033
4499207
4499555
4499642
4499676
4499716
4499865
4500099
4500158
4500189
4500218
4500278
4500303
4500526
4500535
4500557
4500850
4500903
4501066
4501067
4501149
4501745
4501754
4501801
4501808
4501894
4501998
4502008
4502223
4502332
4502377
4502397
4502415
4502515
4502738
4502773
4502915
4503024
4503081
4503104
4503354
4503379
4503546
4503620
4503870
4503990
4504020
4504234
4504303
4504340
4504491
4504508
4504509
4504525
4504572
4504753
4504937
4505123
4505196
4505217
4505381
4505389
4505519
4505617
4505821
4505839
4505850
4505954
4506000
4506082
4506388
4506519
4506597
4506713
4506813
4507189
4507490
4507577
4507600
4507827
4507852
4507961
4508234
4508372
4508705
4508720
4508805
4508847
4508864
4508906
4508907
4508920
4508942
4509060
4509134
4509242
4509378
4509442
4509680
4509780
4509836
4509876
4510014
4510271
4510321
4510677
4510696
4510835
4510965
4511232
4511326
4511653
4511674
4511784
4511922
4511968
4511994
4512036
4512039
4512040
4512114
4512181
4512329
4512414
4512505
4512544
4512620
4512751
4512989
4513056
4513111
4513144
4513231
4513422
4513666
4513729
4513865
4513934
4513947
4514008
4514124
4514232
4514280
4514324
4514365
4514383
4514405
4514768
4514796
4514911
4514924
4515111
4515236
4515349
4515371
4516005
4516076
4516342
4516385
4516655
4516721
4516722
4516776
4516820
4516827
4516903
4517047
4517225
4517293
4517511
4517532
4517910
4518019
4518060
4518062
4518134
4518185
4518340
4518396
4518453
4518473
4518558
4518650
4518880
4519092
4519176
4519308
4519457
4519464
4519554
4519613
4519787
4519824
4519830
4519851
4519946
4520053
4520137
4520198
4520355
4520616
4520879
4520964
4521007
4521103
4521202
4521248
4521313
4521352
4521363
4521436
4521450
4521575
4521576
4521594
4521605
4521809
4521884
4521946
4521968
4521996
4522033
4522115
4522159
4522418
4522588
4522696
4522831
4523298
4523344
4523373
4523470
4523647
4523822
4523878
4523879
4523914
4524003
4524090
4524279
4524425
4524804
4524809
4524833
4524882
4524954
4525118
4525229
4525405
4525722
4525926
4525933
4526126
4526188
4526351
4526372
4526497
4526625
4526888
4526933
4526964
4527058
4527239
4527316
4527334
4527503
4527593
4527875
4527933
4527995
4528013
4528043
4528210
4528224
4528227
4528241
4528398
4528498
4528657
4528744
4528758
4528771
4528827
4528877
4528938
4529070
4529252
4529540
4529683
4529948
4530167
4530305
4530306
4530568
4531339
4531346
4531415
4531463
4531479
4531501
4531523
4531563
4531948
4532063
4532093
4532094
4532200
4532228
4532395
4532668
4532844
4532870
4532929
4533008
4533056
4533090
4533354
4533498
4533536
4533541
4533605
4533624
4533671
4533728
4533754
4533797
4533820
4533874
4534028
4534034
4534136
4534168
4534251
4534268
4534498
4534809
4534935
4535136
4535269
4535601
4535686
4535755
4535804
4536036
4536045
4536053
4536395
4536430
4536447
4536606
4536632
4536647
4536947
4537055
4537111
4537146
4537238
4537336
4537545
4537676
4537726
4538225
4538227
4538258
4538616
4538713
4538772
4538909
4538934
4539059
4539298
4539301
4539311
4539475
4539781
4539972
4540069
4540090
4540184
4540199
4540268
4540364
4540441
4540691
4540835
4540946
4541121
4541399
4541587
4541589
4541671
4541765
4541940
4542006
4542010
4542059
4542106
4542170
4542240
4542547
4542640
4542674
4542789
4542849
4543165
4543354
4543392
4543419
4543570
4543572
4543814
4543914
4544073
4544243
4544402
4544528
4544724
4544936
4545048
4545127
4545171
4545190
4545332
4545421
4545435
4545484
4545513
4545744
4545833
4545844
4545989
4546151
4546163
4546228
4546249
4546491
4546575
4546592
4546748
4546790
4546812
4546894
4546943
4546950
4547106
4547168
4547358
4547524
4547931
4548000
4548107
4548189
4548201
4548417
4548856
4548945
4549004
4549022
4549038
4549183
4549184
4549258
4549273
4549349
4549436
4549502
4549686
4549753
4549759
4549808
4549873
4549982
4550016
4550022
4550162
4550217
4550314
4550392
4550471
4550506
4550566
4550731
4550821
4550900
4551210
4551434
4551663
4551690
4551777
4551820
4552098
4552269
4552625
4552664
4552699
4552724
4552839
4552846
4552853
4552861
4553048
4553162
4553222
4553380
4553381
4553537
4553621
4553730
4553817
4553988
4554286
4554367
4554546
4554678
4554897
4554934
4555075
4555316
4555383
4555428
4555493
4555561
4555591
4555656
4555699
4555955
4556137
4556151
4556298
4556333
4556393
4556514
4556545
4556566
4556595
4556956
4557115
4557427
4557475
4557582
4557666
4557731
4557856
4557878
4558187
4558254
4558259
4558286
4558304
4558441
4558457
4558664
4558699
4558866
4558873
4559055
4559117
4559208
4559268
4559362
4559527
4559534
4559593
4559791
4560024
4560041
4560066
4560212
4560254
4560449
4560503
4560516
4560634
4560643
4560798
4560900
4561034
4561165
4561206
4561254
4561298
4561313
4561494
4561543
4561586
4561786
4561841
4561855
4561898
4561912
4561951
4561958
4562046
4562119
4562148
4562152
4562174
4562346
4562502
4562734
4562777
4562804
4562897
4563007
4563134
4563316
4563338
4563376
4563394
4563502
4563529
4563583
4563625
4563759
4563771
4563780
4563998
4564037
4564292
4564308
4564581
4564811
4564814
4564878
4564879
4564944
4564992
4565006
4565049
4565136
4565160
4565254
4565350
4565484
4565492
4565614
4565645
4565770
4565776
4565910
4566037
4566060
4566163
4566295
4566350
4566392
4566466
4566558
4566658
4566663
4566774
4566902
4566952
4567020
4567023
4567033
4567330
4567586
4567590
4568008
4568066
4568420
4568531
4568536
4568618
4568621
4568662
4568736
4568787
4568991
4569019
4569297
4569306
4569349
4569435
4569489
4569634
4569716
4569822
4569953
4569975
4570063
4570150
4570516
4570536
4570586
4570663
4570930
4570940
4570959
4571064
4571097
4571134
4571150
4571286
4571641
4571877
4572262
4572265
4572284
4572432
4572611
4572751
4572785
4572922
4572926
4572967
4573085
4573185
4573192
4573517
4573771
4573891
4573910
4574249
4574265
4574478
4574621
4574640
4574689
4574700
4574845
4574921
4575007
4575108
4575127
4575166
4575186
4575351
4575451
4575470
4575611
4575864
4575894
4575916
4576058
4576136
4576189
4576194
4576321
4576326
4576486
4576685
4576733
4576792
4577073
4577142
4577143
4577270
4577316
4577353
4577468
4577557
4577781
4577845
4577855
4577897
4577955
4578175
4578416
4578460
4578481
4578790
4578843
4578993
4579155
4579161
4579175
4579192
4579215
4579261
4579389
4579452
4579535
4579636
4579668
4579742
4579772
4579994
4580137
4580148
4580374
4580442
4580450
4580489
4580566
4580733
4580766
4581135
4581175
4581207
4581223
4581283
4581354
4581470
4581532
4581694
4581940
4582341
4582664
4582732
4582755
4582859
4583014
4583032
4583177
4583178
4583205
4583242
4583382
4583425
4583592
4583638
4583658
4583734
4583820
4583853
4583939
4583997
4584010
4584070
4584097
4584250
4584416
4584562
4584648
4584674
4584691
4584745
4584840
4584842
4584848
4585136
4585165
4585478
4585497
4585680
4585965
4586077
4586091
4586177
4586439
4586509
4586564
4586918
4586955
4586959
4586968
4587133
4587326
4587429
4587931
4588078
4588114
4588116
4588206
4588235
4588295
4588343
4588390
4588430
4588432
4588570
4588882
4588896
4589125
4589210
4589220
4589414
4589435
4589503
4589848
4589851
4590032
4590322
4590412
4590506
4590596
4590779
4590831
4590950
4590986
4591316
4591400
4591417
4591652
4591718
4591830
4591856
4591902
4591904
4592052
4592132
4592152
4592319
4592366
4592568
4592678
4592879
4592892
4593013
4593015
4593091
4593142
4593320
4593366
4593418
4593545
4593565
4593689
4593763
4593797
4593809
4593979
4594049
4594123
4594413
4594458
4594600
4594626
4594752
4594822
4595172
4595202
4595224
4595246
4595301
4595341
4595390
4595834
4595854
4595901
4595931
4595957
4596098
4596110
4596249
4596254
4596294
4596432
4596656
4596973
4597049
4597131
4597152
4597260
4597358
4597553
4597688
4597740
4597936
4598079
4598129
4598135
4598270
4598338
4598418
4598435
4598685
4598720
4598731
4598845
4598881
4598971
4599384
4599676
4599995
4600053
4600081
4600283
4600410
4600534
4600572
4600586
4600639
4600647
4600957
4601119
4601176
4601218
4601219
4601266
4601326
4601531
4601769
4601796
4601858
4601943
4602013
4602197
4602229
4602249
4602395
4602444
4602681
4602708
4602835
4602844
4602875
4602968
4603166
4603362
4603506
4603835
4604310
4604592
4604748
4604763
4604782
4604808
4604814
4604922
4604990
4605427
4605464
4605713
4605746
4605809
4605874
4605907
4605955
4606068
4606190
4606285
4606295
4606336
4606754
4606757
4606760
4606860
4606884
4606889
4606979
4607082
4607088
4607090
4607233
4607356
4607630
4607642
4607677
4608056
4608110
4608156
4608181
4608390
4608504
4608547
4608850
4608938
4608995
4609049
4609076
4609164
4609276
4609415
4609460
4609484
4609559
4609588
4609733
4609799
4609867
4609916
4610014
4610102
4610141
4610147
4610211
4610242
4610304
4610343
4610397
4610478
4610517
4610522
4610529
4610644
4610694
4610880
4610926
4611001
4611131
4611232
4611367
4611489
4611573
4611775
4611878
4611882
4611977
4612126
4612221
4612427
4612433
4612521
4612544
4612557
4612657
4612661
4612788
4612833
4612903
4612913
4613007
4613060
4613089
4613136
4613156
4613412
4613490
4613639
4613658
4613732
4613753
4613764
4613810
4613819
4613921
4613969
4614128
4614139
4614236
4614451
4614478
4614599
4614666
4614676
4614749
4614828
4614839
4614865
4615014
4615031
4615067
4615181
4615311
4615326
4615455
4615459
4615523
4615555
4615626
4615802
4615833
4615987
4616010
4616177
4616201
4616210
4616272
4616293
4616411
4616421
4616700
4616720
4616858
4616865
4616955
4617111
4617296
4617373
4617402
4617480
4617487
4617498
4617577
4617584
4617611
4617631
4617750
4617819
4617866
4618201
4618255
4618267
4618292
4618477
4618502
4618516
4618576
4618645
4618653
4618777
4618844
4618955
4618974
4619095
4619140
4619302
4619366
4619572
4619702
4619759
4619860
4619952
4620060
4620206
4620354
4620404
4620475
4620543
4620545
4620602
4620736
4620755
4620798
4620842
4620897
4620919
4620956
4620997
4621195
4621208
4621256
4621502
4621516
4621665
4621668
4621837
4622128
4622142
4622362
4622456
4622466
4622571
4622691
4622710
4622758
4623108
4623304
4623556
4623677
4624171
4624195
4624214
4624217
4624229
4624290
4624304
4624416
4624434
4624463
4624503
4624590
4624668
4624728
4624763
4625348
4625553
4625626
4625687
4625881
4625923
4626140
4626211
4626347
4626599
4626805
4627018
4627039
4627048
4627141
4627160
4627376
4627394
4627651
4627688
4627736
4627779
4627801
4627930
4627948
4627979
4628333
4628334
4628568
4628614
4628615
4628641
4628725
4628769
4628822
4628911
4629206
4629528
4629578
4629586
4629598
4629615
4629803
4629839
4629942
4630088
4630312
4630347
4630399
4630663
4630671
4630881
4631056
4631233
4631261
4631419
4631442
4631491
4631695
4631845
4631878
4631907
4632135
4632154
4632193
4632311
4632316
4632554
4632596
4632613
4632617
4632670
4632782
4632868
4633014
4633183
4633185
4633443
4633950
4634016
4634047
4634193
4634221
4634247
4634357
4634372
4634501
4634564
4634879
4634906
4634927
4635037
4635381
4635433
4635522
4635552
4635641
4635660
4635689
4635735
4635761
4635851
4635886
4635907
4636300
4636338
4636402
4636436
4636553
4636573
4636784
4636903
4637105
4637133
4637865
4637977
4638075
4638262
4638341
4638389
4638415
4638724
4638862
4638891
4639010
4639186
4639188
4639362
4639476
4639621
4639828
4640006
4640020
4640168
4640240
4640299
4640417
4640627
4640640
4640692
4640737
4640917
4641039
4641212
4641242
4641304
4641337
4641405
4641446
4641634
4641668
4641717
4641737
4641776
4641885
4641961
4642100
4642115
4642131
4642136
4642220
4642312
4642359
4642458
4642534
4642628
4642753
4642811
4642905
4643157
4643255
4643331
4643372
4643432
4644055
4644119
4644156
4644167
4644185
4644210
4644245
4644608
4644654
4644658
4644664
4644881
4644947
4644989
4645057
4645094
4645225
4645323
4645389
4645487
4645513
4645633
4645698
4645763
4645839
4645913
4645937
4646031
4646192
4646243
4646264
4646327
4646354
4646365
4646369
4646399
4646423
4646503
4646844
4646950
4647006
4647058
4647087
4647092
4647154
4647327
4647405
4647429
4647600
4647772
4648094
4648180
4648240
4648292
4648321
4648337
4648570
4648860
4649017
4649111
4649188
4649264
4649327
4649428
4649630
4649845
4649866
4649942
4649980
4650057
4650283
4650598
4650669
4650705
4650878
4650905
4651064
4651142
4651187
4651253
4651332
4651900
4652126
4652280
4652295
4652315
4652341
4652493
4652499
4652619
4652629
4652741
4652767
4652771
4652969
4652981
4652997
4653030
4653081
4653096
4653237
4653460
4653500
4653874
4654348
4654365
4654389
4654436
4654450
4654478
4654759
4654839
4654956
4655023
4655141
4655217
4655321
4655407
4655545
4655552
4655607
4655687
4655749
4655898
4655930
4656047
4656220
4656244
4656453
4656483
4656656
4657249
4657319
4657337
4657345
4657348
4657379
4657492
4657540
4657586
4657804
4657934
4658288
4658301
4658373
4658476
4658492
4658581
4658598
4658668
4658705
4658837
4658841
4658910
4658935
4658945
4659216
4659287
4659289
4659313
4659319
4659416
4659541
4659619
4659690
4659719
4659993
4660140
4660174
4660291
4660461
4660527
4660778
4660797
4660877
4660921
4661000
4661162
4661187
4661229
4661268
4661466
4661469
4661540
4661743
4661889
4661924
4661950
4662095
4662152
4662202
4662249
4662261
4662273
4662427
4662617
4662679
4662703
4662818
4662858
4662989
4663026
4663152
4663234
4663312
4663420
4663473
4663516
4663560
4663566
4663633
4663654
4664107
4664126
4664233
4664533
4664609
4664728
4664962
4665083
4665240
4665403
4665666
4665852
4665880
4665907
4666092
4666102
4666106
4666123
4666124
4666537
4666578
4666739
4666752
4666823
4666836
4666859
4666885
4666895
4667188
4667537
4667551
4667730
4667827
4667879
4668024
4668069
4668492
4668753
4668795
4668905
4668949
4669108
4669148
4669197
4669345
4669367
4669372
4669552
4669586
4669654
4669797
4669851
4669874
4669983
4670028
4670030
4670214
4670266
4670430
4670490
4670563
4670680
4670778
4670894
4670913
4670960
4671033
4671084
4671101
4671516
4671523
4671605
4671637
4671665
4671683
4671702
4671803
4671826
4671948
4672023
4672100
4672240
4672278
4672320
4672333
4672442
4672474
4672507
4672695
4672749
4672966
4672991
4673105
4673227
4673260
4673274
4673479
4673749
4673751
4673999
4674093
4674526
4674573
4674836
4674843
4674846
4675177
4675253
4675379
4675474
4675478
4675694
4675867
4675927
4676022
4676171
4676182
4676269
4676370
4676905
4676916
4677013
4677103
4677321
4677324
4677334
4677339
4677352
4677461
4677554
4677681
4677691
4677756
4677906
4677912
4678071
4678132
4678149
4678248
4678406
4678472
4678594
4678603
4678616
4678693
4678723
4678762
4678824
4678864
4678918
4679139
4679240
4679360
4679400
4679593
4679618
4679662
4679799
4680059
4680106
4680151
4680236
4680371
4680463
4680482
4680512
4680572
4680643
4680744
4680908
4680973
4681133
4681289
4681326
4681415
4681440
4681751
4681882
4682052
4682107
4682195
4682267
4682440
4682461
4682481
4683001
4683016
4683044
4683203
4683259
4683315
4683446
4683651
4683714
4683719
4683834
4684059
4684213
4684272
4684371
4684432
4684445
4684619
4684798
4684851
4684896
4685289
4685322
4685599
4685651
4685662
4685772
4685871
4685987
4686426
4686518
4686520
4686631
4686635
4686832
4686886
4686961
4687041
4687176
4687201
4687243
4687259
4687326
4687396
4687509
4687524
4687743
4687811
4687982
4688000
4688192
4688422
4688452
4688453
4688475
4688492
4688493
4688616
4688746
4688840
4688892
4689083
4689208
4689561
4689723
4689866
4690099
4690127
4690162
4690356
4690601
4690613
4690942
4690994
4690995
4691228
4691301
4691564
4691664
4691699
4691885
4692001
4692197
4692213
4692281
4692294
4692389
4692434
4692605
4692641
4692679
4692966
4693072
4693242
4693371
4693440
4693474
4693476
4693671
4693674
4693773
4693815
4693832
4693843
4693850
4693969
4694366
4694401
4694590
4694602
4694807
4694850
4694864
4695081
4695109
4695215
4695239
4695270
4695318
4695361
4695441
4695557
4695663
4695730
4695992
4696020
4696053
4696164
4696198
4696342
4696449
4696493
4696577
4696620
4696627
4696708
4696759
4696804
4696833
4696877
4697356
4697366
4697508
4697550
4697569
4697613
4697753
4697880
4697925
4698002
4698027
4698133
4698197
4698221
4698450
4698518
4698602
4698620
4698709
4698792
4698881
4698919
4699013
4699047
4699125
4699240
4699241
4699318
4699341
4699345
4699386
4699401
4699660
4699696
4699862
4699880
4700059
4700119
4700393
4700438
4700593
4700679
4700956
4701026
4701231
4701270
4701485
4701637
4701692
4701838
4701883
4701896
4702032
4702443
4702496
4702540
4702599
4702823
4703263
4703402
4703533
4703593
4703664
4703734
4703760
4703801
4703851
4703852
4703875
4703944
4703986
4704128
4704245
4704282
4704867
4704933
4704950
4705010
4705145
4705210
4705323
4705329
4705333
4705368
4705567
4705668
4705676
4705725
4705731
4705988
4706253
4706502
4706595
4706680
4707110
4707225
4707625
4707730
4707984
4708158
4708358
4708364
4708672
4708866
4708874
4708903
4708939
4709032
4709212
4709238
4709486
4709500
4709597
4709761
4709942
4710195
4710245
4710262
4710338
4710507
4710591
4710647
4710680
4711001
4711179
4711198
4711220
4711244
4711289
4711340
4711342
4711368
4711735
4711784
4711866
4712038
4712061
4712140
4712146
4712236
4712404
4712680
4712779
4712846
4712889
4712964
4713223
4713315
4713322
4713327
4713351
4713457
4713531
4713563
4713609
4713647
4713987
4714049
4714358
4714403
4714452
4714484
4714564
4714783
4715150
4715159
4715270
4715283
4715392
4715464
4715491
4715508
4715688
4715910
4715962
4716128
4716300
4716531
4716541
4716645
4716701
4716712
4716754
4716767
4716791
4716795
4716930
4717158
4717334
4717367
4717530
4717681
4717737
4717831
4718077
4718120
4718276
4718282
4718656
4718802
4718904
4719157
4719165
4719418
4719458
4719555
4719702
4719816
4719840
4719952
4719960
4720004
4720037
4720447
4720461
4720528
4720552
4720570
4720579
4720841
4721309
4721321
4721348
4721373
4721428
4721501
4721545
4721571
4721668
4721751
4721792
4722257
4722295
4722380
4722767
4722850
4722879
4722917
4723019
4723103
4723110
4723126
4723337
4723408
4723426
4723452
4723556
4724004
4724018
4724146
4724270
4724285
4724317
4724519
4724527
4724575
4724588
4724673
4724761
4724834
4725042
4725049
4725190
4725306
4725521
4725836
4725943
4726199
4726200
4726210
4726271
4726303
4726325
4726867
4726947
4727200
4727222
4727232
4727255
4727326
4727341
4727423
4727507
4727659
4727750
4727931
4727995
4728012
4728152
4728184
4728244
4728301
4728365
4728383
4728408
4728506
4728540
4728616
4728785
4728841
4729027
4729363
4729385
4729387
4729509
4729644
4729721
4729828
4730049
4730108
4730333
4730361
4730386
4730420
4730474
4730532
4730537
4730783
4730861
4731057
4731164
4731236
4731493
4731582
4731682
4731942
4731996
4732057
4732068
4732118
4732176
4732396
4732403
4732436
4732502
4732516
4732650
4732658
4732680
4732720
4732831
4732936
4733009
4733021
4733069
4733092
4733138
4733188
4733492
4733502
4733742
4733778
4733888
4733923
4734019
4734077
4734105
4734372
4734594
4734712
4734743
4734811
4734898
4734934
4735019
4735101
4735129
4735142
4735189
4735385
4735737
4735755
4735764
4735869
4735886
4736042
4736043
4736130
4736154
4736182
4736228
4736463
4736518
4736525
4736534
4736563
4736662
4736848
4736871
4737069
4737097
4737123
4737204
4737271
4737426
4737625
4737765
4737778
4737850
4737919
4737972
4738001
4738291
4738324
4738385
4738388
4738495
4738752
4738768
4738880
4739013
4739309
4739357
4739736
4739936
4739974
4740034
4740067
4740156
4740225
4740254
4740262
4740584
4740648
4740745
4740801
4740889
4740920
4740922
4740938
4740998
4741033
4741217
4741634
4741668
4741728
4741785
4741815
4741852
4741863
4741911
4741952
4741957
4741959
4742075
4742214
4742249
4742275
4742283
4742303
4742333
4742612
4742764
4742773
4742796
4742981
4742983
4743013
4743028
4743031
4743108
4743199
4743289
4743427
4743454
4743459
4743703
4743826
4743938
4743979
4744067
4744342
4744365
4744513
4744600
4744606
4744621
4744746
4745103
4745132
4745192
4745503
4745545
4745605
4745712
4745734
4745833
4745855
4745895
4745911
4745923
4745994
4746070
4746090
4746113
4746203
4746270
4746328
4746587
4746638
4746814
4747055
4747062
4747103
4747129
4747143
4747173
4747207
4747231
4747252
4747256
4747264
4747300
4747426
4747521
4747609
4747792
4747826
4747951
4748616
4748689
4748705
4748710
4748748
4749154
4749269
4749276
4749292
4749587
4749603
4749604
4749674
4749838
4750075
4750107
4750357
4750416
4750651
4750807
4750962
4751229
4751453
4751473
4751583
4751675
4751706
4752007
4752238
4752304
4752443
4752554
4752722
4752757
4752844
4752885
4752904
4752928
4752957
4752968
4752988
4753123
4753178
4753184
4753334
4753745
4753788
4753831
4753907
4753915
4754079
4754153
4754297
4754591
4754705
4754719
4754900
4755042
4755092
4755162
4755220
4755295
4755381
4755543
4755760
4755832
4755974
4755984
4756120
4756331
4756333
4756377
4756432
4756443
4756541
4756576
4756587
4756594
4756631
4756662
4756738
4756779
4756794
4757173
4757252
4757470
4757596
4757668
4757878
4757921
4757966
4758048
4758182
4758228
4758285
4758528
4758560
4758865
4758913
4758914
4759000
4759072
4759153
4759204
4759273
4759289
4759304
4759501
4759568
4759793
4759916
4759962
4760193
4760211
4760414
4760432
4760552
4760651
4760686
4760687
4760743
4760744
4760758
4760818
4760878
4761024
4761630
4761727
4761913
4761931
4762000
4762122
4762177
4762355
4762542
4762663
4762706
4762751
4762761
4762828
4762844
4762846
4762971
4762990
4762992
4763002
4763205
4763299
4763484
4763494
4763499
4763523
4763748
4763765
4763884
4763900
4763944
4764018
4764078
4764093
4764099
4764473
4764655
4764773
4764845
4764865
4764992
4765198
4765209
4765324
4765375
4765461
4765486
4765589
4765660
4765701
4765813
4765835
4765836
4765870
4766067
4766103
4766229
4766397
4766465
4766547
4766563
4766663
4766857
4766949
4767062
4767295
4767430
4767457
4767515
4767548
4767602
4767930
4767977
4768054
4768097
4768244
4768320
4768337
4768389
4768427
4768444
4768646
4768678
4768801
4768877
4769035
4769204
4769217
4769407
4769545
4769693
4769774
4769903
4769916
4770115
4770138
4770312
4770316
4770383
4770440
4770823
4770900
4770928
4771289
4771437
4771640
4771884
4772006
4772074
4772169
4772231
4772254
4772744
4772779
4773135
4773392
4773393
4773511
4773518
4773621
4773717
4773792
4773927
4773949
4773957
4773967
4774023
4774173
4774240
4774290
4774333
4774375
4774477
4774729
4774983
4775163
4775195
4775426
4775478
4775676
4775788
4775872
4775993
4776294
4776418
4776492
4776547
4776556
4776667
4776744
4776837
4776914
4776997
4777085
4777087
4777148
4777180
4777273
4777333
4777375
4777382
4777396
4777445
4777509
4777647
4777868
4778203
4778384
4778435
4778533
4778540
4778579
4778661
4778675
4778974
4779035
4779180
4779422
4779592
4779627
4779715
4779870
4780008
4780041
4780226
4780300
4780335
4780444
4780501
4780559
4780574
4780595
4780800
4780857
4780905
4780943
4781034
4781111
4781142
4781172
4781174
4781201
4781210
4781342
4781406
4781467
4781537
4781630
4781749
4781970
4781987
4782028
4782037
4782240
4782331
4782501
4782527
4782635
4782676
4782701
4782716
4782750
4783109
4783161
4783173
4783214
4783342
4783386
4783512
4783766
4784136
4784178
4784534
4784725
4784861
4784876
4784960
4784984
4785035
4785128
4785168
4785296
4785328
4785365
4785449
4785486
4785505
4785557
4785579
4785770
4785873
4786028
4786121
4786201
4786516
4786645
4786869
4787030
4787096
4787241
4787291
4787570
4787656
4787705
4787879
4788055
4788080
4788085
4788104
4788136
4788230
4788231
4788239
4788278
4788327
4788398
4788416
4788600
4788667
4788671
4788819
4788912
4788913
4788939
4789213
4789293
4789349
4789540
4789645
4789910
4789974
4790017
4790090
4790359
4790445
4790541
4790681
4790686
4791148
4791377
4791596
4791597
4791741
4791913
4791962
4792005
4792074
4792111
4792197
4792390
4792533
4792578
4792919
4792970
4793276
4793289
4793543
4793548
4793553
4793623
4793759
4793818
4794108
4794340
4794379
4794381
4794429
4794544
4794585
4794763
4794786
4794825
4794856
4795005
4795162
4795270
4795337
4795367
4795832
4795845
4795882
4795901
4796020
4796023
4796075
4796125
4796126
4796172
4796343
4796365
4796379
4796422
4796624
4796712
4796766
4797194
4797212
4797407
4797509
4797709
4797724
4797744
4797806
4797860
4797912
4798165
4798184
4798357
4798378
4798652
4798685
4798756
4799170
4799189
4799528
4799898
4799986
4800065
4800226
4800250
4800574
4800650
4800746
4800935
4801015
4801016
4801237
4801377
4801515
4801551
4801741
4801759
4801886
4802047
4802114
4802178
4802309
4802347
4802413
4802437
4802582
4802757
4802845
4802917
4803007
4803055
4803124
4803126
4803534
4803750
4803997
4804009
4804014
4804317
4804324
4804326
4804353
4804437
4804565
4804572
4805082
4805138
4805164
4805420
4805428
4805529
4805690
4805851
4805936
4806032
4806143
4806339
4806618
4806631
4806703
4806737
4807152
4807276
4807397
4807562
4807696
4807723
4807734
4807772
4807845
4808245
4808409
4808747
4808791
4808807
4809062
4809115
4809179
4809335
4809478
4809587
4809696
4810024
4810064
4810153
4810231
4810405
4810450
4810574
4810637
4810798
4810810
4810882
4810918
4811074
4811135
4811151
4811173
4811238
4811264
4811439
4811510
4811676
4811721
4811803
4812150
4812250
4812359
4812384
4812520
4812619
4812884
4812903
4812924
4812933
4813113
4813470
4813491
4813583
4813653
4813740
4813811
4813821
4814035
4814637
4814689
4814903
4815065
4815414
4815462
4815482
4815603
4815827
4815832
4816204
4816226
4816237
4816268
4816377
4816399
4816560
4816636
4816717
4816750
4816780
4816827
4816849
4816925
4816973
4817031
4817040
4817110
4817193
4817329
4817455
4817496
4817612
4817685
4817718
4817816
4817939
4818015
4818023
4818032
4818186
4818273
4818302
4818314
4818412
4818517
4818530
4818704
4818756
4819058
4819104
4819135
4819256
4819381
4819385
4819520
4819541
4819593
4819687
4819724
4819824
4819919
4819934
4819945
4819954
4820002
4820007
4820025
4820178
4820233
4820285
4820291
4820300
4820423
4820503
4820531
4820602
4820677
4820697
4820734
4820868
4821270
4821304
4821422
4821739
4822054
4822124
4822128
4822157
4822346
4822495
4822525
4822597
4822769
4822827
4822850
4822863
4822870
4822930
4822974
4823080
4823345
4823607
4823841
4823898
4823918
4824037
4824195
4824282
4824340
4824409
4824490
4824507
4824568
4824588
4824774
4824888
4824890
4825112
4825234
4825297
4825433
4825478
4825518
4825558
4825580
4825738
4825827
4825880
4826064
4826131
4826139
4826220
4826320
4826621
4826635
4826665
4826721
4826842
4827054
4827398
4827555
4827596
4827654
4827769
4827834
4827841
4827912
4828106
4828133
4828159
4828201
4828244
4828321
4828450
4828669
4828694
4828756
4828759
4828845
4828950
4828965
4829014
4829212
4829248
4829259
4829374
4829381
4829393
4829411
4829445
4829458
4829500
4829628
4829714
4829722
4829844
4829930
4829943
4829972
4830268
4830390
4830415
4830477
4830526
4830622
4830812
4830845
4831194
4831509
4831645
4831682
4831794
4831864
4831992
4832271
4832308
4832468
4832584
4832785
4832844
4832958
4833258
4833347
4833400
4833418
4833450
4833459
4833757
4833841
4834016
4834192
4834200
4834205
4834325
4834515
4834553
4834555
4834717
4834911
4834925
4834956
4835053
4835071
4835086
4835248
4835644
4835648
4835711
4836032
4836167
4836192
4836448
4836611
4836654
4836780
4836823
4836845
4836925
4837136
4837155
4837193
4837202
4837394
4837638
4837780
4837806
4838093
4838706
4838793
4838848
4838940
4838976
4839034
4839161
4839165
4839298
4839385
4839503
4839554
4839599
4839700
4839736
4839871
4839890
4840225
4840283
4840488
4840589
4840614
4840628
4840677
4840709
4840784
4840838
4840839
4840905
4841214
4841287
4841310
4841346
4841369
4841372
4841484
4841545
4841658
4841732
4841807
4842058
4842069
4842087
4842393
4842450
4842647
4842959
4842961
4842962
4843133
4843166
4843262
4843356
4843383
4843459
4843506
4843595
4843655
4843775
4843797
4843813
4843831
4843905
4843910
4843922
4843937
4844313
4844360
4844367
4844499
4844610
4844653
4844736
4844743
4844941
4845079
4845233
4845293
4845422
4845996
4846096
4846205
4846266
4846498
4846557
4846727
4846966
4847096
4847105
4847113
4847511
4847669
4847694
4847741
4847955
4847970
4848035
4848212
4848278
4848320
4848364
4848386
4848440
4848465
4848481
4848622
4848651
4848682
4848761
4848779
4848834
4848859
4848880
4849170
4849206
4849212
4849348
4849635
4849644
4849869
4849906
4850228
4850353
4850583
4850614
4850871
4851009
4851158
4851324
4851429
4851627
4851784
4851879
4851888
4851925
4851937
4852176
4852236
4852299
4852401
4852579
4852586
4852699
4852793
4852816
4852871
4852969
4853211
4853213
4853324
4853460
4853481
4853657
4853735
4853791
4853831
4853865
4853930
4853999
4854001
4854040
4854202
4854507
4854531
4854569
4854871
4854878
4855016
4855414
4855466
4855471
4855497
4855741
4855766
4855834
4855928
4855988
4856079
4856080
4856364
4856404
4856478
4856699
4856720
4856760
4856793
4856807
4856811
4856865
4856914
4857067
4857123
4857323
4857335
4857561
4857690
4858023
4858131
4858551
4858625
4858823
4858875
4859051
4859081
4859213
4859302
4859308
4859359
4859561
4859820
4859852
4860062
4860217
4860248
4860298
4860405
4860475
4860644
4860893
4860949
4861046
4861058
4861062
4861132
4861172
4861219
4861288
4861415
4861420
4861424
4861634
4861813
4861827
4861845
4861952
4861968
4862103
4862145
4862186
4862388
4862393
4862397
4862940
4863145
4863233
4863293
4863349
4863456
4863473
4863515
4863863
4863887
4863890
4864145
4864285
4864324
4864371
4864497
4864652
4864754
4864772
4865079
4865169
4865178
4865195
4865198
4865234
4865342
4865436
4865438
4865475
4865661
4865679
4865718
4865815
4865820
4865826
4865935
4866368
4866446
4866563
4866624
4866632
4866792
4866816
4866957
4867026
4867161
4867170
4867173
4867196
4867276
4867277
4867283
4867310
4867451
4867604
4867739
4867817
4868037
4868088
4868288
4868336
4868369
4868449
4868480
4868567
4868606
4868642
4868749
4869032
4869166
4869287
4869313
4869446
4869454
4869549
4869831
4869874
4870021
4870032
4870137
4870172
4870323
4870479
4870599
4870636
4870904
4870910
4870950
4870979
4870996
4871047
4871095
4871240
4871302
4871534
4871617
4871646
4871682
4871945
4872199
4872211
4872296
4872414
4872462
4872466
4872638
4872719
4872736
4872836
4873065
4873117
4873275
4873381
4873521
4873606
4873927
4874056
4874223
4874290
4874575
4874689
4874693
4874820
4874821
4874992
4875192
4875209
4875301
4875307
4875349
4875553
4875574
4875646
4875795
4875878
4876050
4876347
4876429
4876541
4876542
4876570
4876618
4876633
4876652
4876661
4876673
4876974
4877236
4877328
4877345
4877568
4877605
4877763
4877815
4877827
4877854
4878012
4878047
4878190
4878379
4878387
4878472
4878757
4878882
4878907
4878912
4879028
4879076
4879082
4879086
4879140
4879255
4879355
4879388
4879433
4879443
4879536
4879724
4879736
4879873
4879923
4880003
4880149
4880198
4880434
4880474
4880843
4880917
4881030
4881263
4881603
4881607
4881732
4881903
4881918
4882051
4882104
4882702
4882955
4883035
4883292
4883334
4883390
4883709
4883722
4883935
4884061
4884203
4884371
4884445
4884493
4884507
4884519
4884825
4885027
4885039
4885234
4885307
4885434
4885515
4885520
4885525
4885540
4885574
4885819
4885831
4885863
4885873
4885964
4886362
4886485
4886510
4886603
4886701
4886895
4887133
4887366
4887528
4887579
4887696
4887753
4887768
4887839
4888020
4888063
4888113
4888172
4888552
4888678
4888711
4889006
4889292
4889550
4889667
4889686
4889713
4889714
4889736
4889831
4889837
4889848
4889889
4889966
4890059
4890097
4890430
4890486
4890626
4890697
4890985
4890986
4891042
4891122
4891332
4891470
4891620
4891809
4891836
4892050
4892092
4892328
4892438
4892706
4892774
4892942
4892945
4892993
4893017
4893124
4893391
4893556
4893557
4893610
4893620
4893658
4893741
4893892
4894139
4894352
4894450
4894732
4894745
4894797
4894970
4895147
4895162
4895320
4895358
4895406
4895441
4895447
4895545
4895554
4895614
4895708
4895717
4895774
4895942
4895991
4896063
4896134
4896177
4896219
4896419
4896641
4897293
4897347
4897368
4897541
4897682
4897708
4897815
4897908
4897929
4898046
4898067
4898085
4898248
4898367
4898378
4898646
4899037
4899130
4899200
4899254
4899256
4899374
4899412
4899767
4899823
4899842
4899902
4899931
4900034
4900195
4900314
4900415
4900423
4900467
4900640
4900752
4900826
4900865
4900909
4900924
4900951
4901010
4901272
4901310
4901338
4901378
4901418
4901465
4901467
4901468
4901558
4901570
4901719
4901728
4901730
4901744
4901940
4902026
4902129
4902239
4902535
4902633
4902745
4902776
4902809
4903031
4903096
4903214
4903275
4903330
4903411
4903460
4903471
4903654
4903665
4903752
4903820
4903905
4904019
4904161
4904253
4904271
4904385
4904497
4904529
4904667
4904692
4904754
4904791
4905050
4905109
4905128
4905342
4905520
4905548
4905572
4905810
4905994
4906009
4906348
4906388
4906404
4906509
4906651
4906785
4906793
4906847
4906998
4907059
4907214
4907271
4907969
4908045
4908148
4908265
4908324
4908377
4908576
4908615
4908638
4908639
4908695
4908796
4908807
4908840
4908860
4909191
4909201
4909261
4909268
4909271
4909284
4909427
4909485
4909591
4909718
4909849
4909951
4910008
4910119
4910264
4910440
4910445
4910522
4910623
4910809
4910917
4911045
4911065
4911173
4911231
4911371
4911588
4911627
4911730
4911741
4911911
4911966
4912132
4912225
4912314
4912530
4912669
4913024
4913063
4913117
4913147
4913350
4913395
4913513
4913548
4913596
4913610
4913661
4913685
4913688
4913702
4913707
4913763
4913798
4913855
4913892
4913975
4914094
4914324
4914527
4914551
4914822
4914824
4915250
4915426
4915451
4915513
4915599
4915694
4915709
4915744
4915812
4915842
4915858
4915953
4915978
4916140
4916170
4916289
4916304
4916393
4916416
4916424
4916629
4916665
4916782
4916820
4917031
4917303
4917372
4917623
4917747
4917818
4917862
4917916
4918006
4918086
4918131
4918198
4918361
4918363
4918600
4918646
4919002
4919136
4919298
4919325
4919326
4919402
4919521
4919563
4919695
4919820
4920429
4920449
4920563
4920783
4920916
4920932
4921081
4921151
4921363
4921636
4921738
4921742
4921766
4922061
4922293
4922474
4922535
4922743
4922820
4922822
4922940
4923015
4923138
4923179
4923256
4923293
4923302
4923382
4923714
4923718
4923845
4923896
4923909
4924005
4924012
4924088
4924101
4924165
4924379
4924616
4924782
4924912
4925228
4925291
4925298
4925410
4925526
4925596
4925616
4925618
4925747
4925802
4925926
4926053
4926481
4926526
4926570
4926846
4926952
4927087
4927308
4927310
4927314
4927366
4927408
4927413
4927563
4927597
4927764
4927849
4927868
4927901
4927992
4928132
4928156
4928589
4928914
4928983
4928996
4929112
4929186
4929234
4929249
4929340
4929453
4929486
4929612
4929876
4929943
4929970
4930029
4930045
4930104
4930149
4930530
4930592
4930645
4930682
4930688
4930748
4930843
4930984
4931077
4931295
4931323
4931521
4931596
4931847
4932103
4932115
4932176
4932207
4932219
4932250
4932274
4932292
4932461
4932535
4932572
4932621
4932676
4932823
4932852
4933043
4933132
4933176
4933196
4933228
4933320
4933485
4933495
4933614
4933625
4933667
4933802
4933822
4933847
4933925
4933937
4933976
4934288
4934397
4934435
4934919
4934999
4935152
4935182
4935224
4935274
4935478
4935616
4935629
4935636
4935705
4935808
4935966
4936108
4936236
4936270
4936334
4936336
4936386
4936416
4936440
4936490
4936539
4936686
4936749
4936766
4936773
4937067
4937084
4937108
4937182
4937288
4937317
4937360
4937438
4937533
4937841
4938045
4938061
4938148
4938286
4938514
4938588
4938754
4938949
4939157
4939175
4939533
4939549
4939670
4939725
4939819
4939863
4939953
4939975
4940000
4940087
4940101
4940260
4940312
4940318
4940610
4940734
4940828
4940849
4941047
4941124
4941134
4941195
4941202
4941219
4941241
4941393
4941399
4941465
4941653
4941676
4941691
4941727
4941788
4941935
4942029
4942210
4942226
4942365
4942595
4942666
4942746
4942789
4942989
4943109
4943188
4943193
4943198
4943201
4943313
4943321
4943417
4943485
4943558
4943615
4943626
4943667
4943877
4943995
4944024
4944028
4944053
4944488
4944510
4944678
4944702
4944733
4944978
4945057
4945071
4945251
4945352
4945482
4945505
4945538
4945590
4945841
4946017
4946060
4946067
4946094
4946557
4946606
4946660
4946682
4946728
4946741
4946839
4946885
4947114
4947343
4947446
4947478
4947598
4947689
4947707
4947748
4947821
4947935
4948137
4948158
4948342
4948351
4948819
4948874
4949043
4949348
4949395
4949404
4949567
4949595
4949887
4950014
4950162
4950196
4950297
4950336
4950389
4950430
4950621
4950672
4950918
4951039
4951239
4951292
4951335
4951429
4951452
4951502
4951552
4951815
4951840
4951926
4951931
4952024
4952251
4952307
4952331
4952700
4952717
4953069
4953095
4953275
4953283
4953323
4953385
4953512
4953523
4953551
4953698
4953772
4953850
4953990
4954081
4954097
4954398
4954465
4954649
4954756
4954785
4954794
4954942
4955021
4955051
4955428
4955436
4955544
4955593
4955632
4955761
4955786
4955821
4956267
4956280
4956294
4956306
4956365
4956407
4956524
4956576
4956613
4956885
4956907
4957445
4957499
4957690
4957743
4957754
4957779
4957809
4957814
4957849
4957851
4957908
4957920
4957950
4957952
4957954
4958213
4958223
4958231
4958393
4958434
4958535
4958539
4958802
4959243
4959348
4959448
4959632
4959712
4959795
4959879
4959881
4959933
4960083
4960135
4960499
4960538
4960593
4961120
4961123
4961154
4961196
4961480
4961642
4961699
4961755
4961827
4961922
4962008
4962009
4962038
4962383
4962542
4962748
4962768
4962879
4962940
4962961
4962992
4963022
4963203
4963265
4963294
4963312
4963347
4963445
4963475
4963506
4963840
4963954
4964170
4964401
4964536
4964678
4964870
4965002
4965010
4965036
4965074
4965151
4965176
4965227
4965290
4965330
4966003
4966015
4966177
4966388
4966482
4966529
4966606
4966609
4966741
4966745
4966782
4966962
4967005
4967170
4967276
4967329
4967820
4967930
4967964
4968118
4968206
4968393
4968409
4968454
4968477
4968579
4968629
4968732
4968926
4968943
4969311
4969476
4969562
4969575
4969589
4969743
4969950
4970086
4970253
4970279
4970328
4970384
4970389
4970421
4970529
4970598
4970637
4970657
4970857
4970932
4971388
4971418
4971448
4971467
4971591
4971745
4971803
4971895
4972102
4972125
4972210
4972259
4972305
4972489
4972522
4972616
4972728
4972879
4973005
4973006
4973011
4973012
4973085
4973132
4973456
4973564
4973657
4973686
4973688
4973732
4973802
4973863
4973987
4974035
4974091
4974115
4974261
4974295
4974372
4974394
4974428
4974600
4974718
4974874
4974888
4974963
4974966
4975038
4975138
4975282
4975348
4975425
4975455
4975679
4975908
4976070
4976117
4976121
4976293
4976423
4976437
4976518
4976526
4976627
4976662
4976702
4976714
4976984
4977237
4977243
4977346
4977360
4977407
4977531
4977542
4977548
4977692
4977724
4977776
4977844
4977858
4977861
4977975
4978121
4978127
4978264
4978328
4978514
4978524
4978667
4978695
4978778
4978804
4978811
4978829
4978837
4978888
4978915
4979082
4979241
4979251
4979495
4979523
4980225
4980317
4980689
4980762
4980863
4980996
4981067
4981275
4981361
4981415
4981517
4981622
4981625
4982002
4982132
4982146
4982276
4982593
4982692
4982760
4982860
4983147
4983362
4983406
4983414
4983444
4983460
4983565
4983646
4983729
4983792
4983801
4983934
4983944
4984003
4984051
4984095
4984105
4984125
4984145
4984183
4984460
4985140
4985156
4985217
4985243
4985401
4985523
4985668
4985692
4985757
4985791
4986083
4986274
4986279
4986360
4986379
4986774
4986910
4987143
4987151
4987419
4987816
4987850
4987938
4987967
4988131
4988249
4988758
4988796
4988807
4989064
4989139
4989279
4989577
4989642
4989650
4989967
4990114
4990234
4990265
4990315
4990334
4990372
4990438
4990866
4991088
4991354
4991475
4991577
4991605
4991631
4991856
4992104
4992217
4992298
4992428
4992762
4992936
4993001
4993095
4993366
4993608
4993725
4993772
4993803
4993864
4993872
4993878
4994010
4994045
4994110
4994253
4994296
4994913
4994929
4994947
4994958
4995084
4995102
4995143
4995230
4995464
4995502
4995616
4995763
4995803
4995925
4996110
4996192
4996223
4996629
4996749
4996838
4996885
4997041
4997234
4997412
4997623
4997729
4997812
4998125
4998191
4998480
4998740
4998802
4998823
4998835
4999104
4999263
4999410
4999445
4999462
4999504
4999867
5000000
5000025
5000175
5000337
5000425
5000599
5000633
5000795
5000854
5000999
5001062
5001097
5001121
5001578
5001583
5001609
5001619
5001749
5001754
5001786
5001806
5001826
5001836
5001853
5001877
5001929
5002091
5002110
5002149
5002262
5002304
5002480
5002482
5002547
5002599
5002619
5002663
5003213
5003363
5003494
5003517
5003691
5003728
5003754
5003917
5004037
5004055
5004424
5004777
5004977
5005178
5005184
5005252
5005324
5005418
5005454
5005503
5005505
5005562
5005571
5006005
5006008
5006079
5006251
5006255
5006372
5006463
5006629
5006677
5006698
5006786
5006865
5007349
5007438
5007443
5007597
5007765
5007800
5008044
5008144
5008367
5008538
5008626
5008754
5008944
5008947
5008963
5008965
5008983
5009031
5009131
5009203
5009299
5009363
5009388
5009390
5009467
5009505
5009536
5009603
5009623
5009980
5010099
5010230
5010362
5010494
5010611
5010812
5010816
5011137
5011146
5011543
5011805
5011959
5011960
5012006
5012097
5012230
5012345
5012417
5012565
5012574
5012762
5012912
5012943
5012992
5013000
5013006
5013103
5013155
5013217
5013385
5013595
5013925
5014032
5014198
5014215
5014223
5014440
5014920
5014968
5015001
5015017
5015121
5015167
5015178
5015203
5015496
5015813
5015916
5015979
5015995
5016008
5016149
5016216
5016257
5016449
5016485
5016498
5016538
5016625
5016779
5016785
5016836
5016879
5016967
5017246
5017260
5017281
5017387
5017404
5017435
5017491
5017520
5017525
5017684
5017689
5017831
5017858
5017868
5018007
5018057
5018111
5018399
5018409
5018594
5018603
5018682
5018712
5018870
5018871
5018915
5018966
5018993
5019093
5019121
5019455
5019554
5019668
5019684
5019730
5019792
5019841
5019928
5019938
5020025
5020101
5020120
5020166
5020560
5020761
5020782
5021056
5021088
5021179
5021240
5021308
5021340
5021354
5021415
5021454
5021590
5021612
5021619
5021643
5021784
5021845
5021855
5021980
5022064
5022086
5022105
5022132
5022136
5022137
5022150
5022173
5022474
5022532
5022580
5022616
5022635
5023064
5023096
5023228
5023317
5023365
5023374
5023664
5023764
5024057
5024106
5024178
5024306
5024328
5024392
5024414
5024761
5024831
5024861
5024876
5024955
5025047
5025137
5025191
5025193
5025358
5025370
5025444
5025522
5025639
5025779
5025896
5025929
5026010
5026107
5026431
5026542
5026586
5026917
5026975
5027199
5027341
5027507
5027535
5027556
5027687
5027701
5027856
5027886
5027924
5027976
5028148
5028164
5028230
5028304
5028325
5028524
5028768
5028850
5028861
5028938
5028982
5029080
5029269
5029511
5029730
5029755
5029756
5029766
5029861
5029909
5029987
5030017
5030031
5030074
5030104
5030127
5030353
5030536
5030542
5030689
5030872
5030912
5031057
5031287
5031296
5031349
5031652
5031756
5031879
5031891
5032029
5032037
5032151
5032163
5032235
5032526
5032778
5032907
5033057
5033157
5033162
5033358
5033519
5033677
5033752
5033773
5033774
5034061
5034287
5034326
5034333
5034348
5034484
5034742
5034940
5034959
5034975
5035034
5035037
5035213
5035358
5035395
5035467
5035480
5035554
5035607
5035924
5035960
5036037
5036099
5036160
5036267
5036410
5036488
5036507
5036510
5036533
5036563
5036679
5036827
5036882
5036960
5037042
5037058
5037208
5037259
5037352
5037407
5037430
5037535
5037608
5037661
5037662
5037743
5037755
5037907
5037910
5038200
5038284
5038402
5038520
5038784
5038833
5038880
5039256
5039338
5039351
5039377
5039388
5039455
5039499
5039539
5039806
5040483
5040598
5040608
5040644
5040707
5040897
5041042
5041126
5041453
5041477
5041601
5041994
5042011
5042039
5042063
5042068
5042115
5042169
5042264
5042310
5042423
5042438
5042516
5042597
5042687
5042898
5042980
5043138
5043241
5043362
5043417
5043592
5043594
5043602
5043677
5043970
5044154
5044533
5044593
5044776
5044780
5044796
5045100
5045266
5045537
5045551
5045567
5045689
5045778
5045882
5046004
5046146
5046237
5046249
5046250
5046357
5046369
5046379
5046526
5046538
5046572
5046855
5047032
5047126
5047130
5047142
5047166
5047238
5047241
5047436
5047612
5047711
5047770
5047873
5047926
5047987
5048131
5048282
5048688
5048804
5049004
5049085
5049140
5049409
5049559
5049700
5049908
5049958
5050083
5050098
5050532
5050640
5050641
5050716
5050735
5050988
5051047
5051140
5051318
5051591
5051641
5051649
5051658
5051672
5051685
5051837
5052358
5052397
5052531
5052600
5052832
5052856
5052943
5053028
5053053
5053078
5053303
5053330
5053350
5053403
5053421
5053848
5054128
5054249
5054264
5054341
5054513
5054550
5054556
5054590
5054671
5054677
5054980
5055056
5055321
5055659
5056109
5056119
5056227
5056234
5056308
5056621
5056624
5056691
5056741
5057031
5057113
5057128
5057175
5057211
5057253
5057279
5057288
5057718
5057783
5057854
5057859
5057898
5057934
5058052
5058111
5058137
5058337
5058477
5058623
5058634
5058731
5058761
5058896
5059127
5059150
5059160
5059352
5059389
5059391
5059461
5059491
5059511
5059557
5059573
5059590
5059650
5059739
5059786
5059809
5060002
5060018
5060032
5060057
5060184
5060217
5060221
5060391
5060543
5060559
5060595
5060617
5060832
5060859
5060861
5060913
5060931
5061043
5061050
5061320
5061621
5061755
5062132
5062410
5062426
5062576
5062606
5062648
5062711
5062896
5062994
5063213
5063308
5063311
5063327
5063407
5063420
5063623
5063837
5064043
5064438
5064460
5064477
5064619
5064642
5064719
5064778
5064868
5064979
5065032
5065318
5065429
5065434
5065482
5065691
5065927
5066038
5066064
5066153
5066788
5066963
5067047
5067059
5067067
5067224
5067340
5067365
5067635
5067681
5067713
5067826
5067853
5067865
5067945
5068627
5068642
5068830
5068874
5069014
5069251
5069474
5069655
5069944
5070067
5070069
5070107
5070143
5070629
5070780
5070959
5071053
5071122
5071191
5071315
5071428
5071850
5071995
5072062
5072209
5072211
5072376
5072411
5072451
5072534
5072556
5072806
5072834
5072853
5072878
5072917
5073156
5073201
5073520
5073976
5074021
5074049
5074110
5074187
5074222
5074446
5074510
5074565
5074611
5074623
5074648
5074677
5074871
5074880
5075087
5075150
5075315
5075748
5075834
5075850
5075955
5075998
5076025
5076140
5076155
5076306
5076307
5076538
5076730
5076746
5076777
5076791
5076887
5076928
5076970
5077014
5077029
5077234
5077274
5077283
5077392
5077487
5077576
5077690
5077705
5078150
5078224
5078299
5078419
5078431
5078757
5078840
5078956
5078965
5079162
5079197
5079203
5079286
5079290
5079323
5079447
5079570
5079640
5079672
5079690
5079743
5079817
5079819
5079850
5079876
5079904
5080013
5080160
5080240
5080497
5080743
5080791
5080836
5080981
5081030
5081077
5081189
5081318
5081327
5081505
5081525
5081576
5081639
5081686
5081923
5081971
5082093
5082172
5082192
5082239
5082286
5082367
5082786
5082868
5083137
5083141
5083195
5083248
5083384
5083451
5083458
5083564
5083571
5083745
5083976
5083978
5083987
5084076
5084196
5084298
5084301
5084392
5084423
5084580
5084585
5084749
5084754
5084765
5084870
5084925
5085188
5085214
5085313
5085348
5085407
5085585
5085800
5085914
5086051
5086057
5086068
5086198
5086217
5086281
5086339
5086359
5086380
5086408
5086522
5086623
5086717
5086986
5087118
5087191
5087287
5087292
5087305
5087307
5087336
5087382
5087386
5087570
5087580
5087606
5087668
5087743
5087934
5088041
5088131
5088170
5088248
5088327
5088329
5088460
5088714
5088943
5089046
5089074
5089082
5089319
5089366
5089371
5089514
5089609
5089651
5090007
5090043
5090328
5090582
5090960
5091216
5091498
5091632
5091807
5091835
5091854
5091917
5091952
5092000
5092062
5092081
5092150
5092197
5092251
5092337
5092368
5092709
5092724
5092734
5093162
5093244
5093258
5093265
5093380
5093585
5093635
5093681
5093815
5093881
5093927
5094229
5094322
5094329
5094471
5094524
5094642
5094756
5095070
5095091
5095101
5095264
5095435
5095441
5095596
5095660
5095793
5096021
5096178
5096349
5096734
5096786
5096796
5096888
5096903
5096939
5097211
5097413
5097414
5097630
5097791
5097997
5098120
5098349
5098575
5098706
5098729
5098950
5099007
5099058
5099099
5099153
5099337
5099405
5099453
5099495
5099604
5099664
5099741
5099745
5100105
5100210
5100216
5100320
5100622
5100674
5100813
5100989
5101083
5101103
5101245
5101341
5101675
5101706
5102431
5102460
5102534
5102634
5102705
5102728
5102753
5102923
5103037
5103056
5103176
5103212
5103217
5103297
5103359
5103389
5103523
5103581
5103600
5103682
5103699
5103709
5103742
5103744
5103751
5103800
5103897
5104318
5104355
5104591
5104637
5104847
5104890
5105071
5105101
5105194
5105212
5105257
5105338
5105363
5105660
5105673
5105759
5105873
5106008
5106036
5106399
5106422
5106587
5106709
5106994
5106995
5107098
5107292
5107365
5107662
5107783
5107939
5108048
5108052
5108158
5108633
5109021
5109069
5109094
5109227
5109242
5109341
5109382
5109471
5109495
5109615
5109719
5109854
5109986
5109990
5110085
5110292
5110379
5110512
5110633
5110778
5110948
5110958
5111221
5111378
5111463
5111539
5111586
5111630
5111641
5111654
5111678
5112168
5112169
5112203
5112331
5112501
5112579
5112668
5112760
5112765
5112772
5112810
5112864
5113060
5113101
5113212
5113613
5113710
5113766
5113777
5113783
5113943
5113948
5113950
5114053
5114170
5114628
5114719
5114777
5114779
5114863
5114870
5114885
5115036
5115147
5115258
5115450
5115455
5115487
5115524
5115664
5115755
5115835
5115870
5115926
5116080
5116241
5116347
5116359
5116384
5116456
5116507
5116538
5116633
5116663
5116706
5116715
5116772
5116821
5116829
5116837
5116907
5116944
5117072
5117118
5117170
5117396
5117540
5117771
5117860
5117975
5118152
5118185
5118210
5118480
5118535
5118661
5118756
5118820
5119098
5119166
5119173
5119421
5119571
5119692
5119784
5119931
5119952
5119994
5120022
5120114
5120193
5120299
5120605
5120838
5120939
5121046
5121090
5121319
5121564
5121576
5121681
5121775
5121897
5122024
5122067
5122073
5122104
5122287
5122288
5122336
5122517
5122593
5122750
5122772
5122778
5122794
5123050
5123454
5123469
5123501
5123525
5123569
5123713
5123770
5123782
5123882
5123883
5124223
5124559
5125000
5125103
5125203
5125591
5125681
5125767
5125865
5125943
5126047
5126134
5126153
5126212
5126258
5126267
5126322
5126419
5126541
5126726
5126772
5126832
5126899
5126934
5126961
5127136
5127210
5127229
5127265
5127352
5127420
5127480
5127499
5127581
5127656
5127679
5127753
5127926
5127961
5128001
5128024
5128464
5128499
5128831
5128890
5128992
5129299
5129358
5129393
5129471
5129808
5129929
5130198
5130428
5130455
5130515
5130543
5130561
5130587
5130618
5130622
5130685
5130824
5130860
5130888
5130927
5131117
5131315
5131337
5131498
5131526
5131543
5131679
5131760
5131778
5131808
5131855
5131947
5132007
5132037
5132052
5132108
5132253
5132260
5132271
5132296
5132342
5132585
5132786
5132856
5132943
5133009
5133070
5133089
5133185
5133211
5133223
5133376
5133412
5133465
5133466
5133698
5133700
5133775
5133806
5133820
5133892
5134025
5134244
5134263
5134315
5134416
5134420
5134462
5134578
5134741
5134801
5134890
5134897
5134940
5134988
5135109
5135171
5135267
5135303
5135332
5135386
5135479
5135494
5136528
5136623
5136699
5136809
5137125
5137280
5137350
5137369
5137533
5137596
5137627
5137785
5137826
5137855
5137992
5138012
5138318
5138416
5138437
5138617
5139226
5139370
5139534
5139565
5139575
5139811
5140123
5140141
5140201
5140339
5140410
5140446
5140467
5140526
5140546
5140878
5140955
5141086
5141173
5141325
5141514
5141621
5141712
5141724
5141725
5141786
5141883
5141909
5141939
5141976
5142055
5142116
5142164
5142181
5142319
5142602
5142835
5142924
5142965
5143056
5143073
5143076
5143114
5143322
5143428
5143503
5143512
5143603
5143611
5143678
5143713
5143723
5143848
5144006
5144057
5144074
5144115
5144246
5144293
5144579
5144674
5144915
5144918
5145414
5145442
5145460
5145465
5145515
5145608
5145926
5146014
5146029
5146055
5146058
5146121
5146136
5146403
5146535
5146571
5146906
5147482
5147496
5147532
5147638
5147915
5147942
5148005
5148077
5148186
5148197
5148221
5148321
5148345
5148484
5148518
5148536
5148576
5148682
5148733
5148766
5148953
5149006
5149032
5149035
5149107
5149184
5149374
5149389
5149430
5149521
5149633
5149706
5149770
5149844
5149915
5150142
5150263
5150415
5150618
5150664
5150723
5150984
5151094
5151117
5151119
5151368
5151671
5151766
5151899
5151999
5152141
5152464
5152547
5152552
5152690
5152817
5152819
5152832
5152866
5152880
5153056
5153138
5153190
5153273
5153300
5153394
5153603
5153624
5153744
5153937
5154201
5154439
5154467
5154504
5154629
5154868
5155075
5155195
5155599
5155625
5155794
5155851
5155872
5155932
5156028
5156112
5156290
5156619
5156924
5156928
5156970
5157108
5157191
5157218
5157261
5157268
5157461
5157471
5157755
5157800
5157877
5157971
5158006
5158015
5158060
5158150
5158317
5158503
5158630
5158755
5158781
5158891
5158939
5159042
5159057
5159231
5159345
5159384
5159433
5159460
5159589
5159680
5159724
5159775
5159860
5160150
5160333
5160349
5160628
5160724
5160784
5160847
5160985
5161093
5161096
5161140
5161285
5161313
5161820
5161919
5161979
5162000
5162061
5162074
5162084
5162162
5162607
5162608
5162664
5162794
5162893
5162933
5163094
5163101
5163275
5163343
5163359
5163506
5163583
5163609
5164127
5164187
5164201
5164288
5164470
5164560
5164645
5164684
5164724
5164846
5165052
5165257
5165337
5165412
5165442
5165500
5165547
5165553
5165600
5165658
5165703
5165717
5165845
5165948
5165965
5165977
5166014
5166121
5166584
5166628
5166746
5166795
5166798
5166879
5166922
5166963
5166979
5167172
5167174
5167262
5167276
5167302
5167416
5167457
5167466
5167627
5167927
5168147
5168193
5168489
5168491
5168592
5168685
5168744
5168772
5168924
5169046
5169150
5169289
5169315
5169348
5169446
5169548
5169613
5169624
5169629
5169692
5169761
5169996
5170143
5170425
5170607
5170620
5170713
5170767
5170774
5170854
5170859
5170986
5171123
5171233
5171591
5171674
5171749
5171908
5172043
5172138
5172291
5172371
5172451
5172517
5172536
5172777
5172850
5172921
5172998
5173059
5173136
5173168
5173418
5173534
5173555
5173697
5173712
5173858
5173932
5173977
5174104
5174120
5174170
5174260
5174322
5174334
5174367
5174589
5174590
5174863
5175063
5175165
5175579
5175596
5175603
5175662
5176596
5176751
5177044
5177068
5177081
5177148
5177357
5177561
5177598
5177629
5177785
5177920
5177927
5178077
5178230
5178247
5178518
5178547
5178608
5178707
5178845
5178900
5179039
5179115
5179211
5179223
5179305
5179306
5179322
5179390
5179490
5179506
5179674
5179799
5179818
5180278
5180389
5180707
5180803
5181079
5181142
5181181
5181257
5181462
5181485
5181637
5181713
5181743
5181911
5182215
5182322
5182435
5182547
5182630
5182730
5182846
5182894
5183039
5183062
5183152
5183328
5183696
5183757
5183793
5183908
5184046
5184161
5184440
5184723
5184727
5184809
5184893
5184912
5184966
5185153
5185161
5185199
5185321
5185518
5185526
5185572
5185784
5186082
5186089
5186180
5186315
5186375
5186386
5186422
5186500
5186686
5186719
5186747
5186810
5186876
5186894
5186933
5187032
5187054
5187079
5187104
5187152
5187218
5187537
5187757
5187791
5187795
5187848
5187955
5188020
5188246
5188250
5188252
5188510
5188548
5188659
5188689
5189018
5189046
5189201
5189259
5189279
5189350
5189424
5189583
5189703
5189868
5189963
5190193
5190298
5190348
5190398
5190411
5190504
5190552
5190706
5190833
5191008
5191062
5191179
5191292
5191328
5191442
5191470
5191552
5191569
5191626
5191694
5191779
5191797
5191828
5192056
5192184
5192223
5192275
5192332
5192389
5192436
5192469
5192639
5192872
5192940
5193064
5193529
5193551
5193567
5193572
5193653
5193670
5193690
5193704
5193834
5193912
5194007
5194043
5194326
5194744
5194878
5194992
5195061
5195138
5195375
5195406
5195578
5195664
5195707
5195718
5195801
5195815
5195918
5196080
5196098
5196436
5196491
5196586
5196602
5196608
5196722
5196866
5196973
5197250
5197278
5197357
5197468
5197644
5197746
5197762
5197784
5197849
5197894
5197901
5197926
5198147
5198237
5198333
5198376
5198455
5198604
5198791
5198928
5199037
5199059
5199126
5199365
5199463
5199569
5199619
5199661
5199814
5199851
5200007
5200014
5200037
5200170
5200249
5200274
5200342
5200461
5200482
5200524
5200644
5200755
5200784
5200912
5200942
5200994
5201078
5201269
5201418
5201481
5201563
5201657
5201788
5201823
5202019
5202044
5202046
5202092
5202112
5202115
5202135
5202232
5202627
5202710
5202713
5202717
5202807
5202847
5203013
5203061
5203190
5203221
5203252
5203403
5203463
5203516
5203526
5203667
5204026
5204212
5204569
5205143
5205164
5205166
5205236
5205437
5205469
5205519
5205713
5205724
5205743
5205835
5205897
5205907
5206361
5206505
5206673
5206728
5206781
5207031
5207049
5207294
5207437
5207520
5207549
5207562
5207635
5207638
5207689
5207715
5207784
5207999
5208255
5208470
5208525
5208564
5208635
5209003
5209075
5209217
5209219
5209316
5209317
5209422
5210015
5210024
5210211
5210235
5210349
5210357
5210429
5210432
5210602
5210662
5210718
5211024
5211048
5211146
5211179
5211524
5211608
5211961
5211964
5212107
5212227
5212370
5212420
5212432
5212462
5212512
5212515
5212673
5212795
5212884
5213227
5213372
5213786
5213820
5214028
5214321
5214376
5214381
5214385
5214427
5214501
5214582
5214683
5214693
5214824
5214854
5214973
5214974
5215115
5215260
5215506
5215626
5215813
5215953
5216112
5216336
5216371
5216391
5216400
5216461
5216480
5216483
5216526
5216561
5216683
5216709
5216792
5216826
5216874
5216907
5216910
5217069
5217390
5217456
5217467
5217483
5217813
5217833
5217857
5217982
5218289
5218457
5218496
5218637
5218730
5218987
5218996
5219180
5219184
5219209
5219261
5219286
5219336
5219464
5219465
5219483
5219519
5219564
5219613
5219741
5219902
5219930
5219975
5220120
5220128
5220144
5220173
5220214
5220217
5220235
5220454
5220470
5220604
5220639
5220710
5220755
5220829
5220830
5220991
5221054
5221057
5221134
5221143
5221207
5221385
5221536
5221539
5221761
5221860
5221942
5222044
5222065
5222128
5222318
5222388
5222404
5222493
5222601
5222750
5222798
5222908
5222915
5222918
5223223
5223233
5223364
5223580
5223631
5223726
5223740
5223908
5224049
5224167
5224174
5224345
5224475
5224610
5224618
5224688
5224690
5224896
5225021
5225026
5225054
5225059
5225183
5225258
5225297
5225313
5225362
5225445
5225454
5225464
5225665
5225764
5225866
5225956
5226045
5226131
5226324
5226397
5226433
5226460
5226659
5226711
5226924
5226930
5226978
5227374
5227643
5227727
5227791
5227812
5227916
5228363
5228382
5228429
5228531
5228775
5228834
5228843
5229305
5229319
5229420
5229894
5230047
5230135
5230151
5230288
5230645
5230733
5230785
5230787
5230804
5230838
5230919
5230959
5231021
5231329
5231430
5231439
5231444
5231512
5231537
5231791
5231818
5231919
5232021
5232075
5232083
5232085
5232098
5232199
5232576
5232878
5232889
5232938
5232986
5233035
5233068
5233262
5233422
5233470
5233613
5233817
5233874
5233988
5234089
5234100
5234185
5234258
5234475
5234523
5234559
5234579
5234976
5234996
5235271
5235291
5235454
5235583
5235847
5236075
5236109
5236150
5236185
5236359
5236431
5236452
5236532
5236533
5236561
5236591
5236652
5236677
5236741
5236744
5236753
5236839
5236887
5237385
5237402
5237517
5237568
5237598
5237608
5237898
5237986
5237997
5238219
5238702
5238868
5238984
5239070
5239105
5239215
5239443
5239477
5239527
5239581
5239583
5239658
5239683
5239730
5239748
5239792
5239836
5239843
5239954
5239975
5240002
5240034
5240046
5240062
5240066
5240098
5240278
5240311
5240312
5240431
5240513
5240526
5240532
5240722
5240870
5240960
5240961
5241265
5241326
5241463
5241694
5241728
5241771
5241939
5242200
5242282
5242364
5242380
5242432
5242472
5242556
5242722
5242781
5242830
5242866
5242906
5243192
5243218
5243276
5243465
5243583
5243708
5243718
5243804
5243850
5244093
5244122
5244168
5244213
5244395
5244405
5244737
5244801
5244942
5244974
5245045
5245123
5245228
5245240
5245681
5245925
5245939
5245991
5246215
5246369
5246410
5246440
5246475
5246548
5246809
5246889
5246900
5247186
5247317
5247346
5247398
5247402
5247403
5247453
5247502
5247527
5247635
5247682
5247696
5247772
5247865
5248090
5248165
5248192
5248232
5248275
5248288
5248348
5248407
5248469
5248519
5248531
5248595
5248638
5248642
5248872
5249199
5249559
5249591
5249648
5249684
5249751
5249803
5249842
5249854
5249863
5249937
5250035
5250104
5250155
5250676
5250718
5250921
5250953
5250998
5251061
5251099
5251236
5251352
5251386
5251441
5251531
5251828
5252052
5252098
5252123
5252199
5252224
5252356
5252649
5252660
5252731
5252780
5252875
5252985
5252999
5253319
5253373
5253400
5253486
5253509
5253587
5253914
5254344
5254583
5254664
5254946
5255056
5255311
5255350
5255388
5255405
5255555
5255676
5255721
5255759
5255800
5255831
5255944
5256052
5256111
5256287
5256489
5256494
5256535
5256636
5256748
5256847
5256926
5256930
5257368
5257400
5257450
5257473
5257531
5257555
5257569
5257625
5257634
5257789
5257802
5258176
5258267
5258369
5258392
5258403
5258417
5258463
5258472
5258668
5258688
5258772
5258923
5258931
5259045
5259110
5259281
5259371
5259380
5259385
5259495
5259629
5259666
5259723
5259736
5260212
5260736
5260970
5261076
5261163
5261247
5261267
5261288
5261310
5261416
5261449
5261473
5261493
5261790
5262208
5262226
5262349
5262382
5262419
5262566
5262993
5263206
5263223
5263407
5263693
5263888
5264030
5264079
5264347
5264613
5264637
5264953
5265025
5265032
5265035
5265135
5265222
5265315
5265341
5265356
5265468
5265579
5265762
5265917
5265968
5266085
5266088
5266228
5266462
5266899
5266900
5266956
5267077
5267158
5267215
5267279
5267510
5267686
5267721
5267920
5268244
5268504
5268617
5268634
5268846
5269145
5269290
5269322
5269421
5269481
5269569
5269578
5269580
5269721
5269944
5269978
5270143
5270204
5270235
5270334
5270471
5270707
5270774
5270820
5271311
5271321
5271334
5271341
5271353
5271375
5271429
5271567
5271712
5271846
5271885
5272179
5272359
5272655
5272796
5273130
5273331
5273432
5273445
5273456
5273464
5273555
5273576
5273990
5274279
5274586
5274868
5274901
5274905
5274965
5275071
5275105
5275358
5275478
5275511
5275522
5275616
5275622
5275770
5275822
5275853
5276073
5276087
5276116
5276198
5276665
5276718
5276736
5276814
5276976
5277204
5277229
5277275
5277525
5277897
5277994
5278060
5278073
5278125
5278824
5279093
5279183
5279192
5279202
5279316
5279420
5279421
5279745
5279789
5279822
5280048
5280099
5280180
5280181
5280324
5280476
5280497
5280558
5280611
5280646
5280812
5280864
5280897
5281033
5281043
5281053
5281080
5281114
5281131
5281163
5281263
5281275
5281412
5281445
5281469
5281493
5281534
5281593
5281885
5282149
5282158
5282266
5282370
5282486
5282578
5282843
5282927
5282948
5283029
5283045
5283170
5283235
5283247
5283280
5283410
5283471
5283620
5283695
5283734
5284075
5284094
5284195
5284243
5284308
5284377
5284449
5284754
5284816
5284850
5284950
5285088
5285139
5285238
5285391
5285498
5285575
5285700
5285821
5285842
5285890
5285939
5286060
5286090
5286107
5286115
5286134
5286202
5286214
5286219
5286228
5286469
5286712
5286732
5286806
5286936
5287033
5287054
5287101
5287113
5287226
5287249
5287273
5287345
5287365
5287612
5287621
5288064
5288086
5288154
5288164
5288477
5288533
5288562
5288807
5289152
5289246
5289344
5289384
5289432
5289468
5289565
5289822
5290044
5290193
5290577
5290692
5290705
5290891
5291055
5291231
5291558
5291618
5291669
5291762
5291969
5292049
5292169
5292229
5292458
5292731
5292746
5292941
5292993
5293037
5293152
5293288
5293295
5293372
5293593
5293606
5293643
5293742
5293796
5293799
5293844
5293861
5294122
5294274
5294294
5294390
5294587
5294615
5294643
5295073
5295091
5295145
5295368
5295474
5295582
5295825
5295850
5296010
5296208
5296405
5296504
5296654
5296709
5296813
5296972
5297059
5297077
5297132
5297199
5297265
5297274
5297352
5297386
5297418
5297472
5297529
5297630
5297857
5297996
5298094
5298143
5298168
5298268
5298357
5298361
5298413
5298716
5298736
5298803
5298847
5298865
5298965
5299035
5299137
5299158
5299221
5299855
5300095
5300233
5300236
5300319
5300374
5300386
5300462
5300475
5300565
5300725
5300804
5300918
5300965
5301009
5301024
5301025
5301058
5301118
5301136
5301152
5301181
5301376
5301536
5301806
5301820
5301841
5301897
5301977
5301997
5302104
5302132
5302534
5302564
5302633
5302777
5303064
5303291
5303358
5303602
5303626
5303733
5303800
5303878
5303984
5304000
5304524
5304549
5304592
5304608
5304808
5304926
5305089
5305235
5305427
5305590
5305645
5305661
5305721
5305763
5305927
5306012
5306103
5306432
5306465
5306512
5306568
5306694
5306710
5306886
5306905
5306973
5307151
5307194
5307263
5307316
5307329
5307425
5307474
5307530
5307566
5307641
5307718
5307833
5307856
5307890
5307915
5308046
5308097
5308360
5308508
5308577
5308604
5308669
5308708
5308808
5308810
5308830
5309003
5309179
5309204
5309243
5309313
5309343
5309396
5309451
5309489
5309758
5309761
5309940
5310147
5310379
5310404
5310409
5310753
5310913
5310992
5311019
5311036
5311120
5311253
5311259
5311314
5311319
5311339
5311625
5311708
5311791
5312239
5312245
5312260
5312308
5312309
5312339
5312642
5312645
5312670
5312778
5312790
5312832
5312846
5312925
5313271
5313400
5313484
5313526
5313799
5313893
5313959
5314132
5314234
5314323
5314392
5314665
5314716
5314829
5314993
5315268
5315535
5315638
5315721
5315752
5315839
5315909
5315931
5315963
5316106
5316121
5316262
5316394
5316444
5316568
5316644
5316726
5316817
5316853
5316955
5316956
5317108
5317186
5317359
5317573
5317595
5317598
5317937
5318133
5318340
5318528
5318748
5318953
5318995
5319016
5319150
5319210
5319216
5319367
5319376
5319592
5319600
5319664
5319679
5319737
5319744
5319894
5319961
5320124
5320314
5320384
5320424
5320472
5320490
5320608
5320626
5320675
5320756
5320874
5320977
5321352
5321762
5321878
5321924
5321955
5321980
5322137
5322150
5322215
5322225
5322326
5322379
5322393
5322834
5322921
5322932
5323019
5323075
5323078
5323236
5323478
5323635
5323938
5324145
5324219
5324300
5324352
5324428
5324469
5324525
5324655
5324745
5324900
5325146
5325199
5325361
5325406
5325479
5325882
5326014
5326199
5326234
5326259
5326339
5326352
5326390
5326443
5326671
5326719
5326978
5327197
5327418
5327509
5327600
5327705
5327834
5328034
5328140
5328152
5328162
5328210
5328257
5328309
5328450
5328500
5328633
5328705
5328796
5329282
5329377
5329384
5329413
5329570
5329613
5329630
5329784
5329790
5330094
5330425
5330460
5330531
5330647
5330857
5331113
5331289
5331318
5331577
5331614
5331715
5331760
5331928
5332165
5332496
5332706
5332733
5332771
5332893
5333146
5333394
5333608
5333782
5334041
5334363
5334371
5334381
5334468
5334485
5334516
5334564
5334573
5334596
5334674
5334709
5334724
5334853
5334922
5334966
5334979
5335070
5335086
5335132
5335174
5335318
5335388
5335529
5335895
5335919
5336062
5336360
5336368
5336404
5336480
5336583
5336905
5336916
5337009
5337297
5337305
5337321
5337406
5337449
5337500
5337570
5337708
5337711
5337746
5337860
5338063
5338128
5338200
5338420
5338551
5338555
5338564
5338758
5339064
5339265
5339276
5339280
5339327
5339371
5339513
5339892
5339925
5339942
5340256
5340305
5340381
5340537
5340811
5340847
5340900
5340944
5341142
5341150
5341206
5341387
5341487
5341687
5341710
5341743
5341804
5341918
5342067
5342106
5342484
5342734
5342766
5342946
5342948
5343076
5343119
5343270
5343378
5343574
5343952
5343997
5344068
5344178
5344586
5344754
5344833
5344940
5345009
5345150
5345174
5345345
5345486
5345489
5345902
5346005
5346031
5346071
5346192
5346298
5346314
5346471
5346547
5346578
5346623
5346628
5346696
5346719
5347214
5347324
5347329
5347371
5347384
5347395
5347711
5347737
5347956
5347990
5348053
5348071
5348215
5348450
5348564
5348568
5348727
5348892
5349047
5349183
5349317
5349324
5349444
5349471
5349486
5349579
5350023
5350140
5350467
5350528
5350647
5350672
5350699
5350844
5350890
5350948
5350953
5351100
5351384
5351497
5351514
5351679
5351851
5351864
5351867
5352118
5352194
5352209
5352245
5352265
5352438
5352551
5352732
5352850
5352955
5353056
5353146
5353160
5353179
5353216
5353254
5353320
5353369
5353379
5353420
5353452
5353517
5353572
5353834
5353841
5353944
5354187
5354201
5354500
5354556
5354815
5354879
5354882
5354982
5355018
5355119
5355180
5355242
5355486
5355630
5355651
5355815
5355853
5355924
5356066
5356092
5356292
5356337
5356500
5356738
5356865
5356905
5356965
5357032
5357111
5357127
5357159
5357252
5357442
5357562
5357660
5357692
5357718
5357769
5357804
5357954
5357963
5358025
5358398
5358415
5358430
5358448
5358725
5358796
5358830
5358878
5358962
5358976
5359007
5359015
5359115
5359167
5359314
5359345
5359361
5359406
5359447
5359690
5359731
5359773
5360027
5360065
5360121
5360122
5360177
5360593
5360841
5360873
5360926
5361023
5361042
5361054
5361057
5361105
5361283
5361308
5361330
5361424
5361428
5361441
5361469
5361533
5361758
5361915
5361999
5362006
5362030
5362164
5362358
5362438
5362488
5362823
5362897
5363105
5363565
5363687
5363781
5363805
5363821
5363845
5363865
5364083
5364158
5364216
5364304
5364320
5364384
5364410
5364418
5364552
5364680
5364727
5364854
5364936
5364942
5365066
5365067
5365107
5365172
5365196
5365255
5365465
5365507
5365583
5365784
5366083
5366126
5366157
5366188
5366278
5366505
5366778
5367012
5367242
5367481
5367544
5367594
5367614
5367617
5367747
5367791
5368065
5368193
5368239
5368297
5368380
5368414
5368540
5368717
5368727
5368771
5368859
5368893
5368936
5369051
5369133
5369140
5369297
5369358
5369460
5369784
5369813
5369823
5369838
5370027
5370038
5370079
5370180
5370194
5370207
5370324
5370398
5370488
5370576
5370585
5370606
5370616
5370686
5370729
5370812
5371019
5371194
5371229
5371288
5371456
5371571
5371608
5371610
5371612
5371829
5371834
5372076
5372136
5372152
5372164
5372288
5372395
5372454
5372638
5372658
5372931
5372951
5372976
5373226
5373363
5373450
5373532
5373539
5373558
5373588
5373738
5373786
5373878
5373937
5373960
5373962
5374006
5374082
5374115
5374161
5374295
5374444
5374505
5374599
5374685
5374805
5375071
5375104
5375169
5375325
5375454
5375667
5375681
5375884
5376053
5376252
5376298
5376327
5376495
5376504
5376548
5377076
5377179
5377327
5377332
5377587
5377713
5377739
5377880
5378010
5378060
5378065
5378160
5378510
5378517
5378534
5378570
5378787
5378847
5378873
5378887
5379010
5379227
5379233
5379272
5379277
5379281
5379304
5379414
5379504
5379797
5379814
5379830
5379873
5379894
5379925
5379936
5379950
5380361
5380676
5380781
5380981
5381116
5381314
5381369
5381412
5381441
5381508
5381553
5381766
5381807
5381833
5382478
5382503
5382523
5382739
5382741
5382772
5382776
5382847
5382851
5382923
5382985
5383033
5383418
5383455
5383706
5383811
5383934
5384094
5384290
5384384
5384443
5384587
5384644
5384676
5384683
5384687
5384713
5384784
5384819
5384933
5385090
5385375
5385467
5385504
5385587
5385651
5385683
5385707
5385767
5385968
5386107
5386302
5386342
5386428
5386460
5386497
5386561
5386625
5386813
5386913
5387047
5387184
5387361
5387381
5387413
5387430
5387457
5387468
5387469
5387697
5387849
5387861
5387916
5387954
5388246
5388339
5388395
5388591
5388686
5388781
5388897
5389039
5389080
5389089
5389381
5389415
5389483
5389504
5389601
5389623
5389675
5389912
5389933
5390193
5390345
5390382
5390434
5390771
5390778
5390847
5390863
5391256
5391318
5391399
5391405
5391501
5391557
5391573
5391649
5391667
5391813
5391823
5392052
5392141
5392143
5392159
5392205
5392240
5392347
5392630
5392642
5392906
5392937
5393128
5393172
5393278
5393383
5393486
5393567
5393800
5394057
5394171
5394233
5394331
5394406
5394490
5394600
5394767
5394839
5394860
5394937
5394966
5394994
5395040
5395063
5395198
5395207
5395833
5395922
5396015
5396079
5396137
5396323
5396450
5396571
5396596
5396628
5396704
5396850
5396921
5396941
5397081
5397141
5397433
5397828
5397889
5397908
5397914
5397957
5397970
5398185
5398196
5398583
5398940
5399207
5399233
5399267
5399322
5399378
5399549
5399589
5399637
5400140
5400407
5400553
5400801
5400803
5400919
5400974
5401316
5401343
5401344
5401369
5401400
5401698
5401707
5401713
5401746
5401748
5401971
5402223
5402351
5402569
5402873
5402991
5402995
5403047
5403057
5403213
5403356
5403408
5403561
5403598
5403664
5404085
5404181
5404188
5404234
5404433
5404497
5404599
5404789
5404904
5404998
5405057
5405089
5405124
5405176
5405251
5405254
5405256
5405311
5405336
5405378
5405400
5405500
5405506
5405632
5405808
5405883
5406233
5406330
5406478
5406897
5407031
5407068
5407413
5407472
5407844
5407972
5407982
5408142
5408215
5408293
5408438
5408476
5408496
5408517
5408519
5408675
5408916
5408964
5409143
5409215
5409248
5409351
5409488
5409694
5409878
5409925
5409968
5410070
5410176
5410196
5410280
5410368
5410467
5410507
5410521
5410572
5410610
5410665
5410723
5410737
5410738
5410999
5411140
5411177
5411506
5411808
5411922
5412088
5412168
5412278
5412295
5412349
5412555
5412820
5412863
5412908
5412947
5412950
5412963
5413052
5413215
5413308
5413371
5413382
5413387
5413529
5413596
5413729
5413818
5413858
5413870
5413952
5414001
5414080
5414081
5414235
5414264
5414352
5414396
5414787
5414865
5414914
5414972
5414982
5415098
5415111
5415124
5415176
5415196
5415461
5415474
5415493
5415536
5415587
5415649
5415875
5416029
5416356
5416369
5416514
5416558
5416599
5416611
5416790
5416819
5416851
5417026
5417050
5417240
5417335
5417376
5417380
5417822
5417917
5417943
5417986
5418289
5418357
5418456
5418679
5418701
5418865
5418896
5418982
5419056
5419106
5419116
5419332
5419483
5419545
5419572
5419703
5419709
5419732
5419931
5419982
5420066
5420280
5420346
5420605
5420678
5420689
5420707
5421050
5421070
5421139
5421329
5421525
5421722
5421850
5421852
5422000
5422050
5422113
5422294
5422335
5422569
5422583
5422751
5422840
5422939
5422994
5423107
5423167
5423298
5423320
5423539
5423552
5423682
5423757
5423767
5423834
5424203
5424298
5424392
5424712
5424816
5424868
5424894
5425076
5425085
5425220
5425235
5425284
5425322
5425397
5425532
5425544
5425554
5425560
5425640
5425796
5425918
5426180
5426193
5426286
5426307
5426787
5426908
5427094
5427200
5427325
5427331
5427338
5427373
5427421
5427477
5427535
5427658
5427688
5427717
5428175
5428385
5428405
5428558
5428569
5428629
5429079
5429151
5429209
5429217
5429286
5429339
5429400
5429549
5429667
5429698
5430052
5430064
5430110
5430113
5430227
5430488
5430543
5430612
5430738
5430755
5430793
5430920
5430940
5431127
5431135
5431214
5431373
5431510
5431654
5431815
5431957
5432397
5432412
5432477
5432645
5432736
5432800
5432810
5433099
5433175
5433420
5433481
5433516
5433757
5433943
5434059
5434214
5434332
5434423
5434505
5434534
5434559
5434628
5434877
5435036
5435044
5435250
5435311
5435553
5435591
5435624
5435670
5435816
5435880
5436123
5436217
5436228
5436234
5436237
5436253
5436312
5436435
5436587
5436602
5436623
5436641
5436718
5436815
5436845
5436865
5437132
5437199
5437200
5437310
5437449
5437544
5437579
5438024
5438288
5438326
5438431
5438509
5438590
5438882
5438909
5438915
5438930
5439103
5439315
5439463
5439484
5439555
5439580
5439669
5439881
5439886
5440013
5440233
5440347
5440373
5440392
5440448
5440461
5440871
5440893
5440977
5441107
5441324
5441438
5441515
5441520
5441536
5441642
5441732
5441767
5441821
5441960
5442013
5442026
5442197
5442214
5442420
5442486
5442516
5442674
5443033
5443175
5443254
5443329
5443393
5443451
5443529
5443533
5443541
5443643
5443720
5443723
5444029
5444034
5444054
5444091
5444125
5444146
5444234
5444616
5445039
5445126
5445236
5445351
5445578
5445645
5445763
5445840
5445913
5445925
5446040
5446065
5446377
5446404
5446603
5446680
5446873
5446999
5447062
5448013
5448241
5448280
5448371
5448544
5448739
5448850
5448947
5448961
5448970
5449045
5449338
5449389
5449503
5449703
5449708
5449728
5449795
5449823
5449882
5449911
5449955
5449969
5450020
5450093
5450102
5450158
5450215
5450280
5450331
5450392
5450404
5450418
5450525
5450864
5450879
5450910
5450961
5450964
5451025
5451177
5451442
5451527
5451627
5451759
5451997
5452137
5452208
5452556
5452991
5453035
5453108
5453117
5453156
5453234
5453667
5453713
5453726
5453727
5453774
5453816
5453915
5453926
5454277
5454380
5454388
5454464
5454682
5454764
5454882
5454960
5455085
5455102
5455154
5455262
5455341
5455415
5455529
5455646
5455722
5455892
5455912
5455958
5455961
5456015
5456130
5456154
5456338
5456491
5456513
5456865
5456885
5457026
5457061
5457261
5457357
5457380
5457487
5457766
5457854
5457957
5457977
5458020
5458033
5458179
5458463
5458512
5458548
5458725
5458797
5458813
5458994
5459054
5459148
5459191
5459256
5459391
5459456
5459588
5459644
5459781
5459843
5459851
5459860
5459989
5460202
5460206
5460232
5460240
5460303
5460370
5460407
5460780
5461292
5461324
5461334
5461443
5461534
5461554
5461565
5461768
5461797
5461887
5462085
5462395
5462438
5462878
5462925
5463165
5463167
5463191
5463195
5463332
5463336
5463375
5463386
5463442
5463490
5463541
5463578
5463628
5463710
5463808
5463955
5464177
5464191
5464309
5464387
5464466
5464480
5464551
5464601
5464799
5465000
5465024
5465078
5465337
5465404
5465546
5465592
5465648
5465770
5465839
5465875
5465992
5466018
5466124
5466201
5466243
5466378
5466429
5466527
5466732
5466819
5466835
5466878
5466897
5466912
5466923
5466991
5467072
5467155
5467211
5467426
5467439
5467483
5467484
5467545
5467596
5467629
5467749
5467792
5467849
5467895
5468016
5468208
5468280
5468319
5468322
5468379
5468541
5468598
5468859
5468892
5468898
5468976
5469115
5469283
5469332
5469431
5469481
5469495
5469586
5469823
5469873
5470065
5470124
5470131
5470171
5470254
5470277
5470445
5470486
5470505
5470508
5470847
5470957
5471089
5471090
5471154
5471256
5471284
5471359
5471388
5471408
5471413
5471441
5471542
5471550
5471632
5471686
5471984
5472046
5472174
5472175
5472264
5472295
5472302
5472309
5472355
5472510
5472541
5472561
5472574
5472697
5472755
5472808
5472902
5473019
5473053
5473090
5473120
5473211
5473241
5473254
5473261
5473282
5473496
5473498
5473507
5473644
5473648
5473658
5473770
5473819
5474046
5474216
5474536
5474547
5474550
5474676
5474725
5474917
5474976
5475511
5475655
5475729
5475764
5475776
5475853
5475865
5475956
5476119
5476243
5476312
5476466
5476539
5476573
5476590
5476622
5476655
5476768
5476815
5476906
5476908
5476930
5477092
5477093
5477260
5477274
5477349
5477383
5477523
5477552
5477562
5477612
5477763
5477842
5477854
5477865
5477980
5477996
5478028
5478087
5478115
5478129
5478303
5478374
5478667
5478847
5478860
5479162
5479201
5479206
5479460
5479737
5479770
5479893
5479911
5479912
5479971
5479980
5480283
5480417
5480445
5480569
5480789
5480910
5481109
5481294
5481319
5481347
5481434
5481534
5481693
5481729
5481750
5481911
5482067
5482070
5482104
5482199
5482276
5482310
5482356
5482485
5482546
5482613
5482750
5482800
5482863
5482877
5483058
5483123
5483180
5483228
5483232
5483345
5483490
5483545
5483604
5483662
5483808
5483842
5483891
5484000
5484111
5484170
5484312
5484330
5484508
5484633
5484634
5484825
5485120
5485126
5485248
5485364
5485365
5485397
5485443
5485621
5485685
5485813
5485851
5485901
5486037
5486194
5486236
5486277
5486318
5486443
5486524
5486581
5486717
5486805
5486819
5486891
5486971
5486985
5486998
5487002
5487005
5487094
5487098
5487179
5487310
5487320
5487503
5487519
5487797
5487955
5487972
5488080
5488103
5488108
5488144
5488214
5488275
5488404
5488463
5488546
5488627
5488788
5488861
5489167
5489232
5489251
5489368
5489390
5489396
5489410
5489463
5489547
5489594
5489677
5489738
5489782
5489817
5490072
5490109
5490183
5490230
5490341
5490388
5490518
5490707
5490776
5490840
5491011
5491030
5491306
5491352
5491498
5491654
5491717
5491731
5491894
5492074
5492135
5492213
5492538
5492628
5492634
5492695
5492942
5493279
5493514
5493572
5493642
5493730
5494006
5494111
5494464
5494562
5494652
5494752
5494843
5494926
5494956
5494957
5495002
5495107
5495121
5495208
5495275
5495294
5495432
5495436
5495479
5495600
5495723
5495763
5495774
5495834
5495972
5495990
5496013
5496017
5496090
5496115
5496236
5496247
5496313
5496315
5496560
5496741
5496792
5496850
5497002
5497018
5497048
5497106
5497309
5497322
5497402
5497403
5497408
5497445
5497494
5497594
5497688
5497720
5497868
5497971
5498010
5498269
5498297
5498531
5498730
5498758
5498759
5498874
5498876
5498918
5499038
5499050
5499100
5499199
5499325
5499345
5499450
5499541
5499550
5499633
5499635
5499645
5499679
5499984
5500121
5500214
5500318
5500353
5500386
5500663
5500788
5500870
5500992
5501055
5501102
5501280
5501417
5501621
5501639
5501653
5501704
5501759
5501761
5501794
5501872
5501949
5501984
5502256
5502523
5502609
5502860
5502874
5503038
5503218
5503348
5503368
5503400
5503409
5503413
5503485
5503561
5503770
5503799
5503802
5503849
5503999
5504015
5504106
5504401
5504431
5504432
5504503
5504731
5504741
5504769
5504772
5504908
5505011
5505083
5505116
5505367
5505533
5505578
5505587
5505812
5506123
5506190
5506288
5506335
5506358
5506453
5506483
5506566
5506600
5506982
5506991
5507021
5507027
5507151
5507245
5507287
5507350
5507362
5507367
5507379
5507495
5507574
5507591
5507628
5507715
5507947
5507956
5508110
5508149
5508208
5508352
5508497
5508534
5508893
5508956
5509030
5509176
5509240
5509303
5509488
5509494
5509685
5509765
5509766
5509788
5509838
5509977
5510155
5510284
5510308
5510443
5510536
5510593
5510706
5510723
5510820
5510897
5510998
5511034
5511417
5511428
5511482
5511514
5511706
5511818
5511845
5512020
5512128
5512143
5512210
5512525
5512579
5512633
5512674
5512772
5512793
5512869
5512887
5512949
5513058
5513091
5513126
5513294
5513397
5513495
5513498
5513515
5513528
5513710
5513980
5513990
5514007
5514073
5514075
5514299
5514571
5514577
5514660
5514817
5514821
5514895
5514929
5514995
5515001
5515074
5515146
5515156
5515570
5515710
5515813
5515859
5515873
5515886
5516084
5516103
5516697
5516704
5516853
5516939
5517118
5517136
5517240
5517261
5517395
5517581
5517759
5518076
5518098
5518439
5518447
5518542
5518801
5518811
5518814
5518859
5519279
5519418
5519752
5519820
5519872
5520042
5520134
5520143
5520148
5520224
5520244
5520341
5520355
5520419
5520483
5520523
5520684
5520811
5520842
5520857
5521188
5521274
5521285
5521367
5521449
5521582
5521684
5521769
5521933
5522115
5522146
5522186
5522296
5522370
5522375
5522435
5522608
5522655
5522690
5522868
5522965
5523033
5523402
5523639
5524029
5524159
5524410
5524545
5524547
5524733
5524775
5524835
5525018
5525065
5525105
5525175
5525180
5525320
5525485
5525769
5525798
5525873
5526235
5526339
5526363
5526507
5526620
5526903
5526910
5527016
5527204
5527220
5527327
5527407
5527414
5527443
5527461
5527557
5527584
5527593
5527701
5527777
5527908
5528024
5528043
5528044
5528267
5528362
5528378
5528405
5528454
5528507
5528537
5528547
5528788
5528911
5529051
5529103
5529191
5529197
5529204
5529260
5529321
5529470
5529566
5529682
5529729
5529785
5529800
5529860
5529912
5529991
5530114
5530165
5530371
5530383
5530549
5530648
5530756
5530890
5531149
5531239
5531301
5531459
5531607
5531613
5531729
5531757
5531998
5532151
5532358
5532439
5532458
5532802
5532910
5533023
5533036
5533064
5533167
5533349
5533449
5533471
5533627
5533672
5533713
5533797
5534006
5534225
5534277
5534357
5534470
5534514
5534518
5534893
5535081
5535304
5535337
5535663
5535825
5535837
5535936
5536137
5536255
5536285
5536482
5536712
5536869
5536873
5536910
5537342
5537814
5537967
5538013
5538279
5538291
5538328
5538336
5538407
5538472
5538562
5538767
5538794
5538860
5538892
5538910
5538923
5538930
5539063
5539073
5539250
5539313
5539443
5539503
5539568
5539596
5539755
5539770
5539864
5539904
5539929
5540389
5540485
5540512
5540633
5540754
5541198
5541200
5541245
5541274
5541306
5541323
5541351
5541410
5541434
5541438
5541506
5541671
5541701
5541758
5541790
5541821
5541830
5542055
5542281
5542301
5542476
5542518
5542520
5542609
5542665
5542717
5542723
5542920
5542974
5543027
5543100
5543173
5543398
5543438
5543454
5543541
5543572
5543946
5544027
5544030
5544364
5544515
5544551
5544624
5544729
5544866
5544909
5545032
5545145
5545266
5545300
5545407
5545414
5545475
5545488
5545788
5545813
5545914
5546016
5546026
5546122
5546184
5546214
5546234
5546287
5546305
5546320
5546399
5546446
5546490
5546791
5546942
5547035
5547076
5547260
5547266
5547428
5547512
5547522
5547712
5547720
5547743
5547843
5547874
5547978
5548220
5548254
5548284
5548307
5548432
5548590
5548634
5549151
5549252
5549335
5549359
5549404
5549660
5549753
5549793
5549898
5549963
5550039
5550160
5550215
5550228
5550303
5550305
5550450
5550514
5550565
5550903
5550931
5550934
5550999
5551221
5551353
5551564
5551883
5551981
5552018
5552182
5552277
5552298
5552316
5552327
5552345
5552422
5552533
5552604
5552614
5552760
5552770
5552820
5552823
5552873
5553090
5553637
5553643
5553729
5553741
5553798
5553898
5553914
5553916
5553948
5553958
5554017
5554216
5554415
5554435
5554673
5554804
5554874
5554928
5554975
5555013
5555097
5555263
5555273
5555329
5555380
5555686
5555800
5555915
5556050
5556174
5556231
5556293
5556427
5556466
5556505
5556904
5556935
5557037
5557046
5557184
5557207
5557372
5557405
5557422
5557680
5557812
5557844
5557876
5557978
5558049
5558208
5558371
5558387
5558394
5558495
5558554
5558556
5558682
5558696
5559005
5559101
5559117
5559283
5559504
5559615
5559812
5559839
5559929
5560092
5560176
5560220
5560245
5560312
5560486
5560602
5560866
5561027
5561127
5561226
5561270
5561486
5561938
5561959
5562027
5562067
5562243
5562279
5562464
5562526
5562630
5562693
5562865
5562920
5563055
5563257
5563467
5563469
5563534
5563653
5563658
5563681
5563874
5563938
5563973
5564306
5564437
5564607
5564707
5564718
5564860
5564996
5565199
5565374
5565387
5565594
5565830
5565859
5566041
5566079
5566114
5566172
5566476
5566516
5566558
5567041
5567062
5567088
5567090
5567107
5567163
5567279
5567577
5567681
5567766
5567793
5568020
5568118
5568177
5568276
5568361
5568365
5568403
5568462
5568618
5568629
5568697
5568825
5568871
5568977
5569159
5569349
5569412
5569426
5569469
5569566
5569972
5570132
5570462
5570754
5570831
5570894
5570909
5570919
5571036
5571043
5571098
5571283
5571287
5571366
5571640
5571800
5571883
5571981
5571986
5572021
5572122
5572353
5572435
5572845
5573027
5573030
5573044
5573280
5573295
5573453
5573476
5573558
5573583
5573667
5573760
5573762
5574145
5574275
5574296
5574480
5574562
5574567
5574603
5574609
5574721
5574770
5575004
5575079
5575094
5575226
5575316
5575453
5575462
5575501
5575506
5575597
5575642
5575722
5575755
5575798
5575837
5575888
5576031
5576434
5576632
5576643
5576744
5576825
5576845
5577003
5577037
5577124
5577414
5577470
5577517
5577636
5577686
5577694
5577730
5577751
5577787
5577828
5577972
5578046
5578071
5578115
5578207
5578260
5578291
5578534
5578558
5578859
5578973
5579159
5579207
5579227
5579282
5579291
5579319
5579443
5579524
5579538
5579664
5579707
5579726
5579805
5579809
5579878
5580076
5580136
5580169
5580175
5580294
5580492
5580770
5580925
5581140
5581187
5581289
5581294
5581333
5581405
5581533
5581769
5581939
5582066
5582072
5582155
5582201
5582204
5582251
5582318
5582340
5582442
5582623
5582634
5582677
5582775
5582822
5582961
5583010
5583013
5583069
5583092
5583387
5583470
5583488
5583593
5583847
5583849
5583912
5584300
5584311
5584356
5584448
5584767
5584825
5584981
5584991
5585129
5585366
5585450
5585795
5585908
5586061
5586170
5586173
5586202
5586454
5586472
5586611
5586636
5586658
5586773
5587078
5587183
5587297
5587363
5587418
5587529
5587581
5587808
5587822
5587858
5587951
5588016
5588169
5588224
5588290
5588419
5588449
5588451
5588635
5588686
5588902
5588912
5588939
5588975
5588987
5589045
5589087
5589555
5589580
5589666
5589699
5589713
5589766
5589882
5590035
5590062
5590075
5590128
5590166
5590335
5590412
5590516
5590559
5590998
5591010
5591088
5591137
5591159
5591338
5591350
5591423
5591483
5591598
5591721
5591722
5591823
5591990
5592130
5592153
5592286
5592366
5592387
5592408
5592457
5592579
5592654
5592692
5592709
5592823
5592933
5593485
5593600
5593836
5594032
5594090
5594481
5594520
5594676
5594757
5594773
5594825
5594870
5594938
5594948
5595000
5595095
5595505
5595582
5595602
5595697
5595830
5595892
5595944
5595953
5596226
5596282
5596364
5596423
5596506
5596544
5596622
5596678
5596703
5596737
5596785
5596894
5596926
5596954
5597161
5597230
5597493
5597568
5597822
5598098
5598116
5598126
5598145
5598254
5598262
5598676
5598805
5599191
5599224
5599236
5599506
5599530
5599533
5599714
5599800
5599959
5600194
5600345
5600378
5600414
5600432
5601078
5601162
5601163
5601503
5601534
5601592
5601623
5601940
5602103
5602133
5602196
5602253
5602365
5602369
5602403
5602457
5602615
5602627
5602680
5602899
5602932
5602978
5603016
5603086
5603188
5603401
5603820
5603972
5604016
5604179
5604200
5604279
5604401
5604453
5604599
5604604
5604720
5605018
5605179
5605194
5605220
5605375
5605560
5605581
5605604
5605623
5605801
5606088
5606163
5606167
5606288
5606297
5606323
5606330
5606386
5606391
5606471
5606594
5606741
5607003
5607242
5607260
5607299
5607330
5607539
5607666
5607782
5608325
5608534
5608880
5609108
5609130
5609354
5609430
5609616
5609630
5609766
5609820
5609913
5609938
5610072
5610260
5610366
5610503
5610548
5610836
5611165
5611273
5611483
5611496
5611566
5611568
5611643
5611731
5611892
5612090
5612138
5612159
5612278
5612549
5612607
5612681
5612856
5613007
5613070
5613150
5613201
5613288
5613412
5613500
5613651
5613654
5613723
5613730
5613901
5613955
5613967
5614053
5614105
5614508
5614511
5614546
5614662
5614743
5614783
5614807
5614812
5614911
5614961
5615043
5615261
5615481
5615550
5615557
5615715
5615804
5615955
5615977
5616023
5616240
5616449
5616475
5616683
5616904
5617588
5617689
5617780
5617817
5617823
5617868
5617948
5618028
5618199
5618216
5618229
5618232
5618318
5618460
5618666
5619120
5619288
5619329
5619379
5619460
5619604
5619674
5619732
5619881
5620338
5620503
5620571
5620643
5620644
5620741
5620758
5620860
5620979
5620990
5621073
5621155
5621249
5621267
5621334
5621378
5621508
5621769
5621781
5621792
5621871
5621933
5621983
5622185
5622454
5622462
5622543
5622566
5622618
5622658
5622773
5622825
5622940
5622972
5623010
5623291
5623321
5623360
5623376
5623653
5623705
5623718
5624174
5624359
5624473
5624715
5624834
5624864
5624977
5624998
5625042
5625111
5625373
5625573
5625727
5625861
5625948
5625960
5625970
5625974
5626080
5626081
5626240
5626439
5626466
5626507
5626641
5626647
5626678
5626792
5626923
5627013
5627131
5627156
5627337
5627377
5627444
5627552
5627681
5627694
5627822
5627875
5627911
5627923
5627992
5628052
5628088
5628234
5628394
5628874
5628955
5629112
5629322
5629371
5629599
5629672
5629697
5630291
5630307
5630359
5630381
5630394
5630416
5630521
5630678
5630820
5631039
5631168
5631390
5631426
5631480
5631500
5631517
5631574
5631646
5631728
5631841
5631867
5631882
5631884
5631915
5631988
5631999
5632015
5632091
5632169
5632253
5632296
5632339
5632422
5632481
5632817
5632824
5632838
5632891
5633389
5633442
5633914
5634095
5634234
5634260
5634429
5634487
5634492
5634545
5634580
5634585
5634611
5634639
5634799
5634952
5634957
5635006
5635115
5635206
5635337
5635440
5635451
5635459
5635565
5635598
5635630
5635663
5635687
5635860
5635873
5635897
5635909
5636104
5636155
5636240
5636326
5636403
5636463
5636504
5636511
5636574
5636634
5636763
5636769
5636842
5636943
5637340
5637457
5637561
5637900
5638142
5638223
5638412
5638423
5638466
5638505
5638683
5638735
5638954
5639112
5639204
5639278
5639365
5639368
5639454
5639477
5639514
5639893
5639900
5639942
5640059
5640144
5640310
5640461
5640646
5640727
5640930
5641127
5641200
5641209
5641259
5641424
5641449
5641527
5641993
5642100
5642144
5642179
5642253
5642327
5642347
5642464
5642536
5642743
5642826
5642835
5642855
5642863
5643189
5643248
5643587
5643637
5643698
5643836
5643878
5643892
5643902
5644064
5644121
5644138
5644141
5644209
5644315
5644376
5644627
5644860
5644886
5644909
5644960
5644971
5645001
5645008
5645011
5645129
5645212
5645272
5645298
5645337
5645373
5645685
5645852
5645934
5645968
5646013
5646040
5646136
5646282
5646303
5646337
5646443
5646645
5646657
5646680
5646802
5646891
5647053
5647108
5647150
5647198
5647293
5647610
5647661
5647681
5647811
5647906
5647982
5648018
5648118
5648343
5648432
5648511
5648620
5648623
5648780
5648802
5648872
5649026
5649053
5649130
5649216
5649343
5649444
5649621
5649646
5649672
5649691
5649771
5649802
5649839
5649913
5650044
5650047
5650110
5650209
5650285
5650564
5650828
5650931
5650948
5651086
5651205
5651292
5651342
5651412
5651478
5651492
5651518
5651573
5651783
5651960
5652050
5652051
5652066
5652153
5652358
5652421
5652724
5652980
5652998
5653063
5653169
5653231
5653236
5653306
5653323
5653434
5653468
5653492
5653523
5653565
5653682
5653769
5653831
5653870
5654048
5654067
5654077
5654192
5654510
5654591
5654647
5654706
5654717
5654730
5654903
5654916
5655181
5655351
5655358
5655408
5655524
5655551
5655571
5655656
5655766
5655818
5655841
5655913
5655923
5656041
5656050
5656099
5656166
5656385
5656413
5656551
5657020
5657145
5657149
5657225
5657341
5657484
5657538
5657563
5657569
5657972
5658033
5658135
5658167
5658379
5658485
5658538
5658564
5658572
5658719
5658744
5658970
5659383
5659389
5659460
5659532
5659633
5659666
5659691
5659799
5659827
5659876
5659940
5659943
5660044
5660071
5660076
5660220
5660243
5660332
5660382
5660674
5660855
5660961
5661110
5661231
5661530
5661687
5661738
5661755
5661778
5662027
5662028
5662034
5662086
5662095
5662097
5662383
5662508
5662591
5662611
5662828
5662857
5662981
5663096
5663207
5663215
5663263
5663420
5663440
5663555
5663556
5663584
5663593
5663601
5663715
5663937
5664050
5664075
5664118
5664120
5664193
5664207
5664273
5664338
5664400
5664445
5664500
5664542
5664594
5664627
5664640
5664656
5664866
5664899
5664929
5664934
5664944
5665074
5665120
5665321
5665378
5665380
5665535
5665675
5665742
5665777
5665815
5665842
5665889
5665902
5666014
5666294
5666334
5666442
5666484
5666555
5666557
5666992
5667361
5667374
5667403
5667404
5667599
5667899
5667925
5668075
5668165
5668361
5668503
5668558
5668654
5668712
5668938
5669065
5669083
5669244
5669251
5669385
5669479
5669593
5669637
5669653
5669872
5669971
5670097
5670243
5670258
5670333
5670492
5670645
5670665
5670728
5670788
5670802
5670887
5670905
5670963
5671046
5671140
5671301
5671324
5671487
5671699
5671833
5671847
5672103
5672149
5672190
5672255
5672300
5672453
5672495
5672698
5672702
5672719
5672727
5672782
5672816
5672866
5672983
5673048
5673057
5673139
5673208
5673263
5673317
5673319
5673409
5673544
5673647
5673821
5673823
5673846
5674216
5674239
5674389
5674568
5674667
5674719
5674972
5675445
5675878
5675969
5675972
5676007
5676083
5676092
5676120
5676386
5676412
5676491
5676515
5676583
5676656
5676779
5676843
5676868
5676937
5677301
5677761
5677786
5677843
5678003
5678197
5678209
5678225
5678287
5678646
5678716
5678763
5678876
5678911
5679011
5679018
5679049
5679212
5679599
5679614
5679641
5679664
5679677
5679730
5679754
5679952
5679980
5680133
5680344
5680355
5680433
5680733
5680857
5681269
5681411
5681430
5681561
5681969
5682037
5682110
5682367
5682465
5682508
5682875
5682924
5682939
5683038
5683122
5683142
5683451
5683525
5683579
5683626
5683687
5683968
5683982
5684109
5684261
5684304
5684387
5684444
5684580
5684684
5684951
5685181
5685329
5685416
5685466
5685486
5685517
5685607
5685696
5685800
5685904
5685985
5686272
5686498
5686679
5686769
5686833
5686889
5686927
5686959
5687137
5687192
5687511
5687623
5687950
5688017
5688163
5688208
5688253
5688266
5688407
5688500
5688534
5688565
5688615
5688657
5688889
5688999
5689225
5689302
5689381
5689403
5689506
5689623
5689655
5689672
5689753
5689835
5689944
5689955
5690111
5690130
5690145
5690275
5690287
5690288
5690301
5690333
5690347
5690367
5690472
5690494
5690584
5690592
5690701
5690749
5690786
5690822
5691149
5691278
5691408
5691436
5691496
5691581
5691719
5691941
5691966
5692130
5692146
5692231
5692261
5692272
5692298
5692421
5692466
5692507
5692516
5692771
5692778
5692943
5692950
5693301
5693415
5693471
5693801
5694061
5694089
5694092
5694160
5694189
5694441
5694785
5694885
5694945
5695004
5695057
5695106
5695169
5695192
5695255
5695395
5695467
5695471
5695822
5696029
5696106
5696164
5696547
5696607
5696727
5696802
5697022
5697131
5697200
5697248
5697284
5697492
5697545
5697770
5697813
5697855
5697882
5697883
5697910
5697914
5697954
5698029
5698223
5698300
5698352
5698711
5698735
5698764
5698870
5698997
5699103
5699190
5699218
5699245
5699258
5699282
5699313
5699326
5699352
5699486
5699523
5699923
5700100
5700304
5700371
5700386
5700467
5700509
5700624
5701216
5701245
5701376
5701450
5701480
5701520
5701670
5701677
5701751
5701878
5701884
5701988
5702026
5702183
5702227
5702360
5702361
5702400
5702453
5702504
5702566
5702625
5702659
5702747
5702854
5703038
5703095
5703412
5703443
5703502
5703604
5703755
5703859
5704000
5704027
5704342
5704388
5704456
5704654
5704671
5704689
5704881
5704889
5705020
5705038
5705257
5705289
5705336
5705422
5705467
5705500
5705506
5705521
5705793
5705963
5706006
5706037
5706309
5706353
5706536
5706579
5706590
5706597
5706603
5706621
5706635
5706805
5706815
5706826
5706841
5706844
5706944
5707004
5707063
5707160
5707283
5707672
5707715
5707922
5708201
5708251
5708325
5708326
5708440
5708517
5708569
5708584
5708690
5708745
5708842
5709004
5709039
5709125
5709291
5709299
5709396
5709414
5709595
5709599
5709673
5709676
5709686
5709817
5709869
5709950
5710000
5710056
5710070
5710170
5710330
5710378
5710461
5710739
5710821
5711218
5711275
5711287
5711567
5711604
5711653
5711949
5711991
5712094
5712219
5712318
5712325
5712351
5712495
5712582
5712599
5712726
5712903
5712915
5712959
5713217
5713241
5713499
5713618
5713657
5713849
5713914
5713975
5713985
5714169
5714240
5714260
5714322
5714384
5714553
5714558
5714648
5714675
5714767
5714800
5714913
5714929
5714955
5714975
5715096
5715190
5715234
5715245
5715270
5715330
5715361
5715425
5715624
5715667
5715771
5715779
5716090
5716191
5716395
5716562
5716662
5716739
5717379
5717414
5717556
5717591
5717632
5717705
5717824
5718196
5718363
5718506
5718620
5718884
5718955
5719223
5719449
5719469
5719563
5719571
5719660
5719701
5719704
5719875
5719884
5719928
5719966
5720137
5720213
5720297
5720358
5720454
5720476
5720698
5720718
5720826
5720979
5721008
5721013
5721051
5721157
5721170
5721234
5721246
5721275
5721416
5721548
5721887
5721919
5722175
5722201
5722232
5722355
5722572
5722574
5722733
5722744
5722754
5722810
5722864
5723230
5723280
5723766
5723783
5723818
5723983
5724117
5724162
5724563
5724743
5724793
5724971
5725035
5725066
5725072
5725091
5725147
5725378
5725525
5725623
5725637
5725682
5725797
5725927
5725929
5726031
5726104
5726170
5726213
5726276
5726752
5727032
5727218
5727335
5727742
5727770
5728053
5728170
5728176
5728367
5728480
5728496
5728860
5728949
5728991
5729019
5729086
5729221
5729240
5729284
5729301
5729394
5729469
5730091
5730360
5730373
5730530
5730643
5730747
5730833
5730871
5730894
5730935
5731068
5731154
5731256
5731364
5731400
5731465
5731481
5731517
5731658
5731737
5731907
5731995
5732080
5732214
5732347
5732418
5732810
5732894
5732987
5733160
5733357
5733458
5733567
5733669
5733753
5733793
5733803
5733862
5733885
5734026
5734086
5734284
5734329
5734359
5734436
5734444
5734566
5734607
5734646
5734742
5734950
5735352
5735363
5735434
5735436
5735466
5735552
5735830
5735879
5735885
5735993
5736153
5736223
5736255
5736348
5736460
5736686
5736740
5736927
5737095
5737233
5737537
5737939
5737999
5738352
5738473
5738510
5738618
5739406
5739469
5739525
5739674
5739840
5740101
5740129
5740242
5740287
5740289
5740368
5740418
5740424
5740591
5740728
5740787
5740969
5741128
5741241
5741287
5741290
5741362
5741387
5741485
5741628
5741651
5741780
5741966
5742021
5742073
5742143
5742181
5742212
5742224
5742281
5742347
5742402
5742465
5742540
5742564
5742638
5742804
5743016
5743048
5743111
5743127
5743197
5743305
5743310
5743340
5743385
5743497
5743525
5743680
5743721
5743739
5743817
5743844
5743901
5744221
5744252
5744315
5744390
5744402
5744415
5744674
5744754
5745004
5745314
5745341
5745399
5745496
5745498
5745554
5745566
5745845
5745988
5746004
5746039
5746093
5746174
5746189
5746373
5746534
5746616
5746786
5746916
5746925
5746965
5746986
5747034
5747155
5747272
5747340
5747366
5747404
5747450
5747481
5747521
5747668
5747745
5747839
5747935
5747984
5748038
5748080
5748111
5748115
5748158
5748232
5748260
5748300
5748344
5748437
5748442
5748463
5748540
5748735
5748768
5748933
5749049
5749098
5749325
5749408
5749433
5749569
5749605
5749618
5749757
5749761
5749762
5749773
5749902
5749943
5749946
5749990
5750002
5750101
5750176
5750204
5750421
5750444
5750507
5750673
5750708
5750782
5750822
5750914
5751099
5751302
5751489
5751684
5751847
5751897
5752019
5752132
5752247
5752279
5752291
5752326
5752336
5752343
5752436
5752509
5752518
5752683
5752999
5753088
5753103
5753222
5753355
5753358
5753398
5753645
5753656
5753666
5753882
5753948
5754140
5754258
5754395
5754424
5754459
5754497
5754519
5754522
5754743
5754820
5754832
5754841
5754984
5755027
5755036
5755180
5755318
5755447
5755475
5755520
5755988
5756257
5756308
5756385
5756386
5756445
5756529
5756610
5756625
5756748
5756784
5756836
5757167
5757179
5757262
5757285
5757298
5757306
5757320
5757421
5757614
5757884
5757972
5758083
5758150
5758442
5758595
5758611
5758708
5758906
5758930
5758936
5758978
5759022
5759099
5759470
5759471
5759523
5759746
5759747
5759802
5760279
5760468
5760765
5760931
5761018
5761106
5761275
5761471
5761814
5761823
5761924
5762188
5762283
5762423
5762568
5762895
5762936
5762997
5762999
5763037
5763076
5763143
5763201
5763428
5763440
5763608
5763641
5763763
5763773
5763883
5763989
5764159
5764321
5764333
5764404
5764554
5765414
5765499
5765645
5765748
5765793
5765935
5765993
5766059
5766067
5766173
5766174
5766215
5766393
5766555
5766632
5766721
5766768
5766814
5766816
5766849
5766862
5766924
5766962
5767144
5767149
5767351
5767355
5767386
5767431
5767456
5767460
5767682
5767805
5767935
5768157
5768234
5768263
5768535
5768566
5768615
5769122
5769125
5769359
5769456
5769825
5769849
5770084
5770329
5770494
5770543
5770642
5770673
5770774
5770815
5770832
5770907
5771226
5771253
5771287
5771622
5771642
5771666
5772008
5772032
5772179
5772208
5772290
5772354
5772359
5772394
5772515
5772627
5772954
5773007
5773065
5773163
5773191
5773225
5773226
5773237
5773347
5773442
5773472
5773584
5773700
5774079
5774122
5774127
5774142
5774149
5774209
5774390
5774409
5774829
5774833
5775092
5775199
5775285
5775320
5775368
5775547
5775653
5775673
5775815
5775954
5776334
5776584
5776652
5776740
5776812
5777242
5777260
5777262
5777304
5777317
5777478
5777497
5777533
5777539
5777612
5777743
5777979
5778157
5778193
5778280
5778294
5778339
5778371
5778456
5778493
5778668
5778848
5779241
5779260
5779369
5779478
5779541
5779670
5779712
5779745
5779792
5779888
5780043
5780227
5780504
5780685
5780687
5780819
5780925
5780957
5781059
5781131
5781152
5781253
5781458
5781484
5781581
5781750
5781792
5781825
5781872
5782024
5782062
5782153
5782167
5782201
5782223
5782335
5782464
5782485
5782513
5782582
5782660
5782812
5783474
5783578
5783657
5783684
5783949
5783964
5783997
5784039
5784235
5784384
5784700
5784791
5784803
5784848
5785109
5785124
5785242
5785343
5785544
5785683
5785759
5785812
5785872
5786023
5786095
5786219
5786290
5786527
5786604
5786672
5786675
5786773
5786885
5786899
5786911
5786965
5787002
5787026
5787133
5787227
5787326
5787476
5787588
5787768
5787821
5787831
5787840
5787978
5788149
5788155
5788201
5788279
5788560
5788651
5788769
5788974
5789035
5789129
5789243
5789328
5789638
5789653
5789758
5789810
5789813
5789824
5789845
5789934
5789954
5789987
5790028
5790235
5790657
5790687
5790717
5790766
5790786
5790877
5790907
5791049
5791158
5791534
5791659
5791712
5791849
5791873
5791888
5791970
5791977
5792016
5792017
5792019
5792043
5792292
5792435
5792475
5792609
5792614
5792753
5792780
5792823
5792876
5792956
5793051
5793062
5793169
5793340
5793351
5793507
5793515
5793647
5793682
5793749
5793824
5793917
5794054
5794227
5794302
5794330
5794333
5794418
5794494
5794564
5794606
5794632
5794661
5794689
5794736
5794742
5794956
5794985
5795002
5795134
5795247
5795248
5795440
5795556
5796136
5796337
5796409
5796420
5796543
5796657
5796956
5796984
5797004
5797162
5797277
5797326
5797344
5797571
5797599
5797910
5798006
5798157
5798425
5798435
5798475
5798492
5798506
5798616
5798669
5798684
5798926
5799114
5799128
5799456
5799680
5799715
5799834
5800096
5800230
5800311
5800724
5800808
5800913
5800971
5800999
5801079
5801210
5801240
5801304
5801341
5801724
5801941
5801972
5802123
5802350
5802377
5802509
5802537
5802610
5802750
5803083
5803135
5803141
5803297
5803539
5803588
5803639
5803693
5803703
5803795
5803798
5803937
5803944
5804006
5804269
5804716
5804791
5804796
5804842
5804851
5804855
5804909
5804950
5804951
5804963
5805221
5805247
5805349
5805422
5805429
5805499
5805560
5805567
5805686
5805722
5805748
5805879
5805920
5806158
5806182
5806184
5806247
5806376
5806447
5806575
5806730
5807118
5807119
5807447
5807505
5807691
5807786
5808118
5808166
5808214
5808232
5808336
5808341
5808356
5808438
5808472
5808586
5808740
5808941
5808961
5809270
5809612
5809645
5809752
5809845
5810202
5810209
5810213
5810228
5810309
5810608
5810719
5810731
5810995
5811001
5811032
5811424
5811466
5811541
5811847
5811943
5811967
5811978
5811997
5812506
5812696
5812731
5812771
5812985
5813013
5813166
5813603
5813615
5813639
5813806
5813862
5813934
5813971
5814096
5814276
5814354
5814395
5814489
5814525
5814763
5814784
5814828
5814843
5814844
5814944
5814973
5815051
5815266
5815301
5815638
5815668
5815742
5815780
5815929
5815978
5815988
5816122
5816124
5816245
5816252
5816292
5816384
5816395
5816647
5816666
5816674
5816694
5816715
5816748
5816782
5816805
5816844
5816975
5817341
5817345
5817372
5817387
5817391
5817502
5817878
5817980
5818166
5818320
5818389
5818536
5818640
5818690
5818746
5819012
5819104
5819128
5819156
5819257
5819503
5819568
5819777
5819869
5819992
5820020
5820378
5820387
5820621
5820645
5820757
5820764
5820938
5821129
5821200
5821320
5821328
5821345
5821384
5821396
5821459
5821545
5821741
5821835
5821997
5822054
5822228
5822284
5822323
5822529
5822796
5822803
5822862
5822934
5822955
5822967
5823074
5823131
5823158
5823260
5823269
5823320
5823356
5823724
5823774
5823786
5823789
5824049
5824121
5824363
5824547
5824745
5824817
5824853
5824956
5824982
5825154
5825203
5825237
5825372
5825460
5825596
5825703
5825711
5825731
5825808
5825882
5825952
5826102
5826278
5826302
5826328
5826511
5826550
5826684
5826770
5826830
5826838
5827040
5827115
5827150
5827394
5827526
5827551
5827637
5827641
5827717
5827718
5827859
5827980
5828131
5828148
5828364
5828411
5828507
5828531
5828545
5828603
5828736
5828737
5828785
5828816
5828841
5828920
5828946
5829021
5829119
5829317
5829410
5829412
5829414
5829442
5829447
5829497
5829737
5829759
5830042
5830067
5830181
5830184
5830524
5830564
5830567
5830594
5830664
5830728
5831038
5831116
5831274
5831300
5831323
5831562
5831570
5831649
5831695
5831717
5831784
5832029
5832247
5832339
5832418
5832613
5832740
5832813
5832884
5833073
5833163
5833172
5833270
5833375
5833660
5833728
5833748
5833846
5834017
5834156
5834180
5834220
5834289
5834435
5834537
5834819
5834930
5834950
5835017
5835051
5835144
5835159
5835214
5835272
5835306
5835363
5835538
5835559
5835567
5835599
5835639
5835658
5835762
5835778
5835838
5835918
5835991
5836080
5836188
5836234
5836271
5836770
5836795
5836978
5837067
5837086
5837104
5837213
5837220
5837238
5837285
5837368
5837425
5837462
5837717
5837721
5837741
5837800
5837891
5838014
5838055
5838124
5838214
5838244
5838253
5838263
5838341
5838389
5838556
5838596
5838636
5838686
5838842
5839010
5839110
5839175
5839328
5839426
5839578
5839627
5839643
5839684
5839689
5840013
5840186
5840318
5840331
5840473
5840504
5840620
5840707
5840914
5840979
5841053
5841141
5841165
5841217
5841304
5841610
5841711
5841741
5841781
5841794
5841842
5841857
5842058
5842091
5842093
5842126
5842363
5842403
5842446
5842471
5842738
5842945
5842975
5842992
5843003
5843033
5843189
5843236
5843281
5843325
5843374
5843405
5843502
5843735
5843811
5844020
5844092
5844125
5844172
5844400
5844520
5844665
5845115
5845162
5845206
5845301
5845324
5845343
5845356
5845359
5845527
5845553
5845913
5846070
5846116
5846139
5846237
5846244
5846289
5846418
5846631
5846946
5846959
5847083
5847196
5847241
5847285
5847329
5847407
5847416
5847507
5847535
5847730
5847738
5847752
5847833
5848009
5848170
5848245
5848414
5848488
5848580
5848695
5848857
5848945
5848961
5849386
5849611
5849615
5849767
5849769
5849811
5849835
5850017
5850020
5850173
5850231
5850367
5850517
5850549
5850603
5850606
5850694
5850815
5850871
5851035
5851149
5851186
5851517
5851627
5851837
5851847
5852024
5852084
5852365
5852434
5852452
5852456
5852554
5852565
5852863
5853160
5853198
5853327
5853337
5853351
5853354
5853517
5853525
5853607
5853615
5853836
5853880
5853932
5854210
5854219
5854324
5854360
5854460
5854485
5854523
5854556
5854588
5854794
5854889
5855104
5855588
5855728
5855785
5855895
5856083
5856193
5856260
5856386
5856423
5856466
5856570
5856765
5856782
5857011
5857214
5857369
5857446
5857619
5857680
5857696
5857713
5857716
5857845
5857978
5858043
5858212
5858511
5858545
5858797
5858962
5859066
5859120
5859131
5859150
5859255
5859374
5859484
5859492
5859519
5859607
5859685
5859762
5859898
5860057
5860076
5860360
5860727
5860881
5860979
5861002
5861062
5861136
5861213
5861285
5861450
5861478
5861520
5861563
5861689
5861766
5861894
5861906
5861918
5862053
5862091
5862092
5862183
5862296
5862461
5862754
5862796
5862900
5862981
5863041
5863644
5863850
5863905
5864079
5864238
5864282
5864327
5864348
5864365
5864584
5864647
5864894
5865011
5865036
5865074
5865359
5865382
5865536
5865554
5865760
5865840
5865858
5866097
5866139
5866182
5866193
5866660
5866703
5866770
5866822
5866889
5866943
5866993
5867174
5867214
5867274
5867631
5867639
5867755
5867944
5867978
5867994
5868066
5868226
5868594
5868730
5868805
5868818
5868884
5868970
5868990
5869049
5869196
5869284
5869414
5869431
5869477
5869673
5869772
5869784
5869823
5869878
5869930
5870110
5870119
5870134
5870338
5870601
5870785
5870858
5870875
5870905
5871092
5871133
5871221
5871258
5871392
5871567
5871789
5871846
5871924
5871927
5872076
5872081
5872206
5872340
5872396
5872399
5872601
5872620
5872916
5872950
5873104
5873487
5873520
5873605
5873677
5873699
5873742
5873743
5873820
5873837
5873895
5873909
5873916
5874099
5874200
5874207
5874253
5874425
5874429
5874555
5874560
5874829
5874888
5874949
5875019
5875054
5875063
5875088
5875205
5875222
5875247
5875390
5875396
5875429
5875501
5875598
5875683
5875752
5875768
5875773
5875793
5875795
5875988
5876307
5876557
5876675
5876677
5876801
5876828
5876946
5877070
5877071
5877134
5877356
5877494
5877667
5877694
5877717
5877725
5877928
5878042
5878154
5878230
5878337
5878466
5878492
5878607
5878626
5878627
5878704
5878734
5878840
5878892
5878995
5879026
5879269
5879279
5879414
5879565
5879593
5879630
5879661
5879748
5879891
5879931
5880017
5880049
5880089
5880236
5880467
5880542
5880643
5880709
5880791
5880856
5880970
5881032
5881160
5881176
5881622
5881666
5881730
5881870
5882040
5882094
5882163
5882304
5882425
5882579
5882648
5882656
5882697
5882724
5882857
5882870
5882898
5882922
5882967
5882974
5882980
5883048
5883058
5883232
5883343
5883397
5883481
5883703
5883852
5883923
5883927
5883962
5884100
5884125
5884527
5884562
5884644
5884767
5884769
5884822
5884985
5885064
5885091
5885453
5885458
5885499
5885748
5885791
5885815
5885826
5885914
5885961
5886016
5886091
5886098
5886607
5886610
5886618
5886809
5886886
5886933
5887220
5887325
5887348
5887350
5887423
5887434
5887456
5887457
5887897
5887961
5888145
5888163
5888171
5888219
5888233
5888362
5888531
5888622
5888895
5888920
5889123
5889202
5889274
5889434
5889525
5889537
5889682
5889693
5889705
5889855
5889878
5889969
5890006
5890138
5890182
5890211
5890222
5890567
5890790
5890797
5890849
5890899
5890942
5891303
5891396
5891452
5891510
5891579
5891702
5891746
5891757
5891808
5891826
5891882
5891953
5892088
5892104
5892123
5892139
5892147
5892226
5892530
5892821
5892985
5893098
5893208
5893480
5893563
5893677
5893771
5893798
5893838
5893983
5894121
5894291
5894399
5894403
5894718
5894947
5894970
5894974
5894994
5895001
5895217
5895225
5895407
5895493
5895569
5895723
5895729
5895801
5895802
5895863
5896036
5896038
5896074
5896080
5896688
5896828
5896868
5896911
5896925
5897011
5897140
5897154
5897376
5897406
5897415
5897497
5897860
5897962
5898298
5898366
5898534
5898796
5898866
5898887
5898914
5898923
5898967
5898982
5899039
5899071
5899389
5899441
5899531
5899649
5899890
5899894
5899898
5900033
5900085
5900116
5900120
5900265
5900284
5900467
5900540
5900928
5900959
5901099
5901114
5901324
5901500
5901519
5901830
5901885
5901956
5902223
5902238
5902295
5902427
5902507
5902531
5902804
5903099
5903121
5903178
5903183
5903417
5903468
5903552
5903556
5903761
5903779
5903924
5903970
5904040
5904098
5904175
5904310
5904382
5904461
5904480
5904482
5904502
5904511
5904580
5904611
5904733
5904828
5904839
5904840
5904995
5905422
5905545
5905571
5905633
5905635
5906058
5906262
5906272
5906481
5906822
5906829
5906843
5906879
5906945
5907030
5907229
5907316
5907324
5907378
5907385
5907410
5907782
5907799
5907810
5908051
5908229
5908435
5908468
5908487
5908501
5908696
5908792
5909182
5909308
5909329
5909334
5909400
5909504
5909719
5909789
5910043
5910113
5910236
5910242
5910389
5910436
5910706
5910715
5910853
5910967
5911051
5911085
5911106
5911299
5911371
5911439
5911474
5911497
5911538
5911541
5911675
5911752
5911841
5911880
5912152
5912165
5912267
5912447
5912578
5912648
5912786
5912817
5912821
5912912
5912916
5912952
5912989
5913118
5913120
5913141
5913210
5913300
5913316
5913318
5913319
5913343
5913377
5913415
5913572
5914256
5914326
5914336
5914383
5914554
5914573
5914584
5914603
5914804
5914816
5915022
5915025
5915068
5915104
5915151
5915216
5915405
5915409
5915445
5915513
5915519
5915542
5915743
5916103
5916106
5916321
5916334
5916429
5916532
5916576
5916760
5916824
5916839
5916934
5917156
5917220
5917240
5917253
5917274
5917294
5917557
5917963
5918036
5918355
5918538
5918548
5918692
5918859
5919186
5919348
5919390
5919442
5919621
5919656
5919764
5919918
5920052
5920057
5920113
5920115
5920285
5920439
5920470
5920485
5920601
5920957
5921095
5921211
5921270
5921357
5921483
5921728
5921832
5921951
5922054
5922354
5922534
5922557
5922588
5922718
5922996
5923337
5923377
5923455
5923457
5923562
5924091
5924138
5924179
5924319
5924555
5924692
5924714
5925052
5925109
5925194
5925331
5925345
5925459
5925792
5925822
5925826
5925943
5926160
5926192
5926355
5926403
5926451
5926570
5926589
5926801
5926832
5926935
5927042
5927100
5927111
5927149
5927353
5927355
5927504
5927693
5927963
5928022
5928080
5928306
5928320
5928371
5928399
5928474
5928594
5928657
5928711
5928801
5929062
5929079
5929127
5929132
5929152
5929175
5929288
5929301
5929348
5929467
5929501
5929502
5929565
5929643
5930000
5930103
5930239
5930291
5930343
5930377
5930556
5930562
5931016
5931088
5931247
5931265
5931346
5931430
5931533
5931605
5931803
5931804
5931848
5931871
5931954
5932018
5932058
5932200
5932369
5932383
5932462
5932560
5932837
5933038
5933089
5933139
5933140
5933145
5933147
5933177
5933341
5933429
5933584
5933614
5933655
5933730
5933739
5933931
5934010
5934102
5934141
5934476
5934784
5934953
5935007
5935280
5935540
5935552
5935600
5935622
5935878
5935897
5935917
5936204
5936587
5936639
5936719
5936720
5936754
5936878
5936924
5936961
5937018
5937023
5937114
5937207
5937218
5937276
5937546
5937621
5937896
5937945
5937967
5938024
5938107
5938194
5938250
5938341
5938343
5938384
5938495
5938536
5938592
5938653
5938814
5938860
5939160
5939483
5939566
5939575
5939577
5939614
5939762
5939875
5939963
5940009
5940131
5940162
5940362
5940363
5940451
5940536
5940736
5941152
5941258
5941306
5941440
5941467
5941529
5941730
5941936
5941939
5942047
5942185
5942196
5942255
5942441
5942452
5942467
5942903
5942949
5943015
5943039
5943216
5943293
5943480
5943481
5943494
5943645
5943687
5944149
5944350
5944430
5944476
5944574
5944717
5944853
5944887
5944951
5944957
5945066
5945118
5945231
5945377
5945416
5945433
5945465
5945474
5945826
5945827
5946158
5946176
5946224
5946624
5946718
5946818
5946890
5946905
5946967
5947051
5947165
5947180
5947233
5947441
5947497
5947556
5947578
5947600
5947686
5947783
5947835
5947885
5947931
5948037
5948199
5948260
5948283
5948336
5948344
5948465
5948681
5948700
5948747
5948769
5948815
5948920
5948940
5949255
5949353
5949388
5949454
5949697
5949785
5949942
5950046
5950056
5950076
5950152
5950289
5950342
5950517
5950595
5950611
5950846
5950881
5951008
5951267
5951504
5951754
5951808
5952060
5952072
5952346
5952368
5952477
5952638
5952697
5953005
5953027
5953098
5953338
5953550
5953650
5953678
5953976
5954007
5954248
5954313
5954471
5954540
5954635
5954787
5955133
5955302
5955387
5955411
5955450
5955584
5955658
5955769
5955830
5955900
5955908
5955940
5955997
5956007
5956097
5956186
5956236
5956273
5956743
5956811
5957075
5957192
5957407
5957551
5957769
5957809
5957879
5958004
5958199
5958284
5958320
5958439
5958567
5958581
5958680
5958696
5958793
5958794
5958852
5958857
5958977
5959016
5959025
5959162
5959254
5959284
5959286
5959395
5959546
5959675
5959812
5959892
5960006
5960011
5960059
5960237
5960254
5960336
5960460
5960465
5960556
5960592
5960594
5960729
5960765
5960804
5960929
5961109
5961298
5961362
5961437
5961534
5961730
5961749
5961852
5961994
5962011
5962044
5962069
5962072
5962136
5962139
5962179
5962290
5962481
5962593
5962787
5963062
5963064
5963093
5963196
5963250
5963276
5963341
5963504
5963572
5963792
5963848
5963953
5963987
5964120
5964199
5964334
5964335
5964436
5964443
5964502
5964543
5964775
5964915
5964952
5965039
5965175
5965269
5965293
5965306
5965708
5965817
5965829
5966086
5966283
5966518
5966569
5966617
5966634
5966704
5967116
5967206
5967287
5967375
5967465
5967625
5967685
5967710
5967834
5967921
5967941
5967979
5968006
5968028
5968165
5968246
5968428
5968568
5968745
5968840
5968872
5968946
5969096
5969209
5969304
5969328
5969467
5969482
5969513
5969548
5969557
5969806
5969831
5969945
5970059
5970148
5970223
5970340
5970439
5970576
5970585
5970599
5970617
5970647
5970787
5970873
5971015
5971036
5971128
5971447
5971487
5971717
5971891
5972033
5972090
5972228
5972240
5972248
5972258
5972313
5972507
5972647
5972953
5973022
5973040
5973193
5973308
5973362
5973423
5973503
5973551
5973587
5973593
5973659
5973736
5973944
5974173
5974689
5974779
5974944
5975210
5975677
5975743
5975952
5976246
5976304
5976457
5976491
5976632
5976685
5976747
5977080
5977185
5977393
5977404
5977406
5977418
5977647
5977660
5977719
5977783
5977824
5977877
5977890
5977931
5977965
5978001
5978342
5978413
5978693
5978980
5979045
5979257
5979475
5979492
5979601
5979636
5979863
5979875
5980055
5980239
5980269
5980289
5980315
5980328
5980623
5980658
5980678
5980723
5980818
5980847
5981079
5981165
5981203
5981258
5981263
5981444
5981509
5981552
5981562
5981758
5981838
5981900
5981930
5981984
5981998
5982003
5982602
5982676
5982744
5982780
5982789
5982822
5982914
5982925
5982987
5983097
5983155
5983372
5983673
5983735
5983746
5983749
5983865
5983943
5984039
5984086
5984115
5984176
5984206
5984276
5984495
5984546
5984572
5984740
5984809
5984850
5984896
5984898
5984943
5984953
5985182
5985278
5985294
5985322
5985383
5985681
5985778
5985799
5985875
5985907
5985974
5986038
5986057
5986217
5986366
5986609
5986622
5986627
5986679
5986772
5986810
5986890
5987027
5987075
5987092
5987159
5987302
5987631
5987802
5987812
5987831
5987847
5988191
5988199
5988291
5988314
5988336
5988435
5988442
5988536
5988691
5988744
5988819
5988910
5988969
5989054
5989116
5989481
5989582
5989651
5989694
5989706
5989799
5989877
5989934
5989935
5990744
5990795
5990970
5991049
5991071
5991078
5991091
5991562
5991691
5991883
5991919
5991950
5991985
5991997
5992041
5992109
5992116
5992123
5992416
5992553
5992559
5992742
5992885
5993022
5993025
5993086
5993141
5993158
5993176
5993229
5993293
5993437
5993511
5993560
5993585
5993599
5993620
5993684
5993741
5993788
5993910
5994030
5994104
5994189
5994248
5994376
5994427
5994492
5994611
5994676
5995313
5995332
5995359
5995488
5995490
5995910
5996017
5996123
5996244
5996509
5996531
5996632
5996726
5996964
5997031
5997127
5997184
5997239
5997241
5997309
5997484
5997507
5997653
5997753
5997758
5997806
5997869
5998061
5998077
5998082
5998196
5998382
5998401
5998474
5998756
5998886
5998943
5999259
5999290
5999404
5999546
5999563
5999658
5999688
5999714
5999902
5999939
6000128
6000172
6000197
6000325
6000643
6000739
6000875
6001088
6001247
6001368
6001417
6001428
6001501
6001516
6001539
6001675
6001698
6001798
6001900
6001981
6002063
6002292
6002410
6002576
6002610
6002646
6002660
6002806
6002810
6002812
6002829
6002849
6002915
6003027
6003207
6003230
6003278
6003358
6003406
6003603
6003666
6003708
6003728
6003774
6003858
6003867
6004043
6004195
6004248
6004257
6004345
6004357
6004441
6004502
6004533
6004586
6004674
6004795
6004862
6004930
6004944
6005501
6005710
6005809
6005829
6006064
6006201
6006266
6006272
6006274
6006285
6006305
6006371
6006391
6006439
6006440
6006488
6006499
6006624
6006632
6006641
6006736
6006807
6006827
6006959
6006992
6007048
6007118
6007145
6007331
6007558
6007587
6007645
6007745
6007799
6007927
6007966
6008001
6008092
6008167
6008177
6008211
6008305
6008340
6008542
6008649
6008653
6008689
6008703
6008718
6008731
6008755
6008778
6008801
6009252
6009290
6009301
6009465
6009605
6009741
6009769
6009821
6010004
6010087
6010311
6010596
6010627
6010693
6010754
6010918
6010943
6011048
6011049
6011168
6011430
6011471
6011644
6011899
6011986
6012027
6012289
6012349
6012352
6012584
6012637
6012702
6012723
6012740
6012773
6012948
6013200
6013297
6013330
6013358
6013488
6013490
6013590
6013632
6013659
6013724
6013799
6013907
6013958
6014063
6014184
6014402
6014505
6014672
6014803
6014809
6014915
6014992
6015352
6015420
6015427
6015465
6015555
6015735
6015740
6015797
6015865
6015981
6016122
6016130
6016227
6016387
6016545
6016550
6016557
6016609
6016741
6016879
6016938
6016940
6017100
6017106
6017143
6017151
6017193
6017234
6017247
6017304
6017416
6017456
6017462
6017723
6017730
6017755
6017816
6017837
6017873
6018011
6018111
6018141
6018258
6018426
6019035
6019217
6019302
6019681
6019782
6019801
6019819
6019820
6019851
6019860
6019927
6020390
6020645
6020721
6020763
6021111
6021180
6021240
6021242
6021286
6021321
6021393
6021398
6021427
6021508
6021549
6021700
6021797
6021839
6021877
6021928
6021949
6022150
6022400
6022457
6022573
6022592
6022779
6022784
6023238
6023421
6023423
6023603
6023701
6023757
6023764
6023801
6023826
6023830
6023880
6024000
6024089
6024104
6024707
6024713
6024849
6024883
6024897
6024932
6024947
6024971
6025148
6025317
6025369
6025441
6025750
6025807
6025951
6026245
6026250
6026576
6026579
6026759
6026787
6026829
6026983
6027025
6027111
6027221
6027288
6027289
6027329
6027407
6027584
6027639
6027642
6027661
6027682
6027699
6027714
6027916
6028011
6028027
6028043
6028123
6028376
6028395
6028423
6028527
6028542
6028680
6028716
6028727
6029142
6029151
6029237
6029656
6029686
6029705
6029814
6029860
6029900
6029934
6029939
6029964
6030044
6030084
6030333
6030574
6030588
6030620
6030625
6030676
6030961
6031000
6031386
6031569
6031741
6031836
6031849
6032100
6032125
6032440
6032505
6032878
6032973
6033009
6033022
6033031
6033063
6033079
6033326
6033485
6033621
6033666
6033716
6033839
6033940
6033959
6034015
6034066
6034153
6034159
6034251
6034351
6034473
6034487
6034573
6034651
6034820
6034847
6034871
6035055
6035078
6035106
6035199
6035552
6035573
6035762
6035766
6036043
6036272
6036358
6036587
6036590
6036703
6036775
6037031
6037094
6037160
6037567
6037646
6037715
6037770
6037904
6038125
6038151
6038318
6038356
6038704
6038758
6038952
6039112
6039139
6039234
6039305
6039314
6039391
6039588
6039630
6039676
6039799
6039977
6040056
6040143
6040187
6040199
6040790
6040981
6041021
6041023
6041125
6041149
6041280
6041289
6041367
6041370
6041388
6041501
6041524
6041576
6041605
6041890
6041943
6042012
6042318
6042466
6042590
6042610
6042724
6042788
6042997
6043111
6043151
6043159
6043221
6043233
6043381
6043580
6043831
6043839
6043852
6043869
6043872
6044003
6044217
6044232
6044233
6044299
6044320
6044444
6044459
6044600
6044890
6044985
6045250
6045314
6045432
6045437
6045481
6045572
6045703
6045710
6045882
6046221
6046302
6046364
6046412
6046518
6046528
6046649
6046673
6046686
6046898
6047082
6047456
6047612
6047649
6047674
6047699
6047753
6047788
6047795
6047877
6047884
6047896
6048047
6048074
6048083
6048283
6048366
6048379
6048874
6048886
6048940
6049210
6049226
6049227
6049313
6049425
6049602
6049647
6049739
6049830
6049884
6049910
6050209
6050540
6050546
6050551
6050670
6050798
6050808
6050857
6051054
6051070
6051085
6051306
6051452
6051502
6051555
6051862
6052057
6052137
6052154
6052334
6052384
6052467
6052574
6052776
6052790
6052826
6053363
6053490
6053529
6053606
6053623
6053834
6053972
6053992
6054193
6054233
6054430
6054444
6054692
6054764
6054834
6054867
6054901
6054961
6055011
6055122
6055135
6055142
6055182
6055243
6055314
6055572
6055673
6055752
6055992
6056034
6056475
6056530
6056690
6056954
6056989
6057253
6057360
6057429
6057647
6057901
6058172
6058411
6058594
6058642
6058657
6058790
6058831
6058935
6058979
6058984
6059140
6059244
6059246
6059253
6059285
6059405
6059414
6059420
6059468
6059517
6059622
6059742
6059765
6059783
6059919
6060031
6060164
6060307
6060509
6060730
6060897
6060904
6060965
6061166
6061229
6061532
6061644
6061657
6061737
6061901
6061935
6061940
6061946
6062053
6062114
6062119
6062136
6062262
6062331
6062425
6062442
6062446
6062811
6062814
6062906
6063020
6063037
6063041
6063279
6063320
6063370
6063506
6063602
6063628
6063672
6063680
6063724
6063866
6063885
6063897
6063938
6064025
6064286
6064390
6064718
6064719
6064833
6065433
6065467
6065649
6065737
6065797
6065916
6065919
6065996
6066475
6066552
6066710
6066981
6067018
6067363
6067409
6067425
6067486
6067491
6067524
6067534
6067615
6067649
6067849
6067941
6067988
6068000
6068063
6068415
6068425
6068556
6068634
6068780
6068907
6069406
6069445
6069549
6069562
6069991
6070134
6070185
6070336
6070363
6070518
6070520
6070714
6070802
6070934
6071076
6071100
6071166
6071261
6071304
6071399
6071524
6071554
6071600
6071626
6071695
6071828
6071847
6071877
6071993
6072027
6072383
6072580
6072660
6072875
6072916
6072964
6072988
6072996
6073138
6073336
6073354
6073371
6073395
6073575
6073826
6073870
6074038
6074231
6074352
6074363
6074651
6074753
6074959
6075012
6075398
6075446
6075464
6075559
6075578
6075669
6075670
6075687
6075755
6075792
6075879
6075924
6075989
6076027
6076066
6076080
6076087
6076286
6076446
6076547
6076692
6076955
6076985
6077030
6077150
6077165
6077186
6077214
6077328
6077356
6077411
6077755
6078204
6078437
6078490
6078496
6078525
6078643
6078698
6078745
6078800
6078808
6078862
6078869
6078891
6078894
6078950
6079111
6079270
6079324
6079367
6079408
6079595
6079611
6079792
6079932
6080139
6080151
6080199
6080276
6080350
6080524
6080556
6080719
6080884
6080907
6081067
6081137
6081183
6081201
6081426
6081511
6081564
6081729
6081863
6081878
6082010
6082024
6082220
6082338
6082465
6082637
6082743
6082871
6082923
6082960
6082979
6082984
6083006
6083261
6083299
6083301
6083312
6083383
6083489
6083581
6083625
6083678
6083680
6083727
6083932
6083954
6084019
6084032
6084235
6084243
6084256
6084300
6084516
6084647
6084841
6085010
6085024
6085170
6085332
6085355
6085460
6085638
6085705
6085786
6085844
6086120
6086146
6086165
6086324
6086331
6086466
6086518
6086660
6087109
6087176
6087178
6087391
6087429
6087467
6087551
6087684
6087699
6087704
6087781
6087879
6087912
6087933
6087953
6087982
6087991
6088017
6088050
6088076
6088081
6088357
6088382
6088480
6088508
6088516
6088689
6088752
6088803
6088992
6089184
6089247
6089308
6089320
6089363
6089408
6089441
6089474
6089492
6089605
6089767
6089950
6090022
6090106
6090352
6090484
6090515
6090524
6090767
6090879
6090907
6090961
6091146
6091256
6091476
6091524
6091530
6091657
6091872
6091912
6091990
6092032
6092055
6092281
6092344
6092472
6092525
6092595
6092777
6092798
6092858
6092925
6092949
6093029
6093094
6093133
6093274
6093281
6093535
6093731
6093754
6093756
6093800
6093922
6093959
6094017
6094064
6094096
6094300
6094310
6094344
6094397
6094464
6094875
6094982
6094997
6095075
6095171
6095337
6095340
6095540
6095694
6095836
6095846
6096246
6096312
6096463
6096640
6096672
6096682
6096881
6096887
6096906
6097033
6097081
6097133
6097140
6097278
6097291
6097509
6097657
6097762
6097856
6097871
6097932
6097962
6098094
6098112
6098119
6098156
6098202
6098225
6098289
6098350
6098365
6098429
6098469
6098662
6098787
6098854
6099011
6099042
6099165
6099258
6099347
6099354
6099666
6099710
6099802
6099851
6099919
6100035
6100171
6100179
6100202
6100237
6100438
6100530
6100538
6100549
6100610
6100702
6100828
6100856
6101073
6101254
6101380
6101387
6101532
6101575
6101679
6101758
6101795
6101875
6102097
6102333
6102362
6102370
6102476
6102486
6102513
6102576
6102594
6102598
6102646
6102677
6102698
6102804
6102904
6103189
6103277
6103347
6103384
6103411
6103460
6103520
6103528
6103538
6103665
6103671
6103814
6104014
6104055
6104151
6104217
6104364
6104444
6104483
6104652
6104796
6104861
6104937
6104946
6104990
6105121
6105146
6105327
6105378
6105462
6105526
6105544
6105577
6105698
6105711
6105733
6105960
6106184
6106390
6106508
6106521
6106601
6106715
6106833
6106838
6106951
6107511
6107540
6107593
6107616
6107726
6107776
6107863
6107866
6107977
6108078
6108108
6108134
6108529
6108587
6108599
6108635
6108757
6108893
6109007
6109071
6109107
6109338
6109343
6109463
6109619
6109663
6109829
6109876
6110087
6110299
6110376
6110639
6110821
6111035
6111044
6111127
6111230
6111240
6111442
6111466
6111544
6111615
6111718
6111791
6111893
6112034
6112058
6112092
6112097
6112098
6112131
6112209
6112277
6112332
6112425
6112433
6112494
6112548
6112703
6112744
6112880
6112930
6112931
6112995
6113057
6113070
6113185
6113261
6113295
6113311
6113338
6113339
6113443
6113630
6113653
6113785
6113813
6113885
6114262
6114633
6114755
6114798
6114830
6115019
6115055
6115097
6115133
6115220
6115346
6115353
6115405
6115708
6115730
6115827
6115926
6116072
6116140
6116404
6116406
6116531
6116544
6116662
6116787
6116819
6116919
6116946
6117133
6117152
6117248
6117298
6117303
6117322
6117531
6117539
6117550
6117611
6117746
6117813
6117902
6118020
6118143
6118374
6118433
6118764
6118784
6118890
6119143
6119145
6119179
6119324
6119434
6119491
6119515
6119531
6119550
6119685
6119756
6119771
6119828
6119934
6120046
6120213
6120344
6120401
6120429
6120620
6120633
6120719
6120826
6120851
6120858
6120859
6120907
6121217
6121554
6121710
6121834
6121917
6121978
6122045
6122214
6122364
6122387
6122450
6122523
6122709
6122790
6122881
6122882
6122910
6122950
6122990
6123095
6123229
6123230
6123439
6123549
6123579
6123845
6123882
6123956
6124013
6124246
6124405
6124443
6124512
6124869
6124923
6124997
6125058
6125249
6125603
6125735
6125790
6126046
6126090
6126131
6126193
6126384
6126675
6126727
6126897
6126933
6127104
6127448
6127452
6127553
6127680
6127691
6127697
6127738
6128468
6128616
6128665
6128719
6128804
6128821
6128896
6128945
6129071
6129287
6129363
6129481
6129550
6129563
6130084
6130167
6130177
6130197
6130259
6130266
6130277
6130633
6130703
6130752
6130919
6131081
6131118
6131125
6131142
6131268
6131362
6131556
6131895
6132035
6132120
6132223
6132418
6132495
6132526
6132654
6132692
6132781
6132876
6133293
6133367
6133384
6133421
6133826
6133881
6133971
6134092
6134117
6134202
6134304
6134336
6134345
6134437
6134704
6134982
6135017
6135074
6135083
6135166
6135296
6135342
6135347
6135566
6135790
6135818
6135932
6136068
6136138
6136419
6136422
6136704
6137065
6137072
6137113
6137119
6137146
6137326
6137375
6137412
6137424
6137569
6137593
6137620
6137637
6137689
6137847
6137994
6137998
6138067
6138109
6138110
6138216
6138311
6138334
6138528
6138661
6138701
6139158
6139248
6139683
6139701
6139735
6139881
6139967
6140268
6140352
6140461
6140473
6140966
6141193
6141250
6141486
6141529
6141778
6141796
6141843
6141914
6141936
6141989
6141994
6142202
6142343
6142370
6142421
6142558
6142641
6142740
6142749
6142846
6142909
6142942
6143020
6143064
6143215
6143353
6143397
6143401
6143506
6143511
6143653
6143660
6143789
6143974
6144002
6144045
6144163
6144182
6144416
6144452
6144536
6144669
6144797
6144897
6144973
6145149
6145271
6145322
6145449
6145477
6145729
6145754
6145756
6145899
6146131
6146202
6146270
6146276
6146319
6146537
6146750
6146845
6146884
6146892
6147037
6147292
6147296
6147422
6147727
6147781
6147850
6147855
6147858
6147950
6147953
6148012
6148083
6148104
6148125
6148234
6148242
6148292
6148526
6148527
6148667
6148671
6148721
6148733
6148894
6148925
6149271
6149334
6149399
6149413
6149435
6149508
6149611
6149618
6149686
6149797
6150052
6150331
6150371
6150524
6150680
6150873
6151019
6151078
6151207
6151623
6151782
6151785
6151879
6152021
6152117
6152271
6152405
6152462
6152533
6152548
6152551
6152565
6152622
6152685
6152711
6152792
6152917
6152996
6153068
6153074
6153091
6153274
6153356
6153434
6153587
6153612
6153691
6153708
6153748
6153874
6154088
6154141
6154173
6154175
6154213
6154221
6154298
6154349
6154362
6154451
6154455
6154508
6154692
6154710
6154713
6154802
6154981
6155010
6155202
6155380
6155384
6155416
6155928
6155957
6156130
6156307
6156482
6156495
6156508
6156549
6156556
6156640
6156705
6156780
6156792
6157292
6157316
6157364
6157455
6157505
6157553
6158006
6158194
6158440
6158462
6158528
6158605
6158672
6158726
6158734
6158736
6158744
6159142
6159188
6159374
6159480
6159661
6159678
6159889
6160034
6160319
6160400
6160416
6160563
6160626
6160650
6160699
6160792
6160851
6160983
6161167
6161362
6161386
6161480
6161569
6161851
6161957
6161972
6162030
6162073
6162078
6162155
6162511
6162533
6162782
6162853
6162867
6162940
6162972
6163094
6163139
6163145
6163156
6163205
6163226
6163288
6163352
6163603
6163614
6163615
6163688
6163815
6163833
6163850
6163864
6163923
6164000
6164018
6164174
6164178
6164184
6164406
6164542
6164578
6164595
6164617
6164722
6164756
6164860
6164885
6164908
6164963
6165106
6165370
6165463
6165474
6165611
6165654
6165707
6165738
6165843
6165906
6165914
6165979
6166043
6166703
6166878
6167140
6167151
6167173
6167298
6167348
6167476
6167536
6167632
6167637
6167693
6167704
6167747
6167803
6167837
6168143
6168250
6168281
6168305
6168362
6168376
6168509
6168592
6168618
6168922
6169034
6169080
6169143
6169226
6169344
6169527
6169556
6169631
6169858
6169868
6170242
6170243
6170583
6170803
6171007
6171091
6171144
6171211
6171532
6171679
6171858
6172112
6172149
6172301
6172508
6172607
6172669
6172711
6172808
6173110
6173354
6173358
6173506
6173511
6173593
6173785
6173941
6174012
6174189
6174207
6174210
6174239
6174624
6174638
6174851
6174892
6174905
6175002
6175030
6175167
6175201
6175249
6175307
6175423
6175505
6175539
6175582
6175597
6175640
6175690
6175708
6175719
6176132
6176266
6176381
6176577
6176650
6176707
6176858
6177081
6177151
6177225
6177259
6177407
6177524
6177533
6177568
6178000
6178372
6178395
6178429
6178563
6178648
6178672
6178754
6178889
6178925
6178929
6179038
6179115
6179300
6179310
6179349
6179628
6179973
6180021
6180054
6180058
6180161
6180181
6180323
6180442
6180567
6180819
6180861
6180958
6181111
6181158
6181163
6181364
6181392
6181496
6181716
6181821
6181870
6181897
6181978
6182028
6182336
6182485
6182782
6182874
6182897
6183237
6183258
6183336
6183686
6183690
6183720
6183740
6183822
6183844
6183863
6183926
6183938
6183946
6184192
6184395
6184454
6184472
6184540
6184564
6184616
6184650
6184720
6184742
6184794
6184875
6185017
6185091
6185632
6185830
6185950
6186037
6186042
6186303
6186396
6186479
6186571
6186610
6186641
6186703
6186747
6186838
6186881
6186888
6186964
6187044
6187149
6187174
6187199
6187402
6187465
6187471
6187491
6187543
6187757
6187784
6187944
6187966
6188163
6188328
6188364
6188366
6188607
6188670
6188735
6188904
6189000
6189016
6189106
6189241
6189542
6189586
6189632
6189710
6189781
6189931
6190060
6190281
6190293
6190629
6190659
6190959
6191098
6191223
6191306
6191336
6191366
6191434
6191477
6191501
6191534
6191627
6191769
6192005
6192094
6192132
6192204
6192394
6192627
6192654
6192783
6192831
6192920
6192973
6193002
6193027
6193070
6193119
6193267
6193348
6193638
6193645
6193841
6194030
6194079
6194110
6194265
6194339
6194430
6194728
6194865
6195250
6195276
6195352
6195557
6195753
6195810
6195937
6196138
6196273
6196352
6196639
6196714
6196831
6197077
6197360
6197394
6197418
6197502
6197557
6197848
6197853
6197914
6197967
6198260
6198399
6199158
6199337
6199394
6199533
6199538
6199760
6199777
6199978
6200092
6200170
6200176
6200297
6200390
6200402
6200415
6200493
6200684
6200864
6200877
6200913
6200991
6201016
6201056
6201157
6201517
6201893
6201913
6202023
6202159
6202245
6202362
6202416
6202458
6202665
6202676
6202845
6202851
6203102
6203291
6203339
6203353
6203608
6203704
6203790
6203850
6203893
6203904
6204073
6204122
6204161
6204259
6204267
6204749
6204775
6204805
6204818
6204870
6204898
6204910
6204920
6204964
6205177
6205186
6205313
6205336
6205395
6205471
6205477
6205512
6205529
6205568
6205640
6205681
6205718
6205762
6205791
6205807
6205872
6205875
6205926
6205932
6206142
6206413
6206452
6206459
6206507
6206599
6207048
6207058
6207326
6207613
6207788
6207851
6207863
6207914
6207983
6208190
6208217
6208227
6208584
6208693
6208787
6208890
6208892
6208893
6208897
6208974
6209259
6209276
6209372
6209576
6209613
6209632
6209668
6209760
6209803
6209809
6209927
6210120
6210138
6210162
6210191
6210225
6210237
6210501
6210549
6210587
6210730
6210789
6210804
6210883
6211156
6211263
6211323
6211334
6211452
6211579
6211950
6211961
6212026
6212104
6212143
6212197
6212198
6212407
6212415
6212457
6212632
6212827
6212832
6212857
6212937
6213005
6213065
6213088
6213174
6213221
6213293
6213422
6213494
6213659
6213717
6213759
6213822
6213846
6213916
6213954
6214018
6214035
6214103
6214117
6214203
6214258
6214386
6214392
6214501
6214623
6214626
6214691
6214724
6214762
6214778
6214782
6214948
6214958
6215310
6215360
6215428
6215429
6215504
6215608
6215697
6215732
6215741
6215814
6215867
6215878
6215901
6215957
6215975
6216129
6216234
6216376
6216418
6216717
6216718
6216731
6216784
6216821
6216922
6216941
6216980
6216996
6217090
6217405
6217443
6217460
6217584
6217678
6217683
6217715
6217879
6217939
6217990
6218144
6218197
6218310
6218340
6218585
6218845
6218949
6218981
6219015
6219123
6219157
6219187
6219240
6219291
6219326
6219355
6219370
6219492
6219539
6219578
6219683
6219754
6219755
6219832
6220121
6220290
6220540
6220669
6220845
6220849
6220905
6220924
6220936
6220939
6220973
6221071
6221204
6221535
6221599
6221604
6221611
6221668
6221707
6221722
6221740
6221781
6221830
6221946
6222099
6222110
6222127
6222370
6222740
6222802
6222812
6222821
6223447
6223459
6223537
6223658
6223674
6223881
6223997
6224191
6224211
6224251
6224506
6224627
6224842
6224911
6224960
6225169
6225456
6225502
6225672
6225790
6225842
6225989
6226114
6226276
6226336
6226363
6226393
6226477
6226559
6226582
6226690
6226725
6226738
6226762
6226781
6226844
6227013
6227083
6227281
6227370
6227416
6227626
6227633
6227899
6227906
6227911
6227970
6228141
6228778
6228802
6229062
6229106
6229170
6229307
6229457
6229590
6229593
6229722
6229729
6229765
6229790
6229817
6229824
6229941
6230004
6230151
6230174
6230213
6230245
6230473
6230523
6230811
6230926
6230983
6230988
6231044
6231074
6231109
6231128
6231147
6231203
6231446
6231448
6231484
6231764
6231805
6231971
6231977
6231999
6232163
6232212
6232499
6232562
6232654
6232742
6232863
6232884
6232938
6232975
6233086
6233098
6233193
6233197
6233223
6233559
6233581
6233619
6233711
6233761
6233806
6233872
6233884
6233936
6234029
6234257
6234276
6234303
6234323
6234550
6234563
6234761
6234763
6234909
6235019
6235071
6235076
6235104
6235153
6235173
6235412
6235436
6235550
6235576
6235635
6235938
6236035
6236116
6236299
6236588
6236702
6236946
6237019
6237041
6237070
6237090
6237102
6237114
6237495
6237518
6237526
6237538
6237661
6237695
6237814
6237864
6238004
6238011
6238086
6238091
6238112
6238141
6238300
6238322
6238403
6238526
6238731
6238758
6238824
6238887
6238982
6238998
6239025
6239112
6239308
6239342
6239364
6239474
6239605
6239770
6239870
6239890
6239940
6240181
6240275
6240346
6240355
6240390
6240536
6240871
6240879
6241171
6241172
6241428
6241539
6241548
6241624
6241633
6241675
6241685
6241957
6241965
6242036
6242043
6242053
6242059
6242290
6242366
6242514
6242529
6242596
6242626
6242709
6242753
6242808
6242834
6242961
6242992
6243005
6243336
6243491
6243522
6243567
6243621
6243784
6243792
6243836
6243975
6243992
6243999
6244111
6244145
6244320
6244416
6244459
6244476
6244597
6244855
6244898
6245003
6245112
6245428
6245447
6245529
6245734
6246096
6246107
6246482
6246551
6246714
6246853
6247091
6247181
6247267
6247341
6247512
6247564
6247643
6247933
6248020
6248038
6248057
6248203
6248248
6248319
6248425
6248665
6248670
6248807
6249045
6249094
6249137
6249218
6249288
6249460
6249464
6249499
6249509
6249567
6249614
6249780
6249847
6249896
6250047
6250069
6250363
6250568
6250590
6250642
6250666
6250685
6250705
6250851
6250901
6250995
6251124
6251188
6251294
6251474
6251509
6251557
6252192
6252277
6252411
6252419
6252711
6252752
6252753
6252840
6253138
6253247
6253316
6253408
6253506
6253559
6253587
6253622
6253702
6253724
6253825
6253932
6254131
6254166
6254197
6254198
6254258
6254517
6254677
6254700
6255072
6255083
6255177
6255221
6255444
6255559
6255591
6255722
6255774
6255843
6255844
6255977
6256051
6256167
6256184
6256234
6256346
6256378
6256663
6256855
6257097
6257111
6257324
6257394
6257485
6257498
6257694
6257716
6257750
6257915
6258013
6258039
6258118
6258142
6258230
6258420
6258488
6258795
6258833
6258912
6258958
6259001
6259035
6259050
6259180
6259210
6259369
6259423
6259903
6260034
6260086
6260120
6260131
6260145
6260290
6260321
6260349
6260368
6260468
6260481
6260627
6260647
6260677
6260704
6260719
6260815
6260834
6260969
6261052
6261071
6261092
6261107
6261182
6261238
6261327
6261347
6261553
6261821
6261861
6261873
6261899
6262215
6262217
6262219
6262372
6262428
6262446
6262720
6262747
6262804
6262835
6262915
6263083
6263182
6263267
6263318
6263340
6263522
6263568
6263750
6264004
6264092
6264260
6264353
6264365
6264471
6264576
6264678
6264817
6264908
6265036
6265172
6265182
6265520
6265544
6265606
6265611
6265630
6265704
6265844
6265873
6265982
6266033
6266045
6266051
6266110
6266174
6266185
6266235
6266253
6266280
6266289
6266325
6266720
6266731
6266848
6266901
6266951
6267103
6267105
6267160
6267406
6267706
6267717
6267745
6268322
6268633
6268780
6268781
6268797
6268805
6268810
6268991
6269071
6269091
6269205
6269270
6269344
6269435
6269613
6269625
6269792
6269836
6269868
6270021
6270162
6270221
6270414
6270444
6270456
6270467
6270540
6270551
6270556
6270583
6270625
6270630
6270668
6270672
6270774
6270917
6270969
6271081
6271157
6271217
6271339
6271347
6271426
6271503
6271526
6271971
6272566
6272604
6272642
6272677
6272978
6273076
6273230
6273324
6273423
6273479
6273545
6273713
6273781
6273904
6274209
6274350
6274422
6274491
6274536
6274586
6274608
6274751
6274773
6274951
6275175
6275316
6275367
6275397
6275578
6275665
6275718
6275721
6275839
6275901
6275925
6276045
6276056
6276075
6276137
6276282
6276429
6276525
6276567
6276637
6276813
6276856
6276897
6277130
6277221
6277460
6277738
6277930
6278103
6278151
6278273
6278347
6278377
6278409
6278455
6278469
6278567
6278637
6278915
6278934
6279020
6279065
6279162
6279230
6279357
6279582
6279651
6279920
6279938
6280046
6280294
6280302
6280396
6280554
6280804
6280875
6280934
6280962
6281099
6281154
6281159
6281191
6281231
6281257
6281334
6281644
6281742
6281897
6281902
6282266
6282468
6282582
6282657
6282763
6282825
6282886
6282972
6283192
6283222
6283308
6283386
6283412
6283433
6283518
6283626
6283644
6283823
6283867
6283910
6283979
6283987
6284088
6284215
6284244
6284286
6284451
6284542
6284562
6284680
6285019
6285206
6285443
6285771
6285788
6285848
6286196
6286237
6286264
6286363
6286461
6286499
6286589
6286645
6286817
6286833
6286911
6286915
6286954
6287181
6287230
6287234
6287290
6287363
6287527
6287630
6287939
6287967
6288128
6288177
6288193
6288203
6288237
6288631
6288648
6288760
6288787
6288864
6288881
6288969
6289382
6289385
6289481
6289528
6289534
6289732
6289790
6289904
6290100
6290110
6290308
6290354
6290483
6290684
6290748
6290832
6291193
6291243
6291612
6291624
6291700
6291849
6291916
6291936
6291999
6292027
6292350
6292645
6292696
6292996
6293058
6293210
6293260
6293287
6293368
6293371
6293536
6293765
6293799
6293832
6293998
6294078
6294180
6294186
6294218
6294327
6294447
6294532
6294561
6294630
6294753
6294795
6294830
6294971
6295016
6295046
6295089
6295209
6295274
6295294
6295350
6295391
6295395
6295475
6295586
6295642
6295665
6295672
6295971
6296042
6296064
6296169
6296429
6296497
6296498
6296603
6296775
6297095
6297157
6297247
6297331
6297406
6297527
6297746
6297759
6297923
6298098
6298244
6298246
6298266
6298410
6298450
6298631
6298757
6298767
6298797
6298920
6299079
6299150
6299255
6299298
6299320
6299326
6299346
6299370
6299554
6299571
6299624
6299820
6299922
6299961
6300047
6300147
6300179
6300560
6300642
6300795
6300827
6301040
6301073
6301141
6301145
6301149
6301176
6301186
6301294
6301355
6301375
6301407
6301451
6301562
6301577
6301870
6301944
6301945
6301988
6302167
6302181
6302339
6302467
6302511
6302701
6302797
6302836
6302892
6302986
6303001
6303035
6303043
6303128
6303217
6303427
6303614
6303645
6303688
6303766
6303820
6303921
6304066
6304205
6304419
6304719
6304732
6304922
6305086
6305167
6305205
6305556
6305673
6305725
6305986
6306015
6306202
6306318
6306395
6306409
6306438
6306557
6306606
6306613
6306638
6306866
6307014
6307022
6307115
6307361
6307369
6307436
6307463
6307511
6307584
6307845
6307848
6307915
6307920
6308202
6308204
6308350
6308441
6308469
6308614
6308714
6308988
6309195
6309272
6309301
6309378
6309489
6309782
6309799
6309878
6310003
6310014
6310152
6310201
6310218
6310264
6310290
6310309
6310366
6310473
6310493
6310634
6310671
6310690
6310873
6310894
6310955
6310963
6311096
6311251
6311283
6311406
6311408
6311544
6311555
6311658
6311677
6311686
6311743
6311766
6311827
6311933
6311965
6312023
6312047
6312449
6312503
6312692
6312698
6312812
6312848
6312856
6312940
6313015
6313195
6313256
6313432
6313465
6313493
6313625
6313645
6313662
6313983
6314411
6314435
6314544
6314670
6314671
6314691
6314903
6314911
6314944
6315064
6315163
6315234
6315280
6315299
6315375
6315611
6315829
6315876
6316008
6316011
6316062
6316079
6316127
6316181
6316258
6316292
6316319
6316455
6316631
6316758
6316904
6317095
6317175
6317342
6317362
6317391
6317707
6317841
6317878
6318147
6318214
6318345
6318402
6318437
6318537
6318565
6318733
6318777
6318811
6319055
6319262
6319472
6319485
6319558
6319571
6319623
6319746
6319809
6319817
6319854
6319863
6320157
6320300
6320403
6320410
6320517
6320576
6320626
6320703
6320717
6320866
6320911
6321093
6321116
6321241
6321295
6321306
6321417
6321478
6321596
6321743
6322051
6322089
6322095
6322337
6322346
6322377
6322403
6322431
6322606
6322999
6323264
6323416
6323426
6323437
6323447
6323521
6323648
6323684
6324045
6324513
6324599
6324608
6325206
6325232
6325238
6325268
6325311
6325369
6325461
6325518
6325617
6325883
6325931
6325955
6326365
6326401
6326559
6326863
6326919
6327172
6327233
6327309
6327358
6327466
6327477
6327612
6327655
6327829
6327910
6327931
6328372
6328401
6328434
6328487
6328679
6328865
6329006
6329065
6329112
6329190
6329259
6329274
6329425
6329445
6329527
6329609
6329633
6329809
6329926
6329960
6329969
6330050
6330106
6330211
6330285
6330733
6331035
6331040
6331320
6331432
6331460
6331623
6331930
6332007
6332067
6332089
6332207
6332224
6332240
6332405
6332469
6332572
6332661
6332690
6332807
6333001
6333041
6333191
6333457
6333518
6333605
6333619
6333828
6333857
6334111
6334418
6334424
6334439
6334501
6334586
6334669
6334716
6334732
6334905
6334941
6334971
6335091
6335262
6335278
6335765
6335778
6335939
6336033
6336111
6336260
6336349
6336478
6336551
6336570
6336620
6336642
6336831
6336974
6337173
6337621
6337700
6337725
6337858
6338035
6338133
6338173
6338348
6338646
6338668
6338718
6338854
6338907
6338967
6339016
6339137
6339176
6339250
6339302
6339335
6339361
6339405
6339432
6339434
6339450
6339451
6339590
6339599
6339827
6340040
6340141
6340629
6340631
6340719
6340798
6340929
6341024
6341033
6341222
6341318
6341322
6341420
6341518
6341575
6341767
6341826
6341990
6342004
6342282
6342637
6342771
6342841
6343045
6343091
6343186
6343212
6343265
6343293
6343338
6343362
6343490
6343501
6343551
6343778
6343824
6344023
6344139
6344207
6344289
6344334
6344491
6344592
6344626
6344915
6344963
6345308
6345544
6345751
6345752
6345845
6345866
6345939
6345969
6346157
6346170
6346239
6346290
6346293
6346325
6346363
6346482
6346541
6346583
6346820
6346834
6346866
6346898
6347261
6347289
6347296
6347375
6347625
6347738
6347827
6347955
6348010
6348027
6348226
6348303
6348490
6348618
6348633
6348752
6348870
6348965
6349224
6349239
6349248
6349472
6349674
6349979
6350101
6350142
6350146
6350181
6350308
6350505
6350583
6350612
6350662
6350772
6350837
6350957
6351159
6351192
6351238
6351247
6351265
6351333
6351613
6351874
6351875
6351941
6352293
6352294
6352332
6352350
6352459
6352527
6352580
6352643
6352864
6352880
6353021
6353178
6353572
6353576
6353611
6353704
6353714
6353781
6353841
6353974
6353976
6354025
6354523
6354558
6354591
6354610
6354861
6354953
6355167
6355488
6355512
6355744
6355922
6356157
6356268
6356345
6356396
6356471
6356544
6356620
6356878
6356894
6357007
6357084
6357223
6357305
6357317
6357485
6357615
6357865
6357935
6358367
6358450
6358467
6358559
6358567
6358652
6358870
6359065
6359104
6359118
6359417
6359426
6359430
6359485
6359507
6359536
6359632
6359666
6359709
6359743
6359934
6359949
6359997
6360029
6360032
6360153
6360155
6360345
6360440
6360445
6360448
6360581
6360670
6361047
6361107
6361115
6361210
6361482
6361500
6361520
6361553
6361583
6361631
6361928
6362134
6362329
6362428
6362568
6362901
6363185
6363254
6363356
6363394
6363428
6363678
6363736
6363768
6364259
6364324
6364754
6364780
6364927
6365038
6365076
6365165
6365240
6365378
6365557
6365589
6365690
6365724
6365783
6365816
6365916
6365924
6366024
6366110
6366404
6366422
6366423
6366506
6366544
6366545
6366695
6367162
6367181
6367216
6367359
6367540
6367671
6367777
6367871
6367951
6368148
6368162
6368363
6368634
6368753
6368801
6368819
6368839
6368957
6369189
6369237
6369257
6369347
6369505
6369604
6369609
6369674
6369787
6369851
6369945
6370019
6370185
6370227
6370434
6370578
6370634
6370661
6370709
6370790
6370794
6370829
6370855
6370987
6371122
6371290
6371308
6371423
6371511
6371575
6371641
6371700
6371770
6371860
6371864
6372032
6372045
6372068
6372071
6372380
6372426
6372552
6372573
6372763
6372773
6372922
6373173
6373187
6373229
6373241
6373638
6373655
6373656
6373663
6373666
6373689
6373695
6373698
6373988
6373996
6374080
6374106
6374158
6374192
6374260
6374270
6374342
6374403
6374463
6374518
6374640
6374868
6374959
6375228
6375372
6375410
6375536
6375765
6375792
6375803
6375820
6375843
6375849
6375982
6376103
6376114
6376410
6376447
6376621
6376723
6376778
6376860
6377604
6377850
6377953
6378180
6378302
6378587
6378616
6378699
6378854
6378972
6378982
6379084
6379342
6379641
6379659
6379784
6380035
6380134
6380135
6380320
6380439
6380506
6380540
6380747
6380887
6380996
6381056
6381057
6381107
6381160
6381304
6381532
6381664
6381685
6381749
6381779
6381795
6382025
6382050
6382067
6382205
6382236
6382367
6382411
6382480
6382508
6382566
6382722
6382789
6382948
6382951
6383018
6383100
6383308
6383468
6383473
6383655
6383661
6384035
6384089
6384131
6384185
6384285
6384518
6384592
6384594
6384689
6384740
6385096
6385721
6385724
6385868
6385973
6386028
6386062
6386192
6386225
6386318
6386442
6386498
6386511
6386626
6386749
6386831
6386901
6386979
6387071
6387175
6387205
6387325
6387697
6388013
6388140
6388275
6388286
6388318
6388336
6388344
6388358
6388379
6388384
6388516
6388540
6388712
6388818
6388991
6389062
6389132
6389295
6389384
6389416
6389447
6389503
6389561
6389595
6389609
6389626
6389647
6389943
6390129
6390161
6390282
6390316
6390328
6390564
6390619
6390846
6390862
6390977
6391085
6391472
6391533
6391572
6391576
6391680
6392387
6392495
6392576
6392743
6392784
6392802
6392808
6392859
6392999
6393080
6393097
6393127
6393699
6393901
6393935
6393963
6393994
6394051
6394715
6394762
6395001
6395168
6395177
6395344
6395362
6395615
6395627
6395695
6395728
6395970
6396141
6396242
6396275
6396280
6396344
6396915
6396931
6396970
6397065
6397327
6397424
6397477
6397497
6397641
6397920
6398284
6398307
6398353
6398492
6398798
6398820
6398879
6399195
6399257
6399299
6399418
6399470
6399698
6399712
6399779
6399780
6399847
6399851
6399900
6399910
6399934
6400034
6400043
6400059
6400302
6400325
6400363
6400449
6400493
6400664
6400778
6400917
6400990
6401417
6401571
6401811
6401943
6402182
6402336
6402361
6402415
6402440
6402497
6402569
6402620
6402656
6402785
6402886
6402891
6403419
6403631
6403730
6403766
6403906
6404022
6404077
6404184
6404458
6404476
6404539
6404587
6404789
6404819
6404855
6405023
6405063
6405096
6405399
6405517
6405549
6405671
6405678
6405800
6405968
6406079
6406317
6406370
6406409
6406411
6406417
6406521
6406731
6406836
6406929
6406961
6407015
6407290
6407691
6408071
6408154
6408220
6408321
6408388
6408392
6408405
6408417
6408496
6408505
6408700
6408755
6408866
6409161
6409253
6409332
6409428
6409623
6409625
6409682
6409712
6409747
6409992
6410067
6410158
6410407
6410487
6410559
6410580
6410733
6410792
6410812
6410991
6411009
6411032
6411060
6411155
6411286
6411306
6411379
6411425
6411572
6411667
6412089
6412188
6412305
6412350
6412381
6412464
6412473
6412492
6412528
6412558
6412602
6412618
6412831
6412860
6413019
6413181
6413202
6413331
6413375
6413427
6413465
6413619
6413725
6413761
6413846
6413924
6414105
6414126
6414127
6414188
6414204
6414368
6414593
6414778
6414840
6414873
6414954
6415151
6415288
6415499
6415584
6415595
6415643
6415848
6415985
6416225
6416412
6416424
6416450
6416468
6416596
6416608
6416702
6416769
6416803
6416920
6417155
6417624
6417712
6417805
6417810
6417816
6418215
6418540
6418607
6418789
6418812
6418963
6419065
6419433
6419528
6419547
6419591
6419682
6419894
6420164
6420187
6420287
6420446
6420489
6420524
6420566
6420589
6420645
6420731
6420799
6420807
6420834
6421010
6421063
6421126
6421345
6421514
6421524
6421576
6421745
6421787
6421843
6421921
6422295
6422558
6422589
6422613
6422884
6423293
6423546
6423565
6423592
6423679
6423726
6423939
6423988
6424089
6424184
6424187
6424208
6424245
6424403
6424463
6424507
6424598
6424654
6424676
6424688
6424813
6424912
6425030
6425225
6425230
6425277
6425478
6425535
6425540
6425912
6425993
6426077
6426421
6426422
6426588
6426740
6426826
6426895
6427185
6427187
6427196
6427236
6427365
6427425
6427497
6427825
6427831
6427891
6427900
6428059
6428228
6428329
6428523
6428548
6428671
6428678
6428708
6428721
6428738
6428762
6428789
6428842
6428902
6428987
6428999
6429009
6429108
6429183
6429382
6429420
6429529
6429585
6429731
6429759
6429761
6429830
6430172
6430443
6430509
6430603
6430645
6430653
6430951
6431028
6431079
6431266
6431309
6431335
6431345
6431355
6431545
6431697
6432188
6432204
6432374
6432560
6432657
6432815
6433028
6433314
6433429
6433463
6433642
6433696
6433713
6433725
6434012
6434016
6434039
6434133
6434297
6434325
6434681
6434853
6435075
6435165
6435232
6435499
6435547
6435847
6436108
6436462
6436476
6436561
6436587
6436790
6436973
6437016
6437472
6437656
6437931
6437986
6438011
6438044
6438172
6438363
6438418
6438492
6438703
6438898
6439041
6439089
6439105
6439113
6439419
6439426
6439582
6439679
6439758
6439924
6439930
6440076
6440126
6440164
6440309
6440364
6440740
6440744
6441031
6441087
6441169
6441288
6441443
6441466
6441670
6441765
6441887
6441899
6441977
6441992
6442085
6442172
6442178
6442250
6442275
6442451
6442598
6442601
6442725
6442854
6443301
6443363
6443436
6443447
6443462
6443564
6444091
6444104
6444320
6444482
6444488
6444645
6444699
6445081
6445160
6445164
6445223
6445268
6445376
6445389
6445488
6445782
6445826
6445975
6445997
6446031
6446213
6446388
6446389
6446470
6446493
6446506
6446725
6447083
6447116
6447199
6447247
6447387
6447647
6447846
6448229
6448232
6448257
6448496
6448593
6448871
6448883
6449147
6449240
6449437
6449520
6449562
6449609
6449712
6449732
6449749
6449767
6449787
6449924
6450047
6450155
6450194
6450195
6450261
6450281
6450419
6450429
6450431
6450506
6450529
6450545
6450554
6450628
6450664
6451072
6451279
6451354
6451393
6451408
6451430
6451663
6451666
6451668
6451680
6451749
6451958
6452110
6452146
6452211
6452232
6452502
6452660
6452673
6452705
6452872
6452983
6452990
6453016
6453034
6453087
6453159
6453204
6453457
6453459
6453479
6453501
6453502
6453557
6453567
6453596
6453778
6453935
6453994
6454125
6454586
6454743
6454799
6455127
6455227
6455236
6455250
6455313
6455361
6455497
6455513
6455550
6455561
6455589
6455591
6455677
6455740
6455855
6455882
6456014
6456025
6456122
6456166
6456167
6456169
6456315
6456357
6456793
6456918
6457041
6457050
6457497
6457535
6457622
6457689
6457809
6457862
6457934
6457945
6457947
6458232
6458246
6458435
6458460
6458610
6459036
6459354
6459547
6459596
6459780
6459826
6459886
6459895
6459993
6460238
6460397
6460425
6460525
6460561
6460639
6460808
6460866
6461032
6461067
6461142
6461213
6461441
6461547
6461666
6461762
6461776
6462001
6462006
6462092
6462313
6462327
6462496
6462517
6462564
6462573
6462582
6462639
6462651
6462745
6462917
6463088
6463099
6463150
6463151
6463288
6463749
6463785
6463798
6464096
6464119
6464386
6464501
6464601
6465037
6465121
6465233
6465397
6465468
6465671
6465752
6465769
6465871
6465982
6465997
6466035
6466036
6466063
6466078
6466356
6466374
6466650
6466660
6466680
6466711
6466810
6466887
6467076
6467227
6467447
6467449
6467514
6467644
6467800
6467859
6468110
6468649
6468709
6468770
6468803
6468834
6469057
6469191
6469227
6469235
6469277
6469308
6469438
6469553
6469596
6469792
6469861
6469957
6470171
6470194
6470230
6470283
6470374
6470395
6470458
6470459
6470567
6470635
6470804
6470863
6470977
6471093
6471098
6471141
6471302
6471328
6471532
6471643
6471708
6471865
6471936
6472010
6472184
6472228
6472229
6472422
6472689
6473289
6473295
6473585
6473597
6473625
6473714
6474053
6474094
6474166
6474169
6474174
6474245
6474247
6474359
6474423
6474588
6474737
6475105
6475128
6475204
6475304
6475350
6475463
6475686
6475984
6476099
6476114
6476184
6476334
6476428
6476487
6476510
6476537
6476594
6476637
6476839
6476944
6477000
6477032
6477196
6477209
6477339
6477367
6477523
6477544
6477581
6477606
6477857
6478024
6478369
6478484
6478560
6478596
6478696
6478777
6478936
6478957
6479125
6479161
6479167
6479287
6479303
6479364
6479442
6479547
6479955
6480102
6480330
6480534
6480619
6480802
6480900
6480902
6481058
6481238
6481328
6481378
6481615
6482092
6482234
6482294
6482334
6482465
6482486
6482513
6482612
6482755
6482801
6482935
6482998
6483276
6483438
6483657
6483730
6484093
6484209
6484250
6484346
6484451
6484501
6484616
6484746
6484790
6484870
6485037
6485112
6485403
6485426
6485533
6485702
6485734
6485817
6485851
6485874
6486119
6486138
6486260
6486300
6486380
6486570
6486667
6486735
6486936
6486982
6487034
6487073
6487192
6487300
6487304
6487543
6487651
6487835
6487893
6488176
6488334
6488495
6488498
6488576
6488820
6488902
6488995
6489084
6489153
6489160
6489502
6490089
6490165
6490366
6490411
6490418
6490482
6491107
6491248
6491495
6491548
6491577
6491718
6491865
6492020
6492098
6492101
6492187
6492364
6492370
6492393
6492556
6492970
6492989
6493029
6493427
6493509
6493635
6493675
6493750
6493777
6493868
6494050
6494063
6494130
6494138
6494169
6494211
6494300
6494301
6494460
6494512
6494571
6494628
6494710
6494718
6495082
6495089
6495137
6495149
6495163
6495300
6495400
6495412
6495549
6495700
6495707
6495961
6495983
6496117
6496320
6496329
6496362
6496548
6496646
6496820
6496854
6497180
6497222
6497276
6497311
6497389
6497412
6497665
6498012
6498062
6498083
6498162
6498220
6498226
6498239
6498378
6498572
6498662
6498716
6499001
6499267
6499434
6499633
6499698
6499756
6499822
6499829
6499859
6499874
6499973
6499992
6500072
6500132
6500178
6500254
6500471
6500487
6500686
6500728
6500830
6500959
6501010
6501019
6501172
6501566
6501572
6501575
6501631
6501742
6501778
6501794
6501797
6502247
6502429
6502454
6502482
6502504
6502536
6502737
6502755
6502783
6502795
6503110
6503177
6503214
6503221
6503304
6503657
6503914
6503918
6503960
6504012
6504288
6504332
6504364
6504587
6504797
6504838
6504846
6504858
6505018
6505112
6505188
6505224
6505336
6505586
6505725
6506031
6506095
6506266
6506322
6506372
6506404
6506619
6506657
6506883
6507129
6507210
6507223
6507592
6507723
6507756
6507992
6508040
6508081
6508208
6508284
6508418
6508455
6508487
6508536
6509024
6509252
6509280
6509426
6509524
6509553
6509585
6509664
6509773
6509903
6509924
6510218
6510312
6510375
6510424
6510577
6510670
6510823
6511024
6511069
6511154
6511215
6511782
6511815
6511855
6511898
6511951
6511979
6512024
6512104
6512115
6512439
6512613
6512784
6512897
6512967
6513017
6513046
6513264
6513433
6513602
6513609
6513647
6513752
6514006
6514297
6514452
6514507
6514564
6514585
6514639
6514676
6514687
6514722
6514762
6514798
6514845
6514954
6515050
6515393
6515499
6515596
6515607
6515709
6515804
6515967
6515975
6516144
6516228
6516301
6516490
6516571
6516610
6516648
6516704
6516767
6516949
6517120
6517223
6517751
6517862
6518001
6518287
6518383
6518394
6518456
6518460
6518840
6518971
6518982
6519056
6519106
6519186
6519331
6519365
6519556
6519673
6519826
6520025
6520034
6520333
6520349
6520599
6520846
6520929
6521069
6521295
6521583
6521595
6521747
6521764
6521916
6522294
6522363
6522572
6522577
6522757
6522906
6522947
6523054
6523370
6523602
6523641
6523767
6523798
6523808
6524128
6524130
6524163
6524220
6524295
6524343
6524385
6524553
6524715
6524838
6524841
6524873
6524928
6525169
6525482
6525556
6525563
6525613
6525769
6525798
6525944
6525986
6525991
6526023
6526049
6526105
6526193
6526219
6526236
6526411
6526418
6526448
6526514
6526580
6526951
6527060
6527082
6527088
6527090
6527157
6527176
6527304
6527454
6527478
6527627
6527678
6527750
6527785
6527843
6527877
6528175
6528289
6528347
6528384
6528445
6528468
6528619
6528772
6528806
6528866
6528877
6529186
6529421
6529485
6529517
6529562
6529573
6529592
6529738
6529925
6529933
6529957
6530059
6530168
6530278
6530296
6530345
6530382
6530479
6530756
6530833
6530967
6530969
6531055
6531148
6531189
6531416
6531737
6531930
6531993
6532032
6532068
6532216
6532413
6532486
6532530
6532588
6532605
6532650
6532695
6532723
6532953
6533009
6533135
6533170
6533191
6533262
6533492
6533557
6533610
6533617
6533652
6533725
6533740
6533771
6533775
6533777
6533791
6533805
6533852
6533869
6533967
6534063
6534079
6534278
6534438
6534594
6534779
6534804
6534882
6534893
6535032
6535097
6535308
6535570
6535704
6535733
6535800
6535879
6535983
6536061
6536210
6536410
6536461
6536640
6536794
6536800
6536926
6536982
6537010
6537061
6537268
6537270
6537419
6537436
6537587
6537832
6537905
6538091
6538156
6538189
6538204
6538266
6538300
6538317
6538537
6538580
6538731
6538755
6538893
6539385
6539511
6539529
6539608
6539638
6539655
6539779
6539828
6539963
6540014
6540224
6540266
6540322
6540424
6540432
6540536
6540749
6540911
6540930
6541073
6541094
6541277
6541311
6541369
6541473
6541487
6541672
6541760
6541814
6541831
6541905
6542078
6542116
6542136
6542208
6542337
6542370
6542589
6542601
6542696
6542708
6542875
6542951
6543518
6543625
6543693
6543801
6543833
6543986
6544183
6544215
6544226
6544295
6544298
6544333
6544497
6544522
6544523
6544637
6544861
6545194
6545218
6545485
6545544
6545678
6545688
6546026
6546159
6546164
6546183
6546416
6546528
6546552
6546631
6546651
6546677
6546752
6547055
6547163
6547282
6547289
6547401
6547444
6547477
6547612
6547632
6547772
6547786
6547846
6548060
6548447
6548475
6548622
6548711
6548799
6548997
6549077
6549112
6549290
6549331
6549428
6549641
6549661
6549702
6549708
6549985
6550022
6550231
6550373
6550430
6550926
6550928
6551069
6551176
6551196
6551250
6551282
6551390
6551470
6551610
6552325
6552353
6552393
6552398
6552577
6552598
6552795
6552897
6552902
6552990
6553042
6553069
6553363
6553522
6553577
6553625
6553665
6553833
6554006
6554051
6554131
6554273
6554460
6554548
6554758
6554924
6554937
6555011
6555050
6555124
6555296
6555635
6555666
6555765
6555890
6556155
6556269
6556319
6556403
6556520
6556548
6556558
6556596
6556652
6556762
6556806
6556835
6557202
6557537
6557579
6557829
6557847
6558008
6558018
6558024
6558052
6558083
6558099
6558358
6558468
6558694
6559034
6559124
6559215
6559400
6559497
6559539
6559682
6559706
6560069
6560077
6560094
6560180
6560220
6560304
6560350
6560390
6560463
6560625
6560813
6560895
6560904
6560978
6561505
6561720
6561743
6561866
6561937
6561995
6562015
6562079
6562083
6562100
6562214
6562368
6562557
6562617
6562639
6562941
6563188
6563562
6563676
6563772
6563779
6563882
6563906
6564059
6564111
6564366
6564446
6564457
6564512
6564627
6564677
6564730
6564732
6564739
6564999
6565001
6565099
6565181
6565395
6565436
6565604
6565631
6565673
6565756
6565798
6565850
6565876
6565891
6565900
6566450
6566468
6566914
6566996
6567215
6567227
6567348
6567510
6567517
6567555
6567590
6567626
6567786
6567999
6568079
6568084
6568085
6568130
6568237
6568242
6568243
6568374
6568592
6568634
6568645
6568810
6568890
6568936
6569094
6569341
6569378
6569493
6569532
6569755
6569800
6569929
6569943
6570201
6570220
6570255
6570393
6570394
6570471
6570477
6570596
6570719
6570892
6570993
6571147
6571435
6571511
6571609
6572223
6572308
6572363
6572412
6572590
6572633
6572883
6572941
6572976
6573085
6573377
6573451
6573505
6573584
6573618
6573654
6573993
6574034
6574221
6574316
6574359
6574426
6574599
6574704
6574813
6574843
6574858
6574899
6574956
6574964
6575039
6575053
6575082
6575361
6575481
6575482
6575622
6575944
6575969
6576020
6576245
6576253
6576462
6576497
6576579
6576675
6576774
6577006
6577016
6577028
6577051
6577093
6577134
6577177
6577286
6577407
6577411
6577439
6577470
6577561
6577685
6578043
6578047
6578105
6578120
6578162
6578204
6578208
6578275
6578321
6578374
6578464
6578614
6578636
6578801
6578824
6579019
6579099
6579336
6579404
6579407
6579598
6579609
6579759
6579845
6580045
6580059
6580157
6580166
6580182
6580257
6580261
6580310
6580467
6580693
6580748
6581027
6581033
6581083
6581108
6581149
6581313
6581529
6581667
6581903
6581946
6581951
6581972
6581985
6582140
6582182
6582243
6582273
6582395
6582485
6582585
6582604
6582639
6582691
6582762
6582813
6582825
6582894
6583061
6583117
6583260
6583405
6583437
6583584
6583817
6583827
6583984
6584183
6584510
6584531
6584556
6584898
6584906
6584953
6584974
6585077
6585162
6585171
6585183
6585191
6585252
6585272
6585276
6585311
6585361
6585372
6585547
6585628
6585723
6585727
6585797
6585967
6586123
6586221
6586348
6586354
6586395
6586599
6586616
6586839
6587540
6587589
6587643
6587672
6587780
6587857
6587913
6587997
6588068
6588114
6588298
6588387
6588483
6588919
6589090
6589151
6589214
6589221
6589385
6589389
6589702
6589708
6589711
6589765
6589773
6589815
6589944
6589999
6590049
6590444
6590501
6590648
6590811
6590998
6591132
6591473
6591474
6591484
6591525
6591541
6591568
6591589
6591679
6591796
6591862
6592052
6592216
6592257
6592381
6592426
6592460
6592550
6592580
6592655
6592682
6592785
6592806
6592809
6592823
6592955
6593010
6593062
6593154
6593196
6593202
6593228
6593527
6593655
6593878
6593918
6594174
6594263
6594382
6594469
6594557
6594594
6594643
6594687
6594733
6594767
6594894
6595149
6595199
6595215
6595448
6595458
6595551
6595618
6595657
6595812
6595965
6596008
6596181
6596274
6596399
6596553
6596562
6596624
6596662
6596745
6597252
6597269
6597320
6597375
6597390
6597409
6597433
6597483
6597500
6597577
6597754
6597948
6597955
6598027
6598261
6598333
6598334
6598356
6598438
6598523
6598563
6598584
6598603
6598628
6598681
6598698
6598717
6598778
6598933
6598947
6599109
6599186
6599267
6599381
6599544
6599634
6599787
6599807
6599854
6599904
6600079
6600475
6600644
6600653
6600673
6600758
6600941
6601058
6601611
6601703
6601714
6601739
6601768
6601896
6601942
6602112
6602185
6602236
6602458
6602474
6602558
6602941
6602971
6603016
6603193
6603198
6603345
6603463
6603545
6603627
6603673
6603681
6603740
6603879
6603910
6604013
6604343
6604387
6604449
6604603
6604796
6605097
6605246
6605270
6605340
6605363
6605433
6605505
6605556
6605654
6605702
6605757
6605763
6605812
6605923
6606051
6606143
6606307
6606444
6606470
6606499
6606510
6606738
6606764
6606787
6606821
6606839
6606845
6606890
6607275
6607323
6607391
6607481
6607651
6607827
6607858
6608064
6608093
6608108
6608401
6608583
6608686
6608717
6608909
6608912
6609183
6609189
6609288
6609343
6609392
6609420
6609436
6609895
6609943
6609949
6609984
6610095
6610164
6610296
6610432
6610502
6610575
6610673
6610758
6610770
6610951
6611078
6611205
6611257
6611444
6611572
6611916
6612012
6612080
6612226
6612241
6612339
6612408
6612415
6612417
6612419
6612542
6612579
6612604
6612831
6612945
6613130
6613152
6613277
6613504
6613573
6613575
6613772
6613956
6614023
6614118
6614147
6614222
6614305
6614541
6614701
6614710
6614813
6614830
6614900
6614907
6614909
6614943
6614960
6615170
6615259
6615358
6615942
6615957
6615993
6616138
6616150
6616280
6616310
6616360
6616666
6616716
6616795
6617022
6617166
6617296
6617350
6617357
6617372
6617423
6617692
6617750
6617777
6617785
6617890
6617894
6618018
6618126
6618155
6618191
6618231
6618257
6618278
6618308
6618411
6618517
6618559
6618615
6618630
6618709
6618786
6618887
6619112
6619195
6619595
6619632
6619657
6619721
6619854
6619969
6620132
6620268
6620361
6620398
6620459
6620518
6620521
6620556
6620581
6620602
6620794
6620875
6620931
6620955
6621026
6621124
6621214
6621415
6621453
6621663
6621692
6622070
6622150
6622204
6622250
6622548
6622662
6622687
6622971
6623096
6623112
6623200
6623225
6623357
6623532
6624133
6624152
6624198
6624211
6624399
6624410
6624469
6624536
6624584
6624687
6624706
6624714
6624776
6624823
6624830
6624901
6625047
6625055
6625448
6625454
6625514
6625773
6625825
6625930
6625981
6626404
6626563
6626586
6626855
6627007
6627171
6627452
6627464
6627556
6628077
6628138
6628179
6628263
6628361
6628478
6628532
6628543
6628622
6628635
6628754
6628861
6629373
6629491
6629588
6629705
6629841
6629921
6629984
6630206
6630307
6630442
6630590
6630619
6630768
6630817
6630961
6631080
6631104
6631117
6631307
6631409
6631644
6631709
6632023
6632351
6632378
6632388
6632509
6632618
6632758
6632973
6633112
6633191
6633198
6633392
6633423
6633687
6633691
6633765
6633836
6633840
6633907
6633915
6634016
6634209
6634429
6634454
6634483
6634825
6634924
6634951
6634981
6635016
6635357
6635500
6635677
6635722
6635954
6636158
6636240
6636246
6636262
6636309
6636446
6636693
6636798
6636803
6637080
6637100
6637106
6637123
6637127
6637225
6637273
6637307
6637349
6637447
6637749
6637849
6637974
6638067
6638215
6638224
6638376
6638384
6638424
6638447
6638532
6638936
6638979
6638988
6639068
6639094
6639104
6639337
6639423
6639433
6639438
6639444
6639466
6639489
6639736
6639833
6639876
6640180
6640186
6640218
6640443
6640677
6640682
6640800
6641212
6641220
6641270
6641280
6641467
6641484
6641501
6641745
6641774
6641915
6641966
6641967
6642156
6642184
6642303
6642315
6642553
6642599
6642620
6642742
6642770
6642959
6643116
6643208
6643322
6643412
6643439
6643535
6643543
6643869
6644073
6644280
6644357
6644423
6644676
6644790
6644808
6644818
6644878
6644949
6644962
6645128
6645236
6645417
6645470
6645497
6645637
6645667
6645688
6645818
6645853
6645897
6645907
6646059
6646173
6646222
6646229
6646358
6646376
6646473
6646479
6646507
6646538
6646620
6646735
6646768
6646802
6646817
6646972
6647047
6647055
6647117
6647265
6647627
6647644
6647668
6647711
6647823
6648073
6648175
6648195
6648745
6648799
6648810
6648872
6648890
6648897
6649043
6649045
6649088
6649313
6649477
6649787
6649804
6649838
6649887
6649979
6650083
6650116
6650182
6650477
6650649
6650744
6651076
6651130
6651170
6651276
6651404
6651761
6651856
6652059
6652090
6652092
6652169
6652190
6652195
6652423
6653233
6653277
6653359
6653491
6653506
6653669
6653739
6653923
6653927
6653978
6654104
6654291
6654522
6654619
6654645
6654693
6654706
6654796
6654853
6654882
6655027
6655265
6655513
6655677
6655728
6655886
6655897
6655912
6655955
6655984
6656041
6656123
6656166
6656214
6656221
6656265
6656307
6656370
6656526
6656631
6656826
6656833
6656914
6656959
6656981
6657158
6657187
6657226
6657344
6657510
6657522
6657553
6657615
6657627
6657800
6658057
6658069
6658095
6658098
6658162
6658439
6658541
6658974
6659049
6659137
6659242
6659832
6659998
6660017
6660186
6660282
6660460
6660899
6660989
6661376
6661432
6661720
6661744
6661774
6661994
6662055
6662068
6662134
6662162
6662212
6662236
6662253
6662457
6662697
6662900
6663004
6663069
6663320
6663936
6664505
6664610
6664703
6664806
6664875
6664944
6664948
6665064
6665077
6665146
6665196
6665396
6665445
6665643
6665727
6665756
6666012
6666023
6666065
6666133
6666663
6666957
6667082
6667098
6667122
6667415
6667468
6667725
6667745
6667750
6667862
6668192
6668255
6668284
6668327
6668337
6668352
6668368
6668467
6668549
6668614
6668653
6668739
6668766
6668769
6668886
6668904
6668915
6668933
6668959
6669054
6669140
6669151
6669155
6669367
6669410
6669706
6669868
6669958
6670242
6670294
6670480
6670657
6670680
6670805
6670879
6670897
6671024
6671028
6671070
6671158
6671245
6671491
6671610
6671714
6671782
6671815
6671824
6671887
6671937
6672046
6672111
6672162
6672213
6672237
6672342
6672794
6673039
6673093
6673099
6673206
6673296
6673374
6673548
6673778
6673908
6674179
6674222
6674642
6674764
6674921
6675038
6675087
6675237
6675251
6675406
6675521
6675610
6675874
6675887
6675969
6675979
6676143
6676205
6676346
6676392
6676397
6676460
6676468
6676538
6676588
6676601
6676602
6676730
6676925
6676929
6677108
6677224
6677444
6677591
6677798
6677801
6677843
6677844
6677895
6677911
6678035
6678401
6678408
6678436
6678530
6678669
6678807
6678946
6678977
6679069
6679199
6679214
6679276
6679354
6679678
6679694
6679702
6679789
6680277
6680439
6680742
6681168
6681401
6681591
6681775
6681910
6681969
6682321
6682366
6682397
6682504
6682541
6682587
6682611
6682671
6682688
6682918
6682930
6683198
6683237
6683351
6683475
6683521
6683558
6683710
6683973
6684015
6684021
6684065
6684210
6684259
6684281
6684336
6684621
6684754
6684788
6684859
6684987
6685079
6685275
6685407
6685417
6685592
6685693
6685762
6685891
6685899
6685922
6686046
6686174
6686418
6686441
6686522
6686554
6686580
6686743
6686777
6686813
6687085
6687159
6687179
6687182
6687242
6687252
6687288
6687376
6687507
6687509
6687790
6687868
6688037
6688092
6688262
6688331
6688437
6688502
6688510
6688782
6688810
6689101
6689135
6689206
6689325
6689425
6689622
6689666
6689853
6689883
6689910
6690191
6690227
6690371
6690560
6690651
6690851
6690973
6691080
6691126
6691127
6691645
6691681
6692059
6692085
6692397
6692498
6692793
6692905
6693018
6693130
6693147
6693151
6693263
6693264
6693412
6693704
6693779
6693961
6693976
6694012
6694102
6694177
6694345
6694401
6694714
6694939
6694967
6695056
6695140
6695329
6695430
6695515
6695672
6695696
6695747
6695789
6696031
6696170
6696283
6696317
6696365
6696379
6696415
6696459
6696540
6696580
6696587
6696901
6697124
6697217
6697290
6697351
6697418
6697496
6697512
6697542
6697658
6697747
6697782
6697809
6697999
6698007
6698050
6698054
6698100
6698105
6698188
6698221
6698266
6698339
6698446
6698462
6698502
6698646
6698719
6698745
6698986
6699135
6699375
6699387
6699458
6699467
6699836
6700402
6700668
6700864
6700951
6700971
6701118
6701299
6701314
6701356
6701467
6701479
6701492
6701602
6701644
6701700
6701710
6701829
6701869
6701879
6701955
6702098
6702186
6702219
6702331
6702446
6702502
6702515
6702621
6702679
6702802
6703026
6703073
6703083
6703249
6703278
6703300
6703320
6703497
6703557
6703643
6703657
6703692
6704118
6704253
6704256
6704276
6704315
6704503
6704538
6705060
6705082
6705138
6705187
6705476
6705506
6705641
6705783
6705796
6705867
6706091
6706161
6706253
6706292
6706366
6706503
6706510
6706659
6707101
6707152
6707205
6707418
6707492
6707513
6707889
6707924
6707954
6708002
6708005
6708088
6708123
6708558
6708564
6708700
6708994
6709092
6709124
6709211
6709249
6709292
6709473
6709732
6709999
6710008
6710021
6710129
6710146
6710208
6710330
6710435
6710471
6710611
6710685
6710776
6710833
6710844
6710899
6710966
6711006
6711071
6711196
6711400
6711494
6711541
6711550
6711730
6711825
6712326
6712399
6712423
6712494
6712651
6712722
6712861
6712877
6712955
6713172
6713188
6713313
6713371
6713460
6713551
6713578
6713669
6713735
6713774
6714418
6714532
6714575
6714604
6714811
6714818
6714877
6714914
6715000
6715065
6715268
6715376
6715381
6715641
6715732
6715789
6715982
6715983
6716002
6716034
6716172
6716317
6716396
6716466
6716505
6716563
6716578
6716618
6716682
6716699
6716749
6716757
6716845
6716861
6716882
6717011
6717276
6717689
6717739
6718107
6718140
6718183
6718202
6718439
6718532
6718741
6718786
6718863
6718999
6719083
6719084
6719100
6719235
6719300
6719536
6719560
6719646
6719807
6719865
6720001
6720166
6720320
6720336
6720494
6720593
6720627
6720668
6720787
6720859
6720917
6721075
6721149
6721381
6721384
6721490
6721537
6721594
6721808
6721857
6721932
6721962
6721982
6722017
6722197
6722287
6722394
6722429
6722593
6722616
6722807
6723015
6723036
6723062
6723241
6723464
6723517
6723615
6723637
6723741
6723771
6723920
6724117
6724222
6724306
6724453
6724496
6724631
6724647
6724674
6724741
6724867
6724876
6725044
6725099
6725146
6725423
6725444
6725453
6725463
6725491
6725577
6725791
6725905
6725918
6725920
6725989
6726013
6726178
6726401
6726456
6726550
6726581
6726652
6726937
6727156
6727187
6727210
6727296
6727574
6727752
6727991
6728020
6728126
6728227
6728504
6728815
6729088
6729183
6729443
6729496
6729725
6729919
6730006
6730068
6730153
6730231
6730370
6730512
6730637
6730732
6730793
6730810
6731148
6731203
6731327
6731340
6731350
6731443
6731497
6731569
6731964
6732234
6732692
6732794
6733106
6733173
6733273
6733393
6733443
6733449
6733681
6733733
6733774
6733865
6733877
6733915
6733959
6734066
6734236
6734310
6734359
6734384
6734508
6734694
6734700
6734753
6734807
6734845
6735041
6735055
6735154
6735162
6735384
6735423
6735451
6735502
6735535
6735614
6735802
6735849
6736029
6736199
6736443
6736602
6736772
6736872
6736878
6736998
6737110
6737218
6737270
6737336
6737393
6737534
6737636
6737682
6737689
6737699
6737839
6738102
6738241
6738297
6738340
6738356
6738399
6738835
6738880
6738997
6739086
6739131
6739308
6739314
6739346
6739727
6739806
6739815
6740066
6740155
6740259
6740453
6740502
6740581
6740651
6740672
6740737
6740784
6741205
6741280
6741288
6741325
6741393
6741507
6741510
6741583
6741747
6741787
6742006
6742051
6742273
6742343
6742485
6742502
6742536
6742667
6742925
6743264
6743395
6743456
6743472
6743578
6743746
6743826
6743990
6744070
6744072
6744224
6744247
6744531
6744630
6744633
6744885
6744906
6744944
6744980
6745156
6745157
6745589
6745801
6745995
6746070
6746217
6746298
6746435
6746507
6746680
6746880
6746921
6747028
6747068
6747306
6747326
6747338
6747403
6747426
6747728
6747940
6748020
6748169
6748184
6748189
6748235
6748247
6748337
6748390
6748489
6748612
6748616
6748670
6748686
6748693
6748730
6748821
6749063
6749093
6749155
6749276
6749402
6749418
6749432
6749589
6749669
6750025
6750043
6750076
6750123
6750190
6750414
6750421
6750906
6751071
6751092
6751194
6751275
6751504
6751572
6751642
6751658
6752016
6752050
6752123
6752281
6752375
6752472
6752622
6752675
6753187
6753208
6753227
6753304
6753328
6753395
6753421
6753518
6753586
6753713
6753881
6753887
6753943
6754343
6754358
6754874
6754901
6754984
6755136
6755161
6755333
6755572
6755604
6755636
6755762
6756310
6756418
6756567
6756576
6756640
6756684
6756743
6757176
6757505
6757589
6757759
6757827
6758000
6758064
6758181
6758235
6758345
6758410
6758436
6758528
6758596
6758601
6758631
6758848
6758867
6759228
6759304
6759367
6759407
6759529
6759620
6759793
6759920
6760012
6760014
6760134
6760212
6760224
6760480
6760565
6760693
6760696
6760811
6761256
6761373
6761413
6761672
6761692
6761753
6762129
6762243
6762248
6762409
6762439
6762492
6762574
6762638
6762659
6762695
6762807
6763143
6763248
6763361
6763414
6763724
6763732
6763788
6763834
6763982
6764020
6764054
6764056
6764082
6764317
6764467
6764617
6764618
6764754
6764893
6764958
6765007
6765039
6765051
6765281
6765350
6765395
6765458
6765479
6765480
6765704
6765886
6765908
6766058
6766073
6766147
6766255
6766257
6766447
6766475
6766570
6766590
6766631
6766734
6766816
6766888
6766910
6766971
6767003
6767218
6767240
6767374
6767534
6767584
6767651
6767701
6767858
6767860
6768006
6768018
6768102
6768401
6768407
6768409
6768451
6768572
6768613
6768869
6768985
6769132
6769145
6769363
6769567
6769668
6769729
6769821
6769931
6769955
6770049
6770116
6770246
6770269
6770338
6770384
6770448
6770515
6770613
6770672
6770860
6771104
6771340
6771352
6771459
6771460
6771857
6771941
6772134
6772247
6772302
6772319
6772587
6772636
6772668
6772714
6772805
6773029
6773095
6773469
6773478
6773525
6773651
6773786
6773918
6774106
6774135
6774176
6774202
6774426
6774447
6774535
6774547
6774583
6774610
6774613
6774635
6774641
6774664
6774773
6774790
6774980
6775093
6775094
6775273
6775324
6775381
6775399
6775461
6775606
6775683
6775726
6775850
6776024
6776036
6776174
6776263
6776545
6776625
6776642
6776674
6776720
6776850
6776937
6777053
6777144
6777184
6777238
6777418
6777755
6777860
6777944
6777960
6778156
6778474
6778541
6778555
6778565
6778607
6778624
6778755
6778787
6779006
6779017
6779224
6779266
6779301
6779435
6779511
6779558
6779624
6780050
6780144
6780237
6780289
6780294
6780313
6780416
6781022
6781057
6781074
6781171
6781262
6781265
6781282
6781412
6781577
6781629
6781781
6781841
6781869
6781932
6781949
6782069
6782197
6782201
6782237
6782369
6782407
6782695
6782840
6782946
6783040
6783143
6783195
6783203
6783275
6783413
6783507
6783528
6783590
6783651
6783851
6783908
6783914
6783959
6783962
6784050
6784256
6784338
6784341
6784425
6784456
6784467
6784493
6784494
6784592
6784639
6784851
6784929
6785069
6785387
6785452
6785621
6785834
6785848
6786325
6786337
6786385
6786563
6786715
6786964
6787101
6787102
6787143
6787303
6787339
6787422
6787583
6787708
6787986
6788025
6788057
6788127
6788270
6788498
6788654
6788935
6788964
6789070
6789340
6789407
6789429
6789683
6789693
6789703
6789744
6789750
6789825
6790069
6790237
6790342
6790381
6790462
6790518
6790613
6790776
6791080
6791086
6791093
6791232
6791317
6791435
6791515
6791543
6791630
6791661
6791734
6791750
6791840
6792047
6792076
6792171
6792203
6792214
6792284
6792342
6792358
6792454
6792585
6792662
6792908
6793360
6793375
6793568
6793717
6793958
6793972
6794086
6794301
6794313
6794460
6794554
6794586
6794593
6794707
6794760
6794770
6794788
6794829
6794977
6795091
6795143
6795218
6795229
6795270
6795327
6795406
6795598
6795607
6795627
6795654
6795846
6795892
6796071
6796203
6796219
6796313
6796497
6796653
6796754
6796759
6796952
6797159
6797221
6797258
6797285
6797321
6797338
6797377
6797420
6797448
6797464
6797555
6797568
6797644
6797697
6797796
6797844
6797854
6797997
6798101
6798311
6798382
6798497
6798500
6798724
6798851
6799169
6799259
6799394
6799453
6799708
6799793
6799816
6800054
6800078
6800087
6800205
6800256
6800380
6800384
6800503
6800827
6800841
6800873
6801035
6801149
6801200
6801405
6801743
6801808
6801862
6802087
6802247
6802280
6802297
6802333
6802359
6802479
6802617
6802655
6802825
6802916
6802934
6803103
6803104
6803144
6803247
6803319
6803502
6803559
6803582
6803583
6803591
6803978
6804012
6804075
6804207
6804307
6804323
6804388
6804493
6804504
6804538
6804626
6804851
6805054
6805171
6805296
6805524
6805558
6805648
6805907
6805953
6806017
6806098
6806128
6806141
6806737
6806748
6806774
6806952
6806988
6806991
6807008
6807036
6807169
6807265
6807327
6807509
6807510
6807577
6807648
6807808
6807870
6807915
6807972
6807997
6808027
6808033
6808096
6808209
6808217
6808345
6808352
6808502
6808503
6808671
6808675
6808684
6808722
6808815
6809183
6809296
6809338
6809342
6809376
6809385
6809841
6809845
6809876
6809922
6810021
6810167
6810267
6810331
6810384
6810590
6810798
6810965
6811186
6811217
6811460
6811476
6811595
6811672
6811719
6811851
6811912
6812005
6812040
6812180
6812240
6812376
6812404
6812455
6812548
6812553
6812581
6812664
6812705
6812837
6812907
6813094
6813252
6813278
6813395
6813419
6813473
6813553
6813759
6813796
6813802
6813815
6813821
6813869
6814022
6814032
6814035
6814037
6814080
6814237
6814266
6814298
6814519
6814594
6814607
6814634
6814865
6814998
6815127
6815150
6815172
6815196
6815317
6815534
6815612
6816744
6816774
6817023
6817072
6817352
6817466
6817541
6817695
6817847
6817922
6817925
6818085
6818165
6818175
6818299
6818312
6818396
6818475
6818521
6818557
6818785
6819066
6819209
6819226
6819392
6819425
6819448
6819641
6819745
6819775
6819790
6819809
6819813
6819891
6819996
6820111
6820353
6820436
6820495
6820515
6820614
6820671
6820697
6820724
6820872
6821062
6821159
6821163
6821233
6821340
6821390
6821391
6821465
6821659
6821750
6821761
6821817
6821870
6821926
6821971
6821992
6822257
6822293
6822478
6822649
6822812
6822915
6823151
6823370
6823400
6823637
6823655
6823680
6823750
6823766
6823826
6823853
6824079
6824155
6824193
6824217
6824251
6824256
6824451
6824458
6824463
6824789
6824840
6825155
6825290
6825376
6825511
6825524
6825547
6825739
6825909
6826033
6826040
6826075
6826089
6826094
6826163
6826164
6826193
6826301
6826413
6826598
6826625
6826667
6826718
6827004
6827035
6827109
6827314
6827382
6827418
6827448
6827471
6827629
6827673
6827850
6827874
6827882
6827984
6828018
6828053
6828344
6828441
6828590
6828735
6828746
6828752
6828835
6828919
6829018
6829098
6829140
6829197
6829304
6829366
6829557
6829560
6829572
6829756
6829925
6829954
6830111
6830205
6830218
6830220
6830301
6830437
6830564
6830727
6830829
6830921
6830981
6831026
6831034
6831175
6831249
6831351
6831437
6831527
6831656
6831885
6832019
6832214
6832220
6832282
6832395
6832407
6832440
6832596
6833099
6833181
6833224
6833242
6833262
6833280
6833348
6833369
6833572
6833834
6833855
6833857
6833868
6833903
6833928
6833937
6834005
6834257
6834476
6834553
6834566
6834626
6834822
6834993
6835062
6835073
6835076
6835101
6835116
6835233
6835443
6835638
6835667
6835758
6835777
6835883
6835927
6836120
6836156
6836225
6836336
6836361
6836408
6836477
6836890
6836907
6837092
6837684
6837807
6837842
6837939
6838143
6838190
6838193
6838201
6838216
6838253
6838457
6838657
6838852
6838885
6838888
6839292
6839305
6839335
6839418
6839447
6839515
6839541
6839598
6839682
6839708
6839798
6839823
6839843
6840025
6840145
6840354
6840374
6840419
6840479
6840582
6840706
6840789
6840917
6841038
6841148
6841452
6841566
6841783
6842053
6842175
6842268
6842269
6842376
6842398
6842654
6842803
6842913
6842971
6843119
6843233
6843359
6843413
6843753
6843921
6844048
6844201
6844210
6844224
6844253
6844442
6844486
6844511
6844512
6844705
6844831
6844924
6844995
6845126
6845194
6845207
6845326
6845390
6845512
6845690
6845778
6845944
6846012
6846139
6846185
6846221
6846277
6846351
6846460
6846526
6846563
6846639
6846866
6847140
6847201
6847606
6847654
6847768
6847790
6847814
6847823
6848102
6848274
6848420
6848704
6848707
6848794
6848929
6848946
6848968
6849014
6849015
6849092
6849120
6849151
6849252
6849298
6849730
6849890
6849927
6850063
6850218
6850321
6850361
6850363
6850750
6850878
6851112
6851235
6851275
6851323
6851334
6851364
6851377
6851516
6851694
6851764
6851812
6851925
6851971
6851976
6852083
6852084
6852133
6852283
6852414
6852733
6852764
6852786
6852792
6852803
6852809
6852821
6852981
6853045
6853091
6853157
6853649
6853696
6853874
6854217
6854267
6854441
6854515
6854752
6854794
6854985
6855068
6855184
6855216
6855290
6855328
6855346
6855419
6855582
6855638
6855778
6855780
6855884
6856190
6856201
6856287
6856336
6856355
6856474
6856592
6856763
6856948
6857136
6857142
6857166
6857362
6857389
6857477
6857840
6857843
6857872
6857879
6858146
6858165
6858410
6858521
6858582
6858959
6859090
6859177
6859233
6859778
6859785
6859813
6860121
6860205
6860393
6860508
6860534
6860582
6860589
6860625
6861185
6861314
6861344
6861576
6861578
6861580
6861715
6861812
6861877
6862003
6862055
6862069
6862189
6862373
6862466
6862550
6862662
6862700
6862785
6862926
6862979
6863010
6863097
6863151
6863211
6863266
6863289
6863605
6863640
6863670
6863831
6863881
6863913
6864008
6864098
6864124
6864146
6864189
6864235
6864265
6864278
6864335
6864399
6864587
6864710
6864767
6864770
6864856
6864902
6864912
6864963
6865000
6865048
6865213
6865274
6865357
6865371
6865419
6865423
6865424
6865426
6865507
6865527
6865721
6865774
6865818
6865824
6865881
6865940
6865982
6866034
6866289
6866346
6866356
6866469
6866537
6866540
6866637
6866666
6866688
6866750
6866782
6866892
6866897
6867088
6867129
6867136
6867184
6867210
6867290
6867330
6867361
6867615
6867617
6867691
6867766
6868063
6868120
6868196
6868229
6868514
6868594
6868812
6868829
6868947
6868959
6869040
6869120
6869263
6869574
6869604
6869608
6869732
6870210
6870220
6870250
6870306
6870441
6870456
6870581
6870727
6870821
6870913
6870948
6870971
6871006
6871198
6871310
6871364
6871567
6871633
6871699
6871705
6871926
6871977
6871986
6872327
6872470
6872516
6872570
6872596
6872704
6872716
6873075
6873143
6873318
6873354
6873379
6873440
6873503
6873775
6873794
6873818
6873892
6874093
6874113
6874388
6874583
6874615
6874647
6874782
6874829
6874913
6875028
6875034
6875248
6875285
6875507
6875615
6875650
6875698
6875858
6875913
6875921
6876037
6876123
6876207
6876329
6876460
6876732
6876824
6876835
6876838
6877070
6877316
6877339
6877568
6877900
6878268
6878320
6878325
6878350
6878411
6878596
6878628
6878756
6878805
6878983
6879002
6879015
6879050
6879102
6879195
6879232
6879487
6879644
6879823
6880074
6880181
6880220
6880294
6880371
6880516
6880519
6880537
6880605
6880851
6880883
6880960
6881017
6881048
6881095
6881354
6881486
6881765
6881855
6881988
6882115
6882206
6882215
6882258
6882468
6882491
6882665
6882862
6882947
6883159
6883200
6883494
6883520
6883634
6883660
6883702
6883797
6883828
6883934
6883954
6884096
6884159
6884358
6884563
6884690
6884740
6884753
6884760
6884817
6885466
6885471
6885674
6886041
6886045
6886243
6886277
6886466
6886749
6886778
6886947
6887095
6887200
6887242
6887271
6887304
6887562
6887594
6887755
6888092
6888148
6888253
6888256
6888307
6888890
6888916
6888956
6888973
6888983
6889038
6889074
6889285
6889309
6889316
6889323
6889386
6889406
6889492
6889495
6889636
6889638
6889694
6889775
6889885
6889976
6890118
6890430
6890460
6890518
6890594
6890691
6890918
6890943
6890954
6890984
6891039
6891137
6891239
6891359
6891602
6891659
6891753
6891810
6891972
6892007
6892032
6892124
6892356
6892373
6892481
6892690
6892850
6893110
6893146
6893148
6893157
6893310
6893328
6893391
6893541
6893550
6893894
6893967
6894250
6894269
6894344
6894381
6894434
6894569
6894740
6894838
6895248
6895263
6895463
6895483
6895563
6895612
6895789
6895838
6896049
6896409
6896419
6896491
6896664
6896684
6896742
6896787
6896821
6896912
6896943
6896951
6897265
6897495
6897516
6897518
6897602
6897641
6897659
6897713
6897725
6898029
6898035
6898110
6898209
6898301
6898472
6898525
6898536
6898596
6898788
6898907
6898909
6899062
6899436
6899561
6899609
6899963
6900034
6900178
6900222
6900230
6900315
6900444
6900752
6900759
6900950
6901041
6901388
6901515
6901526
6901632
6901709
6901743
6901749
6901941
6902130
6902220
6902413
6902481
6902534
6902545
6902687
6902803
6902986
6903034
6903041
6903280
6903313
6903445
6903519
6903783
6903861
6904044
6904053
6904080
6904247
6904323
6904356
6904372
6904430
6904529
6904575
6904598
6904622
6904681
6904784
6905024
6905086
6905110
6905135
6905220
6905606
6905653
6905845
6905937
6905953
6906302
6906357
6906363
6906391
6906499
6906689
6906712
6906810
6906935
6906967
6907015
6907019
6907029
6907167
6907358
6907480
6907701
6907993
6908096
6908103
6908324
6908498
6908580
6908649
6908650
6908668
6908948
6908949
6909292
6909299
6909384
6909483
6909514
6909517
6909795
6909801
6910167
6910184
6910414
6910424
6910559
6910607
6910746
6911086
6911149
6911244
6911344
6911364
6911536
6911595
6911662
6911675
6911728
6911776
6911986
6912026
6912311
6912453
6912607
6912636
6912664
6912735
6913252
6913272
6913377
6913449
6913668
6913669
6914007
6914123
6914167
6914169
6914385
6914406
6914548
6914596
6914744
6914788
6914796
6914833
6914878
6914941
6915027
6915335
6915648
6915694
6915889
6915904
6916105
6916118
6916130
6916157
6916352
6916541
6916624
6916843
6916845
6916871
6917082
6917091
6917142
6917205
6917281
6917379
6917770
6917785
6917921
6917994
6918038
6918057
6918140
6918413
6918469
6918501
6918518
6918587
6918795
6918853
6919042
6919047
6919164
6919208
6919259
6919280
6919792
6919857
6919996
6920050
6920325
6920443
6920494
6920651
6920739
6921028
6921051
6921052
6921237
6921396
6921482
6921634
6921830
6921850
6922351
6922420
6922499
6922677
6922683
6922728
6922796
6922831
6922995
6923127
6923216
6923283
6923366
6923379
6923573
6923650
6923707
6923785
6923837
6923946
6924207
6924228
6924276
6924291
6924478
6924596
6924644
6924754
6924843
6924844
6924910
6924912
6924956
6925125
6925149
6925225
6925295
6925309
6925621
6925660
6925678
6925729
6925733
6925761
6925831
6925842
6925860
6925861
6926090
6926146
6926370
6926433
6926503
6926568
6926637
6926691
6926957
6927029
6927181
6927268
6927419
6927647
6927708
6927878
6928020
6928097
6928296
6928379
6928487
6928702
6928794
6929056
6929192
6929358
6929456
6929458
6929690
6929837
6929962
6929997
6930032
6930067
6930151
6930377
6930444
6930450
6930537
6930573
6930620
6930721
6930772
6930940
6930966
6931041
6931059
6931123
6931317
6931319
6931332
6931497
6931552
6931582
6931646
6931717
6931779
6931937
6931940
6932060
6932080
6932189
6932218
6932252
6932655
6932656
6932729
6932786
6932832
6932851
6932874
6933053
6933104
6933193
6933247
6933281
6933294
6933391
6933713
6933909
6933931
6934084
6934133
6934212
6934435
6934646
6934745
6934776
6934835
6934844
6934906
6935147
6935172
6935314
6935345
6935385
6935511
6935527
6935740
6936084
6936121
6936152
6936219
6936557
6936650
6936717
6936780
6936819
6936833
6936844
6936922
6936974
6937349
6937613
6937761
6937815
6937846
6938004
6938057
6938114
6938291
6938442
6938472
6938532
6938548
6938562
6938671
6939030
6939146
6939491
6939532
6939577
6939616
6939620
6939696
6939895
6939964
6939966
6940167
6940253
6940366
6940376
6940676
6940791
6940840
6941023
6941048
6941183
6941268
6941313
6941413
6941438
6941544
6941560
6941628
6941639
6942062
6942176
6942198
6942499
6942583
6942657
6942672
6942858
6942880
6943226
6943313
6943323
6943375
6943435
6943519
6943634
6943718
6943782
6943806
6943847
6943872
6943940
6944073
6944155
6944203
6944348
6944357
6944358
6944380
6944480
6944484
6944623
6944659
6944740
6945081
6945287
6945511
6945618
6945619
6945654
6945685
6945748
6945755
6945789
6945823
6945843
6945844
6945851
6945922
6945932
6945948
6946096
6946436
6946659
6946777
6946945
6947061
6947284
6947338
6947476
6947527
6947671
6947737
6947744
6947932
6947991
6948001
6948202
6948336
6948381
6948529
6948625
6948659
6948679
6949228
6949249
6949310
6949321
6949440
6949472
6949964
6950215
6950460
6950772
6950811
6950881
6950920
6951121
6951377
6951603
6951680
6951758
6951785
6951823
6951899
6952051
6952064
6952222
6952538
6952539
6952628
6952631
6952679
6952752
6952867
6952886
6953151
6953371
6953737
6953876
6953969
6954076
6954440
6954532
6954607
6954805
6954951
6955010
6955030
6955040
6955069
6955076
6955089
6955189
6955211
6955434
6955532
6955583
6955612
6955770
6955925
6955997
6956086
6956591
6956611
6956733
6956740
6956781
6956811
6956859
6956893
6957184
6957249
6957294
6957457
6957637
6957832
6957850
6957990
6958127
6958182
6958645
6958669
6958739
6958877
6958976
6959203
6959297
6959314
6959328
6959343
6959349
6959387
6959416
6960077
6960162
6960213
6960217
6960399
6960446
6960736
6961009
6961205
6961265
6961324
6961493
6961580
6961605
6961614
6961745
6961850
6962065
6962165
6962339
6962342
6962352
6962363
6962370
6962463
6962484
6962517
6962583
6962651
6962730
6962734
6962842
6962972
6962994
6963260
6963315
6963370
6963384
6963397
6963576
6963717
6963839
6963910
6963993
6964062
6964086
6964182
6964306
6964308
6964434
6964516
6964635
6964642
6964903
6965028
6965074
6965164
6965172
6965314
6965364
6965597
6965605
6965608
6965621
6965694
6965712
6965781
6965828
6965942
6966061
6966074
6966161
6966164
6966286
6966293
6966334
6966431
6966478
6966617
6966646
6966773
6966884
6966909
6966925
6967161
6967345
6967386
6967444
6967468
6967499
6967552
6967577
6967595
6967659
6967756
6967791
6968047
6968091
6968176
6968183
6968360
6968389
6968594
6968707
6968757
6968802
6968996
6969119
6969128
6969317
6969513
6969568
6969920
6969932
6969959
6970088
6970269
6970336
6970353
6970454
6970469
6970475
6970502
6970597
6970793
6970874
6970891
6970953
6971002
6971168
6971170
6971287
6971447
6971523
6971538
6971570
6971586
6971754
6971884
6971908
6971951
6971970
6972098
6972124
6972187
6972256
6972272
6972469
6972540
6972575
6972698
6972749
6972750
6972838
6972839
6972952
6972958
6973104
6973108
6973343
6973459
6973638
6973738
6973781
6974120
6974156
6974399
6974527
6974738
6974759
6974833
6974890
6975036
6975195
6975267
6975277
6975302
6975333
6975372
6975382
6975703
6975836
6976008
6976437
6976438
6976525
6976559
6976804
6976995
6977243
6977248
6977445
6977868
6977910
6978186
6978193
6978285
6978372
6978440
6978646
6978648
6979055
6979208
6979209
6979359
6979420
6979470
6979500
6979528
6979571
6979615
6979710
6979762
6979963
6980004
6980060
6980334
6980515
6980552
6980555
6980557
6980621
6980666
6980781
6980838
6980925
6980926
6980931
6980998
6981476
6981478
6981579
6981609
6981644
6981847
6981860
6981912
6981925
6981945
6981950
6982171
6982239
6982395
6982426
6982427
6982567
6982676
6982710
6982747
6982774
6982871
6983207
6983287
6983334
6983373
6983401
6983452
6983566
6983596
6983607
6983624
6983650
6983672
6983683
6983714
6983821
6983892
6983983
6984065
6984087
6984197
6984385
6984596
6984644
6984781
6984788
6984815
6984849
6985163
6985220
6985260
6985576
6985677
6985819
6985873
6985887
6985926
6986011
6986213
6986243
6986289
6986290
6986496
6986546
6986629
6986779
6986828
6986831
6986983
6987002
6987083
6987186
6987228
6987276
6987480
6987609
6987622
6987648
6987695
6987700
6987735
6987831
6988655
6988980
6989006
6989149
6989154
6989162
6989391
6989420
6989441
6989451
6989523
6989774
6989850
6990321
6990624
6990629
6990663
6990897
6990947
6991020
6991199
6991298
6991437
6991511
6991701
6991703
6991795
6992042
6992238
6992293
6992604
6992625
6992629
6992659
6992909
6992969
6993010
6993063
6993123
6993128
6993393
6993584
6993691
6993713
6993753
6993933
6994214
6994381
6994653
6995289
6995449
6995544
6995554
6995657
6995674
6995710
6995864
6996031
6996098
6996134
6996320
6996540
6996574
6996617
6996758
6996769
6996853
6997036
6997056
6997183
6997262
6997264
6997324
6997406
6997457
6997512
6997559
6997699
6997823
6997852
6997929
6998013
6998227
6998327
6998392
6998406
6998410
6998619
6998725
6998988
6998997
6999018
6999112
6999213
6999294
6999354
6999400
6999513
6999547
6999599
6999605
6999693
6999703
6999731
6999735
6999793
6999872
6999885
6999921
6999948
7000160
7000283
7000375
7000769
7000793
7000803
7000965
7000982
7001026
7001064
7001127
7001229
7001309
7001363
7001388
7001402
7001521
7001559
7001783
7001848
7001982
7001989
7002006
7002177
7002276
7002540
7003080
7003280
7003392
7003563
7003697
7003711
7003714
7003743
7003759
7003942
7003972
7004034
7004104
7004134
7004203
7004560
7004564
7004625
7004717
7004751
7004845
7004861
7004907
7005032
7005050
7005265
7005299
7005445
7005492
7005593
7005684
7005715
7005772
7005856
7006013
7006024
7006039
7006057
7006388
7006512
7006569
7006574
7006632
7006714
7006860
7007057
7007111
7007380
7007580
7007651
7007901
7008051
7008086
7008132
7008395
7008536
7008597
7008907
7008960
7009080
7009204
7009436
7009463
7009496
7009589
7009685
7009741
7009839
7009992
7010039
7010051
7010110
7010195
7010244
7010294
7010523
7010829
7011007
7011025
7011056
7011211
7011341
7011371
7011385
7011397
7011527
7011579
7011719
7011748
7011774
7011849
7011917
7012158
7012470
7012545
7012635
7012910
7013084
7013187
7013231
7013370
7013386
7013476
7013514
7013556
7013676
7013737
7013918
7013923
7013936
7014309
7014626
7014690
7014743
7014812
7014909
7014964
7015137
7015260
7015295
7015305
7015333
7015393
7015510
7015638
7015709
7015806
7015979
7016081
7016123
7016139
7016255
7016420
7016442
7016579
7016680
7016689
7016785
7016875
7016942
7017035
7017062
7017120
7017406
7017411
7017493
7017499
7017596
7017652
7017663
7017668
7017735
7018012
7018064
7018084
7018122
7018346
7018407
7018436
7018526
7018545
7018655
7018663
7018695
7018930
7019018
7019073
7019132
7019237
7019348
7019371
7019476
7019667
7019783
7020040
7020321
7020401
7020481
7020540
7020937
7020964
7021011
7021487
7021504
7021664
7021710
7021794
7022189
7022314
7022385
7022417
7022652
7022655
7022814
7022843
7022849
7023006
7023020
7023089
7023108
7023173
7023174
7023451
7023628
7023720
7023728
7023734
7023747
7023912
7023928
7023951
7024045
7024047
7024063
7024103
7024105
7024152
7024157
7024221
7024236
7024373
7024542
7024666
7024823
7024867
7025042
7025060
7025081
7025083
7025284
7025647
7025720
7025905
7025997
7026026
7026046
7026140
7026501
7026506
7026591
7026656
7026784
7027071
7027078
7027278
7027308
7027337
7027386
7027493
7027501
7027510
7027546
7027627
7027830
7027854
7028045
7028129
7028282
7028337
7028399
7028409
7028431
7028462
7028467
7028685
7029264
7029506
7029627
7029705
7029843
7029909
7029921
7029953
7029956
7030489
7030679
7030695
7030724
7030737
7031340
7031446
7031527
7031550
7031813
7031876
7031879
7031933
7032028
7032261
7032329
7032389
7032399
7032400
7032468
7032528
7032576
7032689
7032775
7032905
7032984
7033006
7033012
7033154
7033184
7033190
7033244
7033331
7033461
7033521
7033640
7033885
7034054
7034079
7034172
7034214
7034248
7034355
7034396
7034398
7034596
7034634
7034693
7034857
7034913
7035027
7035214
7035455
7035476
7035728
7035831
7035902
7035960
7035998
7036036
7036151
7036275
7036338
7036339
7036364
7036371
7036379
7036399
7036451
7036716
7036727
7036799
7036960
7037073
7037255
7037304
7037417
7037448
7037521
7037526
7037554
7037594
7037642
7037660
7037772
7037906
7037907
7038040
7038061
7038070
7038159
7038161
7038172
7038576
7038638
7038683
7038801
7038815
7039166
7039220
7039501
7039683
7039725
7040155
7040188
7040320
7040372
7040495
7040785
7040989
7041293
7041362
7041396
7041451
7041459
7041735
7041872
7042015
7042100
7042102
7042432
7042582
7042588
7042770
7043048
7043057
7043146
7043261
7043288
7043359
7043469
7043518
7043537
7043540
7043542
7043566
7043593
7043612
7043950
7043964
7043996
7044326
7044343
7044603
7044770
7044888
7045234
7045927
7046151
7046478
7046488
7046569
7046665
7046707
7046760
7046946
7047028
7047097
7047116
7047153
7047241
7047276
7047306
7047340
7047392
7047434
7047481
7047593
7047712
7047936
7048046
7048122
7048144
7048152
7048200
7048320
7048520
7048607
7048643
7048865
7048971
7049028
7049056
7049174
7049201
7049238
7049287
7049400
7049557
7049685
7049855
7049901
7049968
7050227
7050247
7050335
7050441
7050447
7050551
7050757
7050907
7050942
7050981
7051157
7051172
7051313
7051410
7051457
7051458
7051543
7051653
7051750
7051766
7051775
7051870
7051898
7051990
7052132
7052153
7052229
7052325
7052380
7052458
7052495
7052647
7052742
7052809
7052908
7052928
7053103
7053127
7053174
7053397
7053580
7053706
7053748
7053807
7053903
7054031
7054302
7054318
7054337
7054410
7054415
7054592
7054958
7055058
7055232
7055316
7055402
7055634
7055648
7055649
7055668
7055686
7055741
7055747
7055877
7056074
7056081
7056119
7056132
7056242
7056262
7056325
7056581
7056623
7056968
7057089
7057097
7057123
7057270
7057304
7057345
7057665
7057713
7057714
7057784
7057854
7057907
7057917
7057972
7058065
7058254
7058262
7058271
7058309
7058477
7058517
7058824
7058927
7059076
7059080
7059245
7059266
7059767
7059775
7059784
7059829
7059879
7060005
7060149
7060204
7060213
7060216
7060229
7060298
7060323
7060341
7060612
7060633
7060742
7060988
7061053
7061297
7061478
7061488
7061490
7061506
7061513
7061671
7061750
7061756
7061784
7061920
7061992
7062000
7062192
7062249
7062254
7062276
7062349
7062351
7062353
7062354
7062428
7062466
7062794
7062930
7062956
7062995
7063047
7063179
7063207
7063271
7063290
7063308
7063421
7063509
7063532
7063569
7063659
7063860
7064099
7064158
7064395
7064446
7064511
7064600
7064858
7065144
7065255
7065266
7065353
7065427
7065467
7065478
7065513
7065601
7065640
7065738
7065824
7065830
7065908
7066105
7066123
7066154
7066301
7066444
7066484
7066656
7066678
7066829
7066835
7066948
7067085
7067184
7067231
7067388
7067456
7067465
7067498
7067568
7067631
7067690
7067747
7067875
7068004
7068123
7068167
7068200
7068262
7068274
7068427
7068563
7068587
7068604
7068791
7068813
7069237
7069282
7069394
7069540
7069552
7069582
7069847
7069861
7069901
7069951
7069955
7070003
7070154
7070161
7070718
7070768
7070990
7071015
7071016
7071047
7071121
7071147
7071300
7071398
7071427
7071529
7071618
7071725
7071860
7072123
7072127
7072268
7072365
7072376
7072825
7072941
7073011
7073286
7073319
7073327
7073546
7073575
7073695
7073762
7074000
7074248
7074527
7074612
7074621
7074683
7074693
7074782
7074799
7074837
7074903
7074907
7075018
7075207
7075352
7075408
7075551
7075601
7075777
7075783
7075837
7075983
7076151
7076191
7076264
7076367
7076407
7076489
7076490
7076494
7076496
7076612
7076656
7076831
7076858
7077190
7077249
7077409
7077443
7077485
7077656
7077802
7077962
7078010
7078019
7078032
7078253
7078475
7078504
7078516
7078588
7078712
7078804
7078927
7078974
7078981
7079044
7079077
7079159
7079201
7079266
7079430
7079506
7079567
7079838
7079911
7079971
7080037
7080102
7080223
7080258
7080355
7080434
7080442
7080585
7080612
7080787
7080791
7080831
7081091
7081132
7081241
7081269
7081321
7081334
7081354
7081446
7081743
7081748
7081771
7081877
7082001
7082709
7082747
7082921
7082956
7082972
7083009
7083095
7083113
7083154
7083424
7083430
7083613
7083614
7083928
7084022
7084294
7084421
7084569
7084614
7084669
7084789
7085091
7085101
7085127
7085211
7085295
7085334
7085411
7085572
7085625
7085767
7086194
7086217
7086330
7086397
7086444
7086547
7086652
7086734
7086975
7087012
7087067
7087117
7087153
7087191
7087198
7087305
7087369
7087396
7087425
7087464
7087505
7087515
7087557
7087570
7087749
7087764
7087834
7088047
7088131
7088184
7088379
7088452
7088455
7088483
7088512
7088525
7088667
7088725
7088788
7088844
7089147
7089249
7089277
7089347
7089387
7089445
7089720
7089939
7090157
7090445
7090544
7090565
7090572
7090580
7090638
7090655
7090671
7090814
7090891
7090895
7091019
7091379
7091380
7091482
7091562
7091586
7091638
7091689
7091708
7091717
7091918
7091967
7092014
7092070
7092125
7092151
7092533
7092568
7092572
7092660
7092706
7092833
7092850
7092948
7093191
7093204
7093215
7093231
7093329
7093351
7093378
7093390
7093472
7093604
7093771
7093824
7093921
7093998
7094074
7094101
7094260
7094405
7094642
7094667
7094672
7094686
7095077
7095336
7095468
7095501
7095532
7095547
7095702
7095714
7095790
7095838
7095877
7095997
7096321
7096384
7096596
7096609
7096647
7096656
7096676
7097268
7097354
7097369
7097415
7097577
7097898
7097983
7098099
7098241
7098392
7098654
7098973
7099047
7099251
7099252
7099266
7099318
7099365
7099440
7099576
7099726
7099805
7099861
7099879
7099885
7099973
7100140
7100198
7100237
7100278
7100358
7100406
7100454
7100467
7100503
7100563
7101100
7101196
7101252
7101455
7101480
7101773
7101805
7101914
7101992
7102287
7102443
7102485
7102817
7102864
7102874
7103032
7103430
7103434
7103459
7103607
7103753
7103801
7103834
7103922
7104034
7104133
7104238
7104370
7104378
7104423
7104516
7104541
7104563
7104651
7104689
7104695
7104699
7104743
7104752
7104859
7104901
7104924
7105018
7105080
7105087
7105195
7105599
7105657
7105723
7105754
7105871
7105879
7105898
7105934
7106030
7106032
7106208
7106320
7106446
7106457
7106544
7106602
7106736
7106805
7106832
7106961
7107234
7107243
7107312
7107401
7107472
7107518
7107591
7107667
7107672
7108198
7108284
7108644
7108699
7108793
7108824
7108916
7109036
7109068
7109115
7109123
7109380
7109399
7109459
7109460
7109471
7109544
7109564
7109716
7109781
7109961
7110106
7110154
7110183
7110308
7110314
7110402
7110447
7110671
7110779
7110806
7110883
7111129
7111368
7111483
7111541
7111739
7111789
7111923
7111932
7111966
7111974
7111998
7112069
7112097
7112135
7112330
7112461
7112483
7112536
7112703
7112782
7112885
7112906
7112949
7113043
7113100
7113165
7113411
7113642
7113700
7113982
7114018
7114422
7114546
7114565
7114588
7114664
7114852
7114935
7115047
7115074
7115272
7115444
7115512
7115584
7115636
7115681
7115703
7115727
7115889
7116283
7116284
7116285
7116342
7116369
7116555
7116605
7116634
7116669
7116814
7116920
7116949
7117025
7117046
7117160
7117249
7117460
7117549
7117575
7118083
7118101
7118169
7118208
7118402
7118609
7118757
7118792
7118859
7118909
7118975
7119011
7119028
7119039
7119099
7119270
7119319
7119321
7119347
7119690
7119767
7119835
7119919
7119971
7120084
7120289
7120347
7120430
7120431
7120447
7120590
7120672
7120772
7120854
7120868
7120894
7120917
7120973
7121252
7121264
7121280
7121369
7121475
7121632
7121894
7121959
7122085
7122098
7122220
7122322
7122386
7122447
7122459
7122660
7122737
7122981
7123055
7123058
7123081
7123100
7123126
7123167
7123284
7123339
7123352
7123388
7123413
7123455
7123784
7123921
7124164
7124355
7124530
7124584
7124735
7124761
7124844
7124889
7125160
7125206
7125432
7125609
7125713
7125747
7125877
7125942
7126120
7126162
7126389
7126858
7127001
7127047
7127066
7127080
7127288
7127294
7127339
7127531
7127702
7127728
7127752
7127937
7128062
7128305
7128311
7128377
7128385
7128389
7128646
7128658
7128678
7128848
7128965
7129066
7129106
7129123
7129139
7129287
7129392
7129454
7129555
7129560
7129575
7129649
7129714
7129719
7130028
7130121
7130574
7130874
7131026
7131064
7131101
7131181
7131432
7131503
7131638
7131693
7131821
7131885
7132039
7132337
7132340
7132387
7132516
7132577
7132616
7132634
7132670
7132694
7132877
7133002
7133054
7133153
7133298
7133493
7133612
7133687
7133764
7133768
7133963
7134018
7134166
7134208
7134428
7134620
7134683
7134691
7134699
7134700
7134793
7134795
7134854
7134882
7134927
7135089
7135100
7135202
7135360
7135542
7135928
7136015
7136048
7136054
7136098
7136193
7136346
7136447
7136523
7136586
7136618
7136698
7136720
7136880
7137162
7137334
7137627
7137690
7137732
7137852
7137980
7138256
7138564
7138631
7138661
7138667
7138901
7138912
7139141
7139242
7139342
7139480
7139495
7139548
7139567
7139681
7139872
7139889
7140256
7140316
7140458
7140472
7140478
7140557
7140785
7140872
7140973
7140995
7141186
7141417
7141499
7141517
7141610
7141662
7141674
7141722
7142009
7142023
7142330
7142334
7142423
7142460
7142629
7142642
7142737
7142740
7142840
7143024
7143076
7143137
7143258
7143369
7143570
7143773
7143816
7143878
7143963
7144076
7144244
7144421
7144472
7144640
7144764
7144883
7145137
7145399
7145467
7145496
7145607
7145620
7145921
7146157
7146182
7146192
7146218
7146226
7146252
7146445
7146459
7146467
7146584
7146681
7146736
7146916
7146949
7146994
7147094
7147135
7147174
7147202
7147239
7147514
7147570
7147641
7147858
7147961
7147970
7148023
7148129
7148177
7148184
7148185
7148300
7148358
7148408
7148413
7148425
7148452
7148535
7148564
7148650
7148663
7148686
7148742
7148814
7148820
7148836
7148850
7148956
7149087
7149147
7149187
7149324
7149415
7149658
7149705
7149735
7150001
7150012
7150150
7150251
7150303
7150306
7150458
7150462
7150549
7150718
7150904
7151028
7151088
7151465
7151480
7151590
7151753
7151762
7151771
7151791
7151811
7151977
7152102
7152116
7152126
7152227
7152253
7152346
7152401
7152471
7152518
7152564
7152575
7152747
7152867
7152940
7152961
7153150
7153183
7153421
7153451
7153555
7153589
7153655
7153756
7153783
7153789
7153856
7153886
7153889
7153945
7154080
7154252
7154264
7154338
7154621
7154657
7154779
7154783
7155099
7155120
7155288
7155342
7155344
7155352
7155437
7155548
7155576
7155682
7155768
7155819
7155876
7155960
7155966
7156102
7156129
7156175
7156254
7156637
7156726
7156741
7156776
7156818
7156883
7157170
7157196
7157372
7157437
7157511
7157612
7157846
7157889
7157890
7157930
7158011
7158041
7158092
7158100
7158198
7158332
7158493
7158495
7158847
7158863
7158934
7158943
7158961
7159000
7159056
7159083
7159086
7159096
7159187
7159222
7159335
7159432
7159624
7159873
7159923
7160143
7160197
7160220
7160228
7160262
7160276
7160300
7160524
7160560
7160563
7160590
7160697
7160698
7160729
7160790
7160818
7160832
7160858
7160894
7160963
7160969
7161017
7161075
7161272
7161569
7161817
7162052
7162122
7162218
7162398
7162487
7162666
7162867
7162948
7163122
7163180
7163272
7163403
7163816
7163851
7164088
7164133
7164140
7164234
7164334
7164401
7164477
7164522
7164541
7164555
7164700
7164732
7164922
7165106
7165237
7165379
7165472
7165634
7165779
7165974
7166025
7166040
7166111
7166112
7166225
7166241
7166244
7166271
7166288
7166310
7166367
7166433
7166655
7166968
7167065
7167070
7167090
7167152
7167294
7167596
7167663
7167673
7167782
7167809
7167819
7168027
7168095
7168161
7168301
7168452
7168503
7168542
7168660
7168732
7168817
7168954
7169022
7169057
7169120
7169275
7169360
7169388
7169492
7169555
7169681
7169738
7169782
7169787
7169912
7170187
7170299
7170391
7170569
7170571
7170804
7170830
7170856
7170981
7171016
7171025
7171033
7171074
7171156
7171340
7171355
7171373
7171472
7171497
7171521
7171623
7171640
7171719
7172271
7172276
7172385
7172875
7172949
7172964
7172981
7173058
7173094
7173169
7173263
7173329
7173511
7173564
7173644
7173751
7173808
7173937
7174098
7174121
7174155
7174189
7174276
7174385
7174422
7174424
7174442
7174448
7174465
7174565
7174650
7174688
7174817
7174819
7175016
7175236
7175311
7175369
7175595
7175611
7175671
7175838
7175892
7175942
7175973
7176046
7176090
7176109
7176131
7176156
7176164
7176262
7176588
7176963
7177109
7177126
7177614
7177761
7177816
7177862
7177978
7178004
7178111
7178165
7178221
7178583
7178607
7178669
7178704
7178738
7178775
7178991
7179076
7179256
7179308
7179323
7179361
7179391
7179512
7179645
7179758
7179838
7179873
7179987
7180210
7180279
7180291
7180366
7180521
7180632
7180831
7180855
7180965
7181039
7181261
7181291
7181494
7181552
7181710
7181921
7181929
7181950
7182085
7182207
7182219
7182238
7182270
7182360
7182443
7182465
7182747
7182821
7182991
7183006
7183054
7183261
7183322
7183380
7183422
7183464
7183574
7183846
7183848
7183944
7183986
7184104
7184317
7184371
7184529
7184541
7184562
7184585
7184602
7184616
7184630
7184689
7184734
7184781
7184822
7184863
7184939
7184989
7185119
7185406
7185431
7185526
7185529
7185602
7185825
7185845
7185876
7185892
7186030
7186054
7186229
7186380
7186429
7186833
7187188
7187327
7187450
7187476
7187663
7187718
7187760
7187761
7187923
7187945
7188179
7188403
7188410
7188680
7188716
7189024
7189108
7189121
7189497
7189540
7189654
7189779
7189884
7190345
7190347
7190441
7190465
7190636
7190792
7191099
7191309
7191347
7191814
7191820
7192134
7192200
7192245
7192268
7192341
7192506
7192539
7192721
7192772
7192941
7193033
7193128
7193203
7193250
7193314
7193439
7193627
7193639
7193899
7194002
7194066
7194136
7194142
7194145
7194156
7194682
7194751
7194809
7194855
7195144
7195207
7195336
7195342
7195359
7195444
7195447
7195587
7195790
7195854
7195958
7195964
7196114
7196273
7196284
7196335
7196337
7196407
7196420
7196461
7196493
7196641
7196655
7196890
7197003
7197036
7197039
7197073
7197110
7197119
7197208
7197405
7197423
7197463
7197738
7197761
7197795
7197823
7197983
7198026
7198048
7198057
7198115
7198142
7198176
7198261
7198330
7198348
7198364
7198454
7198497
7198506
7198716
7198739
7198956
7199091
7199183
7199361
7199480
7199561
7199604
7199705
7200020
7200074
7200269
7200322
7200425
7200447
7200448
7200450
7200635
7200669
7200684
7200772
7200794
7200801
7200825
7200827
7200828
7200902
7201037
7201127
7201246
7201254
7201505
7201620
7201704
7201730
7201801
7201835
7201902
7201940
7202107
7202184
7202200
7202290
7202303
7202330
7202431
7202464
7202472
7202554
7202559
7202576
7202655
7202678
7202899
7203257
7203348
7203416
7203446
7203476
7203546
7203576
7203716
7203793
7203858
7203871
7203939
7203949
7204439
7204459
7204507
7204646
7204738
7204884
7204971
7204986
7205095
7205101
7205157
7205187
7205484
7205790
7205879
7205962
7206054
7206080
7206210
7206221
7206277
7206380
7206448
7206545
7206561
7206737
7206978
7207072
7207075
7207235
7207622
7207672
7207703
7207829
7207838
7207856
7207908
7208115
7208200
7208314
7208321
7208359
7208487
7208576
7208594
7208599
7208648
7208983
7209037
7209045
7209048
7209060
7209118
7209197
7209393
7209416
7209464
7209543
7209677
7209932
7210011
7210047
7210103
7210185
7210260
7210379
7210811
7210853
7210865
7210966
7210968
7210987
7211044
7211140
7211209
7211230
7211367
7211435
7211478
7211763
7211786
7211879
7211967
7212089
7212101
7212228
7212341
7212397
7212402
7212826
7212869
7213010
7213218
7213398
7213410
7213476
7213551
7213623
7213673
7213912
7214121
7214289
7214298
7214539
7214665
7214846
7214966
7214982
7215136
7215165
7215212
7215249
7215454
7215587
7215617
7215668
7215721
7215880
7215954
7215959
7215978
7216094
7216119
7216197
7216229
7216324
7216330
7216350
7216400
7216449
7216505
7216530
7216687
7216701
7216702
7216799
7216869
7216942
7217180
7217461
7217700
7217741
7217805
7217812
7218069
7218219
7218528
7218665
7219044
7219066
7219204
7219285
7219314
7219333
7219384
7219397
7219531
7219537
7219863
7220126
7220378
7220451
7220497
7220516
7220545
7220579
7220675
7220698
7220747
7220796
7220798
7220872
7220973
7221027
7221065
7221067
7221260
7221334
7221397
7221492
7221595
7221687
7221865
7222041
7222122
7222160
7222324
7222707
7223035
7223249
7223298
7223322
7223632
7223704
7223835
7223929
7224069
7224193
7224252
7224256
7224424
7224432
7224543
7224546
7224613
7224887
7225018
7225328
7225558
7225581
7225820
7225852
7225890
7226044
7226278
7226394
7226403
7226503
7226545
7226587
7226637
7226729
7226753
7226772
7226830
7226964
7227076
7227163
7227268
7227449
7227459
7227623
7227624
7227863
7228019
7228195
7228226
7228236
7228249
7228267
7228415
7228438
7228478
7228532
7228668
7228718
7228791
7229135
7229217
7229396
7229592
7229730
7229952
7230011
7230065
7230150
7230177
7230268
7230273
7230332
7230348
7230439
7230490
7230583
7230610
7230617
7230622
7230683
7230860
7230878
7230894
7230941
7231312
7231314
7231324
7231401
7231465
7231469
7231595
7231789
7231816
7231854
7231860
7231897
7231994
7232028
7232094
7232128
7232239
7232358
7232523
7232533
7232579
7232694
7232808
7232870
7232991
7233167
7233181
7233432
7233682
7233740
7233759
7233768
7233809
7233877
7234223
7234325
7234671
7234693
7234734
7234784
7235016
7235111
7235193
7235366
7235429
7235522
7235627
7235738
7235864
7235931
7235941
7235944
7235978
7236071
7236184
7236220
7236299
7236300
7236393
7236683
7236935
7236989
7237219
7237312
7237365
7237394
7237514
7237535
7237543
7237699
7237702
7237722
7237857
7237899
7238029
7238142
7238181
7238210
7238465
7238633
7238657
7238676
7238845
7239028
7239031
7239113
7239190
7239232
7239329
7239381
7239514
7239651
7239698
7239817
7239842
7240044
7240360
7240401
7240407
7240461
7240493
7240652
7240727
7240905
7241073
7241121
7241156
7241171
7241174
7241204
7241213
7241374
7241431
7241659
7241692
7241791
7241910
7241926
7241955
7241965
7242036
7242365
7242386
7242426
7242488
7242489
7242521
7242625
7242742
7242853
7242860
7242889
7242985
7243006
7243232
7243324
7243855
7243894
7243952
7244060
7244075
7244087
7244101
7244180
7244270
7244547
7244711
7244726
7244832
7244875
7244916
7245052
7245097
7245122
7245275
7245279
7245337
7245366
7245420
7245441
7245513
7245520
7245553
7245564
7245659
7245885
7246105
7246212
7246249
7246313
7246330
7246488
7246553
7246590
7246611
7246785
7246866
7246945
7246995
7247014
7247149
7247226
7247268
7247274
7247335
7247349
7247409
7247419
7247570
7247675
7247676
7247901
7247999
7248112
7248219
7248513
7248546
7248660
7248708
7248740
7248941
7249081
7249122
7249267
7249290
7249295
7249344
7249365
7249422
7249440
7249668
7249674
7249684
7249693
7249833
7249909
7250024
7250040
7250139
7250315
7250316
7250553
7250743
7250965
7251082
7251110
7251180
7251213
7251325
7251581
7251590
7251636
7251714
7251724
7251841
7251851
7251907
7251925
7251941
7251958
7252255
7252271
7252469
7252562
7252590
7252658
7252729
7252746
7252783
7252798
7252811
7252813
7253009
7253022
7253118
7253513
7253540
7253572
7253574
7254075
7254146
7254172
7254203
7254260
7254269
7254333
7254376
7254514
7254579
7254636
7254918
7254920
7254929
7255487
7255556
7255765
7256127
7256138
7256169
7256255
7256261
7256679
7256696
7256739
7256856
7256905
7256955
7257164
7257447
7257531
7257587
7257690
7257696
7257718
7257728
7257743
7257844
7257850
7257889
7257947
7257981
7258211
7258254
7258318
7258329
7258611
7258765
7258876
7258900
7258994
7259034
7259319
7259571
7259607
7259860
7259878
7259986
7260019
7260059
7260121
7260231
7260243
7260463
7260616
7260676
7260726
7260800
7260992
7261058
7261277
7261357
7261362
7261428
7261473
7261531
7261545
7261648
7261717
7261813
7261825
7261838
7261863
7262124
7262322
7262360
7262380
7262452
7262591
7262636
7262724
7262802
7262953
7263028
7263070
7263415
7263737
7263942
7264017
7264146
7264339
7264373
7264488
7264571
7264906
7264921
7264966
7265114
7265246
7265426
7265819
7265873
7265993
7265998
7266017
7266034
7266068
7266316
7266408
7266434
7266483
7266490
7266512
7266660
7266870
7266923
7267068
7267148
7267222
7267412
7267465
7267485
7267513
7267700
7267713
7267756
7267787
7267883
7267909
7268004
7268055
7268107
7268171
7268177
7268187
7268210
7268219
7268566
7269018
7269074
7269243
7269257
7269262
7269342
7269673
7269711
7269910
7269928
7269931
7269957
7270022
7270056
7270261
7270406
7270448
7270503
7270570
7270571
7270650
7270755
7270780
7270880
7271016
7271019
7271020
7271038
7271139
7271142
7271157
7271160
7271205
7271210
7271230
7271255
7271358
7271367
7271729
7272007
7272117
7272241
7272381
7272421
7272488
7272617
7272752
7273008
7273084
7273100
7273154
7273231
7273276
7273280
7273547
7273702
7273847
7273860
7273995
7274217
7274263
7274350
7274363
7274526
7274599
7274742
7274945
7275006
7275096
7275099
7275165
7275441
7275471
7275876
7275914
7275956
7276036
7276072
7276178
7276187
7276217
7276231
7276261
7276295
7276427
7276455
7276508
7276525
7276731
7276835
7276930
7276992
7277082
7277115
7277163
7277164
7277352
7277457
7277529
7277567
7277671
7277724
7277792
7277848
7277891
7277931
7278171
7278400
7278478
7278569
7278985
7278991
7279060
7279108
7279194
7279351
7279482
7279669
7279738
7279804
7279820
7279822
7280281
7280413
7280575
7280654
7280709
7280717
7280771
7280917
7281057
7281166
7281691
7281699
7281778
7281875
7282099
7282132
7282343
7282375
7282490
7282494
7282593
7282614
7282740
7283082
7283095
7283098
7283343
7283473
7283623
7283776
7283846
7283870
7283876
7283921
7283979
7283993
7284130
7284167
7284252
7284330
7284351
7284502
7284852
7284862
7284924
7284980
7285007
7285014
7285104
7285187
7285248
7285312
7285340
7285561
7285673
7285792
7285965
7286368
7286404
7286474
7286528
7286656
7286680
7286695
7286718
7286833
7287075
7287077
7287501
7287573
7287718
7287784
7288048
7288133
7288143
7288271
7288291
7288297
7288520
7288521
7288829
7288888
7289184
7289320
7289321
7289348
7289369
7289395
7289429
7289492
7289554
7289600
7289645
7289655
7289724
7289841
7289916
7289955
7290229
7290345
7290396
7290501
7290634
7291043
7291352
7291383
7291501
7291582
7291602
7291732
7291767
7291839
7291946
7291965
7292080
7292089
7292351
7292405
7292420
7292434
7292712
7292828
7292881
7292959
7293005
7293015
7293057
7293133
7293165
7293181
7293260
7293439
7293456
7293548
7293600
7293807
7293814
7293817
7294004
7294040
7294043
7294283
7294353
7294391
7294420
7294434
7294757
7294869
7294889
7295110
7295216
7295365
7295368
7295564
7295605
7295735
7295781
7295810
7295830
7295885
7295933
7295993
7295999
7296180
7296464
7296466
7296483
7296525
7296570
7296718
7296861
7296877
7297111
7297207
7297506
7297532
7297625
7297643
7297689
7297693
7297736
7297750
7298301
7298335
7298497
7298527
7298547
7298571
7298696
7298763
7298811
7299047
7299220
7299311
7299360
7299390
7299510
7299519
7299624
7299697
7299824
7299836
7300072
7300108
7300126
7300193
7300226
7300322
7300388
7300485
7300558
7300572
7300701
7300884
7301093
7301113
7301450
7301491
7301616
7301625
7301737
7301807
7301822
7301935
7301936
7302080
7302259
7302297
7302309
7302537
7302646
7302689
7302721
7303030
7303075
7303178
7303580
7303585
7303622
7303738
7303978
7303994
7304029
7304034
7304130
7304218
7304342
7304359
7304425
7304449
7304609
7304688
7304990
7305082
7305127
7305156
7305173
7305521
7305732
7305920
7305961
7305985
7306070
7306111
7306236
7306328
7306448
7306733
7306933
7306988
7307266
7307310
7307311
7307413
7307421
7307528
7307586
7307673
7307843
7307867
7308116
7308377
7308438
7308494
7308611
7308735
7309027
7309101
7309106
7309137
7309266
7309292
7309355
7309635
7309824
7309843
7309850
7309865
7310025
7310193
7310220
7310463
7310698
7310712
7310772
7310799
7310815
7310975
7311015
7311057
7311108
7311150
7311270
7311386
7311698
7311744
7311749
7311844
7311887
7311937
7312008
7312152
7312188
7312277
7312415
7312440
7312532
7312548
7312731
7312778
7312831
7312930
7312986
7313010
7313087
7313248
7313339
7313399
7313529
7313666
7313853
7313897
7313917
7314309
7314380
7314458
7314712
7314748
7314796
7314884
7315011
7315028
7315237
7315335
7315354
7315433
7315487
7315541
7315619
7315672
7315793
7315850
7315915
7316166
7316252
7316277
7316279
7316612
7316819
7316968
7316988
7317358
7317690
7317711
7317750
7317768
7317772
7317923
7318188
7318200
7318223
7318314
7318346
7318360
7318435
7318450
7318525
7318593
7319059
7319069
7319287
7319559
7319590
7319598
7319777
7319859
7319966
7319974
7320162
7320184
7320260
7320305
7320624
7320628
7320640
7320792
7320851
7321127
7321448
7321543
7321620
7321929
7321958
7322177
7322398
7322500
7322827
7322866
7322882
7322920
7323090
7323234
7323395
7323427
7323493
7323536
7323938
7323947
7324165
7324462
7324463
7324571
7324645
7324887
7324891
7324893
7325245
7325441
7325483
7325536
7325709
7325912
7326118
7326171
7326203
7326212
7326229
7326540
7326585
7326677
7326758
7326768
7326805
7326823
7326898
7326905
7326915
7327005
7327034
7327109
7327117
7327189
7327241
7327263
7327484
7327541
7327572
7327683
7327818
7327872
7328038
7328111
7328156
7328206
7328267
7328279
7328286
7328731
7328823
7329109
7329298
7329304
7329652
7330038
7330169
7330230
7330245
7330392
7330623
7330658
7330685
7330752
7330814
7330904
7330936
7331252
7331385
7331788
7331800
7331834
7331905
7331960
7332067
7332089
7332389
7332550
7332747
7333089
7333183
7333189
7333296
7333434
7333501
7333527
7333665
7333690
7333700
7333903
7333988
7334072
7334124
7334376
7334472
7334491
7334492
7334515
7334527
7334945
7335019
7335142
7335310
7335393
7335401
7335469
7335476
7335557
7335718
7335782
7335848
7335867
7335915
7335977
7336181
7336197
7336285
7336307
7336322
7336520
7336536
7336565
7336615
7336817
7336859
7337002
7337029
7337038
7337149
7337179
7337183
7337325
7337581
7337931
7337958
7338042
7338277
7338335
7338399
7338442
7338449
7338476
7338523
7338625
7338732
7338895
7338990
7338991
7338998
7339403
7339629
7339689
7339850
7340168
7340179
7340306
7340440
7340487
7340534
7340559
7340714
7340803
7340809
7340904
7341072
7341149
7341167
7341311
7341393
7341603
7341648
7341789
7341872
7341918
7342145
7342217
7342446
7342492
7342496
7342656
7342836
7342966
7343052
7343146
7343180
7343263
7343347
7343414
7343619
7343726
7343849
7344031
7344040
7344082
7344109
7344235
7344275
7344284
7344291
7344449
7344758
7344976
7345019
7345088
7345161
7345181
7345230
7345257
7345321
7345375
7345403
7345658
7345660
7345755
7345938
7346028
7346093
7346140
7346334
7346482
7346590
7346630
7346801
7346962
7347031
7347089
7347296
7347322
7347324
7347453
7347572
7347653
7347796
7347885
7347982
7347990
7348155
7348467
7348468
7348594
7348654
7348738
7348954
7349188
7349260
7349443
7349527
7349731
7349818
7350025
7350188
7350336
7350484
7350721
7350829
7351234
7351269
7351277
7351418
7351555
7351617
7351760
7351936
7352047
7352202
7352274
7352445
7352485
7352496
7352526
7352678
7352773
7352845
7352911
7353040
7353157
7353343
7353423
7353480
7353545
7353605
7353692
7353734
7353849
7354085
7354095
7354179
7354329
7354410
7354532
7354688
7354735
7354795
7354822
7354873
7354896
7354902
7354982
7355012
7355077
7355130
7355159
7355284
7355350
7355480
7355652
7355797
7355854
7355910
7356082
7356230
7356239
7356296
7356315
7356393
7356411
7356490
7356569
7356610
7356740
7356883
7357047
7357062
7357152
7357317
7357379
7357724
7357745
7357754
7358031
7358109
7358132
7358201
7358352
7358535
7358589
7358749
7358789
7358964
7358994
7359082
7359487
7359565
7359578
7359707
7359720
7359782
7359955
7359992
7360162
7360472
7360889
7360920
7360935
7361068
7361077
7361151
7361289
7361455
7361650
7361943
7362411
7362710
7362728
7362756
7362989
7362995
7363025
7363031
7363064
7363142
7363153
7363332
7363484
7363554
7363555
7363585
7363696
7363790
7363953
7363968
7364079
7364121
7364358
7364413
7364564
7364620
7364649
7365046
7365206
7365244
7365245
7365277
7365295
7365342
7365359
7365723
7365731
7365785
7365866
7365997
7366132
7366239
7366445
7366523
7366635
7366651
7366779
7366785
7366826
7367014
7367290
7367570
7367614
7367712
7367728
7367814
7367856
7367893
7367971
7368036
7368126
7368230
7368246
7368248
7368262
7368310
7368316
7368506
7368557
7368702
7368732
7368761
7369231
7369335
7369411
7369518
7369610
7369642
7370083
7370140
7370247
7370283
7370300
7370536
7370600
7370702
7370725
7370844
7370855
7370871
7370922
7371193
7371573
7371595
7371642
7371698
7371775
7371873
7371913
7372363
7372376
7372508
7372735
7373174
7373219
7373278
7373317
7373322
7373349
7373471
7373516
7373638
7373739
7373759
7374305
7374317
7374352
7374397
7374487
7374598
7374878
7375092
7375189
7375251
7375300
7375351
7375356
7375386
7375395
7375411
7375455
7375484
7375592
7375596
7375609
7375812
7375913
7376211
7376213
7376282
7376324
7376343
7376511
7376927
7376949
7376974
7377195
7377223
7377367
7377371
7377717
7377765
7377899
7378002
7378054
7378299
7378609
7378655
7378659
7379138
7379215
7379392
7379403
7379579
7379590
7379738
7379754
7379788
7379823
7379983
7380114
7380194
7380217
7380251
7380330
7380363
7380366
7380393
7380436
7380465
7380545
7380551
7380576
7380601
7380730
7380814
7381004
7381443
7381666
7381922
7381930
7381964
7381996
7382019
7382040
7382048
7382190
7382201
7382255
7382308
7382718
7382746
7382754
7382863
7383034
7383197
7383241
7383346
7383547
7383937
7384253
7384293
7384340
7384671
7385024
7385064
7385111
7385447
7385544
7385739
7385764
7385853
7385952
7386098
7386546
7386573
7386585
7386847
7386889
7386974
7387024
7387076
7387184
7387239
7387246
7387374
7387438
7387445
7387541
7387542
7387649
7387769
7388185
7388227
7388402
7388441
7388639
7388672
7389233
7389236
7389472
7389502
7389539
7389544
7389558
7389726
7389751
7389789
7389826
7389833
7389835
7389925
7389941
7389973
7390089
7390168
7390294
7390409
7390432
7390570
7390746
7390787
7391228
7391572
7391640
7391729
7391810
7391852
7391867
7392065
7392071
7392115
7392493
7392501
7392552
7392935
7393160
7393203
7393235
7393263
7393408
7393889
7394003
7394096
7394109
7394306
7394425
7394478
7394487
7394520
7394746
7394782
7394806
7394820
7394895
7394941
7395133
7395244
7395303
7395534
7395641
7395783
7396025
7396329
7396354
7396400
7396633
7396749
7396941
7396957
7396981
7397207
7397214
7397307
7397430
7397495
7397607
7397697
7397775
7397815
7398086
7398215
7398224
7398271
7398430
7398431
7398518
7398646
7398695
7398923
7398942
7398993
7399172
7399320
7399395
7399475
7399525
7399556
7399586
7399690
7399880
7399965
7400126
7400598
7400670
7400718
7400729
7400746
7400831
7400923
7401017
7401090
7401095
7401183
7401205
7401713
7401826
7402243
7402388
7402485
7402507
7402514
7402561
7402720
7402786
7403034
7403429
7403456
7403509
7403625
7403636
7403962
7404058
7404065
7404167
7404372
7404398
7404461
7404484
7404651
7404719
7404767
7404837
7404868
7404950
7404999
7405257
7405263
7405318
7405457
7405473
7405482
7405485
7405522
7405776
7405789
7405809
7405940
7405968
7405979
7405990
7406082
7406168
7406401
7406403
7406468
7406471
7406542
7406610
7406621
7406628
7406639
7406744
7407077
7407092
7407143
7407265
7407372
7407426
7407460
7407588
7407635
7407680
7407760
7407845
7408038
7408072
7408145
7408412
7408730
7408741
7408758
7408794
7408802
7408939
7409019
7409027
7409043
7409176
7409388
7409490
7409499
7409515
7409602
7410026
7410051
7410395
7410405
7410423
7410712
7410749
7410877
7410978
7411020
7411042
7411157
7411200
7411283
7411349
7411365
7411400
7411649
7411684
7411726
7411880
7412056
7412062
7412077
7412442
7412457
7412730
7412877
7412891
7413013
7413063
7413070
7413102
7413287
7413429
7413518
7413535
7413544
7413773
7414054
7414219
7414238
7414457
7414543
7414643
7414656
7414728
7414741
7414800
7414827
7414886
7414901
7415037
7415075
7415090
7415184
7415197
7415288
7415313
7415406
7415561
7415600
7415646
7415702
7415944
7415976
7416092
7416113
7416265
7416348
7416418
7416452
7416772
7416879
7416925
7417093
7417233
7417375
7417394
7417415
7417469
7417505
7417619
7417658
7417811
7417819
7417877
7417925
7417966
7418054
7418140
7418169
7418411
7418503
7418611
7418629
7418635
7418787
7418935
7419053
7419105
7419188
7419202
7419491
7420025
7420113
7420150
7420192
7420293
7420298
7420326
7420597
7420642
7420694
7420714
7420741
7420802
7420970
7420987
7421154
7421287
7421332
7421523
7421585
7421767
7421782
7422047
7422201
7422257
7422373
7422394
7422398
7422499
7422531
7422762
7422784
7422932
7423018
7423083
7423259
7423489
7423819
7423957
7424000
7424175
7424184
7424294
7424318
7424329
7424501
7424555
7424650
7424701
7424891
7425064
7425158
7425255
7425353
7425397
7425440
7425493
7425812
7425900
7426122
7426225
7426259
7426372
7426390
7426971
7427071
7427143
7427158
7427665
7427726
7427780
7427822
7427823
7428005
7428437
7428550
7428567
7428579
7428581
7428812
7428826
7428842
7428975
7429046
7429076
7429086
7429110
7429308
7429344
7429373
7429482
7429512
7429624
7429628
7429677
7430250
7430330
7430477
7430529
7430817
7430976
7431005
7431013
7431049
7431255
7431262
7431273
7431331
7431368
7431387
7431407
7431475
7431624
7431648
7431756
7431794
7431837
7431983
7432029
7432093
7432104
7432270
7432390
7432493
7432703
7432713
7432992
7433007
7433081
7433109
7433184
7433421
7433481
7433585
7433899
7434179
7434201
7434438
7434516
7434520
7434754
7434866
7434932
7434957
7434976
7435020
7435162
7435165
7435543
7435775
7435812
7435977
7436183
7436260
7436302
7436308
7436369
7436378
7436461
7436624
7436759
7436766
7436868
7436950
7437012
7437136
7437316
7437472
7437690
7437703
7437813
7438119
7438231
7438415
7438486
7438498
7438665
7438696
7438722
7438947
7438982
7438990
7439062
7439091
7439135
7439152
7439169
7439200
7439269
7439330
7439482
7439569
7439674
7439913
7439996
7440030
7440145
7440364
7440383
7440411
7440416
7440432
7440515
7440706
7440957
7440984
7441069
7441093
7441110
7441138
7441302
7441809
7441896
7441902
7441925
7441946
7442094
7442130
7442181
7442232
7442373
7442407
7442546
7442554
7442576
7442596
7442762
7442814
7443181
7443228
7443240
7443366
7443411
7443416
7443489
7443541
7443543
7443580
7443595
7443638
7443712
7443723
7444025
7444039
7444040
7444214
7444273
7444454
7444950
7444978
7445018
7445149
7445443
7445790
7445894
7446025
7446049
7446530
7446611
7446613
7446773
7446945
7447019
7447252
7447257
7447260
7447314
7447438
7447469
7447651
7448068
7448225
7448316
7448357
7448427
7449062
7449312
7449316
7449369
7449427
7449526
7449589
7449772
7449804
7449835
7449865
7449940
7449941
7450027
7450028
7450061
7450074
7450177
7450185
7450246
7450361
7450507
7450548
7450687
7450829
7450868
7450976
7451058
7451202
7451289
7451337
7451420
7451454
7451653
7451802
7452135
7452308
7452323
7452356
7452410
7452479
7452539
7452617
7452978
7453173
7453304
7453365
7453417
7453499
7453509
7453770
7453926
7454028
7454132
7454156
7454177
7454201
7454292
7454635
7454796
7454874
7454893
7455219
7455377
7455394
7455574
7455813
7456035
7456395
7456516
7456650
7456820
7456922
7457022
7457167
7457221
7457290
7457309
7457405
7457411
7457476
7457674
7457733
7457929
7457952
7458069
7458204
7458228
7458258
7458391
7458485
7458580
7458614
7458741
7458781
7458854
7458936
7458964
7459015
7459022
7459089
7459131
7459308
7459342
7459417
7459432
7459500
7459535
7459573
7459693
7459884
7459885
7459943
7460381
7460484
7460491
7460633
7460807
7460844
7460859
7461028
7461034
7461093
7461195
7461285
7461360
7461476
7461706
7461707
7461737
7461990
7462188
7462346
7462409
7462828
7462840
7463109
7463214
7463252
7463480
7463629
7463646
7463684
7463844
7463946
7464013
7464056
7464099
7464108
7464113
7464213
7464259
7464319
7464378
7464413
7464461
7464545
7464586
7464781
7464879
7464889
7464928
7465111
7465217
7465442
7465559
7465621
7465673
7465720
7465762
7465888
7466018
7466071
7466228
7466298
7466331
7466901
7466912
7467296
7467322
7467347
7467488
7467804
7467812
7468005
7468044
7468066
7468225
7468245
7468463
7468471
7468712
7468778
7468835
7469000
7469345
7469482
7469522
7469568
7469755
7469786
7469841
7469877
7470103
7470218
7470399
7470459
7470498
7470773
7471070
7471116
7471328
7471481
7471584
7471642
7471647
7471663
7471738
7471818
7472154
7472207
7472248
7472264
7472300
7472302
7472305
7472556
7472699
7472716
7472941
7472973
7473064
7473101
7473211
7473244
7473358
7473376
7473867
7473928
7473933
7473961
7473995
7474143
7474299
7474358
7474363
7474501
7474598
7474854
7474912
7474937
7474997
7475134
7475139
7475321
7475372
7475380
7475629
7475736
7475813
7475861
7475877
7475915
7475957
7475983
7476076
7476089
7476171
7476321
7476332
7476672
7476791
7476817
7476909
7476962
7477069
7477165
7477236
7477516
7477614
7477617
7477626
7477644
7477679
7477693
7477856
7477947
7478010
7478037
7478209
7478265
7478266
7478356
7478398
7478806
7478849
7478925
7478975
7479048
7479154
7479223
7479229
7479330
7479411
7479428
7479452
7479467
7479490
7479602
7479655
7479767
7479952
7479990
7480027
7480067
7480174
7480275
7480309
7480332
7480367
7480386
7480394
7480471
7480558
7480608
7480628
7480680
7480779
7480932
7481111
7481124
7481230
7481286
7481301
7481383
7481474
7481703
7481736
7481754
7481802
7481810
7481889
7482040
7482057
7482296
7482314
7482350
7482450
7482551
7482670
7482768
7482829
7482906
7482931
7483010
7483015
7483320
7483411
7483477
7483478
7483561
7483573
7483582
7483821
7483972
7484486
7484552
7484868
7484956
7484987
7484988
7485015
7485077
7485097
7485188
7485209
7485384
7485565
7485718
7485831
7485855
7485927
7486092
7486097
7486147
7486263
7486293
7486306
7486360
7486501
7486661
7486799
7486844
7486870
7486911
7486998
7487156
7487164
7487335
7487347
7487574
7487584
7487636
7487832
7487838
7488057
7488083
7488135
7488282
7488472
7488776
7488777
7488849
7488941
7488956
7489108
7489155
7489156
7489173
7489222
7489270
7489413
7489438
7489575
7489634
7489767
7489783
7489798
7489877
7489959
7490015
7490105
7490127
7490213
7490287
7490333
7490368
7490373
7490593
7490778
7490822
7490907
7490912
7491065
7491131
7491370
7491436
7491454
7491469
7491531
7491764
7492015
7492060
7492108
7492147
7492266
7492389
7492507
7492638
7492658
7492662
7492751
7492778
7492873
7493005
7493059
7493077
7493621
7493642
7493830
7493920
7493954
7493957
7494109
7494229
7494240
7494481
7494558
7494777
7494832
7495108
7495251
7495260
7495262
7495444
7495455
7495595
7495731
7495738
7495825
7495867
7495972
7496000
7496105
7496238
7496471
7496503
7496567
7496625
7496676
7496869
7497081
7497119
7497172
7497312
7497435
7497630
7497727
7497911
7497964
7498128
7498198
7498401
7498410
7498414
7498529
7498572
7498896
7498918
7498954
7498984
7499211
7499535
7499542
7499627
7499807
7499895
7499954
7500145
7500295
7500544
7500601
7500694
7500720
7500759
7500786
7500812
7500822
7501111
7501318
7501349
7501381
7501563
7501633
7501657
7501658
7501706
7501902
7501936
7501959
7502060
7502070
7502173
7502236
7502255
7502256
7502277
7502299
7502576
7502582
7502617
7503014
7503146
7503259
7503269
7503498
7503529
7503897
7503898
7503932
7503965
7504082
7504172
7504189
7504212
7504442
7504449
7504462
7504577
7504653
7504747
7504784
7504817
7504944
7505035
7505079
7505144
7505175
7505231
7505246
7505549
7505561
7505668
7505766
7505799
7505954
7506142
7506150
7506261
7506270
7506345
7506748
7507066
7507099
7507160
7507327
7507420
7507451
7507484
7507607
7507636
7507806
7507830
7507894
7507900
7507997
7508072
7508156
7508219
7508268
7508311
7508334
7508372
7508618
7508697
7508705
7508952
7509005
7509015
7509032
7509117
7509194
7509298
7509463
7509487
7509569
7509747
7509811
7509817
7510016
7510068
7510204
7510250
7510448
7510518
7510538
7510883
7510941
7510991
7511077
7511081
7511253
7511397
7511784
7511811
7511966
7512127
7512188
7512228
7512244
7512261
7512268
7512466
7512781
7512871
7512928
7512957
7513067
7513146
7513190
7513522
7513702
7513854
7513864
7513892
7514111
7514145
7514261
7514430
7514570
7514746
7514915
7515022
7515134
7515162
7515242
7515392
7515560
7515562
7515569
7515668
7515700
7515778
7515822
7515862
7515918
7516022
7516062
7516077
7516390
7516457
7516496
7516639
7516772
7516911
7517148
7517149
7517174
7517380
7517571
7517678
7517758
7518111
7518194
7518486
7518595
7518710
7518757
7518956
7519075
7519194
7519216
7519249
7519330
7519345
7519438
7519467
7520150
7520181
7520718
7520817
7520830
7520837
7520880
7520977
7520979
7521176
7521269
7521442
7521876
7521907
7522007
7522346
7522675
7522761
7522829
7522978
7523042
7523043
7523121
7523595
7523613
7523621
7523689
7523695
7524048
7524172
7524178
7524314
7524367
7524450
7524521
7524788
7524820
7524942
7525042
7525068
7525600
7525653
7525737
7525762
7525798
7525930
7525937
7525939
7526008
7526236
7526375
7526459
7526474
7526827
7527151
7527157
7527382
7527387
7527450
7527471
7527669
7527684
7527747
7527826
7528051
7528090
7528279
7528314
7528440
7528529
7528549
7528553
7528641
7528755
7528812
7528996
7529082
7529248
7529528
7529802
7529897
7529943
7529997
7530105
7530110
7530140
7530184
7530367
7530415
7530651
7530735
7530844
7530875
7531102
7531134
7531195
7531502
7531518
7531538
7531622
7531639
7531659
7531803
7531816
7532355
7532490
7532734
7532887
7532943
7533008
7533069
7533100
7533236
7533507
7533593
7533620
7533669
7533742
7533749
7533950
7534243
7534267
7534275
7534440
7534464
7534465
7534597
7534685
7534718
7534737
7534908
7535178
7535219
7535242
7535243
7535681
7535750
7535780
7536216
7536277
7536423
7536471
7536480
7536603
7536933
7537021
7537190
7537375
7537518
7537714
7537810
7537827
7537884
7537948
7537967
7537972
7538118
7538123
7538178
7538200
7538271
7538383
7538417
7538486
7538489
7538632
7538666
7539038
7539055
7539093
7539171
7539208
7539291
7539325
7539476
7539669
7539708
7539744
7539762
7539902
7539904
7539995
7540144
7540204
7540208
7540751
7541158
7541280
7541364
7541600
7541649
7541780
7542056
7542120
7542197
7542284
7542409
7542662
7542677
7542718
7542814
7543203
7543272
7543318
7543544
7543546
7543916
7543962
7544034
7544096
7544130
7544280
7544334
7544419
7544589
7544674
7544714
7545131
7545170
7545437
7545556
7545659
7545735
7545944
7545946
7546040
7546384
7546458
7546468
7546501
7546573
7546660
7546718
7546763
7546991
7547072
7547149
7547383
7547422
7547488
7547679
7547687
7547724
7547843
7547896
7548154
7548263
7548386
7548526
7548870
7549005
7549037
7549218
7549379
7549487
7549518
7549570
7549600
7549750
7549868
7549935
7550106
7550123
7550234
7550260
7550301
7550396
7550416
7550570
7550647
7550714
7551303
7551321
7551322
7551355
7551439
7551491
7551517
7551612
7551771
7551845
7551869
7551884
7551957
7552105
7552180
7552405
7552428
7552437
7552503
7552641
7552773
7552776
7552990
7552995
7553124
7553363
7553374
7553574
7553599
7553625
7553721
7553801
7553925
7553969
7554024
7554087
7554109
7554172
7554257
7554477
7554618
7554728
7554825
7554873
7554987
7555020
7555030
7555098
7555284
7555550
7555594
7555752
7555826
7555840
7555940
7555953
7556009
7556042
7556209
7556224
7556367
7556456
7556561
7556589
7556623
7556698
7556894
7556945
7557200
7557262
7557392
7557509
7557723
7557963
7558176
7558234
7558354
7558363
7558480
7558816
7558971
7559064
7559066
7559105
7559153
7559169
7559239
7559376
7559389
7559491
7559512
7559715
7559785
7559857
7559934
7559940
7560052
7560072
7560393
7560426
7560486
7560509
7560512
7560528
7560568
7560637
7560680
7560729
7560854
7560881
7560937
7560938
7561125
7561134
7561312
7561327
7561545
7561631
7561809
7562004
7562008
7562144
7562248
7562404
7562441
7562456
7562521
7562803
7562929
7563042
7563112
7563146
7563309
7563400
7563443
7563479
7563569
7563575
7563587
7564057
7564544
7564552
7564580
7564681
7564694
7564732
7564885
7564904
7564933
7564988
7565055
7565103
7565105
7565226
7565341
7565389
7565486
7565508
7565714
7565742
7565790
7565997
7566009
7566054
7566083
7566164
7566195
7566297
7566367
7566389
7566417
7566512
7566528
7566604
7566622
7566739
7566897
7567001
7567072
7567084
7567092
7567281
7567296
7567319
7567322
7567437
7567477
7567488
7567527
7567555
7567585
7567711
7567722
7567850
7568005
7568068
7568226
7568250
7568305
7568319
7568345
7568359
7568668
7568801
7569175
7569271
7569365
7569447
7569497
7569720
7569766
7569777
7569792
7569825
7570154
7570295
7570414
7570496
7570596
7570637
7570703
7570707
7570817
7570878
7571169
7571357
7571380
7571463
7571465
7571501
7571556
7571821
7571923
7571935
7572012
7572017
7572050
7572087
7572178
7572269
7572403
7572505
7572751
7572825
7572827
7572831
7572933
7572949
7573120
7573191
7573461
7573716
7573748
7573837
7574009
7574053
7574055
7574143
7574254
7574262
7574511
7574544
7574606
7574619
7574822
7574831
7574862
7574869
7574967
7574992
7575370
7575481
7575592
7575606
7575608
7575662
7575664
7575735
7575755
7575849
7575958
7576223
7576249
7576515
7576668
7576670
7576714
7576772
7576811
7576858
7576864
7576887
7577039
7577046
7577142
7577164
7577276
7577343
7577466
7577563
7577612
7577656
7577685
7578019
7578053
7578119
7578147
7578189
7578577
7578726
7578735
7579026
7579056
7579200
7579205
7579208
7579213
7579352
7579376
7579398
7579407
7579495
7579613
7579712
7579722
7579745
7579755
7579872
7579995
7580207
7580396
7580401
7580419
7580549
7580633
7580675
7580838
7581042
7581054
7581289
7581498
7581525
7581705
7581771
7581779
7581784
7581859
7581883
7581911
7581923
7582401
7582463
7582469
7582621
7582625
7582668
7582676
7582781
7583091
7583112
7583121
7583148
7583472
7583495
7583504
7583509
7583555
7583679
7583952
7584026
7584044
7584050
7584394
7584528
7584578
7584649
7584692
7584700
7584714
7584746
7584868
7585167
7585199
7585364
7585574
7585710
7585861
7585910
7586079
7586090
7586162
7586499
7586702
7586746
7586780
7586884
7587109
7587440
7587466
7587516
7587591
7587604
7587626
7587764
7587866
7587949
7588051
7588540
7588580
7588673
7588714
7588770
7588933
7588961
7588963
7589037
7589207
7589438
7589506
7589723
7589886
7589898
7590030
7590226
7590265
7590428
7590452
7590509
7590626
7590660
7590847
7590893
7590931
7590966
7591292
7591348
7591382
7591422
7591483
7591772
7591809
7591937
7592159
7592167
7592177
7592255
7592303
7592369
7592385
7592392
7592529
7592551
7592654
7592870
7592905
7593143
7593420
7593519
7593669
7593670
7594212
7594242
7594306
7594315
7594572
7594716
7594994
7595155
7595183
7595194
7595206
7595270
7595434
7595572
7595790
7595867
7595905
7596203
7596279
7596284
7596343
7596392
7596410
7596518
7596575
7596643
7596804
7596820
7596931
7596937
7597007
7597056
7597101
7597149
7597200
7597232
7597353
7597551
7597580
7597641
7597888
7597938
7598103
7598192
7598247
7598300
7598363
7598393
7598401
7598495
7598501
7598612
7599394
7599766
7600043
7600075
7600093
7600095
7600160
7600213
7600283
7600531
7600566
7600567
7600809
7600926
7600953
7600999
7601050
7601107
7601193
7601217
7601317
7601332
7601341
7601448
7601578
7601585
7602022
7602138
7602438
7602482
7602756
7602784
7602817
7602835
7602840
7603138
7603314
7603388
7603427
7603475
7603506
7603515
7603555
7603959
7603991
7603993
7604035
7604137
7604275
7604398
7604748
7604830
7604907
7605004
7605028
7605175
7605260
7605391
7605406
7605453
7605465
7605828
7605832
7605950
7605966
7605971
7606007
7606216
7606296
7606389
7606408
7606415
7606546
7606549
7606688
7606803
7607063
7607067
7607158
7607197
7607329
7607404
7607420
7607597
7607598
7607628
7607762
7607819
7608060
7608061
7608068
7608179
7608383
7608390
7608446
7608475
7608552
7608596
7608834
7608964
7609092
7609103
7609148
7609284
7609336
7609581
7609676
7609678
7609826
7609913
7609942
7609980
7610025
7610063
7610143
7610153
7610726
7610794
7611176
7611272
7611541
7611693
7611880
7611900
7611908
7611930
7611963
7611969
7612226
7612406
7612430
7612489
7612631
7612663
7612681
7612829
7612875
7613166
7613244
7613274
7613279
7613286
7613347
7613362
7613415
7613850
7613942
7613981
7613983
7614311
7614447
7614558
7614598
7614848
7615343
7615401
7615412
7615430
7615481
7615489
7615580
7615676
7615864
7616020
7616192
7616200
7616303
7616413
7616414
7616486
7616867
7616895
7617191
7617271
7617447
7617506
7617578
7617587
7617598
7617682
7617746
7617922
7617946
7617949
7617995
7618074
7618330
7618371
7618559
7618574
7618612
7618640
7618721
7618729
7618901
7619224
7619291
7619307
7619319
7619355
7619357
7619464
7619493
7619737
7619762
7619787
7619845
7619989
7620057
7620151
7620239
7620268
7620329
7620512
7620546
7620579
7620608
7620619
7620743
7620879
7621046
7621147
7621251
7621275
7621353
7621516
7621599
7621690
7621707
7621881
7621924
7622029
7622119
7622233
7622289
7622310
7622540
7622569
7622724
7622850
7622875
7622947
7623029
7623056
7623134
7623172
7623184
7623208
7623345
7623465
7623516
7623530
7623601
7623623
7623728
7623775
7623852
7623920
7624006
7624026
7624071
7624115
7624174
7624180
7624257
7624416
7624500
7624525
7624573
7624623
7624681
7624779
7624889
7624916
7625100
7625210
7625586
7625959
7625968
7626073
7626231
7626262
7626331
7626339
7626385
7626387
7626478
7626633
7626676
7626684
7626936
7626948
7627052
7627320
7627500
7627745
7627801
7627810
7627890
7628303
7628341
7628382
7628392
7628499
7628540
7628605
7628633
7628672
7628903
7629079
7629158
7629227
7629279
7629310
7629321
7629345
7629347
7629409
7629448
7629600
7629695
7629702
7629737
7629861
7629982
7630259
7630268
7630524
7630527
7630567
7630597
7630598
7630616
7630632
7630804
7630890
7631042
7631148
7631430
7631457
7631599
7631839
7631847
7631976
7632069
7632355
7632626
7632648
7632778
7632813
7632978
7633399
7633431
7633473
7633692
7633696
7633704
7633843
7633981
7634090
7634167
7634632
7634836
7634889
7634955
7634990
7635081
7635135
7635162
7635218
7635334
7635552
7635717
7635731
7635786
7635802
7635820
7635899
7635939
7636131
7636143
7636165
7636332
7636384
7636414
7636415
7636435
7636616
7636744
7636829
7636865
7636878
7636912
7637028
7637159
7637223
7637354
7637486
7637487
7637511
7637584
7637920
7638046
7638111
7638112
7638367
7638454
7638611
7638650
7638651
7638828
7638890
7638927
7638929
7638981
7639050
7639149
7639168
7639239
7639390
7639452
7639499
7639515
7639637
7639673
7639777
7639810
7639923
7639978
7640054
7640107
7640277
7640304
7640381
7640769
7640817
7640827
7640901
7641067
7641094
7641156
7641427
7641441
7641448
7641478
7641500
7641581
7641625
7641653
7641752
7641860
7641913
7642023
7642076
7642135
7642283
7642293
7642345
7642346
7642492
7642619
7642651
7642715
7642777
7642936
7643137
7643272
7643433
7643447
7643719
7643765
7643779
7643782
7643815
7643994
7644076
7644327
7644363
7644369
7644375
7644381
7644418
7644492
7644545
7644747
7644766
7644792
7644817
7644860
7644904
7644913
7644979
7645067
7645087
7645183
7645662
7645723
7645854
7645867
7646067
7646351
7646384
7646638
7646834
7646857
7646944
7647018
7647142
7647450
7647515
7647526
7647579
7647592
7648373
7648644
7649276
7649281
7649530
7649870
7649910
7649923
7649936
7649940
7650038
7650113
7650196
7650200
7650368
7650369
7650408
7650452
7650466
7650838
7650931
7651071
7651131
7651176
7651239
7651294
7651415
7651426
7651525
7651655
7651935
7651955
7651999
7652007
7652091
7652159
7652166
7652174
7652187
7652210
7652245
7652307
7652347
7652384
7652440
7652548
7652733
7652771
7652901
7652923
7652945
7652981
7652986
7653026
7653081
7653119
7653160
7653203
7653209
7653463
7653678
7653689
7653714
7653748
7653822
7654010
7654136
7654428
7654453
7654520
7654664
7655003
7655334
7655367
7655430
7655536
7655546
7655571
7655580
7655581
7655676
7655854
7655857
7655907
7656004
7656053
7656213
7656657
7656699
7656725
7656756
7656901
7656913
7656950
7657141
7657278
7657303
7657308
7657332
7657496
7657806
7657875
7657952
7657995
7658596
7658697
7658742
7658758
7658881
7658929
7658957
7659109
7659228
7659243
7659370
7659453
7659466
7659795
7659889
7659897
7660500
7660647
7660798
7661350
7661488
7661509
7661521
7661703
7661778
7661862
7661969
7662015
7662090
7662172
7662173
7662359
7662443
7662511
7662564
7662652
7662700
7662757
7663209
7663308
7663400
7663403
7663534
7663680
7663740
7663976
7664003
7664259
7664442
7664551
7664618
7664849
7664850
7664851
7665015
7665142
7665279
7665354
7665480
7665540
7665808
7665874
7666304
7666335
7666351
7666378
7666440
7666581
7666971
7667055
7667119
7667235
7667246
7667297
7667432
7667604
7667804
7667835
7667886
7667889
7667903
7667910
7667915
7667988
7668095
7668189
7668245
7668297
7668315
7668369
7668421
7668674
7668818
7668868
7668870
7669091
7669261
7669277
7669285
7669433
7669656
7669840
7669955
7669963
7670159
7670234
7670293
7670334
7670346
7670384
7670472
7670612
7670700
7671035
7671057
7671140
7671204
7671510
7671620
7671728
7671784
7672297
7672368
7672429
7672491
7672677
7672954
7672979
7673095
7673097
7673105
7673157
7673379
7673410
7673468
7673485
7673499
7673571
7673652
7673692
7673780
7674006
7674272
7674859
7674862
7674863
7674886
7675025
7675060
7675390
7675439
7675443
7675576
7675671
7675714
7675740
7675762
7675784
7675816
7675833
7675861
7675895
7675988
7676007
7676096
7676238
7676322
7676368
7676387
7676443
7676507
7676574
7676621
7676715
7676774
7676797
7676802
7676845
7676922
7676969
7677140
7677206
7677222
7677252
7677475
7677541
7677585
7677647
7677657
7677830
7677871
7678041
7678088
7678195
7678275
7678431
7678625
7678858
7679091
7679167
7679474
7679538
7679593
7679620
7679765
7680162
7680413
7680464
7680487
7680577
7680623
7680686
7680741
7680839
7680860
7680877
7680897
7681220
7681359
7681568
7681658
7681669
7681692
7682187
7682495
7682532
7682603
7682620
7682795
7683013
7683095
7683111
7683114
7683122
7683172
7683307
7683406
7683415
7683417
7683566
7683588
7683714
7683746
7683787
7683872
7684095
7684147
7684343
7684592
7684663
7684804
7684978
7685122
7685288
7685314
7685424
7685448
7685520
7685634
7685771
7685850
7685861
7685904
7686056
7686060
7686129
7686209
7686273
7686294
7686382
7686386
7686459
7686515
7686517
7686535
7686608
7686707
7686719
7686841
7686874
7686895
7687134
7687189
7687281
7687319
7687374
7687411
7687435
7687444
7687542
7687805
7687901
7687967
7688592
7688700
7688702
7688717
7688749
7688754
7688818
7688819
7688913
7689103
7689156
7689203
7689292
7689323
7689333
7689380
7689422
7689426
7689581
7689796
7689827
7689872
7689901
7690149
7690250
7690390
7690505
7690557
7690632
7690712
7690788
7690811
7690947
7690953
7691085
7691121
7691172
7691206
7691218
7691226
7691238
7691338
7691373
7691386
7691439
7691441
7691536
7691541
7691544
7691555
7691756
7691774
7691921
7691996
7692019
7692035
7692047
7692061
7692123
7692184
7692191
7692341
7692360
7692418
7692450
7692514
7692527
7692699
7692813
7692819
7693145
7693488
7693800
7693844
7693924
7694372
7694392
7694566
7694624
7694665
7694881
7694890
7695177
7695352
7695387
7695425
7695553
7695596
7695615
7695715
7695790
7695867
7695915
7696098
7696120
7696285
7696375
7696383
7696416
7696561
7696602
7696680
7696706
7696754
7696841
7697008
7697284
7697432
7697466
7697573
7697600
7697630
7697686
7697697
7697884
7698004
7698342
7698461
7698493
7698817
7698873
7698876
7699014
7699058
7699076
7699412
7699517
7699552
7699659
7699745
7699923
7699953
7699983
7700034
7700194
7700317
7700422
7700450
7700545
7700711
7700712
7700801
7700969
7700998
7701018
7701121
7701161
7701313
7701368
7701429
7701453
7701463
7701475
7701553
7701585
7701625
7701971
7702005
7702159
7702163
7702310
7702394
7702442
7702528
7702557
7702712
7702814
7702832
7702868
7702884
7703027
7703037
7703277
7703357
7703362
7703437
7703476
7703590
7703629
7703660
7703677
7703703
7703712
7703843
7703846
7704019
7704055
7704173
7704221
7704234
7704331
7704459
7704540
7704701
7704990
7705034
7705061
7705137
7705166
7705273
7705315
7705404
7705552
7705834
7706253
7706402
7706475
7706477
7706518
7706589
7706753
7706756
7706846
7706855
7707013
7707039
7707094
7707143
7707272
7707281
7707334
7707515
7707535
7707634
7707688
7707847
7707854
7708086
7708095
7708130
7708449
7708583
7708708
7708739
7708868
7709084
7709568
7709658
7709701
7709854
7709879
7710075
7710086
7710105
7710251
7710302
7710505
7710589
7710656
7710719
7710797
7711005
7711123
7711409
7711423
7711651
7711663
7711805
7711858
7711953
7712006
7712034
7712112
7712263
7712477
7712501
7712869
7712979
7713058
7713096
7713151
7713271
7713630
7713982
7714240
7714275
7714319
7714428
7714911
7715295
7715355
7715454
7715569
7715648
7715727
7715822
7716053
7716180
7716253
7716272
7716464
7716680
7716828
7716982
7717000
7717068
7717098
7717229
7717328
7717356
7717547
7717566
7717589
7717705
7717734
7717904
7718110
7718121
7718177
7718209
7718311
7718317
7718339
7718375
7718629
7718979
7719291
7719355
7719412
7719674
7720120
7720243
7720353
7720462
7720465
7720481
7720513
7720601
7720650
7720878
7720941
7721029
7721065
7721141
7721235
7721307
7721575
7721598
7721611
7721634
7721939
7722004
7722034
7722083
7722187
7722198
7722292
7722297
7722327
7722464
7722570
7722722
7722731
7722759
7722830
7722895
7722908
7722980
7723207
7723244
7723310
7723331
7723479
7723934
7723951
7724025
7724035
7724059
7724063
7724069
7724107
7724162
7724301
7724358
7724363
7724728
7724750
7724879
7724908
7724920
7724965
7725125
7725161
7725172
7725224
7725292
7725305
7725318
7725356
7725518
7725622
7725659
7725720
7725916
7725944
7726040
7726055
7726092
7726269
7726363
7726391
7726618
7726761
7726777
7726921
7726968
7727495
7727509
7727827
7728094
7728118
7728322
7728411
7728442
7728498
7728581
7728715
7728824
7728911
7728992
7729069
7729175
7729185
7729325
7729435
7729532
7729542
7729687
7729694
7729801
7729883
7729943
7730083
7730145
7730270
7730344
7730350
7730463
7730589
7730611
7730642
7730854
7730863
7730942
7730986
7731222
7731292
7731385
7731440
7731477
7731580
7731589
7731626
7731720
7731783
7732076
7732150
7732218
7732234
7732258
7732481
7732789
7732814
7732884
7732933
7732985
7733021
7733060
7733132
7733142
7733363
7733415
7733545
7733607
7733648
7733895
7734109
7734284
7734426
7734438
7734468
7734569
7734593
7734612
7734782
7734861
7734941
7735104
7735116
7735166
7735172
7735294
7735833
7735892
7736013
7736129
7736151
7736271
7736302
7736478
7736489
7736842
7736889
7736896
7736958
7737231
7737314
7737530
7737774
7737943
7737986
7737990
7738230
7738342
7738357
7738362
7738425
7738509
7738716
7738729
7738762
7738864
7739053
7739362
7739580
7739743
7739886
7739909
7740216
7740308
7740345
7740363
7740386
7740479
7740727
7740752
7740755
7741000
7741178
7741231
7741272
7741291
7741370
7741464
7741487
7741527
7741568
7741608
7741649
7741679
7741709
7741783
7741889
7741891
7741901
7741925
7741939
7742082
7742085
7742095
7742149
7742303
7742349
7742365
7742653
7742760
7743308
7743446
7743534
7743602
7743615
7743748
7743757
7743781
7743805
7744035
7744044
7744079
7744329
7744345
7744447
7744461
7744503
7744566
7744647
7744711
7744904
7744916
7744986
7745344
7745543
7745620
7745639
7745722
7745823
7745880
7745912
7745976
7746026
7746221
7746238
7746322
7746328
7746379
7746416
7746464
7746530
7746636
7746685
7746692
7746994
7747245
7747363
7747376
7747418
7747448
7747535
7747639
7747665
7747710
7747945
7747988
7748017
7748341
7748384
7748445
7748459
7748517
7748559
7748615
7748660
7748752
7748773
7748808
7748871
7748986
7749207
7749231
7749234
7749361
7749408
7749503
7749583
7749715
7749769
7749855
7749892
7750070
7750207
7750285
7750337
7750702
7751128
7751139
7751278
7751357
7751358
7751422
7751454
7751468
7751637
7751714
7752038
7752205
7752329
7752351
7752447
7752554
7752602
7752659
7752760
7752793
7752827
7752851
7753051
7753211
7753236
7753302
7753304
7753363
7753423
7753434
7753462
7753670
7753731
7753941
7753979
7753999
7754287
7754329
7754416
7754494
7754569
7754825
7754854
7754861
7754885
7754945
7755245
7755327
7755409
7755508
7755624
7755627
7755651
7755791
7755909
7755942
7755978
7756007
7756074
7756178
7756181
7756251
7756507
7756523
7756528
7756694
7756823
7756837
7757049
7757064
7757112
7757192
7757237
7757278
7757322
7757328
7757427
7757568
7757607
7757670
7757869
7758020
7758186
7758282
7758344
7758387
7758604
7758644
7758665
7758689
7758801
7758818
7759033
7759036
7759120
7759189
7759220
7759237
7759354
7759362
7759417
7759536
7759557
7759693
7759839
7759842
7759859
7759985
7760028
7760116
7760134
7760308
7760360
7760535
7760553
7760557
7760644
7760679
7760702
7760758
7760760
7760763
7760960
7761123
7761261
7761496
7761524
7761535
7761636
7761692
7762152
7762360
7762583
7762663
7762901
7762998
7763006
7763242
7763419
7763446
7763516
7763587
7763720
7763770
7763944
7764178
7764341
7764355
7764518
7764662
7764902
7764905
7764964
7765112
7765265
7765374
7765502
7765563
7765660
7765929
7766196
7766335
7766492
7766616
7766864
7766920
7766980
7767004
7767075
7767246
7767249
7767407
7767582
7767725
7767740
7767831
7767924
7767935
7767941
7768017
7768033
7768036
7768125
7768147
7768353
7768549
7768573
7768604
7768671
7768675
7768744
7768763
7768866
7768888
7768932
7768944
7769039
7769108
7769456
7769457
7769499
7769871
7769905
7770065
7770288
7770300
7770417
7770624
7770781
7770806
7770977
7771017
7771024
7771203
7771248
7771294
7771352
7771418
7771483
7771581
7771585
7771617
7771957
7772008
7772027
7772066
7772112
7772134
7772335
7772357
7772397
7772459
7772495
7772497
7772542
7772574
7772596
7772656
7772825
7772950
7773092
7773225
7773376
7773516
7773654
7773784
7773790
7773806
7774104
7774129
7774155
7774209
7774260
7774353
7774474
7774748
7774811
7774860
7774891
7774892
7775055
7775146
7775272
7775383
7775491
7775603
7775625
7775689
7775760
7775795
7775800
7775839
7775986
7776052
7776070
7776183
7776392
7776394
7776439
7776529
7776541
7776706
7776707
7776747
7776816
7777182
7777289
7777309
7777366
7777399
7777559
7777673
7777777
7777793
7777842
7778049
7778265
7778266
7778274
7778300
7778472
7778490
7778532
7778577
7778592
7778760
7778848
7779119
7779138
7779166
7779433
7779509
7779537
7779563
7779774
7779828
7780087
7780121
7780157
7780203
7780338
7780504
7780564
7780585
7780610
7780623
7780648
7780712
7780716
7781058
7781107
7781203
7781487
7781668
7781870
7781880
7781971
7782029
7782104
7782158
7782196
7782238
7782343
7782764
7782795
7782824
7782836
7782909
7782939
7782978
7783000
7783040
7783080
7783139
7783217
7783318
7783454
7783518
7783526
7783635
7783643
7783795
7783897
7783990
7784160
7784379
7784392
7784463
7784521
7784596
7784684
7784993
7785039
7785127
7785181
7785240
7785336
7785446
7785451
7785490
7785501
7785659
7785689
7785810
7785871
7785947
7786150
7786155
7786294
7786325
7786405
7786416
7786427
7786847
7787018
7787082
7787128
7787147
7787369
7787513
7787798
7787816
7787861
7787928
7788184
7788228
7788412
7788582
7788688
7788710
7788750
7788805
7788915
7789084
7789196
7789296
7789389
7789443
7789605
7789653
7789681
7789684
7789873
7789897
7789940
7789983
7790020
7790024
7790083
7790105
7790135
7790254
7790408
7790415
7790452
7790473
7790546
7790548
7790661
7790676
7790681
7790818
7790826
7790871
7791126
7791256
7791292
7791754
7791801
7791808
7791821
7791893
7791906
7792016
7792265
7792327
7792371
7792376
7792387
7792472
7792535
7792591
7792675
7792762
7792840
7792931
7793020
7793150
7793441
7793670
7793702
7793779
7793880
7794082
7794251
7794333
7794401
7794418
7794434
7794583
7794782
7794828
7795085
7795139
7795282
7795558
7795597
7795611
7795660
7795771
7795800
7795813
7795887
7796052
7796254
7796259
7796290
7796486
7796524
7796549
7796590
7796657
7796733
7796987
7797185
7797191
7797257
7797309
7797333
7797461
7797543
7797606
7797858
7797940
7798024
7798337
7798429
7798537
7798560
7798575
7798706
7798799
7798952
7799068
7799201
7799335
7799356
7799402
7799498
7799660
7799667
7799690
7799735
7799820
7799964
7800147
7800187
7800237
7800343
7800420
7800473
7800686
7800852
7800865
7801146
7801628
7801629
7801639
7801650
7801658
7801938
7802316
7802496
7802504
7802654
7802664
7802725
7802761
7802917
7802956
7803062
7803110
7803138
7803282
7803428
7803555
7803615
7803645
7803663
7803729
7803854
7804020
7804046
7804398
7804409
7804421
7804479
7804579
7804773
7804812
7805137
7805228
7805279
7805316
7805436
7805494
7805604
7805697
7805782
7806217
7806327
7806406
7806441
7806609
7806705
7806767
7807007
7807094
7807158
7807204
7807277
7807302
7807405
7807530
7807557
7807581
7807635
7808192
7808214
7808242
7808278
7808494
7808625
7808910
7809233
7809267
7809499
7809503
7809763
7809859
7809904
7809949
7809979
7810026
7810354
7810419
7810635
7810784
7810900
7810947
7811391
7811449
7811484
7811756
7811930
7811948
7812080
7812095
7812116
7812184
7812277
7812344
7812610
7812674
7812810
7812977
7813211
7813402
7813439
7813447
7813563
7813615
7813642
7813746
7814115
7814182
7814196
7814366
7814435
7814464
7814589
7814913
7814958
7815009
7815014
7815175
7815234
7815348
7815389
7815475
7815536
7815660
7815714
7815800
7815894
7815972
7816162
7816224
7816242
7816449
7816558
7816594
7816707
7816728
7817047
7817105
7817158
7817220
7817305
7817331
7817388
7817406
7817431
7817573
7817699
7817836
7817890
7818203
7818240
7818300
7818374
7818441
7818487
7818668
7818712
7818731
7818744
7819565
7819747
7819748
7819971
7819977
7820090
7820167
7820514
7820797
7820958
7821122
7821178
7821312
7821365
7821433
7821472
7821514
7821559
7821796
7821935
7821941
7821943
7822056
7822100
7822125
7822496
7822635
7822720
7822787
7822852
7822950
7823139
7823182
7823263
7823403
7823442
7823472
7823498
7823617
7823796
7823838
7823874
7823904
7823951
7824363
7824525
7824603
7824614
7824668
7824712
7824803
7824873
7825038
7825095
7825172
7825298
7825339
7825724
7825787
7825995
7826119
7826506
7826547
7826672
7826907
7826948
7827004
7827168
7827353
7827424
7827511
7828100
7828614
7828757
7828762
7828831
7828856
7828890
7829116
7829183
7829228
7829457
7829470
7829508
7829595
7829605
7829755
7829906
7830221
7830275
7830296
7830770
7830910
7831021
7831091
7831213
7831292
7831424
7831490
7831497
7831556
7831606
7831697
7831797
7831817
7831894
7832041
7832125
7832203
7832256
7832343
7832507
7832549
7832791
7832799
7832863
7832936
7833117
7833248
7833274
7833351
7833718
7833749
7833773
7833904
7833971
7833979
7833988
7834095
7834105
7834193
7834241
7834426
7834447
7834572
7834721
7834805
7834925
7834931
7834936
7834958
7834984
7835174
7835226
7835232
7835330
7835334
7835467
7835506
7835520
7835554
7835568
7835572
7835591
7835716
7835750
7835849
7835986
7836009
7836117
7836335
7836385
7836547
7836638
7836661
7836688
7836756
7836821
7837024
7837074
7837127
7837185
7837293
7837436
7837491
7837700
7837747
7837794
7837848
7837884
7837937
7837971
7838043
7838086
7838162
7838210
7838388
7838486
7838543
7838744
7839023
7839092
7839257
7839371
7839443
7839496
7839536
7839572
7839600
7839627
7839670
7839718
7839773
7840004
7840051
7840176
7840181
7840194
7840195
7840373
7840393
7840419
7840465
7840548
7840851
7840917
7840925
7840951
7841137
7841334
7841371
7841433
7841475
7841652
7841847
7841935
7842233
7842313
7842358
7842383
7842443
7842576
7842623
7842666
7842689
7842786
7842800
7842804
7842993
7842998
7843094
7843155
7843246
7843251
7843252
7843274
7843417
7843422
7843506
7843592
7843783
7843788
7843892
7843968
7843978
7843985
7844036
7844164
7844260
7844289
7844492
7844498
7844851
7844985
7845141
7845181
7845435
7845442
7845617
7845680
7845811
7845885
7846091
7846111
7846205
7846344
7846450
7846451
7846479
7846588
7846658
7846704
7846836
7846847
7846854
7846867
7847041
7847051
7847369
7847379
7847414
7847684
7847844
7847879
7847966
7847998
7848020
7848026
7848067
7848068
7848189
7848263
7848373
7848517
7848812
7848837
7848888
7849035
7849062
7849101
7849158
7849213
7849244
7849341
7849399
7849465
7849467
7849742
7849799
7849845
7849881
7850099
7850140
7850408
7850454
7850543
7850594
7850702
7850715
7850747
7850776
7850789
7850804
7850967
7851076
7851084
7851295
7851550
7851565
7851621
7851772
7852026
7852124
7852151
7852215
7852554
7852606
7852669
7852726
7852816
7852917
7853114
7853699
7853748
7853846
7853855
7853872
7854096
7854152
7854293
7854317
7854407
7854554
7854600
7854699
7854749
7854833
7854844
7854850
7854922
7854929
7855337
7855374
7855375
7855410
7855452
7855595
7855649
7855717
7856170
7856338
7856662
7856708
7856745
7857008
7857012
7857152
7857177
7857181
7857202
7857227
7857308
7857334
7857375
7857485
7857506
7857607
7857660
7857763
7857944
7858135
7858219
7858346
7858352
7858390
7858542
7858646
7858667
7858722
7858723
7858896
7858917
7858985
7859079
7859142
7859160
7859276
7859350
7859481
7859621
7859722
7859813
7859943
7859968
7859970
7859974
7859977
7860296
7860515
7860539
7860671
7860693
7860700
7860791
7860869
7860879
7861322
7861367
7861764
7861818
7861893
7862032
7862567
7862643
7862773
7862782
7862851
7862987
7862988
7863166
7863316
7863463
7863565
7863584
7863718
7863776
7863955
7863980
7864036
7864121
7864397
7864462
7864479
7864678
7864690
7864751
7864772
7864778
7864845
7865136
7865165
7865306
7865369
7865440
7865461
7865504
7865505
7865525
7865654
7865685
7865719
7865781
7865929
7866031
7866058
7866067
7866124
7866288
7866407
7866417
7866540
7867019
7867061
7867109
7867162
7867166
7867352
7867404
7867875
7867899
7868187
7868377
7868474
7868483
7868606
7868623
7868636
7868858
7868977
7868997
7869124
7869211
7869293
7869336
7869589
7869605
7869608
7869826
7870078
7870113
7870202
7870319
7870429
7870450
7870523
7870540
7870667
7870742
7870758
7870819
7870960
7871047
7871093
7871159
7871222
7871355
7871502
7871587
7871626
7871665
7871854
7871909
7872024
7872059
7872155
7872244
7872346
7872471
7872537
7872851
7872867
7872960
7873062
7873125
7873139
7873209
7873210
7873284
7873298
7873390
7873539
7873726
7873768
7873835
7874043
7874214
7874249
7874265
7874348
7874428
7874537
7874655
7874678
7875121
7875226
7875268
7875316
7875338
7875381
7875387
7875459
7875572
7875606
7875623
7875660
7875974
7876013
7876202
7876208
7876249
7876261
7876270
7876286
7876383
7876765
7877048
7877097
7877250
7877296
7877378
7877491
7877851
7877860
7878074
7878186
7878216
7878235
7878276
7878318
7878394
7878468
7878600
7878665
7878751
7878850
7878856
7878984
7879204
7879237
7879276
7879441
7879646
7879709
7879758
7879814
7879842
7880361
7880398
7880656
7881013
7881211
7881299
7881440
7881465
7881520
7881634
7881705
7881832
7881929
7882052
7882121
7882141
7882143
7882460
7882525
7882540
7882616
7882782
7882922
7882988
7883034
7883042
7883381
7883406
7883408
7883431
7883457
7883538
7883647
7883717
7883758
7883919
7883945
7884119
7884228
7884481
7884558
7884596
7884637
7884855
7885108
7885140
7885193
7885214
7885284
7885306
7885399
7885423
7885479
7885588
7885881
7886083
7886085
7886175
7886194
7886224
7886225
7886483
7886535
7886560
7886664
7886711
7886902
7886906
7886969
7887038
7887111
7887155
7887336
7887527
7887657
7887662
7887674
7887756
7887799
7887830
7887831
7887856
7887858
7887992
7888077
7888086
7888170
7888436
7888817
7889059
7889087
7889121
7889328
7889486
7889532
7889607
7889644
7889648
7889696
7889794
7889979
7890035
7890140
7890154
7890161
7890207
7890209
7890342
7890376
7890400
7890414
7890499
7890763
7890791
7890897
7891080
7891081
7891379
7891411
7891453
7891613
7891656
7891780
7891828
7891838
7891894
7892266
7892335
7892353
7892410
7892414
7892431
7892441
7892505
7892521
7892756
7892774
7892811
7893118
7893136
7893687
7893819
7893864
7893880
7894125
7894180
7894192
7894333
7894463
7894737
7894893
7894908
7894931
7894955
7894974
7895184
7895185
7895257
7895679
7895720
7895906
7895971
7896013
7896021
7896037
7896092
7896198
7896217
7896343
7896367
7896475
7896523
7896580
7896730
7896797
7896902
7896933
7897037
7897146
7897251
7897447
7897510
7897575
7897660
7897714
7897844
7897858
7897947
7898065
7898311
7898483
7898569
7898850
7898984
7899443
7899447
7899950
7900025
7900123
7900214
7900377
7900471
7901024
7901086
7901092
7901141
7901147
7901322
7901495
7901502
7901552
7901617
7901644
7901702
7901753
7901855
7901935
7902112
7902121
7902146
7902173
7902215
7902344
7902545
7902552
7902741
7902945
7903010
7903153
7903194
7903224
7903350
7903397
7903410
7903582
7903638
7903753
7903807
7904117
7904153
7904540
7904765
7904787
7904821
7904989
7905063
7905289
7905306
7905343
7905348
7905528
7905664
7905935
7906057
7906084
7906119
7906128
7906148
7906195
7906222
7906290
7906352
7906500
7906561
7906655
7906708
7906766
7906872
7907200
7907435
7907515
7907544
7907945
7908033
7908091
7908210
7908251
7908273
7908378
7908394
7908420
7908505
7908569
7908619
7908798
7908823
7908824
7908871
7909006
7909089
7909161
7909175
7909183
7909247
7909549
7909661
7909695
7909769
7909846
7909914
7910009
7910041
7910277
7910341
7910438
7910567
7910640
7910644
7910724
7910743
7910822
7910838
7910840
7910920
7910960
7911010
7911193
7911434
7911548
7911757
7911889
7911897
7912304
7912392
7912402
7912642
7912930
7912974
7912980
7913026
7913481
7913493
7913544
7913550
7913701
7913704
7913761
7913902
7913937
7913955
7914139
7914177
7914294
7914440
7914516
7914595
7914706
7914840
7914906
7915293
7915389
7915478
7915710
7915728
7915853
7915921
7915931
7915935
7915972
7915979
7916071
7916356
7916372
7916379
7916462
7916677
7916694
7916759
7916911
7917068
7917093
7917132
7917190
7917365
7917547
7917580
7917624
7917735
7917860
7917878
7917980
7918004
7918079
7918145
7918304
7918448
7918498
7918606
7918857
7918935
7918981
7919074
7919215
7919607
7919744
7919847
7919892
7920006
7920016
7920531
7920578
7920765
7920981
7921000
7921045
7921186
7921256
7921403
7921424
7921599
7921637
7921831
7921853
7922150
7922199
7922207
7922228
7922262
7922382
7922590
7922632
7922636
7922700
7922792
7923004
7923224
7923320
7923583
7923592
7923664
7923772
7923925
7923994
7924041
7924090
7924172
7924209
7924217
7924292
7924430
7924447
7924676
7924794
7924907
7924971
7925033
7925070
7925171
7925176
7925329
7925340
7925368
7925696
7925834
7925857
7925899
7926084
7926181
7926280
7926339
7926393
7926492
7926812
7926883
7927013
7927060
7927240
7927319
7927426
7927548
7927578
7927825
7928063
7928481
7928513
7928598
7928642
7928766
7928778
7929012
7929080
7929257
7929408
7929561
7929746
7929771
7929798
7929836
7929857
7929874
7929909
7929970
7930208
7930374
7930385
7930734
7930782
7930825
7930967
7930976
7931041
7931052
7931076
7931368
7931378
7931441
7931479
7931591
7931755
7931929
7931984
7932161
7932366
7932380
7932440
7932679
7932691
7932737
7932740
7932869
7932874
7932911
7932983
7932998
7933059
7933064
7933103
7933159
7933168
7933232
7933336
7933393
7933603
7933618
7933771
7933907
7934036
7934154
7934193
7934550
7934667
7934863
7934950
7934983
7935045
7935107
7935263
7935284
7935338
7935402
7935543
7935568
7935680
7935926
7935940
7935989
7936074
7936284
7936465
7936570
7937225
7937278
7937358
7937417
7937458
7937588
7937715
7937738
7937866
7937891
7938007
7938217
7938299
7938370
7938375
7938531
7938556
7938651
7938740
7939182
7939246
7939324
7939380
7939411
7939625
7939732
7939771
7939787
7939831
7939838
7939887
7939938
7939955
7940039
7940057
7940091
7940233
7940307
7940367
7940369
7940643
7940650
7940689
7940870
7940885
7940896
7940898
7941558
7941612
7941671
7941699
7941840
7941895
7942106
7942233
7942269
7942299
7942300
7942367
7942481
7942798
7942804
7943009
7943026
7943085
7943228
7943253
7943473
7943718
7943746
7943786
7943953
7944035
7944103
7944137
7944339
7944390
7944539
7944608
7944670
7944697
7944881
7944919
7945082
7945132
7945190
7945245
7945247
7945371
7945446
7945478
7945513
7945527
7945658
7945996
7946169
7946220
7946325
7946404
7946407
7946408
7946451
7946492
7946520
7946567
7946723
7946725
7946744
7946753
7946800
7946832
7946921
7947085
7947114
7947225
7947403
7947735
7947825
7947832
7947943
7948236
7948476
7948518
7948591
7948852
7948942
7949003
7949006
7949055
7949133
7949224
7949442
7949473
7949556
7949675
7949704
7950081
7950103
7950126
7950151
7950197
7950364
7950438
7950632
7950647
7950648
7950922
7951078
7951331
7951584
7951616
7951722
7951850
7951891
7951914
7952194
7952204
7952286
7952341
7952595
7952597
7952643
7953016
7953345
7953359
7953380
7953424
7953430
7953563
7953600
7953679
7953716
7953738
7953756
7953803
7953892
7953932
7953958
7954144
7954167
7954203
7954265
7954303
7954448
7954555
7954663
7954685
7955139
7955194
7955265
7955268
7955434
7955455
7955503
7955579
7955689
7955899
7956020
7956193
7956215
7956260
7956330
7956348
7956370
7956380
7956408
7956503
7956562
7956676
7956684
7956835
7956873
7957083
7957116
7957140
7957173
7957423
7957431
7957620
7957633
7957654
7958179
7958200
7958359
7958521
7958543
7958611
7958814
7959246
7959288
7959472
7959501
7959512
7959552
7959647
7959781
7959786
7959795
7959812
7959825
7959930
7960201
7960484
7960558
7960581
7960635
7960752
7960761
7960931
7961023
7961061
7961199
7961217
7961351
7961396
7961432
7961473
7961477
7961712
7961762
7961882
7962128
7962220
7962457
7962686
7962799
7962847
7962881
7962899
7962982
7963025
7963162
7963184
7963300
7963376
7963406
7963535
7964026
7964050
7964335
7964340
7964476
7964670
7964671
7964708
7964720
7964930
7965039
7965088
7965213
7965456
7965469
7965557
7965570
7965599
7965630
7965969
7966016
7966081
7966181
7966190
7966283
7966287
7966294
7966308
7966327
7966354
7966407
7966451
7966483
7966636
7966676
7966720
7966803
7966942
7966959
7966968
7967056
7967088
7967094
7967134
7967386
7967398
7967448
7967708
7967795
7967808
7967929
7968011
7968374
7968410
7968416
7968700
7968749
7968780
7969124
7969136
7969161
7969287
7969322
7969453
7969543
7969586
7969656
7969808
7969885
7970322
7970384
7970410
7970470
7970493
7970691
7970775
7970973
7971174
7971224
7971256
7971260
7971505
7971510
7971550
7971556
7971575
7971624
7971684
7971735
7971747
7971774
7971800
7971916
7971974
7971998
7972044
7972143
7972200
7972208
7972281
7972520
7972626
7972797
7972981
7972986
7973063
7973163
7973219
7973307
7973318
7973349
7973437
7973446
7973465
7973489
7973528
7973577
7973692
7973772
7973775
7973776
7973889
7974033
7974178
7974212
7974231
7974371
7974458
7974474
7974506
7974617
7974840
7974847
7974920
7975126
7975292
7975401
7975426
7975688
7975988
7976153
7976180
7976208
7976279
7976343
7976438
7976544
7976598
7976700
7977007
7977119
7977172
7977414
7977620
7977708
7977741
7977763
7977780
7977790
7977843
7977877
7977944
7978269
7978326
7978527
7978601
7978730
7979046
7979086
7979140
7979174
7979467
7979538
7979637
7979712
7979719
7979889
7979991
7980068
7980144
7980177
7980521
7980529
7980636
7980695
7980820
7980882
7980950
7980970
7981172
7981362
7981375
7981451
7981510
7981520
7981568
7981666
7981883
7981892
7982051
7982278
7982422
7982475
7982506
7982847
7982866
7982873
7982984
7983152
7983214
7983220
7983387
7983832
7983846
7983985
7983988
7984021
7984056
7984068
7984239
7984394
7984474
7984537
7984638
7984770
7984829
7984899
7985004
7985015
7985057
7985187
7985357
7985399
7985425
7985485
7985536
7985662
7985714
7985960
7986081
7986151
7986188
7986313
7986349
7986375
7986571
7986641
7986662
7986756
7986972
7987020
7987105
7987206
7987362
7987520
7987536
7987589
7988020
7988135
7988174
7988179
7988206
7988294
7988332
7988344
7988399
7988514
7988668
7988787
7988947
7989015
7989111
7989112
7989178
7989355
7989472
7989486
7989538
7989667
7989707
7989890
7990081
7990248
7990372
7990450
7990551
7990642
7990779
7990792
7990824
7990897
7991139
7991195
7991351
7991363
7991490
7991658
7991819
7991915
7992058
7992103
7992459
7992508
7992558
7992704
7992752
7992843
7993008
7993114
7993130
7993292
7993318
7993388
7993453
7993545
7993582
7993664
7993726
7993849
7994071
7994093
7994117
7994123
7994239
7994302
7994325
7994410
7994632
7994680
7994975
7995184
7995271
7995396
7995532
7995607
7995647
7995724
7995806
7995807
7995843
7996309
7996390
7996462
7996491
7996585
7996671
7996678
7996700
7996795
7996823
7997005
7997018
7997031
7997036
7997224
7997269
7997471
7997562
7997654
7997662
7997771
7997822
7997846
7997918
7998020
7998088
7998095
7998142
7998280
7998375
7998426
7998454
7998492
7998560
7998562
7998611
7998619
7998677
7998955
7999056
7999176
7999247
7999327
7999451
7999702
7999863
7999923
8000056
8000139
8000357
8000493
8000568
8000581
8000603
8000651
8000725
8000841
8001141
8001243
8001409
8001580
8001608
8001639
8001717
8001758
8001886
8001911
8001931
8002188
8002200
8002202
8002212
8002263
8002291
8002446
8002485
8002652
8002686
8002712
8002753
8002959
8003109
8003142
8003167
8003284
8003529
8003578
8003580
8003602
8003612
8003741
8003753
8003963
8004390
8004391
8004630
8004698
8004715
8004809
8004840
8005061
8005376
8005472
8006133
8006146
8006155
8006324
8006351
8006390
8006396
8006448
8006568
8006576
8006580
8006732
8006820
8006864
8006882
8006918
8007188
8007244
8007317
8007535
8007742
8007790
8007799
8007819
8007838
8007895
8007966
8008218
8008271
8008303
8008466
8008538
8008599
8008618
8008676
8008697
8008790
8009016
8009046
8009185
8009329
8009426
8009518
8009619
8009640
8009664
8009835
8009845
8009890
8010036
8010314
8010345
8010422
8010462
8010509
8010632
8010670
8010691
8010692
8010844
8010931
8010961
8011291
8011317
8011426
8011477
8011547
8011578
8011676
8011683
8011744
8011832
8011867
8011950
8012052
8012150
8012301
8012343
8012491
8012706
8012849
8012910
8013098
8013323
8013367
8013396
8013398
8013429
8013532
8013578
8013629
8013630
8013671
8014060
8014084
8014218
8014282
8014399
8014431
8014458
8014577
8014595
8014651
8014708
8014733
8014753
8014812
8014843
8014952
8015158
8015433
8015540
8015542
8015728
8015779
8015795
8016192
8016205
8016219
8016222
8016294
8016586
8016592
8016599
8016606
8016851
8016857
8016883
8017125
8017336
8017390
8017410
8017468
8017481
8017488
8017693
8017759
8017802
8017813
8017856
8017881
8017990
8018199
8018280
8018348
8018373
8018409
8018520
8018542
8018959
8019032
8019224
8019774
8020096
8020241
8020342
8020456
8020653
8020995
8021344
8021694
8021696
8021770
8021845
8022069
8022118
8022140
8022189
8022296
8023074
8023297
8023320
8023364
8023411
8023444
8023466
8023619
8023714
8023882
8023960
8023968
8023974
8024175
8024251
8024269
8024578
8024905
8024946
8024986
8025211
8025215
8025330
8025349
8025350
8025426
8025656
8025875
8025910
8026089
8026098
8026199
8026430
8026645
8026709
8026730
8026852
8026986
8026988
8027092
8027154
8027431
8027548
8027571
8027634
8027714
8027775
8028215
8028287
8028386
8028441
8028465
8028481
8028527
8028566
8028789
8028824
8028870
8028936
8028974
8029014
8029264
8029312
8029390
8029401
8029412
8029448
8029539
8029550
8029829
8029922
8030125
8030209
8030216
8030269
8030299
8030393
8030632
8030658
8030772
8031152
8031250
8031399
8031523
8031573
8031585
8031726
8031770
8031781
8031784
8031827
8032030
8032089
8032345
8032377
8032438
8032509
8032562
8032579
8032653
8032918
8033020
8033233
8033430
8033497
8033604
8033698
8033798
8033818
8034121
8034135
8034175
8034201
8034281
8034284
8034375
8034441
8034718
8034852
8034929
8035045
8035073
8035245
8035247
8035404
8035448
8035578
8035579
8035604
8035882
8036064
8036309
8036373
8036475
8036578
8036685
8036693
8037012
8037032
8037147
8037278
8037291
8037336
8037440
8037492
8037519
8037832
8037911
8037995
8038061
8038106
8038189
8038208
8038479
8038481
8038631
8038715
8038724
8038754
8038788
8038793
8038801
8039216
8039223
8039287
8039332
8039338
8039644
8039672
8039675
8039710
8039925
8040062
8040079
8040080
8040273
8040402
8040494
8040563
8040580
8040595
8040919
8041184
8041262
8041265
8041383
8041540
8041548
8041691
8041751
8041785
8041859
8041903
8042004
8042017
8042307
8042536
8042701
8042765
8042827
8042914
8042971
8042993
8043036
8043063
8043131
8043227
8043242
8043326
8043337
8043359
8043373
8043702
8043719
8043773
8043825
8043891
8043893
8044130
8044241
8044269
8044666
8044726
8044903
8045500
8045529
8045542
8045695
8045735
8045862
8045957
8046008
8046211
8046327
8046506
8046521
8046536
8046551
8046568
8046595
8046625
8046663
8046697
8046763
8046809
8047169
8047176
8047268
8047345
8047429
8047543
8047567
8047691
8047695
8047702
8048001
8048041
8048112
8048339
8048351
8048430
8048686
8048740
8048985
8049016
8049060
8049247
8049412
8049460
8049587
8049623
8050085
8050095
8050174
8050315
8050345
8050574
8050710
8050868
8050905
8050926
8051142
8051421
8051465
8051520
8051588
8051657
8051717
8051887
8052104
8052187
8052296
8052331
8052359
8052429
8052465
8052823
8052824
8053171
8053435
8053500
8053510
8053585
8053625
8054043
8054095
8054160
8054198
8054250
8054307
8054330
8054333
8054400
8054507
8054662
8054931
8054981
8055062
8055137
8055205
8055221
8055356
8055384
8055598
8055632
8055655
8055798
8056109
8056294
8056352
8056411
8056572
8056623
8056876
8057016
8057111
8057425
8057458
8057460
8057498
8057512
8057554
8057747
8058284
8058290
8058381
8058408
8058553
8058585
8058612
8058620
8058716
8058792
8058858
8058902
8058943
8059108
8059419
8059425
8059431
8059578
8059580
8059584
8059673
8059740
8059789
8059847
8059872
8060190
8060349
8060766
8060808
8060842
8060861
8060894
8060906
8060914
8061056
8061081
8061130
8061152
8061208
8061222
8061274
8061416
8061547
8061752
8061885
8061994
8062014
8062087
8062143
8062326
8062364
8062489
8062589
8062989
8063013
8063192
8063300
8063470
8063558
8063643
8063750
8064003
8064035
8064041
8064082
8064158
8064314
8064347
8064360
8064498
8064503
8064557
8064617
8064622
8064658
8064659
8064829
8064860
8064962
8064982
8064986
8065203
8065302
8065475
8065537
8065655
8065657
8065658
8065953
8066095
8066118
8066159
8066212
8066312
8066414
8066451
8066477
8066595
8066718
8066741
8066822
8066832
8066922
8066935
8066951
8067139
8067237
8067246
8067474
8067730
8067848
8067874
8067959
8068010
8068047
8068071
8068149
8068164
8068186
8068602
8068904
8068948
8069000
8069341
8069427
8069473
8069645
8069801
8069919
8069955
8070061
8070210
8070293
8070503
8070674
8070743
8070799
8070865
8070920
8070987
8071066
8071456
8071639
8071670
8071784
8071787
8071840
8071883
8071912
8071942
8071963
8072094
8072109
8072225
8072257
8072275
8072311
8072369
8072407
8072549
8072570
8072625
8072660
8072758
8072985
8073032
8073143
8073155
8073190
8073207
8073223
8073349
8073435
8073523
8073531
8073705
8073758
8073766
8073789
8073801
8074032
8074292
8074317
8074390
8074420
8074552
8074711
8074772
8074884
8075033
8075066
8075358
8075552
8075725
8075749
8075838
8075873
8075881
8076188
8076197
8076238
8076312
8076376
8076385
8076613
8076673
8076701
8076744
8076919
8077000
8077031
8077295
8077370
8077386
8077515
8077572
8077747
8077798
8077893
8077956
8078024
8078092
8078306
8078429
8078515
8078644
8078675
8078751
8078897
8079010
8079166
8079185
8079190
8079228
8079355
8079503
8079516
8079583
8079873
8079878
8080036
8080056
8080264
8080503
8080537
8080541
8080620
8080690
8080691
8080718
8080740
8080834
8080909
8080979
8081097
8081109
8081133
8081140
8081317
8081426
8081438
8081448
8081542
8081799
8081863
8082197
8082369
8082425
8082579
8082619
8082624
8082763
8083084
8083085
8083127
8083484
8083506
8083624
8083819
8083853
8083903
8084229
8084231
8084287
8084306
8084397
8084405
8084549
8084592
8084722
8084745
8084750
8084752
8084769
8084820
8084878
8084942
8085017
8085028
8085073
8085129
8085189
8085239
8085451
8085473
8085832
8085900
8085990
8085997
8086175
8086188
8086201
8086223
8086228
8086450
8086483
8086548
8086736
8086751
8086783
8086855
8087016
8087316
8087318
8087386
8087505
8087517
8087564
8087653
8087680
8087831
8087833
8088044
8088182
8088480
8088751
8088754
8088804
8088834
8088872
8088934
8088940
8088943
8088952
8089013
8089023
8089201
8089382
8089594
8089670
8089695
8089725
8089793
8090222
8090226
8090464
8090510
8090681
8090752
8090787
8090849
8091031
8091091
8091120
8091288
8091388
8091486
8091552
8091698
8091887
8091912
8091951
8091965
8092182
8092264
8092429
8092540
8092647
8092927
8093012
8093164
8093216
8093565
8093714
8093773
8093849
8093863
8093891
8093975
8094052
8094324
8094579
8094674
8094724
8094823
8094911
8094927
8095143
8095298
8095393
8095424
8095689
8095708
8095921
8095984
8096070
8096099
8096160
8096241
8096340
8096484
8096496
8096534
8096856
8096993
8097061
8097164
8097226
8097265
8097272
8097294
8097738
8097756
8097770
8097810
8097862
8097998
8098015
8098099
8098222
8098381
8098506
8098619
8098661
8098724
8098959
8099071
8099106
8099154
8099215
8099221
8099509
8099712
8099767
8099822
8099847
8100028
8100109
8100157
8100180
8100367
8100535
8100650
8100722
8100768
8100778
8100836
8100880
8100887
8101254
8101470
8101485
8101740
8101926
8101999
8102140
8102164
8102294
8102357
8102416
8102548
8102632
8102672
8102774
8102800
8103188
8103292
8103338
8103425
8103579
8103580
8103753
8103932
8103945
8104040
8104195
8104425
8104426
8104444
8104699
8104884
8104971
8105007
8105078
8105096
8105264
8105504
8105614
8105673
8105739
8105777
8105860
8105888
8105900
8106050
8106201
8106314
8106321
8106418
8106601
8106644
8106667
8106672
8106802
8106858
8106878
8106902
8106909
8107078
8107085
8107737
8107766
8107860
8107980
8108234
8108316
8108564
8108692
8108793
8108812
8108962
8109510
8109548
8109612
8109714
8109753
8109779
8110017
8110062
8110105
8110114
8110181
8110471
8110793
8110799
8110808
8110993
8111232
8111302
8111312
8111336
8111339
8111403
8111433
8111596
8111653
8111674
8112003
8112287
8112309
8112313
8112615
8112622
8112691
8112723
8112747
8112752
8112856
8113338
8113428
8113655
8113858
8114100
8114160
8114323
8114475
8114541
8114831
8114882
8114911
8114920
8114999
8115016
8115019
8115147
8115259
8115300
8115306
8115314
8115420
8115489
8115527
8115619
8115623
8115720
8115730
8115841
8115842
8115912
8116148
8116242
8116287
8116563
8116638
8116658
8116741
8116807
8116965
8117082
8117106
8117111
8117183
8117226
8117277
8117317
8117377
8117474
8117486
8117577
8117600
8117698
8118009
8118130
8118148
8118301
8118484
8118511
8118701
8118733
8118792
8118916
8118936
8119098
8119356
8119408
8119615
8119863
8119875
8119985
8120008
8120129
8120144
8120239
8120248
8120574
8120704
8120727
8120801
8120877
8121322
8121351
8121423
8121424
8121463
8121498
8121558
8121573
8121640
8121761
8121797
8122163
8122388
8122407
8122448
8122455
8122533
8122647
8122678
8122744
8122825
8122863
8122964
8123055
8123190
8123406
8123531
8123603
8123623
8123703
8123781
8123855
8124452
8124455
8124629
8124636
8124769
8124785
8125103
8125194
8125229
8125320
8125334
8125474
8125480
8125653
8125672
8125753
8125756
8125818
8125874
8125912
8125992
8125996
8126011
8126094
8126221
8126352
8126462
8126515
8126627
8126665
8126748
8126942
8127060
8127062
8127148
8127196
8127211
8127277
8127357
8127554
8127559
8127561
8127572
8127624
8127745
8127782
8127822
8127931
8128106
8128276
8128286
8128315
8128393
8128442
8128668
8128670
8128976
8129017
8129029
8129043
8129447
8129531
8129601
8129670
8129724
8129766
8129910
8129953
8129999
8130080
8130221
8130397
8130499
8130838
8130879
8131054
8131186
8131188
8131362
8131381
8131454
8131469
8131574
8131591
8131610
8131629
8131649
8131785
8131811
8131866
8132143
8132157
8132358
8132459
8132533
8132610
8132725
8132758
8132805
8132979
8133044
8133128
8133437
8133567
8133658
8133693
8133754
8133761
8133969
8134199
8134481
8134677
8134754
8134895
8135029
8135036
8135061
8135218
8135347
8135378
8135546
8135590
8135744
8136033
8136273
8136347
8136953
8137320
8137507
8137608
8137609
8137652
8137745
8137863
8137876
8138217
8138223
8138501
8138596
8138925
8139119
8139204
8139354
8139579
8139631
8139642
8139683
8139775
8139798
8139817
8140073
8140271
8140410
8140663
8140709
8140851
8140875
8140876
8140886
8141011
8141097
8141164
8141262
8141263
8141479
8141512
8141541
8141652
8141683
8141756
8141771
8141915
8141938
8142000
8142034
8142087
8142138
8142153
8142198
8142299
8142339
8142397
8142421
8142478
8142503
8142635
8142681
8142708
8142742
8142783
8142812
8142843
8142935
8143017
8143052
8143218
8143691
8143817
8144094
8144107
8144146
8144204
8144209
8144259
8144387
8144425
8144456
8144628
8144686
8144698
8144717
8144795
8144846
8144854
8144903
8145150
8145273
8145315
8145440
8145444
8145658
8145760
8145910
8145976
8145994
8146240
8146263
8146290
8146319
8146331
8146428
8146543
8146871
8146937
8147087
8147117
8147171
8147467
8147550
8147556
8147589
8147633
8147642
8147663
8147904
8148037
8148041
8148205
8148585
8148593
8148665
8148874
8148883
8149111
8149209
8149227
8149319
8149378
8149539
8149567
8149693
8150020
8150102
8150196
8150409
8150462
8150556
8150574
8150713
8150763
8150814
8150819
8151104
8151186
8151191
8151285
8151348
8151454
8151490
8151649
8151773
8151823
8151848
8152314
8152355
8152377
8152454
8152612
8152629
8152713
8152741
8152776
8153015
8153117
8153384
8153400
8153431
8153439
8153561
8153660
8153668
8153757
8153891
8153978
8154004
8154061
8154105
8154127
8154140
8154169
8154184
8154315
8154328
8154465
8154694
8154746
8154769
8154800
8154922
8154951
8154952
8154972
8154993
8155195
8155252
8155285
8155482
8155550
8155598
8155628
8155669
8156029
8156166
8156191
8156331
8156362
8156365
8156416
8156471
8156560
8156770
8156904
8156908
8156970
8157083
8157263
8157322
8157653
8157856
8157881
8157977
8157981
8158005
8158079
8158265
8158365
8158439
8158573
8158670
8158894
8158996
8159097
8159112
8159186
8159514
8159891
8159908
8160038
8160189
8160220
8160386
8160390
8160445
8160446
8160573
8160625
8160902
8160953
8160959
8161191
8161205
8161258
8161311
8161369
8161498
8161544
8161569
8161595
8161796
8161848
8161911
8161978
8162080
8162232
8162521
8162638
8163064
8163099
8163104
8163270
8163328
8163560
8163614
8163692
8163697
8163876
8163882
8163895
8163936
8163990
8164154
8164179
8164510
8164594
8164597
8164613
8164667
8164847
8164945
8164982
8165104
8165199
8165535
8165603
8165643
8165695
8165796
8166318
8166642
8166687
8166712
8167155
8167225
8167253
8167273
8167496
8167540
8167745
8167803
8168032
8168056
8168118
8168120
8168309
8168359
8168519
8168610
8168795
8168798
8168832
8168848
8168856
8168933
8168974
8168976
8169338
8169394
8169402
8169421
8169423
8169526
8169719
8169737
8169741
8169828
8169897
8170107
8170126
8170242
8170346
8170389
8170439
8170636
8170961
8170973
8170992
8171093
8171176
8171196
8171548
8171580
8171719
8171749
8171801
8171842
8171853
8171869
8172116
8172129
8172162
8172189
8172272
8172398
8172415
8172496
8172554
8172556
8172577
8172658
8172692
8172706
8172752
8172770
8172964
8173106
8173167
8173228
8173235
8173283
8173348
8173687
8173777
8173924
8174178
8174340
8174453
8174566
8174661
8174681
8174730
8174777
8174790
8175152
8175296
8175533
8175547
8175728
8175882
8175969
8176047
8176128
8176209
8176211
8176229
8176333
8176623
8176701
8176717
8176811
8176904
8176928
8176979
8177071
8177128
8177190
8177307
8177367
8177399
8177415
8177422
8177695
8177729
8177737
8177839
8177853
8177936
8178020
8178096
8178173
8178489
8178495
8178515
8178543
8178727
8178915
8178998
8179015
8179100
8179110
8179129
8179446
8179650
8179940
8179958
8180108
8180233
8180627
8180881
8180914
8180924
8181019
8181163
8181295
8181374
8181482
8181662
8181748
8181814
8182013
8182019
8182060
8182104
8182126
8182127
8182232
8182680
8182707
8182725
8182993
8183020
8183044
8183202
8183206
8183283
8183512
8183655
8183749
8183793
8183892
8183915
8183991
8184050
8184053
8184135
8184175
8184256
8184265
8184276
8184280
8184325
8184380
8184476
8184869
8184961
8185217
8185235
8185248
8185322
8185407
8185464
8185578
8185696
8185892
8186224
8186354
8186360
8186505
8186519
8186593
8186594
8186683
8187041
8187267
8187289
8187355
8187373
8187522
8187741
8187829
8187837
8187988
8188152
8188305
8188375
8188566
8188626
8188709
8188883
8188898
8188908
8188964
8188984
8189233
8189343
8189362
8189388
8189595
8189623
8189875
8189886
8189979
8189997
8190042
8190116
8190124
8190210
8190341
8190484
8190502
8190683
8190723
8190794
8191171
8191342
8191454
8191618
8191690
8192053
8192101
8192117
8192163
8192166
8192242
8192367
8192537
8192714
8192718
8192741
8192903
8192993
8193136
8193210
8193234
8193317
8193350
8193464
8193603
8193690
8193765
8193830
8194071
8194151
8194152
8194246
8194319
8194364
8194414
8194441
8194525
8194567
8194588
8194617
8194749
8194826
8195015
8195134
8195188
8195193
8195220
8195274
8195300
8195308
8195403
8195424
8195507
8195586
8195622
8195646
8196046
8196047
8196055
8196199
8196380
8196430
8196537
8196620
8196630
8196726
8196756
8196809
8196839
8196907
8197079
8197421
8197770
8197771
8197788
8197863
8197864
8197899
8197941
8198066
8198188
8198320
8198596
8198598
8198644
8198666
8198826
8198878
8199021
8199026
8199156
8199265
8199548
8199557
8199745
8200082
8200157
8200452
8200549
8200608
8200641
8200812
8201001
8201094
8201120
8201158
8201350
8201363
8201371
8201414
8201417
8201456
8201621
8201761
8201861
8201875
8201978
8201991
8202029
8202048
8202060
8202207
8202212
8202496
8202755
8202909
8203108
8203201
8203252
8203323
8203377
8203456
8203552
8203578
8203663
8203714
8203841
8204019
8204168
8204274
8204278
8204288
8204426
8204482
8204500
8204571
8204772
8204784
8204959
8205000
8205059
8205072
8205147
8205156
8205440
8205464
8205569
8205586
8205619
8205633
8205927
8206016
8206099
8206106
8206262
8206349
8206462
8206500
8206710
8206784
8207117
8207365
8207429
8207487
8208019
8208046
8208068
8208172
8208179
8208451
8208757
8208851
8208870
8209014
8209084
8209100
8209113
8209132
8209297
8209301
8209398
8209401
8209439
8209549
8209657
8209760
8209805
8209831
8210163
8210264
8210348
8210351
8210420
8210547
8210609
8210704
8210723
8210759
8210777
8210807
8210876
8210951
8210956
8210994
8211094
8211189
8211238
8211276
8211455
8211649
8211706
8211859
8212131
8212178
8212210
8212536
8212543
8212635
8212655
8212803
8213014
8213188
8213202
8213266
8213268
8213272
8213290
8213468
8213482
8213624
8213848
8213896
8214037
8214349
8214363
8214390
8214406
8214408
8214424
8214437
8214550
8214582
8214635
8214649
8214685
8214737
8214802
8215010
8215121
8215151
8215316
8215363
8215448
8215472
8215554
8215559
8215634
8215669
8215685
8215691
8215701
8215788
8215877
8215920
8215926
8216173
8216217
8216267
8216348
8216617
8216711
8216856
8217044
8217210
8217262
8217302
8217325
8217373
8217510
8217535
8217569
8217745
8217784
8218037
8218141
8218168
8218303
8218425
8218633
8218907
8219220
8219401
8219600
8219611
8220132
8220187
8220286
8220582
8220591
8220623
8220683
8220690
8220997
8221086
8221175
8221250
8221351
8221445
8221485
8221492
8221572
8221663
8221773
8221798
8221977
8222112
8222139
8222258
8222412
8222624
8222782
8222807
8222809
8223012
8223149
8223150
8223324
8223348
8223405
8223416
8223570
8223618
8223673
8223695
8223763
8223775
8223803
8223968
8224011
8224017
8224053
8224286
8224293
8224382
8224442
8224465
8224673
8224866
8224871
8224886
8225008
8225017
8225119
8225197
8225290
8225415
8225492
8225517
8225539
8225547
8225604
8225643
8225956
8226009
8226114
8226167
8226225
8226865
8226963
8227076
8227102
8227189
8227210
8227368
8227458
8227499
8227545
8227599
8227608
8227660
8227673
8227862
8227993
8228063
8228071
8228091
8228233
8228270
8228272
8228426
8228606
8228634
8228675
8228830
8228852
8228947
8228973
8229238
8229262
8229329
8229457
8229708
8229725
8229746
8229773
8229787
8229840
8229955
8230017
8230224
8230264
8230276
8230287
8230770
8230977
8231073
8231396
8231515
8231517
8231541
8231645
8231646
8231810
8231970
8231981
8231984
8232352
8232392
8232585
8232657
8232667
8232742
8232746
8232927
8232946
8233259
8233405
8233579
8233608
8233628
8233754
8233873
8233920
8233954
8234094
8234203
8234401
8234404
8234790
8234800
8234871
8234914
8234940
8234997
8235048
8235200
8235204
8235229
8235274
8235427
8235755
8236022
8236073
8236196
8236205
8236252
8236261
8236354
8236454
8236455
8236483
8236492
8236681
8237421
8237536
8237632
8237736
8237942
8237950
8237976
8238056
8238077
8238192
8238227
8238249
8238407
8238546
8238567
8238590
8238624
8238656
8238702
8238703
8238789
8238901
8239027
8239034
8239092
8239238
8239268
8239363
8239372
8239392
8239457
8239587
8239709
8239767
8239794
8239847
8239995
8240097
8240141
8240216
8240373
8240378
8240557
8240560
8240921
8240938
8240949
8241074
8241097
8241133
8241405
8241419
8241444
8241521
8241704
8241971
8241998
8242053
8242159
8242238
8242272
8242309
8242428
8242498
8242938
8242962
8243184
8243195
8243248
8243377
8243868
8243953
8243962
8244114
8244308
8244414
8244489
8244596
8244794
8244833
8244878
8244900
8244925
8244961
8245027
8245194
8245286
8245470
8245505
8245516
8245574
8245650
8245659
8245775
8245844
8246201
8246254
8246263
8246290
8246439
8246484
8246629
8246636
8246650
8246676
8246769
8246833
8246910
8247064
8247142
8247193
8247258
8247419
8247700
8247708
8247954
8248188
8248255
8248263
8248264
8248401
8248419
8248902
8248924
8248930
8249116
8249134
8249434
8249476
8249490
8249589
8249688
8249733
8249778
8249916
8250051
8250081
8250339
8250457
8250491
8250541
8250568
8250634
8250697
8250892
8251059
8251087
8251131
8251164
8251347
8251888
8252025
8252039
8252312
8252363
8252381
8252419
8252444
8252455
8252882
8252992
8253204
8253241
8253254
8253321
8253329
8253374
8253475
8253600
8253668
8253725
8253774
8253848
8253903
8253932
8254046
8254076
8254372
8254440
8254497
8254507
8254692
8254762
8254803
8254827
8254928
8254929
8255018
8255051
8255072
8255112
8255283
8255355
8255419
8255488
8255489
8255494
8255637
8255738
8255754
8255865
8255920
8256160
8256357
8256520
8256681
8256725
8256779
8256835
8257052
8257092
8257246
8257295
8257416
8257457
8257657
8257725
8257730
8258057
8258313
8258470
8258491
8258492
8258593
8258793
8258799
8258826
8258844
8258937
8259114
8259215
8259287
8259707
8259720
8259727
8259799
8259806
8259879
8259955
8259957
8259963
8259992
8260063
8260111
8260136
8260304
8260314
8260596
8260818
8260909
8260981
8261355
8261366
8261526
8261636
8261670
8261690
8262131
8262264
8262349
8262358
8262378
8262387
8262404
8262422
8262458
8262507
8262556
8262847
8263078
8263103
8263121
8263140
8263259
8263311
8263314
8263431
8263517
8263588
8263701
8263760
8263909
8263910
8263943
8264058
8264311
8264349
8264572
8264766
8264889
8265033
8265292
8265337
8265612
8265691
8265749
8265774
8265977
8266166
8266207
8266309
8266417
8266437
8266472
8266508
8266666
8266712
8266753
8266790
8266800
8266856
8266965
8266968
8267057
8267163
8267561
8267573
8267595
8267739
8267747
8267948
8268078
8268353
8268438
8268491
8268665
8268703
8268745
8268767
8268807
8268888
8269072
8269193
8269223
8269638
8269712
8269841
8270066
8270114
8270393
8270466
8270516
8270571
8270602
8270610
8270667
8270692
8270752
8270755
8270809
8270829
8270903
8270981
8271089
8271096
8271166
8271386
8271520
8271585
8271909
8272160
8272265
8272309
8272464
8272466
8272497
8272658
8272745
8272980
8273011
8273056
8273077
8273217
8273317
8273385
8273455
8273501
8273534
8273629
8273660
8273706
8273773
8273799
8274043
8274600
8274609
8274703
8274841
8274884
8274916
8275096
8275157
8275209
8275427
8275620
8275712
8275786
8275837
8275863
8276098
8276208
8276272
8276478
8276633
8276716
8276718
8276769
8276777
8276830
8277056
8277068
8277304
8277361
8277627
8277644
8277689
8277691
8277732
8277770
8277956
8277985
8278013
8278197
8278210
8278240
8278642
8278873
8279011
8279241
8279391
8279516
8279540
8279775
8279813
8279827
8279833
8279886
8279894
8279928
8279990
8280058
8280223
8280488
8280496
8280639
8280669
8280698
8280794
8280865
8281093
8281121
8281362
8281435
8281604
8281942
8282129
8282131
8282421
8282488
8282499
8282537
8282556
8282670
8282710
8282746
8282854
8282858
8282884
8282938
8282990
8283228
8283255
8283317
8283343
8283408
8283439
8283496
8283607
8283836
8283883
8283889
8283941
8283955
8284016
8284086
8284329
8284338
8284480
8284591
8284648
8284668
8284998
8285049
8285145
8285226
8285330
8285355
8285614
8285680
8285791
8285972
8286122
8286237
8286459
8286567
8286585
8286654
8286686
8286938
8287030
8287031
8287247
8287280
8287387
8287434
8287491
8287543
8287568
8287582
8287808
8287869
8288286
8288439
8288493
8288549
8288562
8288619
8288646
8289001
8289037
8289044
8289115
8289197
8289204
8289414
8289466
8289525
8289744
8289753
8290058
8290226
8290339
8290699
8290785
8290888
8291024
8291068
8291105
8291182
8291292
8291326
8291380
8291415
8291485
8291509
8291544
8291618
8291710
8291756
8291834
8291936
8292068
8292139
8292183
8292230
8292310
8292471
8292768
8292979
8293129
8293237
8293270
8293282
8293285
8293352
8293387
8293390
8293558
8293723
8294064
8294140
8294305
8294333
8294404
8294504
8294510
8294520
8294842
8295023
8295093
8295111
8295127
8295170
8295180
8295183
8295189
8295287
8295335
8295403
8295428
8295481
8295606
8295639
8295952
8296058
8296059
8296416
8296708
8296812
8297083
8297224
8297262
8297322
8297448
8297453
8297592
8297912
8297919
8297947
8297957
8298032
8298052
8298186
8298388
8298524
8298754
8298777
8299470
8299548
8300628
8300660
8300827
8300848
8300885
8301057
8301145
8301155
8301190
8301212
8301340
8301343
8301437
8301455
8301460
8301576
8301630
8301754
8302023
8302054
8302112
8302183
8302186
8302208
8302342
8302416
8302552
8302598
8302834
8302863
8302959
8302987
8303051
8303064
8303267
8303337
8303390
8303750
8303803
8303829
8303835
8303900
8303935
8304115
8304122
8304267
8304637
8304789
8304910
8304983
8305020
8305080
8305254
8305530
8305865
8305980
8306056
8306125
8306211
8306239
8306249
8306316
8306358
8306396
8306445
8306471
8306487
8306610
8306810
8306837
8306912
8306929
8306948
8307050
8307122
8307135
8307230
8307536
8307583
8307623
8307799
8307931
8308007
8308072
8308159
8308284
8308497
8308499
8308928
8309178
8309419
8309448
8309517
8309550
8309577
8309701
8309917
8310081
8310260
8310276
8310312
8310817
8311017
8311173
8311380
8311394
8311414
8311446
8311643
8311670
8311685
8311773
8311783
8311805
8312020
8312327
8312508
8312542
8312604
8312638
8312740
8312881
8312898
8312947
8313392
8313515
8313616
8313625
8313637
8313735
8313804
8313921
8314125
8314154
8314207
8314409
8314452
8314506
8314743
8314864
8314994
8315042
8315178
8315246
8315496
8315569
8315662
8315696
8315855
8316268
8316276
8316314
8316417
8316418
8316534
8316557
8316578
8316823
8316908
8317253
8317306
8317423
8317560
8317625
8317673
8317701
8318019
8318240
8318252
8318314
8318347
8318361
8318423
8318474
8318586
8318614
8318868
8318888
8318917
8319029
8319086
8319128
8319198
8319246
8319438
8319538
8319687
8319741
8319895
8319975
8320063
8320221
8320247
8320320
8320336
8320353
8320475
8320482
8320678
8320819
8320839
8320840
8321048
8321069
8321076
8321091
8321102
8321147
8321439
8321756
8321821
8321833
8321952
8321965
8322056
8322631
8323045
8323089
8323176
8323351
8323378
8323389
8323731
8323770
8323867
8323932
8323939
8323984
8324113
8324195
8324351
8324355
8324461
8324644
8324756
8324887
8324968
8325013
8325025
8325333
8325394
8325531
8325659
8325677
8325707
8326116
8326136
8326146
8326161
8326212
8326541
8326629
8326643
8327051
8327076
8327193
8327384
8327590
8327749
8327770
8327815
8327855
8328070
8328119
8328132
8328381
8328468
8328515
8328534
8328610
8328658
8328785
8328808
8328910
8329168
8329312
8329492
8329539
8329581
8329627
8329751
8329875
8330107
8330202
8330258
8330390
8330393
8330489
8330637
8330643
8330699
8330731
8330802
8330834
8330932
8330970
8331043
8331094
8331192
8331405
8331433
8331435
8331436
8331553
8331700
8331706
8331788
8331846
8331877
8331968
8331989
8332020
8332145
8332151
8332220
8332305
8332420
8332454
8332462
8332533
8332758
8332902
8333171
8333297
8333480
8333603
8333638
8333736
8333830
8333948
8334021
8334048
8334119
8334227
8334253
8334538
8334551
8334589
8334704
8334736
8334774
8334855
8334874
8335080
8335393
8335824
8335867
8335890
8335891
8335895
8335907
8335985
8336176
8336184
8336457
8336491
8336669
8336910
8337016
8337043
8337150
8337478
8337496
8337597
8337606
8337701
8337733
8337801
8337821
8337849
8337919
8337970
8338051
8338143
8338254
8338264
8338498
8338533
8338623
8338662
8338669
8338771
8338888
8339470
8339695
8339782
8339790
8339900
8339901
8340082
8340265
8340296
8340366
8340368
8340393
8340550
8340626
8340682
8340708
8340799
8340804
8340809
8340890
8340892
8340942
8341028
8341096
8341188
8341239
8341378
8341398
8341402
8341419
8341424
8341546
8341682
8341802
8342036
8342040
8342199
8342256
8342275
8342294
8342301
8342354
8342416
8342812
8342849
8342882
8342935
8342957
8343059
8343071
8343097
8343138
8343235
8343515
8343650
8343828
8343885
8344060
8344210
8344269
8344335
8344349
8344368
8344413
8344414
8344441
8344635
8344809
8344846
8344850
8345044
8345214
8345258
8345271
8345287
8345418
8345474
8345486
8345588
8345721
8345868
8345993
8346200
8346243
8346291
8346367
8346768
8346846
8346853
8346981
8347045
8347093
8347255
8347338
8347486
8347490
8347525
8347697
8347784
8347794
8347806
8347880
8347885
8347990
8348070
8348111
8348416
8348465
8348487
8348545
8348566
8348669
8348741
8348912
8348974
8349064
8349165
8349208
8349276
8349300
8349354
8349501
8349658
8349752
8350013
8350065
8350189
8350214
8350222
8350297
8350342
8350364
8350385
8350469
8350512
8350588
8350608
8350620
8350985
8351193
8351294
8351351
8351385
8351556
8351656
8351895
8351928
8352191
8352416
8352518
8352520
8352799
8352902
8352964
8352991
8353236
8353419
8353437
8353806
8353848
8353907
8354220
8354233
8354254
8354489
8354504
8354648
8354665
8354675
8354688
8354789
8354865
8355169
8355218
8355223
8355299
8355326
8355464
8355555
8355601
8355622
8355698
8355806
8355889
8356125
8356318
8356350
8356453
8356475
8356742
8356850
8357055
8357269
8357322
8357559
8357629
8357658
8358274
8358409
8358449
8358631
8358676
8358682
8358731
8358832
8358858
8358948
8359055
8359253
8359383
8359499
8359584
8359698
8359921
8360024
8360113
8360249
8360262
8360284
8360342
8360399
8360460
8360490
8360591
8360599
8360650
8360699
8360907
8360927
8361008
8361029
8361059
8361152
8361200
8361214
8361294
8361392
8362044
8362288
8362328
8362383
8362416
8362425
8362513
8362587
8362764
8362767
8362808
8362832
8362920
8363261
8363357
8363551
8363555
8363708
8363744
8363832
8364009
8364193
8364201
8364232
8364328
8364340
8364392
8364437
8364452
8364582
8364681
8364859
8365207
8365479
8365510
8365681
8365824
8365898
8365932
8365940
8366168
8366314
8366417
8366452
8366539
8366745
8366890
8367010
8367033
8367060
8367104
8367146
8367371
8367515
8367678
8367790
8367822
8367848
8367954
8368059
8368065
8368090
8368185
8368318
8368586
8368678
8368692
8368750
8368802
8368875
8368920
8369133
8369139
8369299
8369394
8369524
8369564
8369666
8369736
8369768
8369782
8369883
8370084
8370126
8370283
8370329
8370493
8370659
8370679
8370819
8370883
8370897
8370932
8371026
8371092
8371435
8371442
8371465
8371512
8371834
8371890
8372063
8372124
8372324
8372506
8372610
8372699
8372781
8373070
8373095
8373195
8373339
8373455
8373579
8373763
8373771
8374184
8374324
8374338
8374457
8374739
8374820
8374867
8374966
8374981
8375026
8375076
8375281
8375455
8375887
8375901
8376147
8376325
8376338
8376340
8376434
8376651
8376903
8377065
8377132
8377170
8377184
8377463
8377487
8377579
8377624
8377788
8377824
8377870
8377929
8377992
8378031
8378055
8378109
8378168
8378250
8378308
8378312
8378614
8378655
8378832
8378939
8378949
8378982
8379060
8379077
8379146
8379167
8379311
8379357
8379473
8379485
8379492
8379570
8379593
8379651
8379734
8379808
8379879
8380102
8380220
8380356
8380358
8380495
8380693
8381018
8381096
8381119
8381138
8381222
8381357
8381384
8381492
8381611
8381699
8381872
8381886
8381890
8381948
8382233
8382272
8382339
8382350
8382381
8382382
8382450
8382482
8382520
8382769
8383009
8383160
8383269
8383322
8383652
8383674
8383946
8383991
8384040
8384110
8384464
8384725
8384785
8384787
8384833
8384845
8384888
8385002
8385018
8385160
8385249
8385358
8385990
8386050
8386073
8386180
8386276
8386295
8386320
8386354
8386458
8386679
8386777
8386858
8386950
8386973
8386980
8387061
8387231
8387314
8387387
8387611
8387637
8387655
8387769
8387803
8387958
8388140
8388143
8388290
8388459
8388709
8388731
8388739
8388747
8388923
8388973
8389118
8389174
8389353
8389404
8389483
8389757
8389794
8389905
8390060
8390072
8390185
8390234
8390302
8390426
8390444
8390513
8390748
8390965
8390994
8391144
8391184
8391371
8391463
8391567
8391595
8391617
8391752
8391783
8391820
8391875
8391901
8392027
8392051
8392156
8392218
8392250
8392318
8392322
8392367
8392466
8392538
8392623
8392658
8392664
8393037
8393084
8393089
8393201
8393231
8393293
8393303
8393427
8393478
8393650
8393678
8393893
8393965
8394066
8394333
8394365
8394379
8394387
8394407
8394654
8394683
8394722
8394732
8394790
8394892
8394953
8395107
8395109
8395233
8395259
8395448
8395451
8395586
8395617
8395785
8395929
8396281
8396288
8396366
8396370
8396410
8396641
8396770
8396857
8396883
8397471
8397472
8397485
8397496
8397563
8397603
8397825
8397865
8397868
8398118
8398142
8398187
8398207
8398669
8398683
8398811
8398841
8398847
8399002
8399121
8399126
8399222
8399306
8399449
8399565
8399780
8399825
8399838
8399963
8400032
8400395
8400490
8400562
8400626
8400698
8400736
8400738
8400740
8400743
8400876
8400879
8400958
8400982
8401083
8401117
8401264
8401406
8401505
8401648
8401718
8401745
8401854
8401857
8401929
8402002
8402022
8402230
8402365
8402823
8402894
8402908
8403092
8403093
8403118
8403353
8403745
8403921
8404050
8404126
8404197
8404291
8404320
8404372
8404714
8404723
8404813
8404876
8404887
8404968
8405106
8405198
8405363
8405526
8405718
8406030
8406145
8406159
8406340
8406419
8406454
8406584
8406607
8406672
8406674
8406761
8406921
8406983
8407061
8407122
8407200
8407258
8407477
8407558
8407566
8407583
8407590
8407699
8407732
8407776
8407849
8407869
8408110
8408132
8408196
8408199
8408443
8408477
8408622
8408939
8408977
8408993
8409046
8409137
8409153
8409162
8409299
8409309
8409380
8409447
8409556
8409642
8409692
8410098
8410243
8410267
8410272
8410392
8410596
8410679
8410877
8411027
8411079
8411083
8411096
8411131
8411301
8411348
8411607
8411723
8411760
8411907
8412090
8412392
8412408
8412625
8412774
8412813
8413040
8413433
8413560
8413567
8413615
8413647
8413862
8413885
8413967
8413989
8414049
8414050
8414110
8414296
8414395
8414470
8414915
8415252
8415301
8415593
8415639
8415737
8415795
8415827
8415920
8416030
8416131
8416158
8416242
8416284
8416381
8416411
8416437
8416505
8416584
8416598
8416681
8416970
8417076
8417143
8417148
8417291
8417613
8417747
8417967
8418017
8418038
8418080
8418132
8418189
8418235
8418253
8418273
8418326
8418360
8418405
8418472
8418503
8418511
8418531
8418975
8419173
8419205
8419230
8419241
8419343
8419394
8419455
8419542
8419612
8419701
8419792
8419883
8420049
8420103
8420108
8420384
8420667
8420777
8420791
8420826
8420893
8420918
8420920
8420967
8421057
8421117
8421634
8421658
8421746
8421810
8421827
8421879
8421947
8422466
8422593
8422649
8422971
8423106
8423247
8423287
8423347
8423405
8423412
8423429
8423664
8423874
8424130
8424133
8424343
8424374
8424425
8424481
8424487
8424507
8424927
8424949
8424974
8425018
8425139
8425271
8425455
8425528
8425569
8425661
8425742
8426225
8426338
8426589
8426721
8426793
8426982
8427042
8427276
8427512
8427743
8427896
8427899
8427901
8427927
8428043
8428082
8428095
8428126
8428200
8428220
8428233
8428341
8428456
8428947
8428950
8428967
8429074
8429085
8429198
8429300
8429303
8429361
8429571
8429582
8429653
8429894
8429918
8429985
8430080
8430090
8430120
8430139
8430202
8430256
8430292
8430422
8430520
8430524
8430566
8430607
8430763
8430800
8430831
8430877
8431077
8431211
8431373
8431417
8431543
8431599
8431672
8431746
8431773
8431859
8431946
8432065
8432474
8432761
8432769
8432771
8432816
8432905
8433157
8433184
8433411
8433418
8433419
8433453
8433481
8433672
8433688
8433734
8433743
8433779
8433921
8433967
8434109
8434128
8434163
8434205
8434221
8434254
8434445
8434602
8434679
8434795
8434840
8434974
8434988
8435107
8435126
8435246
8435290
8435302
8435336
8435388
8435884
8435942
8435988
8436027
8436237
8436312
8436346
8436517
8436571
8436652
8436674
8436728
8436750
8436798
8436816
8436885
8436995
8437033
8437136
8437166
8437290
8437495
8437541
8437639
8437710
8437825
8438037
8438186
8438307
8438431
8438452
8438512
8438716
8438744
8438779
8438845
8438886
8439005
8439026
8439173
8439176
8439547
8439676
8439697
8439837
8440011
8440036
8440038
8440099
8440260
8440271
8440283
8440357
8440419
8440558
8440581
8440610
8440646
8440731
8440979
8441028
8441042
8441095
8441102
8441135
8441265
8441365
8441457
8441545
8441547
8441681
8441746
8441938
8441970
8441971
8442029
8442065
8442170
8442218
8442299
8442470
8442483
8442608
8442662
8442773
8442903
8443046
8443066
8443073
8443123
8443152
8443224
8443310
8443334
8443343
8443437
8443465
8443642
8443704
8443705
8443719
8443731
8443753
8443754
8443822
8443844
8443893
8443937
8443967
8444003
8444093
8444356
8444408
8444457
8444512
8444553
8444676
8444702
8444795
8444887
8445069
8445150
8445258
8445326
8445335
8445366
8445403
8445556
8445628
8445747
8446105
8446128
8446247
8446415
8446845
8446871
8446909
8447018
8447191
8447431
8447450
8447572
8447751
8447767
8447947
8447976
8448105
8448207
8448500
8448679
8448716
8448744
8448817
8448857
8449168
8449255
8449364
8449671
8449703
8449878
8449932
8449962
8450109
8450133
8450187
8450274
8450465
8450498
8450523
8450681
8450705
8450761
8450835
8450922
8451083
8451133
8451275
8451333
8451578
8451628
8451772
8451786
8451845
8452150
8452325
8452352
8452373
8452430
8452438
8452557
8452723
8452884
8452922
8452990
8453132
8453237
8453239
8453257
8453418
8453445
8453449
8453462
8453603
8453779
8454004
8454009
8454072
8454126
8454201
8454440
8454459
8454529
8454961
8454982
8455184
8455231
8455279
8455699
8455708
8455715
8455737
8455916
8456160
8456204
8456320
8456340
8456522
8456636
8456676
8456874
8457089
8457129
8457151
8457221
8457325
8457911
8457920
8458022
8458047
8458062
8458122
8458158
8458193
8458326
8458763
8458764
8459133
8459152
8459371
8459621
8459638
8459642
8459689
8459718
8459807
8459873
8459941
8459957
8460054
8460091
8460147
8460197
8460404
8460410
8460520
8460633
8460645
8460669
8460855
8460863
8460985
8460998
8461002
8461196
8461349
8461452
8461903
8461952
8462054
8462078
8462096
8462104
8462197
8462278
8462381
8462632
8462793
8462821
8462926
8462954
8463222
8463337
8463397
8463466
8463528
8463584
8463728
8463755
8463793
8463852
8463946
8463955
8464239
8464255
8464834
8464842
8464885
8464954
8465088
8465363
8465419
8465653
8465777
8465896
8465932
8465945
8465980
8466036
8466123
8466227
8466486
8466618
8466772
8466808
8466947
8467329
8467404
8467432
8467452
8467700
8467702
8467816
8467897
8467944
8468036
8468053
8468119
8468147
8468166
8468225
8468248
8468270
8468300
8468336
8468388
8468391
8468583
8468647
8468680
8468758
8468847
8468905
8468911
8468945
8468960
8469010
8469053
8469280
8469327
8469360
8469484
8469647
8469653
8469700
8469870
8469883
8470062
8470586
8470713
8470881
8470931
8471065
8471096
8471197
8471281
8471490
8471722
8471950
8472145
8472305
8472482
8472667
8472700
8472912
8472919
8473118
8473201
8473212
8473304
8473390
8473749
8473818
8473823
8473896
8474093
8474150
8474235
8474309
8474330
8474360
8474391
8474451
8474473
8474606
8474716
8474751
8474794
8474837
8474923
8475140
8475256
8475345
8475412
8475819
8475888
8475908
8475916
8476012
8476122
8476140
8476179
8476429
8476485
8476587
8476647
8476734
8476978
8477007
8477197
8477462
8477705
8477808
8478131
8478215
8478237
8478353
8478673
8478812
8478906
8479125
8479225
8479241
8479365
8479456
8479480
8479524
8479754
8479953
8479990
8480055
8480123
8480248
8480674
8480736
8480789
8481033
8481117
8481121
8481171
8481183
8481255
8481341
8481381
8481555
8481559
8481561
8481714
8482140
8482253
8482362
8482591
8482594
8482767
8483066
8483099
8483152
8483158
8483849
8483882
8483938
8484030
8484046
8484082
8484118
8484153
8484162
8484183
8484235
8484249
8484408
8484432
8484451
8484459
8484716
8484798
8484868
8485021
8485208
8485484
8485722
8485811
8485924
8485979
8486036
8486058
8486120
8486279
8486323
8486345
8486466
8486555
8486588
8486833
8486878
8486881
8487030
8487246
8487260
8487299
8487473
8487485
8487545
8487639
8487674
8487746
8488024
8488099
8488244
8488565
8488653
8488654
8488677
8488787
8488919
8488969
8488977
8489078
8489129
8489204
8489252
8489441
8489451
8489629
8489792
8490019
8490161
8490284
8490317
8490339
8490349
8490447
8490871
8490945
8491146
8491263
8491306
8491495
8491713
8491737
8491887
8491947
8492040
8492129
8492189
8492234
8492280
8492374
8492498
8492692
8492811
8492821
8492935
8493210
8493379
8493399
8493442
8493537
8493866
8493919
8493988
8494042
8494055
8494482
8494897
8495051
8495091
8495237
8495264
8495377
8495391
8495429
8495505
8495565
8495626
8495630
8495661
8495670
8495828
8495844
8495848
8495855
8495934
8496017
8496024
8496034
8496135
8496143
8496219
8496338
8496349
8496491
8496517
8496734
8496828
8496887
8496949
8497096
8497136
8497163
8497169
8497215
8497379
8497392
8497581
8497586
8497634
8497679
8497716
8497755
8497907
8497933
8497997
8498006
8498158
8498171
8498235
8498277
8498641
8498804
8498849
8498877
8498910
8498912
8498939
8498963
8499039
8499160
8499239
8499258
8499520
8499691
8499851
8499888
8500006
8500117
8500211
8500400
8500529
8500639
8500896
8501049
8501126
8501313
8501401
8501446
8501619
8501706
8501750
8501772
8501829
8501843
8501898
8501920
8502015
8502159
8502312
8502555
8502582
8502662
8502805
8502815
8502824
8502878
8502884
8503100
8503233
8503392
8503449
8503709
8503814
8503821
8503967
8503985
8504047
8504089
8504104
8504150
8504191
8504414
8504548
8504561
8504579
8504609
8504943
8504987
8505030
8505092
8505251
8505311
8505391
8505396
8505583
8505699
8505844
8505943
8506029
8506117
8506144
8506175
8506516
8506550
8506851
8506887
8506968
8507016
8507091
8507111
8507193
8507208
8507281
8507290
8507301
8507398
8507421
8507456
8507526
8507770
8507864
8507915
8507965
8508022
8508059
8508392
8508453
8508607
8508888
8509006
8509151
8509390
8509759
8509958
8509986
8510004
8510054
8510179
8510195
8510246
8510303
8510425
8510482
8510638
8510724
8510826
8510843
8511054
8511099
8511271
8511394
8511708
8511729
8511828
8512068
8512467
8512655
8512809
8512923
8512981
8513022
8513051
8513109
8513164
8513299
8513425
8513472
8513512
8513522
8513548
8514027
8514123
8514262
8514372
8514395
8514548
8514939
8514949
8514979
8514984
8515146
8515267
8515297
8515470
8515538
8515616
8515660
8515700
8515728
8515749
8515754
8515809
8516013
8516078
8516254
8516372
8516566
8516609
8516743
8516746
8516799
8516800
8516813
8516940
8517023
8517024
8517084
8517165
8517447
8517467
8517732
8518027
8518199
8518525
8518635
8518779
8518785
8518793
8518863
8518873
8518946
8519057
8519331
8519557
8519764
8519778
8520074
8520136
8520285
8520495
8520590
8520632
8520838
8520898
8520923
8521025
8521473
8521665
8521679
8521695
8521751
8521838
8521897
8521919
8522302
8522377
8522435
8522571
8522594
8522608
8522673
8522702
8522848
8522896
8522970
8523003
8523071
8523275
8523302
8523304
8523328
8523377
8523531
8523646
8523703
8523831
8523964
8524020
8524173
8524319
8524339
8524600
8524810
8524891
8525047
8525178
8525186
8525306
8525322
8525355
8525435
8525560
8525637
8525868
8526048
8526211
8526293
8526414
8526487
8526529
8526560
8526589
8526676
8526791
8527038
8527171
8527577
8527679
8528061
8528315
8528409
8528474
8528492
8528546
8528662
8528827
8528920
8529014
8529062
8529197
8529269
8529273
8529409
8529470
8529589
8529607
8529698
8529726
8530039
8530217
8530241
8530583
8530631
8530652
8530657
8530800
8530960
8530965
8531046
8531149
8531156
8531183
8531229
8531336
8531568
8531814
8531942
8531991
8532061
8532079
8532279
8532299
8532425
8532463
8532733
8532851
8532857
8532866
8532927
8533053
8533202
8533360
8533383
8533702
8533717
8534251
8534353
8534379
8534503
8534617
8534923
8535105
8535333
8535385
8535433
8535735
8535748
8535817
8535826
8535863
8535925
8535935
8536099
8536100
8536147
8536249
8536446
8536599
8536755
8537048
8537268
8537374
8537593
8537731
8537918
8537956
8537969
8538087
8538345
8538383
8538497
8538590
8538744
8538877
8538928
8538932
8538992
8539027
8539285
8539501
8539547
8539560
8539632
8539665
8539688
8539692
8539998
8540267
8540364
8540448
8540565
8540570
8540683
8540875
8541097
8541106
8541259
8541485
8541505
8541513
8541532
8541568
8541658
8541886
8541910
8542113
8542121
8542166
8542218
8542233
8542324
8542353
8542419
8543444
8543891
8544062
8544077
8544311
8544390
8544807
8544920
8544998
8545012
8545014
8545048
8545056
8545168
8545211
8545338
8545463
8545553
8545577
8545630
8545721
8545935
8546082
8546238
8546313
8546324
8546585
8546738
8546789
8546852
8546925
8546963
8547004
8547181
8547205
8547289
8547403
8547675
8547693
8547712
8547772
8547793
8547843
8547851
8547892
8548450
8548526
8548533
8548565
8548735
8548770
8548826
8548948
8549072
8549101
8549265
8549426
8549555
8549819
8549857
8549881
8550458
8550468
8550513
8550612
8550874
8550894
8551362
8551399
8551605
8551708
8552044
8552054
8552189
8552451
8552496
8552566
8552745
8552780
8552888
8552891
8552983
8553040
8553163
8553260
8554039
8554327
8554376
8554399
8554470
8554661
8554700
8554716
8554888
8554949
8555128
8555180
8555192
8555216
8555251
8555282
8555316
8555698
8555720
8555866
8555935
8556027
8556091
8556102
8556119
8556130
8556354
8556367
8556426
8556545
8556597
8556624
8556666
8556709
8556716
8557051
8557071
8557128
8557139
8557169
8557186
8557270
8557399
8557440
8557513
8557679
8557680
8557745
8557775
8557823
8557844
8558041
8558043
8558067
8558109
8558243
8558255
8558393
8558405
8558526
8558530
8558559
8558675
8558789
8558881
8558952
8559038
8559283
8559291
8559359
8559453
8559509
8559514
8559647
8559892
8559963
8559999
8560123
8560334
8560441
8560444
8560570
8560730
8560813
8560953
8560961
8561098
8561127
8561143
8561153
8561156
8561207
8561336
8561581
8561784
8561878
8561892
8561927
8561939
8562002
8562009
8562071
8562092
8562094
8562272
8562431
8562706
8562812
8562842
8562986
8563130
8563476
8563516
8563835
8563909
8563994
8564305
8564367
8564478
8564545
8564583
8564588
8564684
8564721
8564728
8564777
8564876
8564936
8564945
8564946
8565009
8565013
8565038
8565065
8565134
8565346
8565695
8565796
8565898
8565899
8565973
8566017
8566022
8566121
8566164
8566192
8566323
8566384
8566458
8566482
8566772
8567095
8567330
8567398
8567400
8567404
8567423
8567531
8567926
8567931
8568103
8568427
8568520
8568529
8568716
8568735
8568761
8568832
8569159
8569296
8569351
8569415
8569437
8569708
8569996
8570082
8570109
8570156
8570162
8570515
8570545
8570686
8570717
8570868
8571004
8571043
8571044
8571268
8571342
8571438
8571688
8571731
8571753
8572037
8572058
8572309
8572333
8572379
8572495
8572559
8572576
8572825
8572913
8572928
8573090
8573219
8573253
8573269
8573312
8573559
8573642
8573682
8573739
8573745
8573815
8573919
8574088
8574279
8574363
8574582
8574708
8574725
8574814
8574946
8575015
8575070
8575290
8575316
8575325
8575335
8575480
8575627
8575676
8575711
8576026
8576073
8576487
8576540
8576609
8576737
8576897
8577029
8577073
8577085
8577220
8577232
8577511
8577516
8577557
8577584
8577754
8577923
8578131
8578186
8578229
8578240
8578346
8578412
8578629
8578717
8578922
8579033
8579086
8579112
8579122
8579217
8579218
8579252
8579530
8579840
8579887
8580068
8580114
8580121
8580180
8580192
8580200
8580297
8580390
8580417
8580520
8580527
8580591
8580593
8580611
8580617
8580762
8580888
8581242
8581469
8581476
8581499
8581529
8581746
8581843
8581942
8581990
8582082
8582091
8582161
8582187
8582201
8582444
8582500
8582621
8582763
8582840
8582862
8582943
8583059
8583091
8583138
8583451
8583805
8583809
8583956
8583982
8584097
8584323
8584326
8584383
8584397
8584452
8584553
8584557
8584630
8585051
8585090
8585099
8585167
8585181
8585206
8585262
8585352
8585451
8585490
8585519
8585543
8585580
8585726
8585797
8585810
8585831
8585921
8586000
8586039
8586086
8586390
8586537
8586737
8587267
8587319
8587326
8587404
8587623
8587873
8587951
8588140
8588222
8588373
8588404
8588466
8588637
8588810
8588890
8588903
8589063
8589449
8589469
8589593
8589687
8589721
8589764
8589794
8589889
8589893
8589910
8589929
8590038
8590107
8590474
8590512
8590557
8590582
8590684
8591058
8591119
8591127
8591194
8591215
8591263
8591264
8591324
8591386
8591635
8591719
8591792
8591892
8592009
8592079
8592170
8592256
8592325
8592394
8592502
8592506
8592525
8592604
8592765
8592779
8592856
8593002
8593073
8593118
8593142
8593225
8593289
8593649
8593700
8593757
8593809
8593839
8593926
8593980
8594170
8594181
8594227
8594237
8594277
8594347
8594350
8594369
8594388
8594406
8594492
8594504
8594532
8594834
8594859
8595013
8595201
8595574
8595623
8595716
8595830
8595880
8596000
8596026
8596057
8596090
8596215
8596353
8596448
8596473
8596574
8596585
8596771
8596811
8596835
8596916
8597153
8597267
8597311
8597362
8597374
8597380
8597825
8597948
8597963
8598002
8598122
8598222
8599134
8599179
8599246
8599284
8599319
8599429
8599458
8599464
8599640
8599642
8599709
8599897
8599910
8599970
8599982
8600088
8600109
8600185
8600218
8600352
8600436
8600479
8600489
8600501
8600503
8600603
8600685
8600754
8600972
8601018
8601083
8601099
8601151
8601211
8601317
8601346
8601356
8601400
8601413
8601422
8601560
8601578
8601701
8601704
8602205
8602266
8602505
8602523
8602744
8602897
8602934
8603007
8603080
8603271
8603272
8603387
8603431
8603471
8603517
8603685
8603737
8603804
8603844
8603861
8604080
8604093
8604164
8604217
8604221
8604299
8604308
8604353
8604372
8604440
8604521
8604523
8604558
8604662
8604968
8605147
8605206
8605235
8605311
8605332
8605382
8605621
8605809
8606146
8606180
8606226
8606247
8606359
8606419
8606610
8606623
8606650
8606848
8606886
8606933
8607022
8607080
8607103
8607168
8607242
8607278
8607288
8607480
8607513
8607559
8607692
8607820
8607936
8607943
8607957
8607973
8608014
8608056
8608323
8608665
8608910
8608973
8609097
8609248
8609295
8609317
8609498
8609521
8609663
8609740
8609801
8609846
8609942
8610007
8610020
8610275
8610280
8610326
8610409
8610428
8610575
8610671
8610743
8610893
8610923
8611296
8611306
8611343
8611437
8611709
8611710
8611768
8611829
8612161
8612217
8612390
8612430
8612497
8612765
8612804
8612845
8612905
8612945
8613060
8613093
8613234
8613275
8613278
8613370
8613584
8613681
8613745
8613988
8614040
8614080
8614134
8614244
8614279
8614285
8614291
8614565
8614806
8615113
8615475
8615765
8615880
8615934
8615952
8615958
8616106
8616374
8616498
8616547
8616567
8616708
8616754
8616755
8616852
8617042
8617203
8617352
8617432
8617449
8617852
8617952
8617975
8618006
8618100
8618300
8618344
8618717
8618928
8619203
8619357
8619363
8619384
8619518
8619553
8619563
8619624
8619648
8619722
8619898
8619910
8619921
8619973
8620017
8620045
8620123
8620155
8620191
8620371
8620401
8620445
8620493
8620801
8620843
8620902
8620946
8620950
8621064
8621139
8621162
8621180
8621496
8621543
8621547
8621554
8621560
8621597
8621872
8622227
8622233
8622384
8622518
8622527
8622812
8623266
8623364
8623465
8623528
8623552
8623605
8623699
8623752
8623822
8623851
8624046
8624073
8624202
8624213
8624278
8624321
8624331
8624413
8624440
8624714
8624774
8624810
8624980
8625097
8625139
8625303
8625367
8625403
8625511
8625559
8625574
8625587
8625624
8625769
8625771
8625791
8625793
8625806
8625840
8625851
8625911
8626036
8626185
8626192
8626272
8626376
8626387
8626761
8626764
8626855
8627023
8627120
8627137
8627256
8627266
8627290
8627469
8627522
8627577
8627638
8627649
8627826
8627952
8628006
8628010
8628146
8628192
8628234
8628246
8628283
8628349
8628397
8628517
8628543
8628546
8628581
8628734
8628782
8628843
8629136
8629197
8629200
8629263
8629306
8629350
8629413
8629444
8629503
8629586
8629885
8630118
8630169
8630174
8630180
8630338
8630530
8630720
8630812
8630819
8630972
8631266
8631290
8631641
8631683
8631732
8631985
8632151
8632266
8632663
8632745
8632824
8632829
8632909
8632961
8632993
8633136
8633232
8633245
8633333
8633444
8633534
8633592
8633654
8633665
8633726
8633977
8634177
8634254
8634380
8634426
8634482
8634538
8634899
8635016
8635215
8635386
8635532
8635582
8635884
8635987
8636023
8636082
8636112
8636265
8636701
8636805
8636815
8636886
8636930
8636995
8637074
8637099
8637114
8637229
8637260
8637313
8637682
8637688
8637717
8637767
8637790
8637823
8637890
8638027
8638317
8638522
8638933
8638941
8639067
8639083
8639147
8639280
8639318
8639380
8639411
8639431
8639610
8639690
8639692
8639738
8639852
8640061
8640133
8640411
8640591
8640658
8640667
8640668
8641079
8641244
8641258
8641359
8641370
8641401
8641470
8641604
8641626
8641724
8641729
8641894
8642076
8642225
8642352
8642362
8642543
8642617
8642627
8642716
8642866
8642978
8643113
8643135
8643318
8643367
8643418
8643514
8643532
8643533
8643567
8643667
8643695
8643736
8643751
8643934
8644077
8644105
8644251
8644311
8644381
8644536
8644619
8644665
8644806
8644838
8644963
8645048
8645103
8645116
8645218
8645314
8645347
8645597
8645645
8645655
8645751
8645909
8646059
8646104
8646118
8646380
8646437
8646615
8646703
8646714
8646775
8646848
8646855
8646910
8647563
8647602
8647744
8647756
8647757
8647911
8648076
8648091
8648241
8648358
8648484
8648613
8648739
8648806
8648807
8648973
8649017
8649126
8649128
8649333
8649508
8649594
8649628
8649739
8649758
8649847
8649863
8650030
8650074
8650085
8650126
8650345
8650532
8650613
8650924
8650957
8651183
8651187
8651225
8651546
8651636
8651806
8651840
8651922
8651969
8651984
8652001
8652035
8652157
8652257
8652480
8652510
8652554
8652853
8652989
8653031
8653154
8653369
8653375
8653394
8653399
8653430
8653438
8653515
8653531
8653536
8653556
8653585
8653603
8653706
8653728
8653815
8653848
8653921
8654050
8654096
8654217
8654455
8654495
8654535
8654585
8654600
8654749
8654792
8654803
8655010
8655033
8655166
8655339
8655390
8655507
8655900
8656035
8656059
8656207
8656216
8656303
8656382
8656428
8656500
8656735
8656813
8656870
8656906
8656949
8657154
8657273
8657323
8657434
8657505
8657596
8657707
8657808
8657825
8657906
8657909
8658120
8658227
8658276
8658338
8658354
8658384
8658479
8658483
8658517
8658617
8658906
8659155
8659187
8659268
8659286
8659458
8659464
8659493
8659556
8659573
8659614
8659670
8659677
8659927
8659977
8660099
8660130
8660157
8660486
8660879
8661136
8661178
8661281
8661382
8661590
8661594
8661629
8661714
8661838
8662104
8662134
8662319
8662341
8662358
8662379
8662403
8662586
8662598
8662807
8662887
8663227
8663520
8663559
8663616
8663809
8663819
8663935
8664023
8664067
8664088
8664313
8664382
8664656
8664710
8664753
8664900
8664910
8664944
8664986
8665064
8665067
8665099
8665253
8665539
8665555
8665585
8665799
8665880
8666031
8666034
8666051
8666099
8666262
8666265
8666388
8666518
8666561
8666684
8666715
8666741
8666885
8666974
8667027
8667061
8667184
8667473
8667509
8667519
8667534
8667630
8667663
8667796
8667861
8667878
8667932
8667994
8668045
8668147
8668225
8668352
8668526
8668556
8668595
8668626
8668627
8668638
8668676
8668878
8668970
8669003
8669130
8669171
8669236
8669287
8669297
8669303
8669418
8669519
8669661
8669722
8669827
8670121
8670207
8670266
8670321
8670401
8670404
8670596
8670703
8670886
8670900
8671032
8671136
8671149
8671607
8671732
8671770
8671791
8672177
8672236
8672248
8672341
8672356
8672413
8672416
8672441
8672541
8672551
8672648
8672814
8672903
8672978
8673063
8673088
8673122
8673139
8673146
8673290
8673393
8673619
8673711
8673879
8673962
8674017
8674404
8674499
8674520
8674750
8674808
8674930
8675279
8675289
8675515
8675540
8675739
8675793
8676070
8676090
8676146
8676179
8676192
8676210
8676266
8676269
8676283
8676338
8676459
8676521
8676549
8676579
8676600
8676607
8676620
8676636
8676742
8676906
8676908
8677245
8677328
8677396
8677698
8677732
8677789
8678023
8678073
8678342
8678409
8678442
8678771
8678797
8678897
8678995
8679072
8679078
8679487
8679563
8679626
8679804
8679850
8680032
8680122
8680131
8680136
8680157
8680328
8680419
8680624
8680729
8680741
8680745
8680749
8680860
8680880
8680971
8681230
8681237
8681266
8681493
8681583
8681607
8681874
8681956
8681978
8682136
8682269
8682278
8682335
8682400
8682478
8682577
8682580
8682692
8682747
8682965
8683149
8683333
8683431
8683456
8683618
8683748
8683940
8683945
8684067
8684186
8684197
8684302
8684446
8684612
8684667
8684681
8684752
8684774
8684877
8684907
8685238
8685300
8685429
8685452
8685507
8685644
8685676
8685730
8685772
8685835
8686041
8686042
8686168
8686305
8686406
8686504
8686506
8686739
8686928
8686984
8687174
8687178
8687277
8687357
8687362
8687423
8687487
8687522
8687524
8687675
8687855
8687937
8687993
8687995
8688083
8688310
8688384
8688461
8688589
8688606
8688781
8688824
8688943
8689310
8689591
8689625
8689760
8689794
8689889
8689947
8690030
8690036
8690262
8690344
8690394
8690411
8690588
8690638
8690752
8690909
8691003
8691016
8691189
8692018
8692088
8692208
8692224
8692265
8692325
8692426
8692468
8692650
8692817
8692822
8692877
8693275
8693480
8693580
8693620
8693662
8693713
8693879
8693893
8693999
8694034
8694131
8694170
8694239
8694277
8694357
8694404
8694518
8694531
8694879
8695005
8695102
8695164
8695261
8695344
8695464
8695511
8695852
8695903
8696076
8696111
8696265
8696291
8696340
8696446
8696666
8696670
8696811
8696858
8697020
8697073
8697078
8697241
8697563
8697630
8697807
8697855
8697903
8697937
8697950
8697969
8698229
8698347
8698490
8698650
8698841
8699150
8699350
8699352
8699430
8699442
8699531
8699710
8699809
8700101
8700293
8700465
8700473
8700590
8700726
8700774
8700775
8700803
8700819
8700838
8700899
8700965
8701002
8701037
8701168
8701532
8701556
8701770
8701833
8701971
8701975
8702099
8702120
8702196
8702204
8702522
8702597
8702717
8702762
8702906
8702908
8702970
8703067
8703171
8703278
8703538
8703542
8704032
8704102
8704108
8704172
8704202
8704272
8704295
8704315
8704474
8704509
8704574
8704690
8704692
8704944
8704960
8704974
8705083
8705085
8705166
8705259
8705302
8705348
8705509
8705514
8705632
8705708
8705862
8706047
8706053
8706114
8706319
8706343
8706414
8706423
8706537
8706815
8707017
8707086
8707099
8707187
8707296
8707511
8707884
8708384
8708511
8708527
8708552
8708584
8708649
8708668
8708669
8708704
8708937
8709008
8709051
8709098
8709203
8709210
8709360
8709399
8709457
8709673
8709779
8709939
8710014
8710052
8710077
8710091
8710112
8710136
8710169
8710213
8710214
8710294
8710330
8710379
8710441
8710642
8710756
8710762
8711011
8711067
8711132
8711191
8711842
8711875
8712026
8712115
8712169
8712180
8712201
8712220
8712415
8712438
8712505
8712926
8712964
8712968
8713261
8713641
8713740
8713823
8713824
8713897
8714061
8714080
8714092
8714230
8714544
8714610
8714976
8715060
8715207
8715246
8715247
8715304
8715514
8715548
8715559
8715593
8715630
8715914
8715923
8716020
8716164
8716209
8716455
8716490
8716536
8716581
8716778
8716874
8716981
8717136
8717205
8717252
8717353
8717592
8717719
8717749
8717807
8717874
8718195
8718203
8718411
8718442
8718723
8718793
8718868
8719067
8719070
8719362
8719444
8720096
8720102
8720165
8720177
8720312
8720342
8720368
8720435
8720442
8720595
8720841
8720886
8720962
8721047
8721246
8721309
8721389
8722031
8722131
8722252
8722254
8722269
8722330
8722474
8722561
8722659
8722701
8722763
8723029
8723060
8723215
8723275
8723438
8723497
8723628
8724062
8724123
8724142
8724362
8724505
8724598
8724701
8724741
8724758
8724929
8724931
8724996
8725102
8725140
8725188
8725357
8725362
8725398
8725597
8725612
8725613
8725728
8725771
8725792
8726032
8726035
8726048
8726059
8726174
8726420
8726511
8726517
8726601
8726659
8726734
8726796
8726853
8726893
8726954
8726963
8727054
8727240
8727241
8727258
8727277
8727300
8727454
8727493
8727589
8727642
8727687
8727820
8728071
8728172
8728304
8728603
8728609
8728737
8728825
8728875
8728987
8729036
8729058
8729124
8729214
8729217
8729239
8729419
8729630
8729638
8729899
8730060
8730084
8730179
8730294
8730857
8731145
8731270
8731305
8731339
8731597
8731675
8731684
8731762
8731877
8732052
8732057
8732111
8732214
8732536
8732674
8732712
8732924
8733011
8733163
8733165
8733386
8733437
8733443
8733645
8733745
8733813
8733952
8733960
8734013
8734061
8734105
8734263
8734278
8734379
8734545
8734576
8734600
8734687
8734854
8734866
8734919
8734929
8735160
8735205
8735241
8735301
8735452
8735458
8735506
8735526
8735599
8735709
8735882
8735944
8736079
8736188
8736210
8736265
8736293
8736336
8736344
8736494
8736552
8736604
8736672
8736885
8736892
8736932
8736947
8737083
8737103
8737214
8737310
8737348
8737385
8737389
8737528
8737725
8737990
8738033
8738276
8738588
8738952
8739024
8739088
8739313
8739535
8739638
8739716
8739838
8740171
8740173
8740298
8740362
8740398
8740439
8740528
8740588
8740698
8740710
8740752
8740862
8740930
8740955
8740963
8741320
8741324
8741339
8741372
8741412
8741441
8741515
8741971
8742011
8742109
8742186
8742513
8742597
8742653
8742730
8742764
8742851
8743001
8743075
8743126
8743296
8743419
8743604
8743746
8743762
8743895
8743991
8744348
8744429
8744565
8744651
8744777
8744953
8744954
8745172
8745274
8745522
8745576
8745590
8745604
8745781
8745801
8745812
8745886
8746039
8746280
8746313
8746373
8746429
8746553
8746732
8746814
8746862
8746893
8746932
8747042
8747181
8747613
8747641
8747659
8747784
8747806
8747994
8748019
8748109
8748284
8748320
8748349
8748382
8748542
8748607
8748820
8748946
8749144
8749314
8749333
8749433
8749529
8749554
8749602
8749672
8749739
8749788
8749895
8749927
8750198
8750329
8750353
8750369
8750380
8750409
8750481
8750486
8750512
8750662
8750706
8750742
8750759
8750803
8750917
8750956
8751262
8751324
8751686
8751880
8751891
8752078
8752141
8752146
8752219
8752343
8752407
8752703
8752770
8752779
8752891
8752942
8752975
8753016
8753070
8753120
8753190
8753369
8753394
8753585
8753614
8753764
8753840
8753932
8753956
8754164
8754333
8754488
8754647
8754714
8754732
8754804
8754903
8754953
8755007
8755080
8755184
8755221
8755311
8755364
8755454
8755456
8755468
8755568
8755607
8755641
8755656
8755680
8755789
8755924
8756066
8756096
8756145
8756196
8756241
8756289
8756309
8756592
8756684
8756697
8756811
8756820
8756842
8757079
8757083
8757095
8757110
8757235
8757408
8757516
8757573
8757589
8757654
8757689
8757735
8757795
8757891
8757983
8758441
8758655
8758696
8758710
8758774
8759142
8759368
8759378
8759504
8759526
8760170
8760214
8760291
8760349
8760432
8760450
8760578
8760618
8760856
8760858
8760895
8760896
8761172
8761232
8761269
8761327
8761413
8761431
8761569
8761588
8761635
8761859
8761868
8762145
8762230
8762434
8762737
8762815
8762978
8763046
8763086
8763297
8763357
8763434
8763458
8763556
8763675
8763808
8763855
8763922
8763998
8764039
8764072
8764093
8764162
8764246
8764299
8764445
8764650
8764658
8764720
8764884
8765128
8765217
8765241
8765289
8765357
8765450
8765688
8765871
8765882
8765928
8765949
8766026
8766035
8766177
8766391
8766449
8766470
8766739
8766770
8766808
8767036
8767060
8767201
8767292
8767357
8767418
8767625
8767786
8767841
8767947
8768008
8768139
8768165
8768282
8768289
8768312
8768318
8768357
8768471
8768638
8768753
8768876
8768900
8768930
8769006
8769021
8769103
8769267
8769312
8769329
8769352
8769373
8769390
8769444
8769514
8769519
8769641
8769712
8769766
8769853
8769977
8770006
8770117
8770197
8770218
8770242
8770284
8770324
8770353
8770532
8770627
8770635
8771045
8771047
8771048
8771081
8771116
8771119
8771203
8771338
8771462
8771808
8771830
8771909
8772434
8772631
8772698
8772762
8772877
8772884
8772917
8772982
8773118
8773222
8773266
8773292
8773299
8773338
8773481
8773520
8773542
8773652
8773888
8773951
8774544
8774603
8774670
8774906
8775062
8775202
8775254
8775763
8775810
8776415
8776570
8776710
8776882
8777026
8777061
8777071
8777102
8777163
8777178
8777234
8777245
8777354
8777384
8777522
8777525
8777532
8777536
8777594
8777642
8777800
8777803
8777810
8777886
8777958
8778162
8778165
8778200
8778214
8778338
8778347
8778403
8778446
8778482
8778553
8778578
8778683
8778761
8778829
8778923
8779007
8779023
8779421
8779465
8779477
8779524
8779606
8779711
8779731
8779827
8779832
8779881
8779981
8780128
8780146
8780257
8780363
8780438
8780499
8780538
8780565
8780650
8780843
8780945
8780968
8781025
8781064
8781187
8781192
8781222
8781328
8781350
8781608
8781860
8781930
8782045
8782120
8782169
8782185
8782326
8782390
8782413
8782427
8782610
8782821
8782878
8782983
8782985
8783034
8783158
8783163
8783340
8783388
8783430
8783602
8783719
8783724
8783755
8783886
8783920
8784444
8784637
8785006
8785042
8785116
8785163
8785210
8785318
8785607
8785626
8785744
8785885
8785894
8785896
8785982
8786071
8786372
8786482
8786516
8786665
8786949
8786993
8787188
8787254
8787335
8787388
8787456
8787521
8787571
8787572
8787638
8787642
8787654
8788030
8788063
8788555
8788586
8788622
8788637
8788917
8789254
8789287
8789313
8789366
8789825
8789838
8789935
8789961
8789992
8790000
8790031
8790069
8790149
8790181
8790184
8790214
8790248
8790273
8790312
8790373
8790464
8790477
8790810
8790900
8791092
8791254
8791277
8791300
8791309
8791326
8791614
8791893
8791948
8792009
8792190
8792216
8792235
8792301
8792350
8792359
8792397
8792463
8792483
8792503
8792643
8792914
8792951
8793015
8793188
8793235
8793388
8793591
8793610
8793626
8793645
8793688
8793719
8793722
8793744
8793959
8794452
8794598
8794700
8794790
8794797
8795154
8795177
8795181
8795272
8795285
8795303
8795464
8795569
8795598
8795902
8795915
8795948
8796070
8796297
8796524
8796627
8796679
8796721
8796729
8796734
8796755
8796761
8796777
8796788
8796799
8797163
8797248
8797267
8797293
8797312
8797407
8797492
8797610
8797635
8797695
8797893
8797957
8798008
8798024
8798032
8798285
8798467
8798635
8798905
8798908
8798925
8799160
8799258
8799304
8799341
8799350
8799351
8799372
8799418
8799439
8799645
8799883
8799912
8800104
8800172
8800325
8800332
8800449
8800467
8800541
8800567
8800681
8800685
8800877
8801020
8801057
8801225
8801279
8801285
8801636
8801813
8802010
8802250
8802373
8802535
8802592
8802596
8802715
8802737
8802931
8802973
8803045
8803335
8803395
8803907
8804009
8804128
8804164
8804242
8804408
8804497
8804543
8804645
8804663
8804775
8804939
8805025
8805101
8805237
8805350
8805657
8805981
8806012
8806036
8806108
8806159
8806514
8806605
8806853
8807071
8807115
8807128
8807325
8807500
8807504
8807620
8807787
8807852
8807866
8807883
8807957
8808127
8808132
8808379
8808498
8808504
8808527
8808782
8808860
8809004
8809065
8809206
8809208
8809218
8809245
8809319
8809346
8809359
8809374
8809464
8810061
8810209
8810212
8810230
8810231
8810487
8810551
8810877
8810879
8810906
8810936
8811162
8811209
8811224
8811430
8811613
8811775
8811854
8811870
8811965
8811974
8812141
8812228
8812343
8812398
8812443
8812455
8812593
8812638
8812666
8812947
8813043
8813082
8813120
8813146
8813229
8813370
8813478
8813487
8813564
8813680
8813724
8813800
8813809
8813953
8813973
8814092
8814199
8814498
8814560
8814592
8814614
8814837
8815008
8815011
8815231
8815340
8815395
8815486
8815549
8815643
8815651
8815659
8815810
8815942
8816061
8816114
8816199
8816289
8816659
8816897
8816971
8817128
8817190
8817239
8817370
8817550
8817566
8817606
8818084
8818190
8818241
8818255
8818382
8818488
8818504
8818648
8818923
8819211
8819515
8819606
8819646
8819791
8819798
8819810
8819980
8819999
8820000
8820036
8820095
8820382
8820386
8820440
8820457
8820459
8820506
8820542
8820665
8820709
8820817
8820884
8820981
8821108
8821169
8821215
8821703
8821736
8821814
8821821
8821832
8821863
8821917
8822059
8822082
8822124
8822462
8822521
8822543
8822643
8822962
8823049
8823090
8823176
8823331
8823412
8823419
8823514
8823633
8823878
8823882
8823963
8823990
8824085
8824095
8824198
8824296
8824440
8824645
8824664
8824872
8824935
8824957
8824969
8825076
8825111
8825185
8825344
8825366
8825418
8825834
8825905
8825918
8826136
8826193
8826333
8826351
8826409
8826538
8826580
8826589
8826646
8826821
8827009
8827175
8827222
8827423
8827487
8827496
8827516
8827524
8827858
8827879
8828001
8828090
8828100
8828216
8828223
8828237
8828269
8828471
8828516
8828535
8828560
8828580
8828626
8828761
8828771
8828826
8828889
8828897
8828922
8829016
8829120
8829168
8829241
8829368
8829369
8829483
8829551
8829569
8829652
8829735
8829800
8829940
8830066
8830084
8830111
8830216
8830278
8830313
8830480
8830503
8830591
8830732
8830768
8830786
8830869
8830949
8831033
8831142
8831263
8831303
8831318
8831397
8831404
8831507
8831758
8831776
8831821
8831848
8831936
8831980
8832075
8832150
8832151
8832364
8832499
8832566
8832572
8832606
8832613
8832675
8832745
8832879
8832988
8833004
8833242
8833363
8833432
8833609
8833690
8833779
8833888
8834048
8834077
8834114
8834483
8834493
8834495
8834619
8834755
8834785
8834794
8834834
8834944
8834982
8835178
8835311
8835406
8835411
8835531
8835622
8835776
8835962
8836195
8836218
8836295
8836387
8836435
8836568
8836642
8836654
8836772
8836855
8837136
8837299
8837477
8837540
8837685
8837806
8837884
8838092
8838204
8838278
8838427
8838761
8838902
8838904
8838908
8838938
8838958
8839305
8839435
8839447
8839895
8840149
8840194
8840349
8840371
8840522
8840529
8840540
8840551
8840635
8840645
8840848
8840867
8840897
8840929
8840976
8841021
8841156
8841243
8841269
8841309
8841490
8841552
8841750
8841771
8842046
8842113
8842119
8842288
8842310
8842350
8842357
8842499
8842537
8842544
8842667
8842743
8842810
8842982
8843040
8843171
8843192
8843222
8843227
8843369
8843413
8843626
8843917
8844075
8844140
8844161
8844337
8844346
8844378
8844500
8844798
8844926
8845062
8845083
8845116
8845124
8845235
8845261
8845328
8845359
8845436
8845530
8845582
8845664
8845678
8845722
8845813
8845833
8845952
8846486
8846810
8847017
8847141
8847212
8847328
8847456
8847465
8847517
8847595
8847598
8847608
8847639
8847680
8847799
8847827
8847848
8847851
8847856
8848108
8848212
8848347
8848365
8848392
8848432
8848455
8848469
8848532
8848535
8848542
8848545
8848763
8848862
8848907
8848943
8849009
8849109
8849227
8849286
8849287
8849293
8849495
8849531
8849559
8849607
8849821
8849880
8849946
8850160
8850175
8850235
8850242
8850433
8850614
8850787
8850860
8850910
8850932
8851033
8851131
8851212
8851361
8851363
8851389
8851403
8851611
8851638
8851668
8851755
8851770
8851795
8851801
8851847
8851893
8851966
8851987
8852031
8852093
8852246
8852619
8852740
8852829
8853000
8853057
8853071
8853130
8853202
8853204
8853225
8853321
8853359
8853487
8853782
8853915
8853957
8854034
8854101
8854164
8854165
8854284
8854369
8854453
8854621
8854623
8854649
8854690
8854696
8854743
8854790
8854867
8855059
8855111
8855133
8855198
8855265
8855266
8855293
8855404
8855413
8855585
8855594
8855998
8856288
8856576
8856585
8856602
8856740
8856760
8856767
8857005
8857018
8857111
8857136
8857363
8857388
8857478
8857488
8857560
8857561
8857598
8857678
8857703
8857721
8857968
8858003
8858063
8858154
8858218
8858219
8858397
8858510
8858736
8858807
8859044
8859056
8859127
8859198
8859258
8859267
8859300
8859349
8859413
8859430
8859495
8859542
8859625
8859627
8859764
8859792
8859870
8859978
8860131
8860142
8860273
8860403
8860709
8860735
8860877
8860879
8861001
8861341
8861367
8861423
8861558
8861585
8861691
8861859
8861985
8862087
8862139
8862412
8862486
8862498
8862777
8862917
8863138
8863184
8863197
8863281
8863469
8863625
8863679
8863754
8863813
8863896
8864108
8864115
8864152
8864187
8864371
8864386
8864510
8864718
8864839
8865386
8865419
8865441
8865454
8865484
8865532
8865704
8865809
8865849
8865862
8865884
8865914
8865918
8865928
8866012
8866241
8866437
8866535
8866593
8866667
8867382
8867444
8867472
8867486
8867527
8867611
8867659
8867860
8868081
8868172
8868207
8868406
8868535
8868848
8868942
8868944
8868948
8869027
8869201
8869476
8869541
8869700
8869722
8869731
8869889
8869923
8870043
8870148
8870155
8870189
8870363
8870401
8870437
8870455
8870469
8870702
8870825
8870851
8870870
8870894
8870918
8871128
8871218
8871254
8871431
8871665
8871679
8871906
8871913
8872128
8872135
8872136
8872273
8872304
8872345
8872552
8872628
8872650
8872885
8873233
8873439
8873449
8873588
8873651
8873713
8873753
8873762
8873822
8873951
8874020
8874302
8874306
8874410
8874468
8874512
8874767
8874832
8874852
8874892
8875112
8875120
8875175
8875211
8875694
8875697
8875729
8875885
8875894
8875910
8876009
8876059
8876104
8876235
8876239
8876294
8876356
8876514
8876678
8876821
8876828
8876990
8877013
8877018
8877069
8877203
8877258
8877398
8877403
8877423
8877449
8877460
8877499
8877711
8877781
8878043
8878046
8878160
8878239
8878288
8878343
8878435
8878497
8878499
8878695
8878776
8878790
8878796
8878986
8879247
8879295
8879592
8879620
8879770
8879841
8879897
8879902
8879916
8879930
8879958
8880017
8880031
8880110
8880151
8880239
8880460
8880569
8880575
8880581
8880732
8881040
8881052
8881068
8881071
8881108
8881316
8881445
8881526
8881658
8881693
8881725
8881825
8881949
8882070
8882221
8882269
8882517
8882636
8882746
8882910
8883113
8883131
8883144
8883361
8883373
8883447
8883566
8883627
8883760
8883766
8883812
8883825
8883869
8884051
8884137
8884259
8884287
8884345
8884494
8884615
8884620
8884630
8884689
8884697
8884725
8884747
8884903
8885059
8885494
8885498
8885509
8885553
8885609
8885882
8885934
8886018
8886021
8886060
8886122
8886397
8886570
8886580
8886674
8886847
8886969
8886978
8887019
8887067
8887182
8887241
8887270
8887293
8887321
8887409
8887629
8887701
8887833
8887836
8887925
8888004
8888199
8888298
8888317
8888533
8888576
8888588
8888717
8888723
8888844
8888983
8888986
8889034
8889173
8889221
8889241
8889337
8889632
8889646
8889858
8889949
8889951
8890029
8890072
8890146
8890230
8890264
8890463
8890536
8890718
8890790
8890794
8890952
8890985
8891073
8891115
8891212
8891221
8891249
8891342
8891445
8891594
8891621
8891769
8891787
8891969
8891983
8892043
8892078
8892110
8892145
8892291
8892408
8892871
8892872
8893095
8893215
8893219
8893251
8893364
8893398
8893572
8893761
8893779
8894045
8894299
8894418
8894467
8894569
8894790
8895106
8895157
8895353
8895477
8895536
8895552
8895821
8895879
8895933
8895982
8895992
8896047
8896057
8896077
8896105
8896172
8896283
8896299
8896305
8896321
8896353
8896467
8896581
8896613
8897021
8897078
8897285
8897336
8897367
8897405
8897554
8897597
8897790
8897817
8897877
8897898
8897928
8897956
8897983
8898257
8898330
8898544
8898636
8898783
8898958
8899236
8899304
8899404
8899583
8899772
8900250
8900273
8900354
8900369
8900552
8900572
8900739
8900924
8900970
8900982
8901200
8901252
8901266
8901303
8901397
8901766
8901834
8901873
8901911
8901918
8901988
8902199
8902235
8902297
8902502
8902622
8902883
8903030
8903122
8903460
8903463
8903569
8903776
8903880
8903911
8903961
8903974
8904014
8904153
8904213
8904430
8904779
8904816
8904853
8904867
8904869
8904886
8904953
8904970
8904998
8905432
8905544
8905686
8905691
8905741
8905746
8905841
8905895
8905922
8906061
8906110
8906477
8906511
8906605
8906610
8906697
8906763
8907099
8907128
8907206
8907438
8907545
8907689
8907780
8907802
8907828
8908102
8908176
8908294
8908298
8908303
8908373
8908402
8908509
8908595
8908615
8908846
8909209
8909267
8909371
8909393
8909432
8909569
8909585
8909591
8909630
8909647
8909754
8910121
8910189
8910411
8910438
8910657
8910693
8910767
8910870
8910931
8910986
8911047
8911071
8911308
8911455
8911495
8911774
8911993
8912019
8912073
8912141
8912196
8912241
8912268
8912279
8912370
8912903
8913009
8913180
8913218
8913271
8913274
8913279
8913479
8913523
8913613
8913917
8913923
8913956
8913989
8914023
8914154
8914185
8914326
8914662
8914863
8914964
8915005
8915257
8915610
8915638
8915705
8915813
8915839
8915900
8915925
8915931
8916062
8916162
8916453
8916611
8916830
8916851
8916887
8916943
8916972
8917047
8917051
8917108
8917109
8917152
8917226
8917401
8917451
8917458
8917585
8917630
8917685
8917720
8917721
8917992
8918041
8918093
8918100
8918362
8918503
8918621
8918624
8918646
8918975
8919014
8919103
8919118
8919128
8919376
8919487
8919492
8919537
8919621
8919789
8919844
8920064
8920250
8920303
8920308
8920661
8920681
8920874
8920916
8920940
8920973
8921046
8921323
8921325
8921337
8921475
8921522
8921626
8921777
8921903
8921966
8922187
8922220
8922270
8922388
8922402
8922585
8922609
8922746
8922902
8922914
8922971
8922987
8923039
8923059
8923091
8923194
8923319
8923404
8923415
8923493
8923730
8923765
8923935
8924062
8924070
8924190
8924496
8924517
8924641
8924815
8925022
8925345
8925613
8925831
8925851
8926016
8926048
8926071
8926157
8926174
8926322
8926474
8926550
8926765
8926867
8926985
8927008
8927022
8927030
8927052
8927209
8927228
8927275
8927533
8927716
8927823
8928031
8928315
8928389
8928625
8928638
8928721
8928726
8928786
8929140
8929161
8929187
8929204
8929255
8929333
8929448
8929487
8929526
8929586
8929595
8929688
8929705
8929750
8929849
8929909
8930217
8930221
8930285
8930345
8930375
8930412
8930460
8930577
8930623
8930692
8930796
8930967
8930985
8931113
8931125
8931253
8931373
8931443
8931460
8931539
8931713
8931856
8931955
8932169
8932330
8932410
8932424
8932670
8932688
8932798
8932811
8932920
8932927
8933104
8933302
8933311
8933401
8933414
8933537
8933572
8933697
8933881
8934218
8934273
8934285
8934378
8934508
8934526
8934904
8935174
8935307
8935516
8935532
8935595
8935654
8935728
8935869
8935963
8936006
8936011
8936157
8936175
8936214
8936220
8936356
8936383
8936739
8936786
8936833
8936884
8936986
8937069
8937211
8937212
8937215
8937249
8937287
8937387
8937442
8937454
8937483
8937869
8938205
8938286
8938489
8938527
8938562
8938593
8938756
8938795
8938885
8939052
8939091
8939163
8939309
8939448
8939466
8939472
8939619
8939816
8939829
8939855
8939991
8940095
8940297
8940405
8940558
8940603
8940703
8940709
8940716
8940842
8941066
8941155
8941249
8941288
8941303
8941428
8941628
8941680
8941818
8941883
8941929
8942031
8942241
8942252
8942329
8942560
8942625
8942659
8942660
8942944
8942987
8943097
8943477
8943547
8943931
8944042
8944370
8944488
8944518
8944541
8944592
8944602
8944659
8944684
8944687
8944709
8944760
8944853
8945050
8945125
8945139
8945194
8945495
8945546
8945554
8945595
8945882
8945911
8946060
8946151
8946197
8946284
8946334
8946481
8946627
8946661
8946703
8946737
8946873
8946958
8947018
8947059
8947152
8947264
8947397
8947405
8947463
8947496
8947526
8947589
8947679
8947696
8947752
8948041
8948055
8948392
8948449
8948680
8949021
8949061
8949259
8949480
8949488
8949595
8949649
8949683
8949703
8949721
8949880
8949959
8950280
8950342
8950519
8950688
8951228
8951553
8951665
8951680
8951686
8951689
8951799
8952048
8952067
8952079
8952412
8952415
8952571
8952573
8952648
8952679
8952801
8952958
8953026
8953326
8953386
8953563
8953634
8953689
8953745
8953883
8954075
8954222
8954327
8954343
8954462
8954486
8954588
8954689
8954696
8954739
8954743
8954888
8955156
8955171
8955261
8955371
8955448
8955499
8955525
8955559
8955621
8955638
8955671
8955937
8955977
8956171
8956268
8956276
8956643
8956681
8956736
8956764
8956789
8956942
8957031
8957068
8957171
8957221
8957295
8957405
8957606
8957610
8957820
8957952
8958005
8958022
8958065
8958115
8958142
8958238
8958287
8958329
8958359
8958436
8958511
8959004
8959005
8959006
8959023
8959114
8959144
8959213
8959269
8959416
8959429
8959658
8959704
8959733
8959863
8959864
8959984
8960092
8960215
8960291
8960315
8960466
8960578
8960639
8960641
8960647
8961000
8961212
8961260
8961341
8961345
8961403
8961442
8961514
8961633
8961729
8961780
8961918
8961965
8961972
8962129
8962228
8962260
8962337
8962388
8962569
8962578
8962604
8962655
8962714
8962917
8962976
8963074
8963092
8963107
8963129
8963201
8963380
8963461
8963479
8963492
8963527
8963531
8963700
8964073
8964092
8964130
8964154
8964182
8964192
8964467
8964501
8964590
8964754
8964948
8965033
8965063
8965081
8965358
8965364
8965516
8965530
8965559
8965626
8965743
8965926
8966049
8966115
8966155
8966165
8966303
8966333
8966337
8966400
8966554
8966775
8966805
8966840
8966872
8966959
8966986
8967218
8967265
8967351
8967415
8967479
8967578
8967601
8967647
8967784
8968138
8968480
8968537
8968873
8969053
8969140
8969177
8969416
8969566
8969729
8969733
8969764
8970171
8970251
8970352
8970378
8970390
8970423
8970623
8970624
8970747
8970765
8970891
8971019
8971260
8971295
8971325
8971342
8971490
8971538
8971568
8971650
8971723
8971880
8972072
8972208
8972298
8972361
8972384
8972506
8972507
8972787
8972789
8972817
8972866
8973229
8973325
8973427
8973482
8973749
8973827
8973926
8973948
8973983
8974188
8974201
8974289
8974290
8974430
8974457
8974503
8974520
8974696
8974727
8974837
8975104
8975302
8975431
8975497
8975878
8975913
8975963
8976025
8976372
8976463
8976544
8976624
8976821
8976964
8977038
8977094
8977112
8977325
8977408
8977442
8977551
8977571
8977627
8977648
8977683
8977740
8977960
8978043
8978176
8978215
8978226
8978228
8978233
8978251
8978339
8978457
8978464
8978585
8978630
8978776
8978792
8978949
8979204
8979230
8979305
8979499
8979623
8979648
8979711
8979748
8979752
8979839
8979842
8979857
8979883
8979921
8980176
8980233
8980294
8980416
8980553
8980712
8980947
8981261
8981271
8981509
8981593
8981743
8981853
8981931
8981962
8981984
8982019
8982197
8982373
8982504
8982622
8983055
8983068
8983107
8983191
8983223
8983236
8983570
8983706
8983728
8983816
8984050
8984220
8984243
8984312
8984383
8984457
8984518
8984621
8984671
8985079
8985126
8985247
8985302
8985348
8985401
8985417
8985507
8985564
8985693
8985765
8985905
8985913
8985993
8986006
8986204
8986223
8986313
8986480
8986504
8986859
8986978
8986992
8987086
8987148
8987248
8987258
8987357
8987376
8987393
8987398
8987606
8987727
8988704
8988824
8989002
8989678
8989724
8989755
8989829
8989856
8990118
8990175
8990227
8990300
8990302
8990406
8990569
8990721
8990911
8991149
8991488
8991639
8991732
8991888
8991939
8991987
8992210
8992248
8992299
8992382
8992445
8992471
8992521
8992667
8992698
8992714
8992765
8992797
8992831
8992936
8993025
8993274
8993276
8993341
8993397
8993438
8993440
8993594
8993726
8993754
8994069
8994260
8994273
8994338
8994350
8994527
8994666
8994795
8994906
8994943
8994956
8994990
8995018
8995200
8995374
8995492
8995557
8995589
8995645
8995825
8996059
8996110
8996374
8996427
8996429
8996573
8996669
8996736
8996809
8996846
8996869
8996951
8997248
8997510
8997562
8997674
8997857
8998038
8998327
8998431
8998992
8999016
8999061
8999225
8999400
8999482
8999490
8999618
8999698
8999856
8999969
8999990
8999993
9000369
9000410
9000421
9000444
9000465
9000522
9000560
9000615
9000868
9000997
9001116
9001182
9001238
9001337
9001367
9001446
9001512
9001523
9001869
9001963
9001970
9002025
9002125
9002451
9002572
9002588
9002628
9002820
9003006
9003245
9003374
9003557
9003797
9003941
9003954
9004209
9004277
9004293
9004299
9004397
9004478
9004479
9004605
9004654
9004720
9004972
9004981
9005486
9005497
9005572
9005626
9005732
9005841
9005928
9005971
9006025
9006280
9006855
9006862
9006882
9006994
9007039
9007082
9007113
9007140
9007191
9007265
9007279
9007327
9007346
9007523
9007541
9007557
9007585
9007680
9007747
9007820
9007874
9008077
9008321
9008546
9008639
9008809
9008878
9008921
9008947
9008991
9009171
9009672
9009924
9009941
9009951
9009975
9010058
9010135
9010296
9010362
9010427
9010603
9010832
9011065
9011072
9011171
9011263
9011355
9011435
9011605
9011623
9011753
9011784
9011842
9011872
9012021
9012091
9012160
9012534
9012556
9012653
9012667
9012692
9012724
9012830
9012941
9012980
9013143
9013146
9013222
9013270
9013337
9013550
9013603
9013691
9014037
9014044
9014129
9014162
9014253
9014332
9014523
9014618
9014637
9014699
9014725
9014822
9014856
9014909
9015076
9015157
9015228
9015272
9015459
9015494
9015506
9015532
9015546
9015726
9015815
9016128
9016165
9016510
9016516
9016572
9017236
9017368
9017412
9017544
9017581
9017624
9017626
9017734
9017759
9017798
9017868
9017948
9017967
9018237
9018270
9018440
9018465
9018784
9018802
9018846
9019043
9019082
9019208
9019715
9019879
9020029
9020149
9020280
9020290
9020414
9020474
9020680
9020698
9020836
9020849
9021198
9021293
9021364
9021403
9021733
9021961
9021986
9022106
9022298
9022441
9022493
9022509
9022556
9022889
9022957
9022990
9023000
9023012
9023048
9023116
9023130
9023286
9023297
9023313
9023348
9023579
9023650
9023671
9023716
9024047
9024071
9024124
9024145
9024333
9024347
9024467
9024643
9024644
9024700
9024832
9024908
9024996
9025009
9025113
9025116
9025181
9025187
9025243
9025277
9025555
9025712
9025750
9026022
9026043
9026049
9026558
9026598
9026774
9026798
9026912
9026955
9027014
9027147
9027177
9027235
9027344
9027416
9027420
9027457
9027531
9027558
9027984
9028088
9028240
9028272
9028302
9028420
9028446
9028632
9028727
9028777
9028859
9028867
9029168
9029297
9029419
9029450
9029640
9029702
9029703
9029711
9029736
9029772
9029775
9029790
9029791
9029905
9030009
9030089
9030130
9030360
9030654
9030712
9030809
9030838
9031036
9031115
9031180
9031189
9031283
9031494
9031619
9031672
9031793
9031797
9031982
9032142
9032219
9032281
9032493
9032509
9032546
9032735
9032857
9032891
9032972
9033021
9033087
9033098
9033168
9033182
9033256
9033429
9033645
9033812
9033951
9034132
9034160
9034194
9034230
9034250
9034407
9034434
9034443
9034699
9034926
9034934
9034961
9035095
9035104
9035182
9035262
9035264
9035309
9035336
9035532
9035818
9036208
9036265
9036387
9036481
9036507
9036630
9036669
9036708
9036784
9036912
9036924
9036942
9036952
9036978
9037251
9037511
9037523
9037667
9037692
9037893
9038015
9038098
9038103
9038332
9038387
9038531
9038582
9038601
9038659
9038665
9038670
9038807
9038901
9038925
9039031
9039104
9039190
9039207
9039276
9039422
9039435
9039687
9039740
9039918
9039928
9040007
9040133
9040177
9040261
9040484
9040505
9040527
9040641
9040690
9040726
9040767
9040789
9040839
9040918
9040943
9040954
9041175
9041177
9041263
9041297
9041378
9041441
9041471
9041504
9041619
9041639
9041678
9041804
9042160
9042452
9042548
9042561
9042601
9042728
9042773
9042876
9043032
9043200
9043232
9043321
9043334
9043530
9043533
9043602
9043789
9043949
9044001
9044026
9044107
9044318
9044594
9044627
9044669
9044687
9044943
9045040
9045129
9045285
9045799
9045869
9045911
9045912
9045913
9045942
9046005
9046049
9046074
9046092
9046155
9046188
9046309
9046322
9046335
9046572
9046704
9046713
9047115
9047165
9047202
9047308
9047429
9047565
9047784
9047829
9047851
9047954
9048185
9048227
9048243
9048441
9048551
9048583
9048602
9048874
9049014
9049057
9049484
9049774
9049776
9049868
9050011
9050101
9050111
9050257
9050285
9050298
9050492
9050687
9050710
9050775
9050831
9050837
9050935
9051044
9051135
9051501
9051773
9051952
9052048
9052192
9052300
9052393
9052603
9052768
9052892
9053222
9053269
9053339
9053630
9053742
9053781
9053907
9054022
9054252
9054336
9054358
9054425
9054593
9054665
9054687
9054765
9054774
9054808
9054893
9054905
9055081
9055097
9055461
9055559
9055805
9056019
9056041
9056082
9056269
9056379
9056394
9056425
9056465
9056671
9056711
9056759
9056850
9057059
9057090
9057193
9057740
9057835
9058003
9058160
9058189
9058398
9058711
9058830
9058912
9058949
9059064
9059254
9059300
9059337
9059414
9059691
9059697
9059738
9059954
9060017
9060130
9060238
9060373
9060557
9060703
9060759
9060782
9060879
9060943
9061171
9061239
9061298
9061315
9061489
9062047
9062127
9062154
9062164
9062180
9062245
9062530
9062775
9062801
9062833
9063148
9063285
9063328
9063409
9063563
9063597
9063606
9063618
9063681
9063974
9064078
9064232
9064317
9064556
9064611
9064795
9064805
9064834
9064929
9064960
9064989
9065021
9065132
9065185
9065265
9065286
9065292
9065488
9065489
9065526
9065562
9065680
9065702
9065747
9065859
9065918
9066081
9066196
9066268
9066277
9066315
9066395
9066663
9066799
9066824
9066932
9066959
9066966
9066993
9067051
9067058
9067059
9067131
9067233
9067340
9067373
9067858
9068041
9068062
9068268
9068296
9068308
9068345
9068385
9068433
9068446
9068487
9068602
9068629
9068636
9068710
9068808
9068848
9068850
9069096
9069264
9069309
9069311
9069338
9069471
9069525
9069618
9069704
9069823
9070047
9070083
9070126
9070132
9070149
9070172
9070377
9070518
9070679
9070688
9070920
9070950
9070979
9071042
9071044
9071067
9071335
9071350
9071359
9071961
9071981
9072047
9072072
9072162
9072301
9072322
9072392
9072601
9072658
9072669
9072692
9072888
9073279
9073403
9073476
9073606
9073692
9073715
9073887
9073900
9073929
9074137
9074163
9074259
9074351
9074437
9074494
9074605
9074665
9074701
9075002
9075091
9075381
9075419
9075500
9075521
9075585
9075668
9075669
9075676
9075758
9075916
9076372
9076607
9076694
9076701
9076938
9077022
9077117
9077204
9077256
9077297
9077355
9077375
9077415
9077479
9077526
9077768
9077807
9077914
9078188
9078312
9078575
9078728
9078845
9078848
9078902
9079027
9079121
9079143
9079330
9079429
9079512
9079632
9079645
9079663
9079813
9079887
9079976
9080152
9080214
9080252
9080273
9080397
9080435
9080565
9080848
9080926
9080948
9081121
9081348
9081396
9081487
9081507
9081591
9081764
9081807
9081903
9081997
9082010
9082076
9082665
9083132
9083188
9083300
9083316
9083368
9083380
9083517
9083725
9083850
9083948
9084004
9084044
9084110
9084234
9084383
9084424
9084836
9084837
9085134
9085175
9085234
9085274
9085349
9085370
9085641
9085792
9086057
9086087
9086108
9086189
9086258
9086357
9086494
9086633
9086637
9086756
9086931
9087072
9087116
9087117
9087168
9087213
9087272
9087349
9087381
9087438
9087481
9087548
9087680
9087722
9087749
9087754
9087817
9087917
9087981
9087997
9088163
9088220
9088281
9088323
9088432
9088504
9088511
9088517
9088615
9088626
9088786
9088887
9089232
9089255
9089598
9089647
9089714
9089815
9089819
9090006
9090150
9090217
9090396
9090427
9090445
9090678
9090772
9090879
9090990
9091100
9091131
9091248
9091274
9091322
9091388
9091422
9091490
9091644
9091772
9091970
9092009
9092085
9092098
9092430
9092682
9093131
9093157
9093405
9093484
9093671
9093736
9093842
9094054
9094112
9094231
9094323
9094325
9094400
9094696
9094726
9094774
9094925
9095151
9095493
9095616
9095696
9095761
9095882
9095943
9096063
9096070
9096079
9096129
9096155
9096211
9096536
9096670
9096699
9096749
9096854
9096971
9097086
9097137
9097194
9097227
9097234
9097269
9097295
9097341
9097377
9097502
9097629
9097659
9097746
9097765
9097775
9097817
9097840
9097864
9098005
9098112
9098200
9098207
9098228
9098230
9098299
9098430
9098832
9098904
9098975
9099083
9099170
9099261
9099362
9099452
9099495
9099739
9099897
9100668
9100872
9100917
9100971
9101003
9101016
9101097
9101258
9101570
9101582
9101742
9101770
9101794
9102068
9102353
9102537
9102714
9102846
9102930
9103002
9103076
9103080
9103232
9103358
9103442
9103460
9103530
9103589
9103599
9103633
9103701
9103778
9103864
9103886
9103950
9104035
9104040
9104110
9104129
9104159
9104220
9104363
9104405
9104512
9104550
9104834
9104948
9104983
9105033
9105045
9105057
9105168
9105200
9105535
9105575
9105722
9105851
9105890
9106038
9106136
9106145
9106212
9106229
9106318
9106388
9106392
9106712
9106813
9106915
9106956
9107025
9107116
9107431
9107453
9107487
9107617
9107632
9107768
9108011
9108182
9108211
9108269
9108330
9108386
9108397
9108411
9108514
9108643
9108652
9108723
9108743
9108786
9109042
9109231
9109241
9109376
9109394
9109436
9109464
9109546
9109576
9109587
9109697
9109750
9109775
9109900
9109930
9110137
9110186
9110227
9110382
9110560
9110659
9110894
9111024
9111040
9111053
9111062
9111173
9111218
9111387
9111400
9111402
9111705
9111747
9112251
9112301
9112335
9112343
9112485
9112592
9112619
9112696
9112732
9112989
9113116
9113141
9113215
9113251
9113395
9113538
9113651
9113738
9114022
9114040
9114124
9114409
9114432
9114457
9114466
9114490
9114562
9114676
9115049
9115361
9115381
9115540
9115787
9115884
9115891
9115940
9115965
9116022
9116338
9116401
9116600
9116933
9116942
9116994
9117252
9117318
9117379
9117694
9117827
9118007
9118125
9118285
9118424
9118436
9118507
9118508
9118806
9118894
9118932
9119089
9119153
9119195
9119230
9119286
9119289
9119319
9119356
9119396
9119612
9119878
9119908
9119943
9120004
9120034
9120236
9120257
9120267
9120451
9120545
9120566
9120647
9120891
9121220
9121244
9121283
9121364
9121395
9121642
9121910
9121998
9122245
9122479
9122819
9122941
9122972
9123172
9123178
9123258
9123323
9123476
9123484
9123605
9123723
9123764
9123770
9123877
9123915
9123938
9124149
9124332
9124335
9124382
9124725
9124783
9124788
9124810
9124863
9124865
9124897
9124961
9125015
9125066
9125103
9125116
9125125
9125137
9125176
9125291
9125423
9125532
9125551
9125573
9125579
9125631
9125766
9125792
9125804
9125879
9125915
9125993
9126157
9126361
9126596
9126597
9126656
9126896
9126904
9127061
9127077
9127265
9127599
9127708
9127749
9128053
9128067
9128156
9128236
9128261
9128305
9128360
9128646
9128674
9128703
9128740
9128744
9128786
9129090
9129122
9129124
9129307
9129431
9129503
9129509
9129542
9129543
9129629
9129650
9129683
9129696
9129720
9129738
9129771
9129783
9129867
9129924
9130069
9130072
9130099
9130121
9130262
9130289
9130351
9130440
9130646
9130812
9130830
9130955
9130969
9131141
9131214
9131389
9131467
9131473
9131526
9131614
9131697
9131945
9131964
9132138
9132207
9132214
9132336
9132340
9132386
9132394
9132470
9132697
9132754
9132808
9132967
9133091
9133155
9133189
9133511
9133548
9133821
9133827
9133973
9134243
9134338
9134451
9134488
9134505
9134532
9134661
9134708
9134752
9135316
9135425
9135638
9135778
9135798
9135878
9136132
9136224
9136285
9136314
9136489
9136501
9136530
9136596
9136643
9136948
9137128
9137289
9137317
9137545
9137596
9137775
9137825
9137887
9137895
9137931
9138436
9138471
9138618
9138672
9138677
9138854
9138858
9139207
9139310
9139343
9139388
9139458
9139501
9139640
9139776
9139981
9139994
9140170
9140361
9140498
9140632
9140795
9140945
9141017
9141024
9141149
9141156
9141263
9141505
9141578
9141588
9141641
9141664
9141773
9141812
9141863
9141915
9141974
9141991
9142071
9142136
9142360
9142519
9142527
9142533
9142675
9142805
9142881
9142976
9143024
9143122
9143363
9143599
9143749
9144062
9144110
9144201
9144253
9144457
9144759
9144867
9145131
9145150
9145220
9145332
9145334
9145425
9145591
9145672
9145726
9145805
9145877
9146127
9146196
9146311
9146376
9146486
9147097
9147120
9147161
9147280
9147324
9147539
9147638
9147692
9148193
9148221
9148293
9148295
9148666
9148735
9148798
9148825
9149117
9149135
9149203
9149219
9149223
9149383
9149531
9149665
9149764
9149790
9149846
9149898
9149921
9150017
9150093
9150110
9150248
9150348
9150443
9150595
9150616
9150644
9150905
9150978
9151129
9151227
9151282
9151303
9151304
9151305
9151363
9151394
9151445
9151457
9151501
9151685
9151711
9151824
9151828
9152058
9152109
9152220
9152232
9152298
9152302
9152419
9152445
9152448
9152701
9152766
9152898
9152902
9153010
9153040
9153292
9153422
9153635
9153729
9153932
9153955
9153992
9154029
9154525
9154545
9154569
9154837
9154845
9155066
9155086
9155103
9155216
9155302
9155323
9155384
9155751
9155782
9155865
9156105
9156312
9156313
9156572
9156672
9156819
9157012
9157240
9157311
9157479
9157495
9157524
9157547
9157676
9157866
9157914
9157996
9158332
9158563
9158581
9158608
9158755
9158838
9159214
9159342
9159348
9159419
9159450
9159455
9159486
9159908
9160153
9160162
9160275
9160313
9160332
9160562
9160565
9160632
9160899
9161054
9161058
9161192
9161395
9161508
9161517
9162036
9162111
9162113
9162153
9162206
9162284
9162301
9162331
9162391
9162499
9162553
9162567
9162644
9162668
9163023
9163114
9163735
9163771
9163812
9164050
9164072
9164076
9164136
9164162
9164215
9164216
9164535
9164540
9164562
9164727
9164754
9164825
9164900
9164969
9165146
9165165
9165321
9165436
9165552
9165598
9165699
9165708
9165922
9165952
9165995
9166142
9166404
9166700
9166701
9166710
9166730
9166772
9166791
9166831
9166888
9166915
9166971
9167050
9167062
9167107
9167227
9167316
9167391
9167512
9167578
9167609
9167719
9167846
9167864
9167878
9168002
9168023
9168025
9168027
9168059
9168130
9168381
9168413
9168518
9168533
9168560
9168677
9168685
9168807
9169012
9169388
9169445
9169566
9169577
9169613
9169862
9170092
9170286
9170300
9170393
9170460
9170551
9170573
9170598
9170678
9170973
9171013
9171118
9171133
9171156
9171203
9171363
9171416
9171485
9171704
9171713
9171748
9171822
9171908
9172058
9172133
9172292
9172402
9172405
9172547
9172591
9172636
9172655
9172686
9172688
9172716
9172756
9172780
9172950
9172956
9172984
9172990
9173006
9173199
9173494
9173533
9173617
9173850
9173994
9174025
9174510
9174719
9175033
9175390
9175402
9175425
9175432
9175533
9175547
9175580
9175654
9175664
9175735
9175790
9176073
9176179
9176269
9176582
9176825
9177082
9177111
9177335
9177729
9177757
9177765
9177851
9177988
9178061
9178113
9178114
9178477
9178603
9178610
9178687
9178705
9178713
9178753
9178759
9178848
9178881
9179109
9179254
9179387
9179478
9179767
9179950
9180028
9180280
9180346
9180596
9180694
9180698
9180764
9180808
9180841
9180849
9180938
9180953
9181109
9181222
9181275
9181471
9181493
9181535
9181541
9181546
9181918
9182066
9182137
9182290
9182342
9182379
9182643
9182969
9183073
9183156
9183174
9183279
9183349
9183420
9183421
9183440
9183554
9183862
9184019
9184224
9184244
9184381
9184797
9185152
9185298
9185402
9185413
9185416
9185447
9185517
9185761
9185783
9185833
9186009
9186128
9186219
9186438
9186487
9186544
9186577
9186603
9186639
9187100
9187168
9187229
9187269
9187369
9187518
9187543
9187551
9187560
9187766
9187800
9187835
9187904
9188192
9188285
9188295
9188346
9188489
9188590
9188690
9188747
9188756
9188771
9188800
9188904
9189154
9189165
9189449
9189498
9189519
9189629
9189912
9190023
9190222
9190227
9190300
9190498
9190795
9190837
9191128
9191136
9191201
9191298
9191351
9191403
9191680
9191745
9191809
9191836
9191870
9191913
9191963
9191978
9192077
9192111
9192177
9192180
9192231
9192367
9192397
9192459
9192593
9192602
9192769
9192801
9192994
9193019
9193135
9193273
9193333
9193360
9193432
9193614
9193678
9193880
9193917
9193957
9193994
9194261
9194494
9194503
9194650
9194710
9194733
9194791
9194827
9195095
9195358
9195418
9195441
9195506
9195534
9195651
9195662
9195851
9196018
9196025
9196119
9196249
9196255
9196427
9196435
9196642
9196908
9196948
9197029
9197045
9197106
9197197
9197233
9197383
9197599
9197647
9197895
9198030
9198671
9198678
9198682
9198743
9198750
9198837
9199156
9199216
9199373
9199536
9199581
9199605
9199610
9199664
9199751
9199819
9200271
9200342
9200367
9200576
9200658
9200770
9200948
9201021
9201031
9201212
9201250
9201418
9201524
9201850
9201873
9201954
9201970
9202023
9202077
9202108
9202157
9202325
9202502
9202576
9202624
9202689
9202775
9202869
9203027
9203037
9203166
9203328
9203444
9203617
9203683
9203953
9204038
9204160
9204244
9204252
9204315
9204357
9204469
9204581
9204642
9204670
9204744
9204787
9204884
9204905
9204941
9205024
9205155
9205173
9205345
9205502
9205549
9205577
9205736
9205737
9205755
9205757
9205903
9205975
9206040
9206079
9206171
9206477
9206479
9206481
9206490
9206512
9206614
9206848
9206922
9206987
9207043
9207194
9207461
9207548
9207830
9207898
9207908
9208026
9208140
9208298
9208308
9208313
9208348
9208469
9208627
9209035
9209111
9209256
9209313
9209487
9209544
9209563
9209615
9209619
9209761
9209831
9210007
9210078
9210190
9210221
9210287
9210309
9210371
9210498
9210899
9210901
9210993
9211432
9211484
9211666
9211924
9211953
9212216
9212236
9212287
9212365
9212463
9212589
9212630
9212723
9212744
9212777
9212866
9212924
9212926
9212938
9212956
9213038
9213290
9213384
9213419
9213456
9213540
9213666
9213736
9213795
9213801
9213841
9213971
9214026
9214091
9214148
9214477
9214608
9214651
9214912
9214956
9215096
9215132
9215247
9215279
9215621
9215721
9215771
9215883
9215888
9215944
9216185
9216200
9216251
9216268
9216448
9216568
9216624
9216707
9216794
9216822
9216842
9216916
9216936
9217029
9217199
9217232
9217403
9217423
9217702
9217756
9217897
9218015
9218022
9218104
9218656
9218695
9218777
9218824
9218884
9218937
9218953
9219017
9219090
9219601
9219698
9219822
9219885
9219950
9219954
9220249
9220269
9220353
9220381
9220392
9220565
9220675
9220888
9220951
9221381
9221439
9221588
9221689
9221710
9221725
9221776
9221844
9221947
9222175
9222634
9222651
9223005
9223037
9223062
9223093
9223338
9223383
9223526
9223911
9224005
9224096
9224206
9224255
9224531
9224644
9224654
9224662
9224678
9225111
9225297
9225353
9225371
9225394
9225440
9225496
9225591
9225879
9225958
9226019
9226021
9226159
9226221
9226223
9226396
9226433
9226563
9226571
9227003
9227361
9227492
9227512
9227537
9227567
9227624
9227636
9227645
9227691
9227702
9227716
9227723
9228032
9228076
9228084
9228201
9228257
9228300
9228561
9228569
9228583
9228590
9228611
9228630
9228701
9228837
9228852
9229009
9229427
9229548
9229614
9229637
9230082
9230091
9230099
9230164
9230185
9230338
9230776
9230805
9230869
9230995
9231166
9231481
9231734
9231735
9231776
9231889
9232263
9232393
9232422
9232587
9232654
9232963
9232992
9233041
9233219
9233330
9233835
9233875
9233941
9234096
9234098
9234124
9234168
9234233
9234286
9234356
9234359
9234379
9234461
9234566
9234573
9234576
9234588
9234657
9234713
9234729
9234743
9234754
9234785
9235144
9235153
9235158
9235216
9235421
9235427
9235658
9235764
9235804
9235881
9235917
9236026
9236189
9236298
9236306
9236363
9236510
9236560
9236579
9236636
9236972
9237001
9237061
9237065
9237371
9237492
9237663
9238085
9238278
9238504
9238549
9238583
9238627
9238727
9238923
9238940
9239032
9239033
9239126
9239208
9239218
9239248
9239288
9239307
9239344
9239483
9239727
9239899
9239903
9240016
9240422
9240436
9240437
9240586
9240611
9240806
9240897
9241074
9241138
9241169
9241171
9241445
9241507
9241551
9241590
9241634
9241723
9241744
9242000
9242079
9242094
9242105
9242178
9242288
9242475
9242483
9242502
9242536
9242562
9242648
9242700
9242818
9242945
9242997
9243067
9243186
9243199
9243205
9243364
9243387
9243488
9243605
9243806
9243823
9243839
9243908
9243983
9244120
9244127
9244161
9244325
9244408
9244421
9244559
9244841
9244862
9244903
9244909
9245064
9245081
9245289
9245460
9245500
9245701
9245744
9245894
9245911
9245943
9245993
9246005
9246044
9246048
9246057
9246103
9246164
9246277
9246598
9246615
9246643
9246746
9246748
9246752
9246789
9246973
9247045
9247086
9247167
9247172
9247204
9247243
9247292
9247389
9247473
9247482
9247533
9247628
9247906
9248008
9248013
9248063
9248238
9248324
9248351
9248362
9248406
9248484
9248718
9248736
9248738
9248934
9248948
9248994
9249054
9249086
9249107
9249357
9249420
9249460
9249466
9249498
9249663
9249673
9249784
9249982
9249997
9250116
9250250
9250325
9250331
9250511
9250521
9250533
9250606
9250857
9250886
9250894
9251031
9251046
9251063
9251256
9251314
9251333
9251356
9251380
9251430
9251570
9251598
9251687
9251731
9251876
9251930
9251942
9252003
9252149
9252154
9252171
9252233
9252261
9252587
9252635
9252716
9253017
9253193
9253578
9253723
9253799
9253849
9254120
9254130
9254133
9254221
9254296
9254544
9254756
9254936
9254969
9255105
9255124
9255470
9255879
9255950
9255965
9256004
9256043
9256236
9256456
9256906
9256914
9257066
9257141
9257253
9257359
9257360
9257363
9257519
9257862
9257863
9257909
9257973
9257994
9258028
9258109
9258145
9258194
9258255
9258320
9258389
9258499
9258536
9258684
9258761
9258824
9258980
9258998
9259163
9259259
9259330
9259513
9259538
9259602
9259957
9259963
9259997
9260462
9260505
9260676
9260723
9260943
9261053
9261242
9261280
9261436
9261446
9261673
9261740
9261777
9261827
9261848
9261893
9261978
9262084
9262151
9262214
9262241
9262295
9262318
9262327
9262537
9262735
9262773
9262908
9263226
9263247
9263369
9263385
9263555
9263635
9263829
9264009
9264015
9264227
9264362
9264425
9264702
9264763
9264776
9264984
9265134
9265149
9265194
9265198
9265262
9265410
9265595
9265695
9265982
9266019
9266086
9266142
9266509
9266533
9266578
9266636
9266775
9266789
9266973
9267124
9267204
9267255
9267318
9267337
9267467
9267568
9267578
9267683
9267743
9267848
9267944
9267953
9268037
9268304
9268401
9268591
9268685
9268780
9268969
9269055
9269117
9269256
9269266
9269287
9269320
9269324
9269604
9269882
9269911
9269998
9270064
9270233
9270335
9270336
9270384
9270436
9270470
9270498
9270511
9270583
9270890
9270955
9271356
9271506
9271528
9271531
9271553
9271627
9271922
9272087
9272106
9272396
9272435
9272501
9272586
9272681
9272692
9272771
9272801
9272805
9272864
9273029
9273087
9273245
9273437
9273530
9273617
9273640
9273670
9273726
9274014
9274081
9274394
9274401
9274512
9274539
9274711
9274878
9274950
9275659
9275667
9275672
9275811
9275997
9276005
9276009
9276066
9276156
9276456
9276480
9276749
9277026
9277049
9277195
9277381
9277638
9277694
9277698
9277739
9277816
9277949
9278059
9278228
9278541
9278543
9278544
9278688
9278702
9278992
9279033
9279050
9279054
9279105
9279140
9279178
9279433
9279451
9279781
9279822
9279957
9279962
9280000
9280015
9280068
9280087
9280145
9280246
9280481
9280495
9280498
9280518
9280523
9280536
9280669
9280722
9280765
9280767
9280809
9280909
9280973
9281153
9281158
9281178
9281209
9281210
9281270
9281306
9281428
9281583
9281616
9281683
9281814
9281831
9281902
9281988
9282006
9282066
9282085
9282090
9282139
9282458
9282565
9282636
9282739
9282835
9282968
9283118
9283143
9283268
9283411
9283523
9283631
9283663
9283829
9283883
9284252
9284388
9284410
9284556
9284782
9284959
9284973
9285125
9285130
9285185
9285310
9285349
9285421
9285457
9285501
9285528
9285622
9285641
9285643
9285815
9285847
9285869
9285892
9285916
9286057
9286144
9286179
9286254
9286301
9286316
9286437
9286512
9286518
9286808
9287058
9287300
9287369
9287412
9287483
9287545
9287669
9287979
9288152
9288515
9288690
9288744
9288876
9289034
9289182
9289224
9289314
9289469
9289482
9289775
9289930
9289959
9290253
9290332
9290339
9290472
9290503
9290537
9290676
9290709
9290718
9290785
9290871
9290905
9290906
9290977
9291126
9291424
9291500
9291519
9291900
9291959
9292052
9292184
9292238
9292354
9292391
9292407
9292506
9292626
9292664
9292690
9292751
9293093
9293430
9293449
9293643
9293894
9293919
9293949
9293986
9294026
9294285
9294288
9294382
9294456
9294560
9294711
9294803
9294992
9295289
9295332
9295364
9295541
9295877
9295963
9296079
9296108
9296322
9296332
9296398
9296421
9296422
9296486
9296501
9296600
9296731
9296858
9297018
9297053
9297054
9297161
9297165
9297200
9297299
9297432
9297481
9297687
9297770
9297945
9297999
9298123
9298190
9298249
9298269
9298581
9298838
9298869
9298923
9298945
9299041
9299217
9299352
9299401
9299487
9299494
9299639
9299766
9299775
9299935
9299958
9300135
9300203
9300647
9300722
9300884
9300895
9300912
9300987
9301010
9301280
9301615
9301648
9301923
9302263
9302278
9302577
9302586
9302628
9302693
9302705
9303081
9303117
9303239
9303251
9303307
9303313
9303351
9303460
9303558
9303640
9303713
9303789
9303838
9303903
9303985
9303991
9304123
9304285
9304449
9304475
9304613
9304769
9304773
9305006
9305011
9305330
9305358
9305376
9305524
9305539
9305606
9305607
9305631
9305727
9306110
9306140
9306183
9306188
9306253
9306336
9306454
9306704
9306996
9306997
9307043
9307143
9307211
9307381
9307750
9307764
9307798
9307847
9307904
9307941
9307970
9307973
9308238
9308360
9308829
9308904
9309024
9309151
9309172
9309458
9309530
9309598
9309639
9309646
9309734
9309735
9309826
9309889
9309951
9310094
9310279
9310344
9310379
9310515
9310601
9310612
9310619
9310736
9310771
9310775
9310779
9310812
9310982
9311137
9311377
9311458
9311553
9311774
9311817
9311881
9312017
9312287
9312332
9312345
9312451
9312477
9312580
9312631
9312748
9312792
9312797
9312871
9312877
9312892
9313062
9313115
9313489
9313521
9313631
9313653
9313664
9313709
9313723
9314009
9314211
9314435
9314522
9314575
9314642
9314757
9314908
9315218
9315233
9315252
9315460
9315655
9315765
9315782
9315801
9316004
9316065
9316100
9316153
9316220
9316477
9316733
9316853
9316983
9317049
9317939
9318013
9318033
9318412
9318728
9318812
9318864
9318917
9319040
9319149
9319162
9319260
9319395
9319423
9319441
9319787
9319828
9319904
9320121
9320169
9320170
9320240
9320647
9320671
9320829
9320886
9320926
9320944
9321051
9321052
9321109
9321115
9321220
9321283
9321623
9321713
9321940
9321980
9322013
9322156
9322165
9322348
9322390
9322391
9322441
9322450
9322520
9322543
9322620
9322622
9322698
9322714
9322726
9322789
9323252
9323492
9323501
9323669
9323729
9323868
9324380
9324598
9324661
9324799
9325054
9325066
9325104
9325114
9325162
9325207
9325213
9325257
9325296
9325419
9325464
9325489
9325536
9325594
9325601
9325673
9325695
9325826
9325997
9326104
9326181
9326426
9326468
9326553
9326662
9326713
9326824
9326835
9327067
9327145
9327294
9327298
9327514
9327581
9327627
9327695
9327720
9327867
9327992
9328021
9328462
9328719
9328744
9328848
9328918
9329094
9329206
9329257
9329263
9329288
9329596
9329597
9329878
9330023
9330126
9330225
9330227
9330366
9330388
9330496
9330717
9331438
9331475
9331523
9331579
9331773
9331791
9331844
9331933
9332029
9332100
9332240
9332480
9332859
9332908
9332949
9332985
9333097
9333198
9333213
9333333
9333374
9333389
9333470
9333504
9333585
9333798
9333914
9333938
9333944
9334010
9334033
9334190
9334274
9334318
9334384
9334599
9334602
9334614
9335159
9335230
9335497
9335585
9335627
9335869
9335938
9336018
9336093
9336194
9336216
9336530
9336688
9336747
9336798
9337132
9337149
9337164
9337203
9337361
9337484
9338057
9338063
9338121
9338127
9338149
9338225
9338250
9338460
9338600
9338608
9338616
9338656
9338669
9338674
9338786
9338835
9338901
9338970
9339034
9339070
9339362
9339397
9339423
9339623
9339773
9339837
9339921
9339979
9340037
9340095
9340426
9340467
9340521
9340608
9340634
9340855
9340992
9341057
9341146
9341149
9341262
9341324
9341336
9341369
9341888
9341974
9342078
9342676
9342719
9342890
9342940
9343427
9343564
9343856
9344016
9344026
9344082
9344089
9344132
9344177
9344489
9344562
9344585
9344705
9344707
9344827
9344838
9345074
9345238
9345240
9345259
9345292
9345317
9345382
9345427
9345593
9345694
9345804
9345832
9345915
9346069
9346267
9346307
9346350
9346382
9346518
9346609
9346661
9346884
9346927
9347393
9347566
9347663
9347677
9347771
9347794
9347802
9348105
9348133
9348134
9348173
9348207
9348230
9348361
9348707
9348725
9348973
9349002
9349104
9349326
9349405
9349449
9349505
9349602
9349635
9349707
9349708
9349798
9349831
9349921
9349949
9349950
9349952
9349972
9350048
9350066
9350207
9350964
9351002
9351137
9351279
9351324
9351329
9351401
9351481
9351580
9351581
9351632
9351714
9351812
9351818
9351873
9352079
9352207
9352295
9352440
9352793
9352821
9352826
9352954
9353167
9353193
9353224
9353436
9353513
9353567
9353700
9353786
9353844
9353848
9354017
9354217
9354325
9354388
9354571
9354713
9354736
9354938
9355035
9355077
9355081
9355096
9355159
9355535
9355649
9355798
9355815
9355831
9355877
9355896
9356095
9356166
9356231
9356455
9356558
9356576
9356690
9356691
9356739
9356771
9356823
9356850
9357110
9357160
9357244
9357250
9357289
9357391
9357417
9357430
9357539
9357570
9357595
9357651
9357671
9357722
9357724
9358124
9358126
9358164
9358428
9358741
9358760
9358876
9358928
9358992
9359055
9359202
9359211
9359238
9359257
9359395
9359436
9359534
9359641
9359776
9359927
9360132
9360252
9360672
9360977
9361012
9361072
9361085
9361129
9361154
9361185
9361186
9361292
9361293
9361466
9361658
9361868
9362024
9362117
9362147
9362228
9362262
9362276
9362313
9362842
9362886
9362906
9362932
9363164
9363170
9363182
9363191
9363263
9363328
9363332
9363372
9363686
9363848
9364053
9364073
9364101
9364202
9364265
9364268
9364321
9364419
9364746
9364823
9365011
9365040
9365099
9365236
9365346
9365434
9365464
9365529
9365582
9365618
9365672
9366041
9366056
9366084
9366191
9366208
9366361
9366472
9366575
9366767
9366855
9367042
9367107
9367182
9367468
9367486
9367614
9367630
9367756
9367807
9367890
9367960
9368081
9368246
9368269
9368288
9368310
9368457
9368532
9368576
9368618
9368726
9369093
9369138
9369152
9369164
9369190
9369269
9369347
9369471
9369487
9369729
9369771
9369820
9369834
9369942
9370219
9370498
9370500
9370539
9370604
9371147
9371411
9371651
9371745
9372083
9372089
9372187
9372270
9372589
9372762
9372786
9372811
9372824
9372998
9373146
9373172
9373369
9373576
9373927
9373953
9374059
9374069
9374262
9374281
9374724
9375004
9375060
9375164
9375210
9375379
9375426
9375488
9376035
9376198
9376252
9376328
9376361
9376469
9376495
9376939
9377003
9377047
9377274
9377425
9377487
9377505
9377518
9377591
9377918
9378255
9378283
9378532
9378658
9378693
9378703
9378730
9378809
9378863
9378891
9378983
9379089
9379105
9379111
9379126
9379467
9379644
9379654
9380237
9380429
9380431
9380441
9380512
9380597
9380606
9380688
9380935
9381172
9381274
9381502
9381620
9381877
9382029
9382095
9382181
9382193
9382226
9382339
9382487
9382626
9382906
9382907
9383321
9383370
9383450
9383690
9383833
9383846
9383979
9384021
9384154
9384268
9384305
9384382
9384437
9384451
9384502
9384672
9384831
9384839
9384911
9385170
9385301
9385418
9385517
9385601
9385607
9385736
9385822
9385981
9386004
9386018
9386045
9386249
9386415
9386487
9386671
9386777
9386804
9386857
9386986
9386996
9387172
9387180
9387216
9387235
9387283
9387336
9387436
9387463
9387519
9387606
9387904
9387961
9387998
9388054
9388187
9388299
9388499
9388643
9388644
9388648
9388789
9388944
9388956
9389027
9389031
9389069
9389080
9389107
9389166
9389204
9389298
9389558
9389737
9389987
9390014
9390075
9390132
9390202
9390212
9390462
9390532
9390534
9390685
9391022
9391070
9391100
9391125
9391140
9391159
9391431
9391455
9391521
9391643
9391671
9392183
9392282
9392407
9392488
9392707
9392722
9392748
9392799
9392858
9392879
9393154
9393170
9393172
9393250
9393258
9393341
9393432
9393576
9393676
9394089
9394206
9394213
9394293
9394310
9394518
9394559
9394583
9394712
9394727
9394746
9394954
9395151
9395199
9395201
9395385
9395432
9395507
9395605
9395617
9395643
9395657
9395695
9395773
9395845
9395923
9395927
9396249
9396368
9396453
9396498
9396513
9396745
9396890
9396936
9397205
9397294
9397312
9397361
9397404
9397439
9397519
9397550
9397558
9397671
9397726
9397886
9397913
9397964
9398031
9398054
9398061
9398070
9398115
9398186
9398352
9398370
9398391
9398561
9398564
9398740
9398767
9398771
9398923
9399232
9399394
9399413
9399498
9399682
9399723
9399767
9399794
9399833
9399913
9400150
9400175
9400194
9400200
9400212
9400276
9400448
9400536
9400604
9400753
9400892
9401113
9401168
9401404
9401415
9401418
9401442
9401502
9401539
9401572
9402068
9402277
9402380
9402457
9402458
9402544
9402756
9402862
9402975
9403138
9403152
9403167
9403178
9403290
9403442
9403679
9403744
9403808
9403953
9404057
9404072
9404083
9404131
9404197
9404404
9404742
9404786
9404796
9404970
9405164
9405179
9405448
9405521
9405620
9405909
9406116
9406165
9406400
9406482
9406664
9406971
9406997
9407015
9407261
9407398
9407467
9407617
9407641
9407808
9407928
9407974
9407992
9408016
9408076
9408104
9408145
9408370
9408516
9408555
9408597
9408652
9408674
9408703
9408811
9408812
9408877
9409074
9409097
9409313
9409456
9409495
9409573
9409626
9409663
9409774
9409844
9409858
9409928
9410053
9410094
9410344
9410346
9410527
9410930
9411083
9411092
9411159
9411177
9411220
9411267
9411328
9411343
9411350
9411377
9411381
9411405
9411577
9411842
9411978
9412065
9412257
9412324
9412493
9412534
9412682
9412841
9412848
9413238
9413251
9413308
9413321
9413479
9413601
9413611
9413645
9413794
9414188
9414208
9414271
9414299
9414402
9414548
9414759
9414867
9414929
9414941
9414955
9415065
9415379
9415471
9415530
9415565
9415652
9415678
9415701
9415874
9416144
9416176
9416187
9416249
9416360
9416481
9416620
9416699
9416727
9416812
9416867
9416922
9417105
9417130
9417133
9417193
9417377
9417387
9417402
9417505
9417541
9417553
9417779
9417836
9417860
9418210
9418529
9418576
9418600
9418778
9418878
9418967
9419065
9419151
9419517
9419528
9419606
9419746
9420000
9420003
9420189
9420336
9420340
9420406
9420427
9420451
9420463
9420604
9420611
9420766
9420791
9420954
9421120
9421421
9421423
9421567
9421917
9421968
9421971
9422003
9422004
9422049
9422120
9422131
9422546
9422946
9422969
9423519
9423538
9423591
9423598
9423709
9423885
9423893
9424024
9424036
9424521
9424568
9424722
9424741
9424753
9424863
9424914
9425108
9425197
9425386
9425480
9425733
9425843
9425933
9426036
9426230
9426339
9426355
9426484
9426550
9426574
9426650
9426855
9426870
9426905
9427165
9427200
9427269
9427596
9427648
9427649
9427674
9427720
9427851
9427872
9427910
9427943
9428235
9428389
9428632
9428641
9428722
9428787
9428844
9428954
9429028
9429169
9429196
9429218
9429294
9429432
9429514
9429531
9429616
9429895
9429961
9430029
9430079
9430175
9430247
9430348
9430439
9430470
9430555
9430894
9430991
9431008
9431041
9431165
9431329
9431376
9431470
9431657
9431723
9431884
9431929
9431989
9432069
9432098
9432122
9432291
9432543
9432609
9432628
9432668
9432861
9432955
9432966
9433147
9433338
9433465
9433912
9433919
9433944
9434048
9434184
9434451
9434466
9434536
9434590
9434637
9434677
9434785
9434800
9434849
9434876
9434904
9435186
9435198
9435236
9435358
9435365
9435444
9435552
9435591
9435835
9436044
9436063
9436089
9436156
9436332
9436355
9436411
9436412
9436966
9437020
9437188
9437230
9437314
9437337
9437492
9437495
9437514
9437764
9438187
9438339
9438416
9438567
9438714
9438753
9438890
9438944
9439057
9439100
9439349
9439519
9439584
9439656
9439674
9439678
9439693
9439763
9439769
9439922
9439979
9440293
9440418
9440463
9440507
9440532
9440627
9440718
9441037
9441054
9441327
9441464
9441630
9441636
9441656
9441707
9441753
9442030
9442129
9442130
9442153
9442190
9442250
9442329
9442335
9442343
9442348
9442381
9442502
9442566
9442697
9442806
9443063
9443178
9443671
9443676
9443836
9443849
9443960
9443990
9444018
9444566
9444603
9444648
9444857
9445314
9445371
9445520
9445547
9445571
9445606
9445691
9445761
9445829
9445866
9445917
9446174
9446221
9446263
9446404
9446434
9446489
9446630
9446696
9446728
9446729
9446760
9446793
9446852
9446935
9447081
9447184
9447300
9447304
9447411
9447457
9447462
9447708
9447743
9447770
9447804
9447914
9447976
9448162
9448193
9448496
9448499
9448578
9448610
9449118
9449127
9449131
9449158
9449169
9449384
9449408
9449463
9449687
9449815
9449885
9449892
9449910
9449936
9449988
9450004
9450175
9450205
9450215
9450281
9450301
9450442
9450594
9450704
9450788
9450792
9450819
9450888
9450897
9451226
9451239
9451284
9451487
9451508
9451522
9451545
9451592
9451948
9451991
9452455
9452579
9452733
9453043
9453077
9453164
9453195
9453232
9453241
9453250
9453251
9453297
9453493
9453625
9453641
9453806
9453848
9453853
9453917
9453947
9454159
9454227
9454283
9454568
9454723
9454819
9454846
9455023
9455057
9455100
9455534
9455543
9455619
9455690
9455782
9456170
9456363
9456509
9456580
9456619
9456631
9456636
9456822
9457206
9457211
9457235
9457296
9457421
9457469
9457484
9457616
9457673
9457786
9457798
9457837
9457915
9457982
9458053
9458124
9458364
9458581
9458650
9458692
9458736
9458866
9458877
9458962
9459290
9459565
9459590
9459696
9459745
9459829
9459840
9459972
9460223
9460353
9460438
9460443
9460500
9460523
9460542
9460544
9460553
9460591
9460612
9460691
9460771
9460827
9461002
9461291
9461325
9461527
9461738
9461895
9461902
9461915
9461922
9462005
9462024
9462040
9462069
9462197
9462236
9462259
9462279
9462293
9462402
9462553
9462613
9462712
9462867
9462992
9463178
9463188
9463278
9463397
9463703
9463790
9463814
9463815
9463952
9464045
9464140
9464205
9464264
9464409
9464563
9464731
9464749
9464782
9464813
9465150
9465460
9465590
9465772
9465925
9465982
9466002
9466391
9466442
9466487
9466542
9466619
9466658
9466672
9466790
9466859
9466868
9466878
9466949
9467022
9467293
9467370
9467650
9467688
9467699
9467761
9467850
9467907
9467910
9467941
9468092
9468276
9468289
9468489
9468752
9468846
9468851
9468945
9469059
9469126
9469139
9469279
9469370
9469400
9469451
9469596
9469624
9469787
9469876
9470067
9470181
9470528
9470628
9470642
9470652
9470825
9470839
9470906
9470914
9470982
9471013
9471197
9471464
9471487
9471495
9471516
9471562
9471761
9471798
9472003
9472153
9472186
9472190
9472234
9472274
9472333
9472462
9472464
9472608
9472670
9472759
9472829
9472941
9472971
9472979
9473001
9473029
9473067
9473141
9473306
9473328
9473445
9473509
9473587
9473618
9473676
9473687
9473894
9473933
9474004
9474101
9474416
9474514
9474606
9474712
9474968
9474998
9475029
9475089
9475129
9475196
9475256
9475272
9475443
9475457
9475487
9475491
9475555
9475864
9475958
9476046
9476081
9476129
9476288
9476349
9476373
9476429
9476587
9476616
9476653
9476696
9476711
9476806
9476914
9477026
9477151
9477220
9477224
9477294
9477301
9477361
9477372
9477803
9477867
9477916
9477978
9478248
9478252
9478292
9478360
9478379
9478392
9478507
9478536
9478807
9478989
9479011
9479055
9479120
9479171
9479253
9479266
9479313
9479315
9479329
9479370
9479453
9479514
9479832
9479837
9479942
9479964
9480030
9480059
9480065
9480113
9480166
9480274
9480380
9480514
9480553
9480715
9481035
9481060
9481139
9481201
9481232
9481235
9481332
9481475
9481487
9481496
9481528
9481800
9482024
9482120
9482140
9482247
9482324
9482334
9482506
9482591
9482635
9482655
9482826
9482908
9482909
9482943
9482995
9483068
9483139
9483165
9483185
9483195
9483424
9483469
9483517
9483617
9483623
9483793
9483797
9483819
9483821
9483941
9484150
9484231
9484335
9484487
9484654
9484818
9485005
9485039
9485212
9485467
9485536
9486137
9486226
9486269
9486421
9486543
9486821
9486857
9487112
9487125
9487178
9487550
9487677
9487679
9487921
9488026
9488040
9488083
9488099
9488141
9488163
9488174
9488232
9488246
9488258
9488389
9488423
9488446
9488447
9488459
9488486
9488520
9488679
9488835
9488871
9488890
9488924
9488982
9489055
9489280
9489375
9489397
9489572
9489609
9489670
9489704
9489730
9489760
9489876
9489902
9490032
9490131
9490227
9490708
9491139
9491206
9491328
9491330
9491343
9491491
9491558
9491645
9491679
9491750
9491793
9491955
9492030
9492156
9492268
9492298
9492578
9492584
9492763
9492821
9492871
9493045
9493060
9493122
9493163
9493186
9493227
9493286
9493400
9493420
9493694
9493821
9493827
9493910
9493936
9493956
9494032
9494085
9494108
9494214
9494332
9494876
9494985
9494991
9494996
9494997
9495274
9495343
9495405
9495433
9495562
9495571
9495750
9495769
9495780
9495851
9495855
9495955
9496063
9496097
9496130
9496354
9496428
9496543
9496622
9496636
9496823
9496839
9496872
9496890
9497058
9497074
9497148
9497154
9497185
9497356
9497427
9497431
9497447
9497631
9497739
9497800
9497920
9498119
9498213
9498231
9498306
9498368
9498387
9498399
9498424
9498451
9498452
9498681
9498757
9499112
9499133
9499135
9499218
9499436
9499534
9499582
9499698
9499812
9499842
9499848
9499856
9499983
9500194
9500221
9500373
9500520
9500849
9500924
9501111
9501176
9501217
9501573
9501950
9502211
9502245
9502482
9502595
9502769
9502913
9502923
9503078
9503299
9503435
9503524
9503541
9503569
9503658
9503769
9504015
9504163
9504214
9504234
9504524
9504698
9504985
9505026
9505118
9505264
9505369
9505373
9505460
9505509
9505542
9505593
9505627
9505782
9505799
9506054
9506166
9506312
9506367
9506384
9506580
9506855
9506906
9507184
9507304
9507335
9507414
9507522
9507552
9507566
9508001
9508045
9508193
9508198
9508377
9508449
9508603
9508614
9508687
9508694
9508828
9508855
9508958
9508997
9509200
9509286
9509329
9509426
9509441
9509489
9509678
9509812
9509988
9510027
9510060
9510136
9510229
9510378
9511175
9511201
9511236
9511263
9511276
9511280
9511313
9511331
9511396
9511419
9511502
9511696
9511931
9512019
9512290
9512418
9512429
9512595
9512670
9512671
9512694
9512744
9512758
9512807
9512817
9513262
9513327
9513357
9513398
9513414
9513574
9513812
9513890
9513928
9514021
9514086
9514175
9514272
9514335
9514412
9514418
9514564
9514590
9514788
9515037
9515201
9515469
9515585
9515716
9516121
9516348
9516379
9516418
9516451
9516535
9516572
9516694
9516945
9516977
9517206
9517230
9517236
9517317
9517510
9517796
9517875
9518054
9518126
9518173
9518179
9518188
9518238
9518283
9518322
9518556
9518569
9518654
9518725
9518753
9518770
9519008
9519207
9519391
9519398
9519473
9519517
9519724
9519748
9519894
9519920
9519993
9520125
9520180
9520202
9520251
9520288
9520651
9520680
9520732
9520767
9520838
9520869
9520870
9520887
9520902
9520964
9521066
9521119
9521246
9521275
9521375
9521451
9521562
9521641
9521682
9521772
9521784
9521834
9522119
9522147
9522299
9522305
9522375
9522412
9522601
9522697
9522714
9522719
9522727
9523124
9523172
9523192
9523246
9523265
9523321
9523615
9523632
9523880
9523938
9523997
9524135
9524187
9524328
9524762
9524989
9524998
9525040
9525176
9525187
9525217
9525231
9525435
9525441
9525488
9525521
9525544
9525613
9525658
9525792
9525998
9526080
9526120
9526161
9526221
9526330
9526371
9526512
9526587
9526623
9526885
9526897
9526997
9527037
9527182
9527249
9527415
9527419
9527533
9527607
9527608
9527676
9527828
9527917
9528277
9528443
9528656
9528815
9528993
9529055
9529198
9529219
9529315
9529499
9529568
9529592
9529641
9529786
9529792
9529940
9530420
9530456
9530584
9531097
9531156
9531168
9531180
9531242
9531410
9531604
9531619
9531822
9531825
9531966
9531977
9532031
9532228
9532275
9532509
9532519
9532531
9532649
9532663
9532664
9533001
9533017
9533262
9533264
9533311
9533355
9533534
9533596
9533615
9533636
9533651
9533724
9533789
9533827
9533837
9534084
9534234
9534297
9534368
9534592
9534638
9534646
9534692
9534979
9535059
9535127
9535162
9535178
9535343
9535424
9535570
9535651
9535693
9535708
9535743
9535791
9535874
9535971
9535979
9536187
9536340
9536346
9536530
9536653
9536657
9536747
9536753
9536768
9536922
9536953
9536991
9537044
9537081
9537438
9537494
9537730
9537736
9537751
9537812
9538076
9538150
9538194
9538239
9538298
9538502
9538531
9538796
9538928
9539065
9539306
9539635
9539725
9539738
9539858
9539908
9540113
9540129
9540301
9540338
9540346
9540367
9540547
9540651
9540853
9540923
9541051
9541277
9541328
9541330
9541346
9541386
9541513
9541644
9541676
9541806
9541866
9542048
9542195
9542252
9542360
9542724
9542982
9543080
9543262
9543373
9543522
9543603
9543658
9543661
9543966
9544017
9544046
9544078
9544086
9544147
9544255
9544366
9544378
9544405
9544418
9544499
9544622
9544664
9544688
9544733
9544825
9544831
9545191
9545777
9545865
9545872
9545909
9546031
9546107
9546454
9546509
9546618
9546790
9546830
9546869
9546885
9547032
9547099
9547227
9547356
9547423
9547448
9547549
9548380
9548501
9548549
9548586
9548615
9548616
9548887
9549161
9549170
9549209
9549264
9549383
9549465
9549599
9549677
9549809
9549851
9549872
9549980
9550177
9550401
9550423
9550621
9551202
9551205
9551356
9551361
9551419
9551483
9551796
9552044
9552099
9552178
9552200
9552305
9552366
9552393
9552581
9552783
9553082
9553206
9553270
9553278
9553436
9553500
9553516
9553553
9553558
9553574
9553590
9553796
9553815
9553840
9553962
9554025
9554172
9554513
9554525
9554579
9554605
9554742
9554950
9554964
9555031
9555093
9555114
9555302
9555311
9555559
9555639
9555829
9555859
9555889
9555926
9555965
9556033
9556114
9556127
9556245
9556483
9556544
9556559
9556729
9556751
9556770
9556780
9556790
9556795
9556798
9556806
9556916
9557005
9557103
9557372
9557395
9557398
9557416
9557516
9557563
9557605
9557654
9557735
9558054
9558148
9558427
9558467
9558477
9558527
9558774
9558797
9558957
9559202
9559257
9559273
9559715
9559765
9559790
9559849
9559854
9559915
9559917
9560024
9560066
9560071
9560106
9560135
9560302
9560545
9560584
9560681
9560682
9560942
9560946
9561047
9561081
9561115
9561164
9561212
9561393
9561421
9561433
9561436
9561534
9561670
9561700
9561961
9562121
9562146
9562170
9562257
9562299
9562369
9562459
9562502
9562771
9562797
9562847
9563031
9563059
9563110
9563211
9563487
9563695
9563730
9563756
9564250
9564323
9564335
9564362
9564471
9564579
9564584
9564741
9564771
9565095
9565354
9565404
9565785
9565804
9565829
9565844
9565897
9565940
9565971
9566003
9566089
9566096
9566174
9566543
9566568
9566684
9566710
9566752
9566777
9566834
9566969
9567119
9567198
9567215
9567547
9567770
9567846
9567906
9568098
9568140
9568270
9568323
9568397
9568415
9568429
9568581
9568689
9568737
9568795
9568903
9569140
9569143
9569200
9569243
9569382
9569505
9569518
9569521
9569588
9569760
9569993
9570005
9570060
9570289
9570405
9570474
9570479
9570498
9570556
9570657
9571143
9571213
9571323
9571347
9571400
9571479
9571503
9571523
9571610
9571679
9571719
9571736
9571926
9571998
9572114
9572197
9572205
9572375
9572406
9572408
9572512
9572567
9572617
9572707
9572736
9572967
9572972
9573056
9573119
9573191
9573219
9573336
9573454
9573500
9573526
9573590
9573622
9573685
9573785
9573857
9573906
9573913
9573926
9574100
9574213
9574399
9574449
9574509
9574549
9574675
9574702
9574713
9574786
9575225
9575353
9575669
9575728
9575758
9576246
9576353
9576402
9576564
9576937
9576992
9577040
9577242
9577307
9577356
9577423
9577432
9577505
9577553
9577602
9577626
9577751
9577806
9577981
9578209
9578221
9578416
9578454
9578623
9578668
9578830
9578907
9578944
9579288
9579320
9579371
9579529
9579700
9579763
9579819
9579893
9579986
9580258
9580271
9580493
9580495
9580518
9580654
9580701
9580827
9580954
9581062
9581067
9581103
9581180
9581228
9581289
9581392
9581771
9582127
9582387
9582447
9582489
9582649
9582669
9582693
9582737
9582981
9583009
9583092
9583171
9583436
9583443
9583652
9583819
9584013
9584014
9584019
9584278
9584303
9584311
9584374
9584633
9584732
9584771
9584790
9584889
9584908
9584929
9584943
9585003
9585138
9585229
9585493
9585914
9586103
9586151
9586237
9586466
9586534
9586892
9587064
9587078
9587080
9587153
9587201
9587275
9587390
9587437
9587489
9587531
9587546
9587558
9587579
9587690
9587717
9588040
9588045
9588302
9588593
9588654
9589085
9589154
9589251
9589553
9589605
9589789
9589861
9589937
9589954
9589971
9590075
9590091
9590172
9590186
9590238
9590324
9590348
9590387
9590437
9590591
9590716
9590731
9590735
9590854
9590912
9590939
9590982
9591170
9591307
9591409
9591462
9591478
9591512
9591515
9591568
9591620
9591809
9591869
9592053
9592060
9592156
9592168
9592464
9592490
9592681
9592785
9593062
9593249
9593291
9593305
9593443
9593503
9593559
9593986
9594088
9594101
9594150
9594233
9594285
9594358
9594443
9594526
9594621
9594677
9594739
9594831
9594879
9595125
9595338
9595376
9595407
9595421
9595437
9595537
9595544
9595618
9595624
9595748
9595807
9595869
9596118
9596235
9596395
9596505
9596530
9596689
9596771
9596865
9596938
9596952
9596972
9597128
9597170
9597283
9597376
9597493
9597542
9597618
9597675
9597750
9597798
9597930
9598198
9598309
9598326
9598336
9598351
9598372
9598477
9598839
9598961
9598989
9599030
9599135
9599139
9599315
9599334
9599335
9599348
9599377
9599386
9599543
9599585
9599803
9599895
9599971
9600083
9600117
9600259
9600377
9600427
9600605
9600690
9600764
9600784
9601039
9601082
9601301
9601439
9601472
9601541
9601590
9601846
9601856
9602023
9602134
9602319
9602345
9602477
9602522
9602616
9602670
9602730
9602841
9602851
9602917
9603006
9603214
9603263
9603466
9603539
9603641
9603695
9603747
9603857
9603904
9603966
9603998
9604016
9604059
9604523
9604653
9604720
9604790
9604804
9604947
9604994
9605200
9605332
9605343
9605355
9605399
9605401
9605444
9605749
9605917
9605986
9606028
9606572
9606693
9606713
9606853
9606874
9607134
9607451
9607457
9607514
9607711
9608168
9608465
9608627
9608705
9608806
9608902
9609110
9609131
9609807
9609855
9609889
9609978
9610107
9610228
9610234
9610545
9610873
9610979
9611148
9611201
9611676
9611687
9611706
9611793
9611814
9611962
9611970
9612045
9612243
9612326
9612458
9612459
9612705
9612714
9612785
9612835
9612926
9613029
9613049
9613253
9613439
9613565
9613603
9613732
9613834
9613875
9614003
9614038
9614068
9614130
9614136
9614167
9614314
9614512
9614535
9614606
9614612
9614651
9614671
9614685
9614708
9614712
9614810
9614817
9614979
9615022
9615028
9615114
9615115
9615140
9615166
9615310
9615325
9615542
9615747
9615818
9616239
9616252
9616568
9616720
9616725
9616944
9616946
9616983
9617319
9617334
9617337
9617476
9617496
9617863
9617874
9617972
9618016
9618057
9618284
9618425
9618515
9618592
9618604
9618786
9618981
9619026
9619120
9619137
9619146
9619211
9619226
9619271
9619285
9619297
9619333
9619488
9619515
9619554
9619567
9619601
9619636
9619653
9619763
9619823
9619934
9620143
9620266
9620571
9620703
9620839
9621409
9621417
9621459
9621476
9621522
9621712
9621784
9621795
9621862
9622033
9622209
9622237
9622382
9622417
9622559
9622608
9622746
9622837
9623057
9623097
9623105
9623250
9623338
9623733
9623836
9623910
9624231
9624435
9624506
9624864
9624927
9625114
9625127
9625215
9625260
9625334
9625508
9625517
9625757
9626039
9626061
9626103
9626104
9626399
9626423
9626626
9626658
9626763
9626791
9627101
9627169
9627179
9627294
9627311
9627395
9627414
9627641
9627644
9627957
9627972
9628287
9628378
9628517
9628607
9628666
9628775
9629022
9629068
9629091
9629109
9629160
9629293
9629330
9629624
9629658
9629761
9629805
9629829
9629892
9630030
9630042
9630080
9630144
9630163
9630227
9630276
9630319
9630366
9630582
9630733
9630838
9630918
9631052
9631174
9631321
9631577
9631588
9631614
9631721
9631860
9631982
9632112
9632155
9632253
9632298
9632315
9632373
9632386
9632590
9632652
9632731
9632772
9632857
9633175
9633202
9633236
9633435
9633458
9633464
9633467
9633549
9633622
9633645
9633878
9634025
9634051
9634486
9634494
9634592
9634665
9634677
9634784
9634836
9634850
9634904
9634936
9634946
9635175
9635473
9635680
9635684
9635798
9635918
9636042
9636240
9636484
9636490
9636530
9636706
9636717
9636789
9636885
9636911
9636953
9636996
9637279
9637329
9637346
9637357
9637475
9637516
9637556
9637620
9637658
9637697
9637866
9637911
9638063
9638074
9638332
9638682
9638829
9638934
9638974
9639301
9639340
9639431
9639471
9639603
9639688
9639734
9639749
9639822
9639834
9639868
9639970
9640022
9640243
9640480
9640488
9640655
9640702
9640855
9641022
9641034
9641043
9641391
9641624
9641943
9642010
9642221
9642428
9642499
9642545
9642561
9642604
9642705
9642740
9642754
9643016
9643184
9643327
9643504
9643527
9643736
9643967
9644008
9644240
9644382
9644407
9644470
9644543
9644587
9644622
9644682
9644754
9644976
9645189
9645353
9645361
9645530
9645571
9645933
9646034
9646092
9646195
9646241
9646472
9646610
9646707
9646784
9646843
9646971
9647055
9647138
9647158
9647248
9647292
9647365
9647663
9647748
9647864
9648364
9648429
9648541
9648770
9648880
9648920
9648969
9649138
9649161
9649171
9649202
9649756
9649875
9649876
9649880
9649901
9649998
9650002
9650155
9650454
9650512
9650608
9650618
9650731
9650789
9650907
9651135
9651140
9651286
9651348
9651351
9651641
9651705
9651709
9651739
9651840
9651922
9651925
9651928
9652032
9652047
9652055
9652102
9652283
9652307
9652373
9652383
9652782
9652881
9652891
9652915
9652957
9653002
9653079
9653219
9653287
9653309
9653391
9653693
9653697
9653813
9653938
9654042
9654105
9654234
9654394
9654420
9654709
9654743
9655246
9655311
9655399
9655402
9655441
9655682
9655963
9656016
9656260
9656387
9656426
9656430
9656786
9656860
9656894
9657048
9657137
9657179
9657252
9657484
9657524
9657558
9657711
9657720
9657743
9657765
9657798
9657903
9657969
9658006
9658214
9658218
9658223
9658309
9658411
9658679
9658729
9658835
9659136
9659158
9659257
9659402
9659404
9659430
9659454
9659464
9659519
9659523
9659527
9659530
9659700
9659727
9659891
9660075
9660104
9660145
9660176
9660283
9660378
9660430
9660465
9660508
9660518
9660599
9660702
9660703
9660725
9660745
9660752
9660870
9660927
9660964
9660978
9661058
9661063
9661164
9661324
9661487
9661491
9661499
9661615
9661716
9661852
9661975
9662233
9662376
9662398
9662579
9662864
9662887
9662932
9663000
9663022
9663158
9663195
9663218
9663607
9663687
9663698
9663774
9664043
9664201
9664479
9664776
9664866
9664900
9664921
9664943
9665016
9665038
9665112
9665309
9665476
9665573
9665699
9665711
9665749
9665809
9665819
9665915
9666138
9666148
9666398
9667108
9667131
9667182
9667239
9667248
9667475
9667477
9667506
9667592
9667609
9667874
9668026
9668089
9668157
9668293
9668380
9668386
9668504
9668517
9668805
9668807
9668863
9669019
9669033
9669125
9669160
9669258
9669261
9669303
9669400
9669411
9669435
9669519
9669589
9669692
9669791
9669833
9669871
9669964
9669967
9670013
9670031
9670182
9670196
9670754
9670870
9670946
9670960
9671028
9671037
9671054
9671076
9671154
9671539
9671615
9671631
9671680
9671709
9671710
9671944
9671979
9672101
9672162
9672211
9672287
9672383
9672480
9672507
9672621
9672629
9672636
9672820
9672957
9672967
9673023
9673054
9673099
9673342
9673375
9673513
9673589
9673921
9673957
9674080
9674145
9674277
9674406
9674609
9674643
9674709
9674717
9674898
9675030
9675092
9675110
9675291
9675495
9675580
9675739
9675799
9675822
9676028
9676037
9676074
9676161
9676246
9676784
9676961
9677074
9677227
9677427
9677506
9677560
9677715
9677760
9677909
9678104
9678210
9678280
9678326
9678520
9678670
9678735
9678774
9678885
9678938
9678953
9679117
9679387
9679530
9679545
9679702
9679765
9679860
9680008
9680175
9680176
9680274
9680359
9680397
9680463
9680527
9680595
9680625
9680648
9680711
9680736
9680747
9680915
9681111
9681660
9681827
9681962
9682353
9682364
9682821
9683008
9683079
9683107
9683135
9683266
9683403
9683505
9683513
9683606
9683816
9684039
9684118
9684169
9684283
9684317
9684350
9684459
9684467
9684596
9684774
9684875
9684931
9685002
9685021
9685106
9685202
9685217
9685271
9685339
9685370
9685430
9685552
9685663
9685807
9685847
9685875
9685934
9686146
9686327
9686650
9686889
9686901
9687077
9687164
9687215
9687296
9687328
9687396
9687763
9687766
9687775
9687876
9688150
9688275
9688583
9688586
9688722
9688827
9688875
9688896
9689115
9689159
9689181
9689205
9689225
9689498
9689515
9689612
9689935
9690052
9690098
9690453
9690523
9690601
9690613
9690641
9690721
9690778
9690820
9690822
9691072
9691091
9691114
9691130
9691196
9691244
9691332
9691406
9691531
9691532
9691533
9691567
9691677
9691825
9691993
9692070
9692342
9692355
9692454
9692461
9692561
9692569
9692644
9692693
9692699
9692730
9692846
9692849
9692938
9692963
9692967
9693069
9693103
9693150
9693248
9693700
9693735
9693757
9693784
9693793
9693850
9693934
9694107
9694118
9694196
9694280
9694299
9694416
9694460
9694498
9694536
9694543
9694577
9694666
9695022
9695024
9695043
9695311
9695399
9695597
9695676
9695747
9695771
9695884
9695890
9696216
9696217
9696297
9696468
9696556
9696601
9696643
9696690
9696935
9696998
9697279
9697287
9697331
9697453
9697554
9697780
9697792
9697899
9698161
9698275
9698306
9698358
9698457
9698506
9698510
9698902
9698965
9699115
9699230
9699411
9699439
9699555
9699776
9699821
9699822
9699896
9699920
9699940
9700015
9700076
9700135
9700542
9700786
9700787
9700961
9700971
9701078
9701116
9701302
9701360
9701373
9701376
9701441
9701641
9701812
9701873
9701943
9701954
9701991
9702122
9702137
9702417
9702475
9702531
9702572
9702576
9702610
9702834
9702835
9703032
9703033
9703109
9703123
9703391
9703408
9703410
9703427
9703482
9703653
9703762
9703764
9703798
9703977
9704132
9704145
9704376
9704389
9704538
9704576
9704839
9704921
9705018
9705074
9705109
9705128
9705224
9705234
9705452
9705483
9705530
9705563
9705674
9705736
9705806
9705871
9705913
9706032
9706063
9706073
9706169
9706264
9706297
9706410
9706478
9706531
9706712
9706815
9706991
9707009
9707382
9707696
9707753
9707770
9708030
9708054
9708059
9708205
9708310
9708497
9708589
9708786
9708907
9708967
9709198
9709306
9709309
9709832
9709856
9709874
9709888
9709889
9710166
9710183
9710188
9710192
9710193
9710352
9710387
9710415
9710421
9710556
9710857
9711062
9711125
9711278
9711411
9711422
9711546
9711582
9711635
9711719
9711763
9711857
9711897
9711902
9711954
9711989
9712203
9712296
9712376
9712459
9712504
9712753
9712959
9712965
9713051
9713086
9713265
9713348
9713624
9713667
9713809
9713881
9714108
9714267
9714706
9714803
9714845
9715082
9715097
9715214
9715293
9715449
9715480
9715532
9715595
9715603
9715644
9715927
9716053
9716329
9716432
9716552
9716635
9716748
9716783
9716789
9716797
9716878
9716887
9717124
9717258
9717269
9717285
9717423
9717436
9717510
9717637
9717753
9717865
9718096
9718114
9718208
9718216
9718283
9718383
9718725
9718860
9718992
9719075
9719131
9719206
9719242
9719288
9719319
9719408
9719467
9719519
9719579
9719681
9719846
9719943
9720090
9720209
9720272
9720303
9720346
9720415
9720530
9720556
9720595
9720703
9720868
9720909
9720967
9721120
9721311
9721370
9721396
9721428
9721512
9721591
9721843
9721887
9721916
9722014
9722163
9722249
9722493
9722547
9722568
9722676
9722686
9722688
9722769
9722802
9722881
9722989
9723081
9723090
9723126
9723443
9723477
9723835
9723998
9724020
9724165
9724340
9724392
9724406
9724473
9724481
9724648
9724667
9724986
9725032
9725046
9725256
9725371
9725405
9725406
9725417
9725473
9725479
9725574
9725750
9725922
9726147
9726180
9726279
9726344
9726471
9726486
9726492
9726624
9726882
9726897
9727206
9727208
9727313
9727443
9727463
9727498
9727671
9727696
9727701
9727714
9727755
9727782
9727986
9728009
9728055
9728150
9728180
9728184
9728321
9728323
9728416
9728537
9728634
9728981
9729074
9729166
9729207
9729289
9729408
9729515
9729560
9729575
9729621
9729894
9729914
9730005
9730087
9730236
9730272
9730384
9730426
9730439
9730808
9730910
9730932
9731034
9731415
9731636
9731918
9732076
9732310
9732456
9732726
9732930
9733034
9733199
9733200
9733369
9733538
9733548
9733563
9733581
9733699
9733725
9733835
9733910
9733972
9734044
9734133
9734151
9734324
9734425
9734554
9734590
9734890
9735086
9735101
9735170
9735263
9735455
9735603
9735608
9735672
9735727
9735744
9735815
9735837
9736052
9736060
9736164
9736229
9736248
9736257
9736362
9736374
9736391
9736394
9736473
9736533
9736618
9736660
9736912
9736965
9737113
9737288
9737302
9737314
9737325
9737345
9737389
9737418
9737445
9737480
9737517
9737639
9737640
9737666
9737782
9737791
9738155
9738192
9738343
9738386
9738427
9738541
9738643
9738743
9738883
9739223
9739315
9739358
9739367
9739608
9739749
9739902
9739944
9740359
9740376
9740416
9740425
9740576
9740665
9740759
9740812
9740847
9740960
9740996
9741020
9741173
9741209
9741216
9741272
9741524
9741777
9741802
9741869
9741891
9741980
9742248
9742267
9742347
9742444
9742466
9742629
9742652
9742656
9742785
9742868
9742869
9742999
9743026
9743048
9743105
9743401
9743434
9743513
9743588
9743765
9743890
9743901
9743903
9743993
9744021
9744081
9744139
9744184
9744197
9744379
9744406
9744535
9744588
9744658
9745059
9745086
9745207
9745490
9745512
9745761
9745877
9746146
9746303
9746329
9746438
9746739
9746741
9746832
9747094
9747098
9747200
9747242
9747326
9747364
9747416
9747683
9747729
9747765
9747963
9747989
9747991
9748027
9748344
9748470
9748570
9748593
9748599
9748618
9748712
9748755
9748780
9748791
9748891
9749061
9749219
9749434
9749488
9749568
9749619
9749687
9749905
9750183
9750411
9750528
9750747
9751063
9751475
9751590
9751664
9751693
9751702
9751863
9751906
9751982
9752018
9752113
9752357
9752692
9752714
9752718
9752728
9752747
9753005
9753086
9753419
9753562
9753616
9753630
9753644
9753742
9753797
9753925
9754073
9754141
9754381
9754382
9754396
9754456
9754679
9754757
9754770
9754845
9754853
9754982
9755035
9755144
9755183
9755203
9755308
9755427
9755442
9755529
9755717
9755772
9755852
9755912
9755925
9756018
9756088
9756105
9756454
9756475
9756489
9756737
9756764
9756963
9757111
9757209
9757245
9757298
9757375
9757412
9757516
9757746
9757776
9757793
9757859
9757951
9757958
9758070
9758164
9758230
9758367
9758376
9758396
9758485
9758585
9758597
9758612
9758857
9759024
9759327
9759447
9759513
9759554
9759595
9759647
9759701
9759748
9760092
9760224
9760232
9760279
9760284
9760444
9760588
9760620
9760639
9760769
9760870
9760901
9760981
9761274
9761306
9761364
9761377
9761389
9761721
9761827
9761838
9761933
9761963
9761970
9762105
9762420
9762489
9762517
9762618
9762705
9762899
9763192
9763243
9763342
9763508
9763549
9763622
9763702
9763776
9763874
9763906
9763971
9764002
9764163
9764326
9764385
9764482
9764527
9764553
9764682
9764737
9764802
9764846
9764951
9764985
9765074
9765471
9765520
9765807
9765827
9765911
9765928
9766051
9766082
9766210
9766233
9766335
9766523
9766587
9766597
9766662
9766666
9766757
9766783
9766807
9766873
9766967
9767247
9767262
9767309
9767422
9767538
9767617
9767620
9767661
9767848
9767895
9767987
9768028
9768328
9768445
9768534
9768568
9768575
9768668
9768697
9768698
9768709
9768865
9768921
9768937
9768947
9769032
9769303
9769320
9769364
9769425
9769446
9769698
9769820
9769855
9769999
9770266
9770306
9770402
9770455
9770589
9770861
9771093
9771162
9771197
9771211
9771319
9771330
9771409
9771670
9772002
9772021
9772042
9772044
9772119
9772168
9772519
9772640
9772771
9772786
9772901
9772941
9773017
9773208
9773446
9773461
9773505
9773611
9773643
9773690
9773721
9773973
9773981
9774002
9774217
9774249
9774255
9774399
9774513
9774576
9774598
9774742
9774786
9774936
9775341
9775470
9775487
9775501
9775511
9775625
9775647
9775692
9775886
9775898
9775918
9775923
9776020
9776038
9776087
9776193
9776245
9776361
9776367
9776826
9776837
9776965
9777103
9777248
9777252
9777399
9777462
9777528
9777538
9777619
9777634
9777673
9777719
9777866
9777877
9777957
9778024
9778041
9778057
9778092
9778098
9778099
9778216
9778227
9778407
9778636
9778653
9778799
9779004
9779286
9779494
9779572
9779603
9779875
9780078
9780121
9780162
9780188
9780428
9780432
9780482
9780486
9780757
9780833
9780853
9780859
9780955
9780968
9780972
9780997
9781034
9781089
9781188
9781233
9781260
9781299
9781323
9781386
9781524
9781535
9781556
9781610
9781642
9781801
9781817
9781945
9782037
9782059
9782080
9782093
9782101
9782504
9782586
9782738
9782763
9782785
9782850
9782882
9782938
9783008
9783070
9783243
9783409
9783479
9783481
9783528
9783563
9783753
9783813
9783831
9783850
9783986
9784070
9784235
9784246
9784266
9784269
9784360
9784677
9785014
9785133
9785199
9785410
9785564
9785756
9785760
9785988
9786031
9786091
9786462
9786547
9786558
9786622
9786681
9786701
9787020
9787167
9787338
9787361
9787412
9787436
9787569
9787774
9787779
9787987
9788074
9788245
9788259
9788313
9788336
9788448
9788472
9788774
9788784
9788833
9788867
9788869
9788916
9789167
9789243
9789331
9789867
9789991
9790089
9790130
9790287
9790355
9790530
9790562
9790813
9790843
9790894
9790907
9790918
9791085
9791112
9791122
9791312
9791356
9791365
9791437
9791578
9791870
9791897
9791943
9791975
9792019
9792109
9792127
9792217
9792357
9792370
9792373
9792653
9792701
9792859
9792873
9793013
9793036
9793058
9793282
9793408
9793513
9793764
9793806
9794003
9794010
9794066
9794227
9794233
9794237
9794275
9794291
9794324
9794503
9794568
9794578
9794632
9794646
9794696
9794697
9794821
9794990
9795185
9795266
9795300
9795369
9795529
9795547
9795598
9795602
9795606
9795650
9795832
9795885
9795901
9795927
9796246
9796313
9796332
9796374
9796653
9796789
9796828
9796832
9797108
9797313
9797518
9798023
9798077
9798526
9798596
9798888
9798895
9798992
9799018
9799047
9799098
9799227
9799272
9799297
9799312
9799361
9799681
9799772
9799805
9799824
9799857
9799892
9799908
9799976
9799984
9800074
9800261
9800340
9800655
9800698
9801030
9801181
9801663
9801687
9801893
9801895
9801915
9801923
9802056
9802062
9802219
9802281
9802315
9802465
9802528
9802591
9802757
9802767
9802770
9803067
9803185
9803240
9803272
9803350
9803372
9803450
9803464
9803588
9803937
9803943
9803970
9803972
9803982
9804020
9804096
9804137
9804281
9804757
9804840
9804897
9804940
9805065
9805151
9805245
9805287
9805300
9805534
9805589
9805594
9805650
9805702
9805931
9806221
9806242
9806246
9806336
9806340
9806496
9806518
9806532
9806735
9806933
9806979
9807012
9807099
9807250
9807367
9807437
9807606
9807658
9807712
9807713
9807755
9807828
9807957
9807973
9808058
9808424
9808453
9808488
9808570
9808627
9808658
9808674
9808675
9808727
9808777
9808796
9808797
9809051
9809097
9809186
9809218
9809302
9809381
9809430
9809571
9809607
9809633
9809656
9809725
9809991
9810011
9810099
9810121
9810276
9810534
9810649
9810694
9810753
9810888
9810944
9810952
9811205
9811285
9811610
9811675
9811811
9811926
9811976
9811993
9812372
9812407
9812838
9812936
9812945
9812967
9813202
9813287
9813308
9813524
9813533
9813588
9813966
9814005
9814072
9814225
9814411
9814574
9814642
9814740
9814745
9814875
9814936
9815065
9815195
9815327
9815725
9815732
9815791
9815857
9816048
9816343
9816360
9816380
9816381
9816441
9816451
9816639
9816816
9816863
9816874
9816888
9816891
9817159
9817320
9817386
9817389
9817461
9817469
9817475
9817520
9817693
9817740
9817984
9818014
9818038
9818058
9818068
9818144
9818149
9818219
9818363
9818420
9818436
9818449
9818597
9818679
9818683
9818785
9818885
9818900
9819007
9819054
9819208
9819544
9819577
9819799
9819821
9819866
9819926
9820032
9820039
9820105
9820138
9820282
9820400
9820471
9820538
9820568
9820882
9820884
9821250
9821287
9821409
9821423
9821659
9821752
9821784
9821797
9821923
9822002
9822182
9822238
9822359
9822386
9822530
9822776
9822845
9822859
9822889
9822933
9823084
9823177
9823352
9823384
9823535
9823547
9823730
9824196
9824499
9824567
9824666
9824799
9824935
9824937
9825148
9825308
9825539
9825605
9825933
9825968
9826257
9826430
9826520
9826552
9826572
9826792
9826866
9826914
9826992
9827024
9827140
9827157
9827182
9827268
9827331
9827720
9827789
9827848
9828014
9828113
9828121
9828337
9828635
9828638
9828728
9828791
9828806
9828823
9828950
9829024
9829121
9829215
9829225
9829288
9829369
9829410
9829483
9829613
9829765
9829805
9829849
9830035
9830102
9830104
9830157
9830269
9830331
9830504
9830674
9830969
9831043
9831203
9831222
9831357
9831489
9831609
9831646
9831700
9831710
9832047
9832085
9832103
9832117
9832208
9832390
9832553
9832648
9832663
9832777
9832781
9832880
9832915
9832919
9833169
9833346
9833398
9833409
9833586
9833605
9833716
9833736
9833806
9834129
9834154
9834157
9834258
9834507
9834569
9834682
9834738
9834739
9834808
9835084
9835252
9835476
9835530
9835531
9835570
9835819
9835914
9835915
9835916
9836027
9836048
9836074
9836122
9836144
9836331
9836353
9836374
9836385
9836461
9836767
9836783
9836911
9837012
9837028
9837076
9837171
9837357
9837476
9837637
9837658
9837721
9837746
9837801
9837894
9837918
9837950
9838046
9838096
9838181
9838197
9838343
9838470
9838483
9838649
9838770
9838850
9839031
9839126
9839286
9839542
9839556
9839605
9839826
9840148
9840218
9840550
9840647
9841177
9841205
9841369
9841409
9841515
9841833
9842200
9842509
9842561
9842719
9842756
9842770
9843051
9843202
9843257
9843463
9843538
9843559
9843819
9843862
9844062
9844138
9844255
9844360
9844433
9844559
9844802
9844895
9845005
9845031
9845133
9845189
9845218
9845267
9845455
9845603
9845651
9845675
9845683
9845834
9845843
9845894
9846005
9846120
9846168
9846182
9846265
9846282
9846286
9846288
9846419
9846557
9846625
9846712
9846897
9846980
9847011
9847045
9847306
9847468
9847497
9847522
9847577
9847642
9848024
9848067
9848144
9848198
9848359
9848521
9848704
9848744
9848964
9849075
9849076
9849249
9849251
9849273
9849303
9849580
9849723
9849742
9850117
9850145
9850176
9850334
9850403
9850605
9850649
9850673
9850748
9850767
9850839
9851154
9851156
9851230
9851296
9851389
9851867
9852049
9852062
9852175
9852195
9852214
9852225
9852410
9852528
9852565
9852767
9852912
9852988
9853006
9853292
9853341
9853362
9853427
9853445
9853492
9853508
9853610
9853621
9853700
9853705
9853713
9853829
9853868
9853971
9854186
9854343
9854418
9854424
9854766
9854973
9855087
9855238
9855248
9855429
9855501
9855610
9855741
9855914
9855925
9855996
9856152
9856227
9856311
9856374
9856410
9856446
9856459
9856542
9856737
9856770
9856784
9856792
9856833
9856894
9856962
9856968
9857058
9857107
9857358
9857378
9857383
9857457
9857464
9857488
9857527
9857720
9857826
9857904
9857952
9857996
9858083
9858105
9858236
9858292
9858293
9858380
9858436
9858793
9858852
9858910
9858932
9859072
9859101
9859230
9859284
9859311
9859313
9859363
9859598
9859684
9859685
9859758
9859881
9860210
9860463
9860613
9860661
9860664
9860757
9861003
9861122
9861337
9861416
9861587
9861590
9861691
9861981
9861999
9862173
9862254
9862296
9862340
9862353
9862610
9862792
9862996
9863214
9863248
9863392
9863438
9863489
9863496
9863521
9863653
9863681
9863880
9864235
9864266
9864270
9864362
9864712
9864846
9865006
9865074
9865097
9865180
9865215
9865514
9865684
9865768
9865785
9865798
9865867
9865929
9866001
9866171
9866470
9866506
9866526
9866599
9866990
9867073
9867186
9867388
9867479
9867507
9867556
9867725
9867815
9867836
9867877
9867883
9867894
9867902
9868006
9868020
9868126
9868492
9868606
9868666
9868751
9868768
9869021
9869139
9869189
9869194
9869287
9869313
9869512
9869640
9869682
9869761
9869825
9869939
9869976
9870132
9870361
9870400
9870423
9870429
9870536
9870695
9870700
9870702
9870821
9870963
9871101
9871117
9871171
9871206
9871261
9871293
9871374
9871560
9872027
9872089
9872130
9872151
9872177
9872296
9872369
9872425
9872429
9872514
9872610
9872857
9872996
9873101
9873456
9873497
9873634
9873639
9873690
9873731
9873788
9873809
9873938
9874001
9874018
9874103
9874205
9874419
9874573
9874596
9874816
9874933
9875309
9875321
9875554
9875747
9875902
9876005
9876010
9876027
9876029
9876481
9876733
9876736
9876769
9877219
9877333
9877339
9877389
9877535
9877567
9877586
9877629
9877656
9877842
9877896
9878044
9878119
9878137
9878148
9878151
9878236
9878274
9878378
9878526
9878539
9878632
9878652
9878756
9878780
9878837
9878843
9879003
9879006
9879117
9879187
9879277
9879362
9879426
9879493
9879498
9879555
9879569
9879712
9879778
9879834
9879867
9879938
9879972
9880263
9880547
9880617
9880748
9880791
9880921
9880930
9880965
9881002
9881016
9881160
9881189
9881257
9881329
9881487
9881545
9881731
9882085
9882100
9882146
9882391
9882396
9882399
9882648
9882788
9882881
9882983
9883129
9883292
9883318
9883343
9883447
9883616
9883689
9884046
9884305
9884344
9884435
9884537
9884602
9884679
9884762
9884796
9884834
9884875
9884882
9884895
9885059
9885254
9885672
9885717
9885788
9885923
9885953
9886227
9886555
9886569
9886918
9886939
9886959
9886965
9887107
9887405
9887416
9887643
9887672
9887858
9887986
9888012
9888158
9888198
9888212
9888277
9888322
9888346
9888348
9888367
9888400
9888433
9888495
9888814
9888947
9889061
9889064
9889065
9889101
9889255
9889318
9889395
9889415
9889663
9889889
9890116
9890498
9890558
9890702
9890799
9890978
9891164
9891185
9891327
9891340
9891454
9891465
9891524
9891597
9892084
9892266
9892345
9892355
9892563
9892566
9892617
9892659
9892786
9892989
9893243
9893354
9893519
9893660
9893864
9894062
9894076
9894117
9894132
9894237
9894249
9894300
9894513
9894561
9894601
9894716
9894886
9894914
9894962
9895062
9895260
9895370
9895548
9895634
9895906
9896123
9896175
9896303
9896331
9896349
9896421
9896442
9896456
9896459
9896605
9896832
9896942
9896980
9897071
9897173
9897413
9897431
9897439
9897471
9897478
9897507
9897679
9897709
9897828
9897960
9897968
9898037
9898089
9898091
9898095
9898257
9898316
9898377
9898383
9898405
9898457
9898505
9898509
9898573
9898641
9898648
9898702
9898785
9898885
9899042
9899099
9899203
9899221
9899386
9899458
9899716
9899744
9899811
9899849
9899870
9900042
9900215
9900409
9900448
9900662
9900682
9900862
9900983
9901059
9901126
9901149
9901170
9901381
9901448
9901816
9901886
9902000
9902008
9902134
9902237
9902470
9902582
9902861
9903004
9903183
9903469
9903475
9903546
9903911
9903980
9904184
9904215
9904261
9904463
9904485
9904807
9905090
9905133
9905634
9905643
9905729
9905737
9905787
9905859
9905936
9906041
9906086
9906167
9906253
9906280
9906328
9906466
9906475
9906495
9906579
9906846
9906892
9906914
9906953
9907009
9907030
9907199
9907389
9907608
9907673
9907746
9907997
9908156
9908221
9908296
9908382
9908416
9908478
9908560
9908667
9908897
9908905
9909194
9909273
9909338
9909429
9909511
9909521
9909549
9909569
9909611
9909682
9909727
9909849
9909858
9910140
9910274
9910637
9910723
9910955
9911491
9911541
9911739
9911788
9911869
9911879
9911908
9911919
9912116
9912266
9912605
9912663
9912922
9913116
9913124
9913261
9913262
9913379
9913464
9913538
9913572
9913676
9913791
9913839
9913851
9914030
9914096
9914198
9914206
9914237
9914299
9914335
9914359
9914524
9914541
9914554
9914668
9914890
9915056
9915133
9915188
9915235
9915396
9915433
9915491
9915633
9915829
9915964
9916003
9916024
9916025
9916027
9916031
9916048
9916083
9916165
9916267
9916329
9916373
9916394
9916585
9916790
9916841
9916854
9917003
9917089
9917094
9917097
9917165
9917194
9917245
9917253
9917470
9917542
9917868
9917889
9917895
9917903
9917907
9918079
9918325
9918441
9918492
9918511
9918676
9918710
9918999
9919063
9919266
9919284
9919305
9919393
9919437
9919441
9919493
9919736
9920190
9920294
9920332
9920340
9920406
9920460
9920484
9920519
9920585
9920587
9920595
9920624
9920708
9920871
9921110
9921327
9921718
9921804
9921839
9921880
9922190
9922349
9922478
9922498
9922576
9922757
9922834
9922915
9923044
9923072
9923075
9923086
9923190
9923277
9923395
9923435
9923469
9923507
9923625
9923747
9923802
9923961
9924113
9924121
9924400
9924407
9924456
9924575
9924729
9924748
9925064
9925322
9925604
9925945
9926007
9926054
9926129
9926132
9926341
9926374
9926375
9926480
9926520
9926712
9926780
9926823
9926909
9926910
9926962
9926964
9927071
9927099
9927193
9927355
9927441
9927717
9927750
9927757
9927785
9927866
9927956
9927972
9928044
9928072
9928119
9928191
9928331
9928356
9928534
9928553
9928617
9928874
9928878
9928893
9929083
9929094
9929095
9929100
9929163
9929180
9929200
9929227
9929355
9929364
9929685
9929720
9929734
9929811
9929855
9929868
9929903
9929974
9930159
9930240
9930473
9930517
9930582
9930783
9930824
9930915
9930962
9930971
9931081
9931328
9931665
9931821
9931858
9931989
9932039
9932066
9932116
9932260
9932364
9932538
9932630
9932637
9932775
9932931
9933096
9933386
9933442
9933516
9933684
9933714
9933890
9934369
9934490
9934567
9934630
9934676
9934917
9934934
9935031
9935369
9935688
9935752
9935812
9935826
9936126
9936166
9936181
9936474
9936479
9936525
9936603
9936697
9936771
9936847
9936953
9937032
9937063
9937130
9937195
9937214
9937393
9937406
9937456
9937476
9937484
9937640
9937668
9937839
9937976
9937981
9937982
9938036
9938055
9938097
9938141
9938222
9938280
9938414
9938604
9938608
9939131
9939142
9939411
9939432
9939455
9939626
9939915
9939958
9939997
9940101
9940113
9940334
9940479
9940553
9940784
9940893
9941168
9941291
9941585
9941604
9941848
9942014
9942178
9942206
9942230
9942286
9942623
9942624
9942808
9942848
9943016
9943055
9943200
9943539
9943707
9943717
9944183
9944342
9944403
9944493
9944578
9944600
9944761
9944883
9944981
9945016
9945048
9945279
9945690
9945849
9946054
9946115
9946292
9946409
9946452
9946488
9946532
9946583
9946728
9946778
9946891
9946969
9946970
9947034
9947056
9947153
9947317
9947435
9947473
9947527
9947596
9947862
9947873
9948120
9948191
9948211
9948266
9948603
9948739
9948741
9948938
9949115
9949167
9949425
9949501
9949606
9949859
9949898
9950094
9950217
9950366
9950411
9950556
9950594
9950645
9950664
9950727
9950975
9950995
9951063
9951087
9951160
9951210
9951349
9951513
9951551
9951563
9951594
9951602
9951985
9952088
9952128
9952492
9952520
9952571
9952614
9952702
9952833
9953509
9953703
9953759
9953779
9953867
9953948
9954147
9954262
9954342
9954389
9954513
9954573
9954707
9954768
9954847
9954928
9955014
9955102
9955301
9955412
9955448
9955493
9955562
9955653
9955734
9955790
9955864
9956142
9956155
9956451
9956662
9956760
9956769
9956990
9957036
9957152
9957197
9957233
9957249
9957253
9957651
9957674
9957854
9958003
9958033
9958046
9958596
9958681
9958786
9958956
9959052
9959342
9959416
9959504
9959657
9959728
9959816
9960147
9960223
9960357
9960471
9960543
9960557
9960681
9960719
9960937
9960974
9961068
9961127
9961181
9961259
9961367
9961478
9961591
9961855
9961858
9962018
9962211
9962617
9962711
9962736
9962820
9962829
9962847
9963056
9963121
9963147
9963212
9963424
9963429
9963489
9963632
9963905
9963976
9964016
9964058
9964226
9964307
9964369
9964417
9964602
9964901
9964932
9965046
9965303
9965344
9965383
9965489
9965521
9965614
9965676
9965866
9965874
9966067
9966159
9966212
9966254
9966298
9966302
9966383
9966589
9966665
9966702
9966703
9966919
9967073
9967462
9967486
9967487
9967704
9967772
9967858
9968003
9968037
9968068
9968149
9968182
9968209
9968450
9968545
9968675
9968710
9968848
9968867
9968893
9968943
9969162
9969209
9969213
9969288
9969411
9969459
9969700
9969738
9969755
9969960
9969984
9969986
9970058
9970194
9970224
9970227
9970322
9970357
9970528
9970568
9970661
9970763
9970828
9970874
9970915
9970956
9971010
9971059
9971236
9971438
9971575
9971592
9971624
9972130
9972185
9972443
9972484
9972529
9973228
9973363
9973379
9973556
9973571
9973719
9973845
9973961
9974033
9974204
9974243
9974417
9974493
9974544
9974561
9974570
9974683
9974697
9974879
9975078
9975084
9975111
9975155
9975161
9975373
9975582
9975664
9975808
9975845
9975873
9976060
9976228
9976240
9976294
9976480
9976545
9976573
9976602
9976642
9976852
9976997
9977078
9977088
9977148
9977200
9977244
9977414
9977428
9977494
9977608
9977718
9977737
9977756
9978023
9978053
9978330
9978611
9978679
9978702
9978758
9978772
9978837
9979131
9979801
9979861
9979874
9979923
9979979
9980082
9980412
9980438
9980959
9980984
9981046
9981195
9981244
9981254
9981261
9981290
9981447
9981709
9981811
9981835
9981850
9981866
9981912
9982001
9982114
9982208
9982405
9982534
9982601
9982823
9982936
9982955
9982974
9983183
9983310
9983504
9983517
9983560
9983974
9984352
9984362
9984368
9984402
9984556
9984580
9984649
9984731
9984781
9984852
9985014
9985152
9985179
9985183
9985226
9985248
9985374
9985544
9985618
9985699
9985781
9985842
9985961
9986007
9986107
9986251
9986300
9986339
9986346
9986350
9986466
9986525
9986629
9986656
9986663
9986664
9986714
9986716
9986767
9986794
9986867
9986888
9986958
9987009
9987044
9987089
9987371
9987396
9987397
9987435
9987537
9987741
9987796
9987920
9988003
9988066
9988338
9988355
9988432
9988443
9988529
9988685
9989198
9989378
9989595
9989699
9989722
9989969
9990105
9990122
9990145
9990282
9990429
9990488
9990808
9990884
9991077
9991105
9991178
9991198
9991228
9991275
9991347
9991594
9991606
9991610
9991802
9991929
9991988
9992038
9992132
9992161
9992468
9992556
9992669
9992758
9993088
9993143
9993208
9993245
9993377
9993437
9993447
9993459
9993534
9993535
9993953
9994029
9994334
9994335
9994437
9994502
9994629
9994676
9994734
9994765
9994800
9994926
9995023
9995226
9995372
9995500
9995641
9995685
9995886
9995918
9995930
9995968
9996111
9996124
9996236
9996274
9996344
9996468
9996515
9996521
9996526
9996673
9996814
9996860
9996939
9997004
9997021
9997104
9997172
9997203
9997211
9997237
9997249
9997268
9997347
9997370
9997371
9997580
9997669
9997712
9997921
9997965
9998028
9998068
9998384
9998549
9998574
9998653
9998720
9998794
9998851
9998880
9998924
9999125
9999217
9999224
9999247
9999393
9999417
9999426
9999445
9999525
9999620
9999723
9999773
9999848
9999938
9999953
9999995
