0000033
0000100
0000173
0000319
0000343
0000348
0000490
0000618
0000789
0001296
0001668
0001812
0001840
0001855
0002052
0002622
0002697
0002720
0002787
0002791
0003216
0003351
0003461
0003494
0003528
0003738
0003884
0003990
0004006
0004104
0004266
0004422
0004457
0004512
0004746
0004989
0005200
0005210
0005649
0005652
0005671
0006147
0006263
0006436
0006485
0006543
0006553
0006677
0006854
0006943
0006970
0006976
0007151
0007176
0007254
0007449
0007557
0007634
0007725
0007776
0007796
0007809
0007904
0007990
0008011
0008095
0008204
0008213
0008302
0008520
0008630
0008711
0008856
0008880
0008898
0009006
0009050
0009112
0009127
0009182
0009347
0009386
0009473
0009716
0009769
0009919
0010069
0010100
0010109
0010121
0010125
0010209
0010529
0010795
0010812
0010827
0011269
0011595
0011635
0011655
0011933
0011983
0012139
0012237
0012345
0012353
0012382
0012573
0012661
0012691
0012717
0012915
0013001
0013134
0013257
0013551
0013593
0013758
0013761
0013958
0013982
0014072
0014147
0014187
0014856
0015154
0015280
0015478
0015615
0015775
0015796
0015836
0015946
0016120
0016246
0016344
0016345
0016420
0016595
0016643
0016673
0016708
0016882
0016940
0017121
0017256
0017283
0017345
0017384
0017454
0017586
0017726
0018058
0018201
0018395
0018419
0018454
0018510
0018680
0018748
0018803
0018944
0018977
0019139
0019149
0019306
0019417
0019523
0019674
0019691
0019726
0019793
0020067
0020108
0020146
0020204
0020265
0020267
0020631
0020826
0020988
0021018
0021063
0021365
0021431
0021459
0021703
0021741
0021778
0021784
0021788
0021867
0021869
0022075
0022138
0022149
0022195
0022257
0022481
0022577
0022772
0022821
0022870
0023239
0023253
0023364
0023402
0023437
0023440
0023724
0023840
0023925
0024060
0024212
0024228
0024241
0024290
0024340
0024441
0024502
0024565
0024570
0024856
0024942
0024953
0024962
0025087
0025119
0025416
0025421
0025471
0025547
0025590
0025648
0025713
0025769
0025919
0025953
0026004
0026083
0026328
0026386
0026578
0026630
0026652
0026757
0026770
0026829
0026988
0027308
0027331
0027359
0027462
0027679
0027807
0027930
0027951
0027972
0027993
0028032
0028134
0028156
0028326
0028334
0028377
0028653
0028698
0028751
0028758
0028905
0028937
0028939
0029073
0029164
0029311
0029518
0029696
0029839
0030086
0030231
0030243
0030379
0030464
0030622
0030850
0030948
0031042
0031053
0031077
0031082
0031265
0031348
0031476
0031508
0031509
0032110
0032191
0032227
0032512
0032584
0032691
0032836
0032843
0033045
0033101
0033212
0033223
0033226
0033238
0033305
0033315
0033573
0033580
0033701
0033894
0033940
0034129
0034260
0034280
0034521
0034587
0034600
0034645
0034739
0034865
0034894
0034911
0034935
0035079
0035172
0035208
0035214
0035288
0035511
0035834
0035837
0036021
0036024
0036123
0036161
0036183
0036195
0036329
0036442
0036502
0036775
0036912
0036929
0037015
0037027
0037051
0037077
0037089
0037201
0037386
0037525
0037543
0037547
0037658
0037963
0038015
0038301
0038368
0038376
0038751
0038865
0039097
0039172
0039283
0039545
0039851
0039899
0039920
0040046
0040052
0040471
0040524
0040581
0040666
0040719
0040781
0040836
0040847
0040897
0041081
0041249
0041274
0041437
0041513
0041645
0041699
0041704
0041725
0042238
0042274
0042343
0042417
0042497
0042780
0042852
0042880
0042919
0042977
0043181
0043425
0043566
0043676
0043702
0043922
0044104
0044396
0044397
0044596
0044691
0044834
0044947
0045145
0045321
0045368
0045493
0045613
0045676
0045717
0045733
0045900
0046055
0046095
0046173
0046189
0046276
0046305
0046332
0046541
0046656
0046891
0046950
0046988
0047062
0047103
0047648
0047809
0047907
0047956
0047968
0048229
0048349
0048406
0048451
0048516
0048773
0048875
0048994
0049078
0049450
0049506
0049541
0049543
0049658
0049690
0049716
0049766
0049792
0049819
0049951
0049992
0050232
0050275
0050370
0050377
0050542
0050562
0050610
0050639
0050864
0050888
0050968
0051026
0051402
0051596
0051605
0051627
0051628
0051739
0051810
0051948
0051949
0051953
0051956
0052191
0052263
0052356
0052364
0052670
0052719
0052860
0053023
0053051
0053090
0053105
0053204
0053248
0053334
0053446
0053459
0053553
0053627
0053656
0053661
0054044
0054049
0054089
0054138
0054265
0054375
0054504
0054622
0054831
0054886
0054984
0055192
0055217
0055233
0055419
0055593
0055726
0055741
0055955
0056018
0056031
0056087
0056399
0056502
0056590
0056752
0056804
0056900
0056984
0057148
0057158
0057167
0057261
0057315
0057353
0057444
0057692
0058062
0058148
0058166
0058255
0058322
0058522
0058703
0058823
0058925
0058928
0058953
0059048
0059165
0059635
0059843
0060112
0060137
0060207
0060310
0060446
0060456
0060475
0060486
0060492
0060544
0060572
0060717
0060730
0060734
0060844
0061074
0061221
0061435
0061518
0061601
0061659
0061699
0061717
0061846
0061981
0062270
0062321
0062477
0062479
0062563
0062689
0062788
0062811
0062838
0062890
0062942
0062980
0063124
0063131
0063158
0063422
0063465
0063502
0063506
0063676
0063717
0063805
0063872
0064324
0064333
0064391
0064427
0064477
0064542
0064578
0064757
0064871
0065019
0065055
0065141
0065197
0065225
0065227
0065424
0065647
0065675
0065718
0065771
0065832
0065925
0066159
0066198
0066227
0066236
0066455
0066574
0066766
0066834
0067189
0067497
0067631
0067640
0067744
0067844
0067858
0067875
0068190
0068551
0068670
0068776
0068815
0068828
0069070
0069221
0069280
0069508
0069552
0069556
0069560
0069847
0069851
0069918
0070131
0070202
0070215
0070364
0070492
0070517
0070544
0070713
0070753
0071044
0071055
0071214
0071290
0071464
0071526
0071729
0071904
0071928
0072309
0072447
0072473
0072560
0072630
0072803
0072867
0072955
0072986
0073128
0073192
0073320
0073627
0073832
0073960
0074165
0074172
0074199
0074218
0074310
0074377
0074442
0074618
0074706
0074767
0074869
0074964
0075177
0075197
0075374
0075488
0075498
0075657
0075666
0075729
0075940
0075972
0075986
0076203
0076244
0076581
0076667
0076698
0076757
0076794
0076837
0077088
0077288
0077312
0077352
0077372
0077562
0077686
0077756
0077757
0077799
0077883
0077983
0078186
0078274
0078337
0078417
0078449
0078525
0078540
0078645
0078845
0078873
0079110
0079670
0080210
0080390
0080403
0080628
0080629
0080840
0080854
0080897
0080925
0080968
0080995
0081037
0081250
0081377
0081421
0081479
0081554
0081642
0081653
0081660
0081801
0081882
0081890
0082050
0082127
0082159
0082244
0082257
0082329
0082418
0082685
0082871
0082901
0083013
0083135
0083335
0083625
0083647
0083799
0083810
0084099
0084182
0084212
0084300
0084309
0084463
0084559
0084658
0084797
0085301
0085577
0085742
0085945
0086275
0086580
0086622
0086799
0086824
0086865
0086886
0086919
0086942
0087284
0087447
0087494
0087609
0087684
0087903
0087983
0088106
0088119
0088155
0088239
0088275
0088529
0088591
0088617
0088705
0088771
0088834
0088963
0089009
0089024
0089125
0089184
0089327
0089353
0089419
0089726
0089807
0089850
0090066
0090118
0090347
0090369
0090404
0090657
0090779
0091082
0091220
0091222
0091229
0091266
0091575
0091882
0091974
0092000
0092041
0092183
0092349
0092440
0092482
0092565
0092603
0092811
0092848
0092969
0093014
0093067
0093124
0093217
0093285
0093339
0093369
0093422
0093461
0093687
0093789
0094044
0094106
0094171
0094327
0094333
0094390
0094553
0094604
0094651
0094755
0094815
0094820
0094936
0095239
0095370
0095377
0095483
0095970
0096125
0096147
0096156
0096208
0096212
0096342
0096376
0096469
0096519
0096795
0097081
0097108
0097118
0097225
0097330
0097363
0097406
0097515
0097613
0097804
0097825
0097826
0098045
0098171
0098249
0098297
0098302
0098365
0098385
0098454
0098516
0098848
0099115
0099139
0099184
0099230
0099237
0099253
0099411
0099426
0099441
0099541
0099542
0099639
0099786
0100042
0100183
0100212
0100225
0100312
0100376
0100425
0100443
0100543
0100596
0100652
0100700
0100746
0100773
0100782
0100960
0101036
0101084
0101218
0101251
0101257
0101285
0101423
0101502
0101623
0101658
0101833
0101922
0102125
0102244
0102354
0102355
0102398
0102401
0102496
0102734
0102772
0102788
0102821
0102876
0103190
0103227
0103337
0103371
0103480
0103567
0104098
0104135
0104439
0104467
0104471
0105047
0105257
0105289
0105354
0105538
0105626
0105627
0105675
0105679
0105802
0105847
0105912
0105984
0105997
0106038
0106039
0106056
0106085
0106239
0106349
0106476
0106481
0106557
0106692
0106860
0106923
0107056
0107334
0107338
0107365
0107830
0107912
0107950
0107951
0107965
0108023
0108368
0108398
0108443
0108783
0108791
0108824
0109230
0109257
0109403
0109510
0109858
0109906
0110263
0110409
0110410
0110446
0110465
0110517
0110529
0110901
0110947
0111082
0111163
0111285
0111354
0111608
0111643
0112136
0112173
0112198
0112212
0112280
0112355
0112499
0112504
0112647
0112821
0113005
0113077
0113099
0113116
0113218
0113285
0113320
0113328
0113464
0113483
0113611
0113806
0113827
0114066
0114091
0114102
0114103
0114191
0114206
0114240
0114396
0114565
0114687
0114695
0115310
0115478
0115638
0115708
0115730
0115766
0115796
0115825
0115934
0115947
0115973
0115991
0116018
0116060
0116271
0116302
0116308
0116406
0116418
0116514
0116695
0116847
0116860
0116974
0116997
0117329
0117533
0117569
0117622
0117646
0117761
0117785
0117848
0117880
0118152
0118203
0118223
0118385
0118444
0118479
0118840
0118892
0118958
0119119
0119196
0119307
0119316
0119357
0119447
0119680
0119950
0119995
0120022
0120183
0120383
0120413
0120425
0120432
0120503
0120536
0120542
0120582
0120602
0120634
0120660
0121070
0121218
0121227
0121270
0121348
0121550
0121582
0121655
0121689
0121754
0121756
0121949
0121988
0122003
0122079
0122200
0122213
0122501
0122536
0122734
0122798
0122810
0122904
0123048
0123085
0123201
0123298
0123376
0123804
0123949
0124001
0124022
0124093
0124144
0124184
0124370
0124514
0124686
0124940
0125075
0125092
0125121
0125131
0125268
0125437
0125863
0125874
0126047
0126064
0126370
0126390
0126548
0126569
0126643
0126651
0126699
0126755
0126766
0126775
0126862
0126912
0126969
0127069
0127077
0127160
0127166
0127213
0127263
0127371
0127496
0127499
0127603
0127714
0127735
0127815
0127978
0127984
0128004
0128096
0128247
0128320
0128354
0128413
0128521
0128655
0128701
0128901
0129040
0129120
0129263
0129292
0129361
0129442
0129561
0129907
0130049
0130143
0130516
0130724
0130773
0130814
0131153
0131172
0131221
0131279
0131491
0131628
0131727
0131737
0131750
0131872
0131910
0131917
0131948
0132037
0132105
0132247
0132370
0132431
0132551
0132710
0132912
0132949
0133105
0133207
0133232
0133272
0133336
0133885
0133921
0133960
0134079
0134198
0134243
0134252
0134257
0134268
0134535
0134679
0134685
0134716
0134820
0134931
0135122
0135194
0135259
0135276
0135288
0135506
0135533
0135771
0135893
0135988
0135995
0136153
0136194
0136326
0136444
0136640
0136651
0136755
0136778
0136825
0136837
0136858
0136967
0137184
0137289
0137389
0137439
0137529
0137569
0137585
0137615
0137626
0137729
0138193
0138570
0138632
0138857
0138878
0138902
0138996
0139089
0139133
0139140
0139162
0139192
0139379
0139575
0139815
0139891
0139909
0139948
0139994
0140009
0140224
0140274
0140293
0140296
0140517
0140523
0140879
0140883
0140958
0141207
0141264
0141486
0141524
0141533
0141545
0141549
0141882
0141976
0142554
0142558
0142591
0142810
0142872
0142888
0143052
0143053
0143091
0143137
0143328
0143353
0143633
0143842
0144015
0144062
0144079
0144292
0144389
0144430
0144461
0144496
0144571
0144668
0144863
0144904
0144922
0145078
0145310
0145334
0145406
0145438
0145637
0145706
0145785
0145868
0146208
0146303
0146512
0146556
0146670
0146678
0146911
0146934
0146956
0146991
0147319
0147368
0147555
0147581
0147665
0147859
0147906
0147949
0147957
0147968
0148005
0148141
0148172
0148396
0148471
0148474
0148782
0148845
0148889
0149119
0149182
0149212
0149215
0149559
0149640
0149684
0149742
0149832
0149955
0150074
0150322
0150386
0150527
0150625
0150731
0150888
0151093
0151101
0151162
0151163
0151356
0151420
0151453
0151463
0151560
0151625
0151705
0151813
0151957
0152044
0152091
0152186
0152189
0152237
0152349
0152528
0152625
0152882
0153030
0153108
0153221
0153282
0153333
0153481
0153558
0153633
0153945
0154148
0154304
0154346
0154590
0154832
0154893
0155033
0155171
0155180
0155327
0155378
0155431
0155469
0155474
0155508
0156026
0156097
0156236
0156412
0156460
0156472
0156476
0156526
0156646
0157267
0157370
0157512
0157715
0157837
0157851
0157870
0157927
0158093
0158155
0158169
0158262
0158336
0158367
0158374
0158391
0158487
0158511
0158604
0158627
0158757
0158831
0158855
0158907
0158964
0158966
0159064
0159313
0159325
0159346
0159388
0159485
0159518
0159666
0159772
0159801
0159826
0159871
0159918
0159928
0159975
0160007
0160011
0160235
0160247
0160254
0160349
0160920
0160938
0160973
0161023
0161024
0161064
0161073
0161138
0161340
0161400
0161459
0161686
0161757
0161788
0161940
0162041
0162141
0162142
0162147
0162397
0162570
0162709
0162743
0162829
0163229
0163269
0163390
0163465
0163648
0163658
0163870
0164018
0164105
0164131
0164174
0164202
0164228
0164248
0164409
0164612
0164614
0165049
0165131
0165178
0165203
0165231
0165256
0165456
0165522
0165723
0165980
0166190
0166280
0166340
0166348
0166405
0166456
0166620
0166691
0166719
0166863
0167007
0167083
0167201
0167279
0167289
0167348
0167532
0167629
0167753
0167768
0167843
0168042
0168067
0168099
0168247
0168256
0168498
0168540
0168564
0168566
0168684
0168774
0168822
0168836
0168843
0168861
0169067
0169160
0169358
0169533
0169537
0169588
0169666
0169745
0169813
0169919
0169971
0169982
0170000
0170202
0170223
0170242
0170303
0170405
0170456
0170577
0170948
0171040
0171052
0171083
0171235
0171432
0171525
0171549
0171694
0171833
0171836
0172319
0172415
0172419
0172432
0172447
0172523
0172551
0172624
0172655
0172800
0172957
0173000
0173102
0173110
0173160
0173411
0173437
0173664
0173810
0173838
0173878
0173910
0174583
0174697
0174764
0174804
0174909
0174979
0175205
0175229
0175260
0175263
0175344
0175356
0175510
0175563
0175578
0175609
0175699
0175704
0175836
0175939
0176250
0176254
0176321
0176445
0176626
0176660
0176762
0177008
0177180
0177286
0177334
0177448
0177547
0177615
0177693
0177699
0177801
0177898
0178076
0178082
0178098
0178493
0178505
0178525
0178540
0178600
0178735
0178753
0178970
0179119
0179154
0179379
0179514
0179604
0179634
0179646
0179768
0179825
0179967
0180088
0180152
0180560
0180666
0180706
0180729
0180797
0180902
0181126
0181222
0181285
0181293
0181519
0181587
0181887
0182054
0182313
0182436
0182462
0182518
0182749
0183028
0183092
0183161
0183238
0183363
0183697
0183814
0183836
0183850
0184175
0184313
0184365
0184535
0184539
0184598
0184609
0184871
0184972
0185197
0185272
0185407
0185458
0185481
0185599
0185672
0185734
0185896
0186045
0186139
0186202
0186224
0186320
0186460
0186601
0186647
0186815
0186816
0187188
0187231
0187375
0187543
0187563
0187617
0187648
0187724
0187961
0187988
0188068
0188162
0188276
0188308
0188549
0188554
0188576
0188619
0188645
0188656
0188682
0188746
0188831
0188851
0188871
0189034
0189048
0189121
0189146
0189259
0189475
0189531
0189613
0189681
0189761
0189845
0189902
0189982
0190129
0190522
0190528
0190542
0190608
0190710
0190793
0191040
0191106
0191147
0191201
0191291
0191414
0191501
0191569
0191595
0191599
0191646
0191650
0191758
0191871
0191922
0192098
0192107
0192534
0192607
0192958
0193056
0193067
0193091
0193136
0193185
0193253
0193368
0193401
0193460
0193513
0193841
0193928
0194020
0194028
0194183
0194226
0194420
0194504
0194546
0194642
0194691
0194882
0195009
0195206
0195233
0195259
0195281
0195284
0195388
0195574
0195617
0195636
0195797
0195904
0195962
0195986
0196017
0196046
0196093
0196163
0196164
0196265
0196283
0196396
0196486
0196602
0196640
0196866
0196891
0196948
0197026
0197170
0197544
0197700
0197849
0198076
0198145
0198301
0198589
0198593
0198614
0198726
0198809
0198828
0198879
0198975
0199063
0199203
0199236
0199314
0199392
0199409
0199685
0199755
0199756
0199822
0199868
0200201
0200214
0200451
0200453
0200455
0200627
0200761
0201024
0201076
0201192
0201215
0201333
0201562
0201576
0201635
0201726
0201727
0201801
0201861
0201935
0201957
0201980
0202012
0202076
0202334
0202511
0202591
0202667
0202697
0202791
0203024
0203248
0203273
0203389
0203670
0203899
0203945
0204014
0204130
0204134
0204161
0204299
0204313
0204318
0204425
0204482
0204566
0204775
0204786
0204826
0204873
0204880
0204902
0204993
0205046
0205070
0205134
0205531
0205551
0205605
0205618
0205624
0205626
0205683
0205749
0205772
0205864
0205936
0206120
0206175
0206181
0206257
0206278
0206467
0206509
0206544
0206645
0206648
0206655
0206803
0206841
0206857
0206936
0207272
0207373
0207501
0207503
0207514
0207584
0207613
0207635
0207707
0207946
0208073
0208152
0208189
0208239
0208455
0208525
0208601
0208609
0208746
0208800
0208947
0209184
0209205
0209215
0209309
0209438
0209444
0209536
0209624
0209683
0209710
0209758
0210068
0210147
0210366
0210391
0210415
0210437
0210490
0210513
0210557
0210589
0210613
0210797
0210868
0210870
0211001
0211100
0211255
0211409
0211418
0211441
0211457
0211651
0211658
0211912
0211980
0212040
0212158
0212240
0212244
0212293
0212374
0212550
0212576
0212666
0212756
0212920
0212924
0213176
0213255
0213300
0213609
0213630
0213774
0214005
0214174
0214319
0214421
0214576
0214580
0214697
0214837
0214853
0215102
0215113
0215145
0215165
0215172
0215325
0215456
0215718
0215761
0215958
0216090
0216149
0216400
0216408
0216582
0216666
0216852
0216896
0217129
0217141
0217321
0217498
0217645
0217687
0217943
0217958
0218111
0218137
0218214
0218328
0218412
0218477
0218497
0218614
0218692
0218753
0218956
0218988
0219088
0219278
0219462
0219787
0219804
0219899
0219976
0220251
0220287
0220383
0220419
0220457
0220498
0220611
0220807
0220814
0220871
0220991
0221343
0221350
0221684
0221730
0221798
0221902
0221944
0221987
0222088
0222165
0222292
0222366
0222427
0222606
0222630
0222651
0222662
0222672
0222860
0222863
0222975
0223142
0223158
0223345
0223410
0223443
0223607
0223638
0223651
0223742
0223795
0223847
0224197
0224392
0224396
0224469
0224620
0224637
0224886
0225001
0225067
0225104
0225108
0225257
0225381
0225410
0225471
0225482
0225557
0225571
0225593
0225615
0225681
0225801
0225825
0225834
0225855
0225871
0225931
0226308
0226376
0226548
0226578
0226618
0226649
0226712
0226751
0226884
0226927
0227099
0227239
0227264
0227307
0227411
0227488
0227536
0227589
0227623
0227630
0227637
0227837
0228093
0228152
0228169
0228202
0228451
0228484
0228783
0229072
0229082
0229085
0229149
0229479
0229690
0230028
0230039
0230081
0230297
0230357
0230521
0230567
0230569
0230632
0230811
0230887
0231060
0231252
0231318
0231604
0231708
0231798
0231844
0231999
0232183
0232241
0232514
0232801
0233197
0233215
0233277
0233556
0233617
0233679
0233935
0233964
0234109
0234282
0234327
0234360
0234369
0234431
0234870
0234916
0234985
0235175
0235284
0235336
0235638
0235778
0235803
0235867
0235915
0236046
0236092
0236097
0236169
0236191
0236273
0236278
0236307
0236387
0236468
0236479
0236515
0236603
0236723
0236957
0236961
0237144
0237163
0237352
0237369
0237504
0237611
0237936
0238016
0238054
0238238
0238297
0238496
0238539
0238592
0238617
0238700
0238827
0238910
0239011
0239070
0239258
0239452
0239781
0239854
0240421
0240426
0240473
0240484
0240505
0240803
0240854
0240859
0240897
0240920
0241019
0241099
0241214
0241337
0241454
0241510
0241560
0241688
0241772
0241963
0242378
0242593
0242608
0242792
0242876
0242891
0243128
0243426
0243571
0243677
0243711
0243864
0244339
0244342
0244346
0244369
0244379
0244440
0244455
0244609
0244664
0244666
0244736
0244752
0244837
0245021
0245069
0245162
0245393
0245507
0245728
0245813
0245820
0245923
0246266
0246316
0246374
0246415
0246473
0246647
0246756
0246918
0247019
0247078
0247099
0247291
0247757
0247812
0247989
0247997
0248109
0248229
0248243
0248267
0248279
0248409
0248465
0248514
0248582
0248715
0248921
0249008
0249021
0249141
0249219
0249257
0249390
0249398
0249464
0249509
0249651
0249734
0249792
0250077
0250129
0250288
0250307
0250374
0250437
0250747
0250844
0251232
0251365
0251583
0251609
0251709
0251733
0251761
0251802
0251852
0251990
0252039
0252123
0252125
0252189
0252218
0252302
0252565
0252742
0252748
0252993
0253088
0253181
0253279
0253397
0253497
0253557
0253785
0254074
0254121
0254158
0254221
0254389
0254436
0254501
0254712
0255011
0255153
0255384
0255504
0255626
0255662
0255677
0255765
0255824
0255835
0255870
0255968
0255997
0256012
0256058
0256139
0256175
0256563
0256587
0256680
0256869
0256908
0257009
0257035
0257173
0257327
0257360
0257459
0257479
0257648
0257826
0257851
0257871
0257891
0257999
0258000
0258015
0258037
0258141
0258181
0258310
0258415
0258509
0258630
0258643
0258670
0258704
0258707
0258724
0258978
0259113
0259167
0259174
0259411
0259425
0259460
0259648
0259840
0259876
0259947
0260029
0260100
0260161
0260203
0260433
0260479
0260627
0260701
0260815
0260825
0260939
0261129
0261238
0261480
0261510
0261919
0261975
0262119
0262133
0262197
0262547
0262735
0262794
0262901
0262972
0263012
0263117
0263339
0263353
0263421
0263442
0263623
0263640
0263671
0263693
0263819
0263890
0263949
0264218
0264331
0264526
0264529
0264612
0264631
0264872
0264916
0265131
0265140
0265159
0265161
0265199
0265217
0265322
0265372
0265451
0265549
0265572
0265609
0265727
0265728
0265820
0265900
0266202
0266225
0266304
0266354
0266719
0266769
0266854
0266882
0266907
0267076
0267085
0267107
0267211
0267264
0267305
0267308
0267404
0267436
0267698
0267714
0267735
0267813
0267840
0267873
0267936
0267991
0268006
0268060
0268075
0268450
0268567
0268677
0269031
0269275
0269665
0269818
0269844
0269873
0269924
0269948
0270090
0270106
0270178
0270323
0270400
0270438
0270506
0270630
0270836
0271095
0271312
0271391
0271490
0271527
0272108
0272224
0272447
0272518
0272606
0272758
0272871
0272915
0273114
0273156
0273325
0273465
0273489
0273544
0273692
0273757
0273903
0274112
0274166
0274215
0274233
0274441
0274627
0274647
0274900
0274996
0275047
0275089
0275122
0275126
0275258
0275276
0275283
0275395
0275534
0275707
0275759
0275920
0275976
0276080
0276124
0276260
0276276
0276339
0276412
0276481
0276790
0276826
0277094
0277101
0277174
0277223
0277331
0277358
0277412
0277630
0277641
0278068
0278144
0278209
0278222
0278309
0278355
0278390
0278476
0278512
0278518
0278559
0278865
0278901
0279019
0279054
0279079
0279109
0279168
0279217
0279303
0279360
0279450
0279563
0279606
0279705
0279759
0279779
0279869
0280033
0280124
0280275
0280320
0280540
0280627
0280749
0280860
0280936
0281037
0281055
0281191
0281281
0281304
0281419
0281507
0281520
0281651
0281848
0281925
0281976
0281987
0282335
0282340
0282430
0282474
0282636
0282840
0282992
0283011
0283246
0283260
0283483
0283530
0283584
0283793
0283794
0283842
0283855
0283998
0284015
0284343
0284371
0284385
0284416
0284429
0284543
0284654
0284857
0284885
0284974
0285099
0285102
0285196
0285452
0285458
0285838
0286437
0286448
0286717
0286901
0286904
0286983
0287125
0287225
0287228
0287245
0287389
0287495
0287571
0287620
0288068
0288134
0288350
0288494
0288840
0288854
0288882
0288987
0289068
0289071
0289109
0289420
0289459
0289503
0289802
0289922
0290002
0290137
0290256
0290278
0290304
0290312
0290405
0290504
0290562
0290826
0290878
0291415
0291494
0291512
0291578
0291804
0291824
0291913
0292060
0292277
0292421
0292564
0292692
0292808
0292811
0292839
0292962
0293186
0293257
0293391
0293482
0293493
0293500
0293646
0293753
0293896
0294198
0294534
0294580
0294683
0294722
0294746
0294894
0295058
0295134
0295175
0295200
0295247
0295256
0295431
0295459
0295666
0295686
0295687
0295696
0295729
0295776
0295796
0295886
0295910
0296014
0296287
0296295
0296381
0296676
0296818
0296825
0296920
0297074
0297190
0297230
0297371
0297496
0297582
0297707
0297946
0298005
0298028
0298139
0298298
0298334
0298348
0298364
0298379
0298599
0298686
0298687
0298793
0298832
0298874
0298884
0298899
0299239
0299369
0299370
0299688
0299766
0299945
0299957
0300095
0300108
0300304
0300355
0300357
0300482
0300712
0300824
0300882
0300984
0301003
0301133
0301237
0301238
0301241
0301255
0301314
0301325
0301450
0301495
0301727
0301742
0301775
0302213
0302240
0302891
0302896
0302938
0302943
0302984
0303008
0303049
0303053
0303538
0303668
0304161
0304426
0304431
0304578
0304826
0304906
0304926
0305059
0305094
0305312
0305356
0305416
0305702
0305842
0306076
0306096
0306176
0306195
0306257
0306305
0306365
0306522
0306648
0306696
0306844
0306874
0306877
0306909
0307108
0307201
0307216
0307246
0307329
0307382
0307404
0307456
0307642
0307680
0308141
0308166
0308174
0308247
0308286
0308301
0308331
0308465
0308507
0308515
0308789
0308898
0308926
0309016
0309050
0309151
0309188
0309209
0309368
0309427
0309575
0309647
0309738
0309954
0310043
0310125
0310297
0310334
0310343
0310366
0310371
0310513
0310556
0310786
0310894
0311072
0311139
0311182
0311198
0311331
0311356
0311469
0311565
0311614
0311858
0311940
0312120
0312458
0312681
0312847
0312856
0312934
0313064
0313118
0313247
0313297
0313608
0313679
0313839
0313895
0314055
0314339
0314360
0314525
0314630
0314638
0314639
0314673
0314780
0314969
0314975
0315083
0315267
0315348
0315564
0315596
0315604
0315695
0315749
0316071
0316221
0316262
0316435
0316638
0316641
0316696
0316707
0316989
0317088
0317193
0317225
0317577
0317830
0318321
0318323
0318355
0318391
0318519
0318526
0318552
0318954
0319000
0319216
0319227
0319260
0319422
0319645
0319697
0319795
0319961
0320034
0320671
0320696
0320767
0320840
0320868
0321084
0321121
0321268
0321302
0321353
0321591
0321954
0322067
0322217
0322378
0322759
0322801
0322941
0323166
0323225
0323508
0323548
0323569
0323631
0323725
0323789
0323961
0324001
0324147
0324195
0324243
0324522
0324643
0325129
0325281
0325410
0325428
0325531
0325550
0325789
0325833
0325848
0325930
0326123
0326156
0326380
0326392
0326516
0326633
0326876
0327135
0327218
0327329
0327350
0327412
0327451
0327526
0327617
0327759
0327767
0327776
0327856
0327861
0327919
0328002
0328039
0328353
0328636
0328661
0328703
0328726
0328741
0328778
0328814
0329015
0329126
0329132
0329216
0329261
0329286
0329289
0329390
0329538
0329571
0329580
0329625
0329719
0329832
0329874
0329927
0329933
0329938
0329984
0330006
0330229
0330257
0330331
0330335
0330413
0330523
0330534
0330662
0330937
0331087
0331157
0331225
0331270
0331334
0331478
0331695
0331865
0332027
0332046
0332125
0332184
0332248
0332322
0332423
0332436
0332628
0332631
0332991
0333196
0333382
0333402
0333527
0333578
0333629
0333649
0334072
0334158
0334163
0334216
0334310
0334311
0334521
0334803
0334884
0334957
0334966
0335070
0335112
0335171
0335367
0335468
0335640
0335673
0335763
0335981
0336071
0336124
0336160
0336351
0336509
0336659
0336687
0336763
0336875
0337015
0337041
0337235
0337355
0337447
0337455
0337458
0337533
0337540
0337619
0337866
0337970
0338065
0338112
0338182
0338201
0338223
0338239
0338249
0338379
0338609
0338751
0338821
0339023
0339032
0339120
0339190
0339428
0339431
0339916
0339919
0339956
0340011
0340026
0340335
0340360
0340417
0340598
0340606
0340716
0340732
0340807
0340830
0340969
0341284
0341673
0341728
0341850
0341968
0342088
0342473
0342561
0342624
0342744
0342750
0342819
0343011
0343236
0343294
0343359
0343453
0343541
0343570
0343688
0343745
0343803
0343915
0344066
0344140
0344229
0344252
0344337
0344413
0344546
0344580
0344587
0344766
0344818
0344906
0344929
0344943
0344950
0345069
0345087
0345284
0345344
0345608
0345660
0345730
0345792
0345916
0346074
0346127
0346174
0346218
0346298
0346347
0346438
0346656
0346674
0346720
0346758
0346769
0346839
0347538
0348147
0348181
0348205
0348240
0348432
0348481
0348597
0348657
0348672
0348756
0348931
0348952
0349096
0349193
0349261
0349380
0349432
0349604
0349606
0349717
0349742
0349748
0349773
0350204
0350220
0350239
0350254
0350356
0350494
0350647
0350693
0350696
0350789
0350942
0351007
0351097
0351300
0351640
0351921
0352015
0352359
0352520
0352529
0352631
0352648
0352755
0352822
0352978
0353044
0353137
0353179
0353241
0353349
0353744
0353761
0353821
0353907
0353929
0354017
0354127
0354157
0354263
0354347
0354367
0354371
0354497
0354573
0354746
0354811
0354843
0354932
0354963
0355171
0355187
0355255
0355625
0355645
0355752
0355955
0356009
0356145
0356378
0356469
0356533
0356544
0356610
0356939
0357167
0357332
0357373
0357483
0357565
0357615
0357781
0357859
0357882
0358070
0358251
0358273
0358519
0359145
0359190
0359206
0359504
0359756
0359802
0359897
0359916
0360091
0360097
0360102
0360133
0360153
0360238
0360242
0360316
0360471
0360519
0360523
0360729
0361363
0361373
0361493
0361625
0361748
0361770
0361781
0361929
0362264
0362273
0362354
0362467
0362494
0362680
0362820
0362838
0362943
0362965
0363035
0363116
0363156
0363200
0363204
0363248
0363360
0363393
0363397
0363476
0363581
0363607
0363749
0363996
0364003
0364119
0364174
0364211
0364292
0364327
0364464
0364499
0364561
0364645
0364649
0364724
0364797
0364881
0364896
0365207
0365492
0365716
0365775
0365870
0366009
0366403
0366424
0366440
0366530
0366863
0367138
0367264
0367265
0367298
0367339
0367353
0367433
0367547
0367560
0367779
0367782
0367791
0367872
0368004
0368126
0368156
0368195
0368198
0368497
0368634
0368662
0368778
0368911
0368937
0369070
0369104
0369211
0369312
0369391
0369450
0369510
0369526
0369542
0369691
0369718
0369730
0370080
0370176
0370221
0370222
0370289
0370306
0370342
0370388
0370484
0370485
0370579
0370688
0370817
0370869
0370939
0371073
0371151
0371232
0371237
0371303
0371496
0371619
0371883
0371893
0371939
0372502
0372644
0372651
0372838
0372882
0373269
0373358
0373365
0373407
0373574
0373766
0373884
0373938
0373942
0373952
0373962
0374064
0374403
0374536
0374700
0374877
0374937
0375052
0375207
0375269
0375316
0375357
0375513
0375564
0375654
0375698
0376161
0376205
0376235
0376467
0376469
0376783
0376840
0376965
0377095
0377181
0377199
0377239
0377326
0377358
0377573
0377605
0377619
0377691
0377764
0377930
0378034
0378055
0378067
0378121
0378273
0378339
0378569
0378608
0378693
0378724
0378830
0378944
0379001
0379205
0379236
0379366
0379442
0379478
0379534
0379701
0379768
0379802
0379824
0379924
0380052
0380201
0380620
0380731
0380839
0380898
0381117
0381198
0381217
0381416
0381895
0382389
0382476
0382502
0382573
0382751
0382833
0382888
0382974
0382992
0383157
0383408
0383422
0383543
0383595
0383670
0383836
0383867
0383917
0383927
0384599
0384639
0384655
0384765
0384793
0384831
0384911
0385007
0385042
0385065
0385076
0385110
0385170
0385378
0385871
0385875
0385985
0386055
0386081
0386105
0386202
0386219
0386319
0386415
0386587
0386675
0386680
0386815
0386824
0387066
0387071
0387115
0387281
0387302
0387567
0387936
0387986
0388030
0388056
0388222
0388249
0388255
0388542
0388588
0388614
0388810
0388812
0388860
0389061
0389069
0389113
0389159
0389244
0389259
0389641
0390057
0390077
0390210
0390346
0390370
0390489
0390662
0390670
0390746
0390759
0390786
0390847
0390935
0390986
0391045
0391050
0391055
0391066
0391100
0391102
0391479
0391572
0391635
0391710
0391738
0391795
0391977
0392119
0392245
0392289
0392327
0392598
0392800
0392808
0393029
0393088
0393203
0393434
0393492
0393589
0393775
0394009
0394069
0394125
0394311
0394339
0394400
0394476
0394479
0394509
0394569
0394599
0394631
0394707
0394805
0394825
0395254
0395281
0395309
0395338
0395377
0395485
0395781
0395923
0396023
0396171
0396189
0396216
0396231
0396252
0396321
0396414
0396447
0396635
0396650
0396805
0396987
0397275
0397321
0397334
0397465
0397493
0397608
0397715
0397788
0397823
0398004
0398187
0398198
0398310
0398335
0398552
0398576
0398670
0398830
0399225
0399294
0399352
0399559
0400054
0400174
0400208
0400264
0400433
0400509
0400546
0400606
0400647
0400791
0400892
0400952
0401055
0401132
0401172
0401301
0401408
0401416
0401478
0401638
0401799
0401910
0402096
0402108
0402184
0402186
0402198
0402233
0402254
0402322
0402462
0402465
0402509
0402551
0402656
0402696
0402782
0402956
0402964
0402996
0403074
0403160
0403259
0403484
0403547
0403772
0403980
0404072
0404365
0404507
0404543
0404688
0404850
0405244
0405252
0405283
0405295
0405350
0405686
0405727
0405948
0406111
0406137
0406272
0406394
0406463
0406798
0406948
0406974
0407089
0407183
0407191
0407319
0407338
0407421
0407672
0407680
0407694
0407791
0407836
0407879
0407929
0407942
0407954
0407981
0407993
0408022
0408069
0408158
0408304
0408372
0408435
0408540
0408636
0408681
0408758
0408784
0408847
0408943
0408957
0409159
0409198
0409222
0409259
0409319
0409528
0409564
0409573
0409646
0409701
0409778
0409790
0409855
0409870
0409974
0410090
0410141
0410286
0410494
0410596
0410650
0411017
0411113
0411212
0411295
0411305
0411322
0411439
0411545
0411631
0411802
0411886
0411906
0412036
0412118
0412283
0412457
0412460
0412478
0412522
0412674
0412703
0412861
0413208
0413225
0413240
0413385
0413405
0413471
0413477
0413773
0413789
0413890
0413954
0413983
0414071
0414541
0414561
0414780
0414823
0414958
0415021
0415079
0415238
0415304
0415431
0415500
0415646
0415909
0415971
0416167
0416246
0416278
0416413
0416479
0416674
0416812
0416908
0416990
0417000
0417039
0417084
0417357
0417468
0417603
0417770
0418056
0418143
0418169
0418234
0418248
0418472
0418706
0418839
0418900
0419230
0419252
0419320
0419375
0419703
0419800
0419842
0419861
0419885
0419999
0420124
0420216
0420243
0420336
0420363
0420537
0420650
0420657
0420716
0420737
0420967
0421210
0421259
0421271
0421433
0421474
0421661
0421700
0421708
0421761
0421799
0421846
0421927
0421950
0422061
0422103
0422106
0422341
0422395
0422510
0422563
0422777
0422795
0422885
0422888
0423060
0423188
0423205
0423382
0423796
0423959
0423983
0424049
0424270
0424384
0424449
0424452
0424495
0424513
0424711
0424808
0424958
0425055
0425063
0425156
0425238
0425244
0425295
0425542
0425639
0425863
0425967
0426403
0426420
0426556
0426581
0426607
0426696
0426712
0426791
0426814
0426816
0426842
0426887
0426941
0426949
0427069
0427136
0427196
0427270
0427322
0427435
0427454
0427458
0427552
0427644
0427766
0427911
0427960
0427997
0428103
0428118
0428250
0428523
0428643
0428703
0428733
0428768
0428793
0428827
0429698
0429718
0429931
0430182
0430238
0430258
0430587
0430608
0430880
0430900
0430914
0430940
0431050
0431085
0431090
0431107
0431158
0431258
0431260
0431314
0431365
0431397
0431472
0431484
0431565
0431626
0431728
0432101
0432415
0432502
0432612
0432678
0432771
0432894
0432898
0432907
0432960
0433342
0433497
0433507
0433646
0433656
0433698
0433880
0433918
0433933
0433956
0433958
0434061
0434137
0434159
0434185
0434188
0434229
0434420
0434499
0434647
0434766
0434783
0434895
0434938
0434976
0435065
0435177
0435257
0435320
0435488
0435586
0435625
0435673
0436005
0436016
0436063
0436097
0436113
0436145
0436268
0436295
0436358
0436677
0436905
0437061
0437230
0437275
0437423
0437440
0437794
0437871
0437913
0438106
0438121
0438234
0438787
0438908
0439128
0439135
0439156
0439210
0439241
0439282
0439351
0439380
0439630
0439701
0439722
0439735
0439764
0439813
0439824
0439849
0439885
0439925
0439950
0440113
0440183
0440249
0440327
0440337
0440344
0440484
0440729
0440788
0440971
0441117
0441142
0441148
0441154
0441204
0441297
0441625
0441719
0442026
0442162
0442178
0442299
0442461
0442782
0442783
0442942
0443151
0443212
0443223
0443224
0443268
0443285
0443293
0443400
0443565
0443566
0443633
0443721
0443924
0443960
0444150
0444218
0444263
0444272
0444394
0444450
0444579
0445021
0445027
0445309
0445408
0445426
0445502
0445610
0445626
0445635
0445667
0445694
0445705
0445751
0445792
0446072
0446134
0446163
0446173
0446242
0446295
0446363
0446503
0446513
0446542
0446570
0446799
0447191
0447282
0447407
0447614
0447630
0447714
0447745
0447760
0448069
0448075
0448131
0448281
0448285
0448317
0448413
0448608
0448727
0448734
0448820
0448898
0449031
0449056
0449080
0449181
0449297
0449403
0449523
0449654
0449722
0449819
0449820
0449909
0449975
0450140
0450214
0450227
0450281
0450313
0450398
0450403
0450441
0450452
0450575
0450631
0450818
0450954
0451116
0451139
0451225
0451476
0451618
0451624
0451753
0451874
0452256
0452385
0452552
0452594
0452631
0452633
0452685
0452732
0452947
0452958
0452973
0452989
0453144
0453148
0453169
0453189
0453220
0453314
0453335
0453387
0453545
0453573
0453593
0453781
0453799
0453922
0454058
0454068
0454106
0454819
0454905
0454950
0455142
0455175
0455401
0455571
0455705
0455840
0455849
0455924
0455974
0455983
0456130
0456142
0456340
0456438
0456630
0456668
0456759
0456823
0457047
0457399
0457592
0458048
0458099
0458191
0458214
0458328
0458329
0458584
0458597
0458710
0458819
0458831
0458875
0458880
0458884
0458915
0459175
0459240
0459322
0459341
0459376
0459628
0459808
0459828
0459854
0459887
0460001
0460081
0460162
0460164
0460267
0460277
0460285
0460336
0460364
0460410
0460530
0460531
0460684
0460887
0460898
0460952
0461267
0461361
0461381
0461798
0461800
0461813
0461828
0461840
0461928
0462093
0462238
0462257
0462313
0462409
0462516
0462532
0462659
0462729
0462740
0462923
0463059
0463179
0463210
0463429
0463638
0463663
0463773
0463783
0463833
0463854
0463957
0464048
0464060
0464137
0464215
0464238
0464282
0464330
0464498
0465003
0465022
0465123
0465199
0465279
0465326
0465357
0465449
0465574
0465711
0465748
0465821
0465908
0466009
0466246
0466264
0466392
0466519
0466548
0466823
0467111
0467118
0467163
0467252
0467306
0467342
0467896
0468027
0468115
0468326
0468397
0468687
0468708
0468716
0468735
0468744
0469034
0469145
0469153
0469204
0469414
0469540
0469771
0469807
0469993
0470034
0470039
0470269
0470372
0470406
0470434
0470724
0470980
0471063
0471157
0471209
0471270
0471292
0471307
0471535
0471571
0471608
0471613
0471654
0471717
0471749
0471927
0472162
0472362
0472379
0472442
0472451
0472502
0472553
0472824
0472833
0472885
0472929
0472931
0473076
0473086
0473097
0473168
0473345
0473360
0473450
0473462
0473667
0473671
0473819
0473867
0473874
0473954
0474128
0474212
0474686
0474788
0474942
0475066
0475231
0475398
0475441
0475508
0475537
0475696
0475900
0476130
0476192
0476243
0476253
0476295
0476555
0476686
0476689
0477453
0477506
0477626
0477757
0477772
0477783
0477854
0477861
0477977
0478115
0478183
0478362
0478521
0478535
0478570
0478782
0478901
0478935
0478946
0479087
0479197
0479208
0479216
0479270
0479355
0479374
0479423
0479455
0479499
0479532
0479598
0479605
0479661
0479673
0479905
0479987
0480009
0480050
0480159
0480581
0480586
0480668
0480905
0480987
0480999
0481212
0481296
0481433
0481853
0481913
0481955
0482053
0482059
0482188
0482320
0482345
0482395
0482457
0482507
0482532
0482557
0482598
0482800
0482830
0482863
0482882
0483047
0483088
0483442
0483493
0483666
0483688
0483727
0483755
0483790
0483844
0483990
0484084
0484200
0484202
0484230
0484356
0484626
0484732
0484779
0484808
0484895
0484961
0485007
0485084
0485137
0485148
0485201
0485436
0485455
0485559
0485713
0485936
0486018
0486163
0486287
0486320
0486421
0486470
0486513
0486556
0486558
0486604
0486623
0486780
0486946
0487050
0487190
0487359
0487367
0487390
0487463
0487726
0487849
0487886
0487942
0488048
0488333
0488354
0488359
0488376
0488569
0488623
0488638
0489098
0489134
0489332
0489370
0489426
0489564
0489682
0489755
0489764
0489790
0489799
0489882
0489915
0490040
0490070
0490282
0490298
0490620
0490716
0490819
0490896
0490908
0490970
0491147
0491165
0491704
0491812
0491839
0491922
0492186
0492246
0492279
0492347
0492349
0492439
0492473
0492475
0492792
0492826
0492920
0493188
0493539
0493542
0493567
0493587
0493746
0493846
0493876
0494040
0494060
0494071
0494186
0494203
0494308
0494346
0494734
0494830
0494859
0495047
0495085
0495120
0495152
0495507
0495526
0495602
0496077
0496145
0496219
0496263
0496283
0496412
0496553
0496598
0497017
0497227
0497309
0497422
0497504
0497588
0497861
0497879
0497938
0497947
0498117
0498305
0498461
0498498
0498586
0498810
0498892
0499070
0499113
0499153
0499421
0499426
0499431
0499611
0499781
0499915
0500004
0500041
0500086
0500179
0500280
0500524
0500566
0500821
0501007
0501074
0501136
0501482
0501762
0501791
0501827
0501928
0502090
0502158
0502256
0502315
0502423
0502617
0502645
0502722
0502839
0503056
0503142
0503170
0503224
0503260
0503476
0503542
0503573
0503638
0503709
0503750
0503846
0503964
0504028
0504061
0504275
0504321
0504366
0504529
0504718
0504791
0504975
0504980
0505594
0505743
0505845
0505846
0505855
0505955
0505994
0506034
0506352
0506669
0506723
0506825
0506966
0507113
0507167
0507580
0507743
0507747
0508171
0508312
0508366
0508663
0508692
0508828
0508864
0508892
0509167
0509358
0509436
0509445
0509452
0509465
0509624
0509733
0509808
0510032
0510133
0510168
0510199
0510228
0510246
0510264
0510396
0510586
0510799
0510980
0511000
0511004
0511022
0511165
0511331
0511434
0511475
0511522
0511539
0511541
0511553
0511568
0511581
0511596
0511647
0511706
0511748
0512105
0512455
0512617
0512819
0512934
0513037
0513105
0513277
0513303
0513333
0513361
0513461
0513727
0514256
0514263
0514284
0514524
0514564
0514715
0514748
0515039
0515102
0515189
0515320
0515519
0515630
0515682
0515788
0516034
0516043
0516049
0516210
0516217
0516283
0516433
0516477
0516478
0516513
0516580
0516699
0517111
0517173
0517234
0517337
0517559
0517564
0517619
0517664
0517682
0517736
0517780
0517791
0517824
0518250
0518455
0518460
0518880
0519116
0519124
0519162
0519200
0519216
0519265
0519362
0519383
0519624
0519638
0519696
0519803
0519815
0519824
0519939
0520028
0520044
0520133
0520176
0520180
0520400
0520406
0520466
0520928
0521211
0521273
0521447
0521448
0521674
0521729
0521839
0521848
0521983
0522007
0522022
0522237
0522296
0522349
0522410
0522695
0522810
0522887
0522907
0523237
0523457
0523504
0523636
0523815
0523817
0523851
0523973
0524204
0524225
0524287
0524375
0524519
0524649
0524699
0524731
0524987
0525161
0525229
0525295
0525332
0525502
0525592
0525612
0525613
0525646
0525693
0525770
0525933
0526004
0526144
0526475
0526492
0526666
0526761
0526900
0526989
0527071
0527299
0527379
0527469
0527489
0527501
0527516
0527555
0527582
0527652
0527685
0528055
0528169
0528175
0528360
0528643
0528731
0529016
0529349
0529360
0529376
0529432
0529508
0530035
0530095
0530280
0530321
0530395
0530458
0530532
0530544
0530601
0530728
0530857
0530885
0530935
0531025
0531045
0531174
0531332
0531362
0531782
0531810
0531812
0531879
0531934
0532026
0532178
0532319
0532381
0532399
0532416
0532437
0532450
0532453
0532530
0532577
0532854
0532858
0532902
0532940
0532992
0533049
0533169
0533264
0533298
0533319
0533378
0533426
0533437
0533527
0534097
0534288
0534314
0534352
0534659
0534805
0535111
0535144
0535301
0535404
0535508
0535652
0535684
0535737
0535750
0535859
0535868
0535870
0535922
0535968
0536025
0536538
0536599
0536636
0536896
0537157
0537229
0537243
0537267
0537347
0537385
0537391
0537450
0537649
0537762
0538188
0538205
0538251
0538396
0538557
0538643
0538668
0538914
0538929
0538946
0538947
0539192
0539225
0539339
0539341
0539376
0539439
0539440
0539604
0539677
0539685
0539839
0540073
0540078
0540107
0540168
0540503
0540558
0540570
0540781
0540826
0540880
0540977
0541153
0541539
0541565
0541570
0541780
0541842
0541858
0541897
0541926
0541941
0541972
0542022
0542301
0542772
0542969
0543050
0543204
0543225
0543242
0543364
0543396
0543411
0543422
0543555
0543869
0543963
0543967
0543981
0544290
0544297
0544298
0544310
0544361
0544416
0544453
0544605
0544668
0544795
0544798
0544807
0544817
0544888
0544935
0544978
0545000
0545046
0545213
0545338
0545512
0545557
0545576
0545605
0545625
0545693
0545713
0545750
0545938
0545945
0545956
0546106
0546115
0546145
0546169
0546254
0546337
0546572
0546635
0546850
0547061
0547107
0547179
0547190
0547272
0547557
0547560
0547630
0547650
0547771
0547942
0548015
0548081
0548156
0548214
0548397
0548567
0548656
0548671
0548720
0548871
0548894
0548984
0549678
0549832
0549883
0549885
0549926
0549928
0549929
0550159
0550170
0550213
0550292
0550310
0550469
0550743
0550820
0550934
0551207
0551237
0551276
0551318
0551360
0551381
0551463
0551486
0551527
0551617
0551800
0551849
0551883
0551956
0552216
0552220
0552394
0552401
0552445
0552497
0552644
0552797
0552921
0552945
0553097
0553169
0553188
0553219
0553452
0553512
0553571
0553593
0553676
0553713
0553789
0553952
0554235
0554582
0554655
0554680
0554707
0554759
0554824
0554872
0554908
0554968
0555062
0555068
0555110
0555170
0555357
0555384
0555599
0555644
0555750
0555901
0555917
0555934
0555986
0556184
0556300
0556393
0556493
0556523
0556573
0556679
0556865
0556936
0557081
0557266
0557332
0557388
0557452
0557516
0557573
0557613
0557772
0557945
0558010
0558063
0558109
0558473
0558554
0558976
0559036
0559077
0559179
0559185
0559274
0559377
0559715
0559786
0559957
0560209
0560244
0560334
0560403
0560495
0560593
0560618
0561151
0561247
0561359
0561465
0561471
0561562
0561914
0561968
0562014
0562060
0562191
0562396
0562405
0562411
0562504
0562616
0562854
0562934
0563021
0563051
0563154
0563236
0563322
0563418
0563460
0563464
0563472
0563488
0563501
0563832
0563946
0563977
0564011
0564134
0564378
0564592
0564628
0564739
0564746
0564814
0564939
0565017
0565068
0565138
0565561
0565734
0565846
0565920
0566050
0566141
0566262
0566393
0566450
0566553
0566629
0566647
0566670
0566681
0566848
0567051
0567372
0567564
0567684
0567778
0567965
0568089
0568091
0568183
0568368
0568400
0568469
0568626
0568670
0568857
0569020
0569033
0569065
0569181
0569220
0569312
0569575
0569602
0569606
0569728
0569769
0569811
0570089
0570137
0570270
0570274
0570318
0570362
0570610
0570725
0570743
0570752
0570765
0570859
0570876
0570960
0571098
0571118
0571158
0571334
0571394
0571598
0571654
0571729
0571778
0571885
0571945
0572014
0572027
0572171
0572202
0572351
0572490
0572557
0572706
0572780
0572910
0573160
0573205
0573355
0573379
0573532
0573599
0573649
0573758
0573759
0573850
0574084
0574251
0574487
0574490
0574491
0574514
0574651
0574687
0574706
0574730
0574741
0574782
0574832
0574905
0574921
0574967
0574998
0575007
0575169
0575271
0575386
0575423
0575565
0575796
0575818
0575837
0575962
0575977
0576048
0576321
0576568
0576600
0576618
0576797
0576836
0576898
0577027
0577039
0577292
0577574
0577808
0577886
0577896
0577910
0578035
0578058
0578214
0578626
0578632
0578664
0578726
0578959
0578972
0579097
0579432
0579476
0579500
0579521
0579544
0579546
0579829
0580152
0580280
0580299
0580306
0580645
0580695
0580770
0581112
0581352
0581516
0581656
0581660
0581809
0581945
0581965
0581995
0582009
0582417
0582514
0582612
0582622
0582744
0582942
0582965
0583060
0583188
0583296
0583300
0583440
0583838
0583909
0583919
0583921
0584016
0584125
0584344
0584373
0584481
0584685
0584810
0584990
0585023
0585063
0585292
0585487
0585682
0585719
0586137
0586193
0586249
0586410
0586427
0586582
0586793
0586864
0587086
0587188
0587266
0587297
0587480
0587524
0587596
0587606
0587769
0587775
0587778
0587783
0587936
0587940
0588005
0588073
0588200
0588486
0588625
0588835
0588852
0588983
0589109
0589229
0589251
0589456
0589522
0589568
0589613
0590376
0590389
0590422
0590433
0590554
0590617
0590741
0590795
0590823
0590928
0590946
0591051
0591152
0591206
0591241
0591299
0591679
0591688
0591810
0591879
0591911
0591916
0592028
0592188
0592231
0592249
0592450
0592517
0592592
0592659
0592691
0592764
0592819
0592929
0592947
0592996
0593073
0593122
0593456
0593517
0593576
0593638
0593751
0593779
0593833
0593864
0594199
0594277
0594303
0594468
0594509
0594538
0594600
0594603
0594866
0594887
0594914
0594950
0594998
0595059
0595104
0595113
0595172
0595281
0595298
0595343
0595424
0595623
0595681
0595773
0596124
0596156
0596291
0596397
0596498
0596602
0596671
0596676
0596810
0596969
0597139
0597500
0597612
0597619
0597718
0597822
0598149
0598435
0598719
0598743
0598774
0598928
0598975
0599005
0599115
0599196
0599356
0599466
0599495
0599665
0599730
0599733
0600091
0600258
0600268
0600325
0600366
0600400
0600420
0600431
0600462
0600571
0600662
0600805
0600870
0600900
0600923
0601051
0601278
0601301
0601437
0601505
0601611
0601617
0601650
0601709
0601764
0601800
0601806
0601833
0601909
0602127
0602160
0602284
0602582
0602691
0602931
0603088
0603140
0603199
0603256
0603336
0603365
0603385
0603500
0603776
0603815
0603872
0604009
0604082
0604220
0604257
0604457
0604517
0604928
0605154
0605196
0605297
0605319
0605784
0605941
0605968
0606092
0606364
0606392
0606422
0606557
0606623
0606701
0606805
0606915
0606918
0606968
0607007
0607038
0607116
0607153
0607288
0607463
0607497
0607706
0607768
0607778
0607800
0607824
0608037
0608149
0608254
0608299
0608422
0608451
0608525
0608531
0608588
0608694
0608761
0608819
0608875
0609512
0609558
0609620
0609663
0609898
0609961
0610085
0610219
0610242
0610281
0610401
0610540
0610663
0610671
0610757
0610798
0610879
0610938
0611318
0611497
0611561
0611706
0611742
0611830
0611987
0612069
0612310
0612370
0612582
0612728
0612740
0612813
0613210
0613341
0613365
0613633
0613646
0613705
0613766
0613809
0613924
0613945
0614048
0614125
0614164
0614190
0614213
0614215
0614300
0614342
0614356
0614409
0614634
0614705
0614773
0614778
0614779
0614800
0614840
0614894
0614913
0615097
0615235
0615276
0615423
0615484
0615600
0615933
0615957
0616140
0616254
0616285
0616522
0616626
0616648
0616717
0617042
0617104
0617125
0617168
0617197
0617524
0617643
0617800
0617838
0617841
0617898
0618135
0618237
0618352
0618419
0618587
0618824
0618969
0619028
0619587
0619711
0619778
0619944
0619967
0620072
0620093
0620172
0620445
0620704
0620929
0620981
0621013
0621263
0621309
0621427
0621634
0621791
0621837
0621868
0621935
0622099
0622317
0622408
0622627
0622644
0622741
0622809
0622939
0622986
0623004
0623116
0623160
0623163
0623179
0623499
0623503
0623677
0623776
0623802
0624033
0624172
0624189
0624293
0624582
0624653
0624703
0624706
0624721
0624730
0624837
0624932
0625340
0625377
0625523
0625524
0625531
0625696
0625702
0625817
0625932
0626050
0626138
0626155
0626160
0626218
0626274
0626309
0626422
0626677
0626764
0626789
0626821
0627317
0627778
0627793
0627808
0627828
0627944
0628015
0628126
0628321
0628348
0628421
0628492
0628882
0629056
0629195
0629206
0629400
0629488
0629599
0629649
0629678
0629710
0629717
0629763
0629906
0629926
0630023
0630076
0630082
0630164
0630381
0630474
0630670
0630790
0630840
0630853
0630909
0631084
0631146
0631200
0631387
0631407
0631739
0632244
0632265
0632719
0632870
0632982
0633000
0633055
0633197
0633199
0633406
0633560
0633625
0633651
0633666
0633689
0633776
0634112
0634155
0634289
0634461
0634482
0634485
0634537
0634807
0634834
0634840
0634869
0634935
0634994
0635064
0635240
0635277
0635350
0635424
0635457
0635632
0636044
0636138
0636217
0636244
0636521
0636705
0636842
0636947
0637015
0637060
0637124
0637284
0637386
0637552
0637607
0637764
0637842
0637867
0638057
0638194
0638234
0638265
0638300
0638306
0638328
0638479
0638506
0638533
0638613
0638676
0638824
0638854
0638875
0638943
0638995
0638997
0639067
0639367
0639388
0639862
0639895
0639952
0640055
0640204
0640269
0640285
0640322
0640336
0640343
0640389
0640471
0640559
0640584
0640682
0640748
0641040
0641132
0641162
0641181
0641477
0641636
0641990
0642001
0642085
0642120
0642348
0642676
0642698
0642711
0642809
0642844
0642976
0643289
0643423
0643439
0643453
0643526
0643650
0643726
0643941
0643999
0644044
0644113
0644157
0644175
0644207
0644327
0644343
0644354
0644373
0644404
0644435
0644454
0644513
0644603
0644679
0644784
0644903
0644985
0645081
0645093
0645250
0645324
0645463
0645572
0645837
0645847
0645915
0646169
0646312
0646343
0646488
0646767
0646778
0646921
0646984
0646986
0647013
0647018
0647140
0647385
0647389
0647592
0647610
0647631
0647636
0647681
0647684
0647765
0647975
0648027
0648062
0648090
0648257
0648311
0648432
0648510
0648572
0648648
0648650
0648745
0648820
0648834
0648837
0649090
0649145
0649151
0649185
0649204
0649334
0649553
0649559
0649638
0649726
0649755
0649924
0649928
0649976
0650183
0650213
0650268
0650287
0650331
0650361
0650595
0650661
0650728
0651066
0651156
0651304
0651369
0651480
0651488
0651573
0651594
0651607
0651669
0651753
0651805
0651861
0651915
0652048
0652053
0652133
0652143
0652211
0652234
0652646
0652744
0652860
0652883
0653072
0653083
0653264
0653289
0653346
0653600
0653693
0653761
0653814
0654670
0654691
0654787
0654802
0654817
0654852
0654999
0655188
0655198
0655202
0655215
0655227
0655345
0655373
0655470
0655624
0655858
0655914
0656170
0656394
0656433
0656436
0656455
0656487
0656570
0656827
0656938
0657162
0657293
0657326
0657440
0657600
0657923
0657948
0657973
0658120
0658223
0658231
0658352
0658401
0658549
0658553
0658594
0658603
0658622
0658648
0658737
0658974
0659167
0659203
0659214
0659297
0659351
0659373
0659459
0659578
0659584
0659675
0659810
0659962
0660142
0660522
0660590
0660700
0660822
0660831
0660886
0661031
0661069
0661080
0661129
0661136
0661158
0661303
0661341
0661611
0661716
0661948
0662080
0662203
0662266
0662342
0662345
0662360
0662594
0662673
0662742
0662775
0662837
0663424
0663590
0663617
0663633
0663675
0663704
0663745
0663765
0663881
0663934
0664121
0664262
0664298
0664407
0664507
0664606
0664623
0664632
0664980
0664999
0665037
0665081
0665132
0665193
0665225
0665381
0665506
0665509
0665541
0665777
0665906
0666007
0666100
0666400
0666666
0666893
0667018
0667028
0667042
0667066
0667134
0667168
0667297
0667330
0667601
0667616
0667618
0667651
0667701
0667706
0667763
0667920
0667931
0667948
0668042
0668092
0668093
0668147
0668172
0668360
0668614
0668715
0668752
0668923
0669203
0669295
0669447
0669591
0669879
0669996
0670070
0670080
0670399
0670486
0670575
0670847
0671065
0671114
0671411
0671574
0671832
0671835
0671886
0671975
0671979
0672205
0672405
0672543
0672645
0672694
0672729
0673070
0673108
0673209
0673288
0673484
0673650
0673679
0673700
0673729
0673733
0673917
0673923
0673990
0674015
0674142
0674173
0674230
0674315
0674480
0674484
0674545
0674601
0674682
0674927
0675036
0675151
0675155
0675306
0675611
0675698
0675749
0675934
0676334
0676348
0676355
0676448
0676499
0676632
0676672
0677105
0677133
0677215
0677250
0677354
0677363
0677444
0677445
0677446
0677583
0677661
0677893
0677933
0677936
0678048
0678055
0678224
0678236
0678431
0678545
0678575
0678656
0678692
0679088
0679435
0679493
0679795
0679919
0679940
0679943
0679946
0680465
0680505
0680570
0680756
0680758
0680764
0680784
0680794
0680837
0680878
0681009
0681245
0681341
0681503
0681532
0681657
0681715
0681750
0681788
0681861
0681889
0681998
0682084
0682191
0682269
0682383
0682597
0682749
0682802
0682828
0682898
0682914
0682992
0683015
0683411
0683555
0683674
0683677
0683898
0684001
0684047
0684103
0684109
0684112
0684547
0684752
0684832
0684906
0684921
0685040
0685056
0685069
0685097
0685198
0685212
0685414
0685418
0685616
0685702
0685999
0686000
0686141
0686189
0686206
0686301
0686330
0686364
0686464
0686497
0686591
0686633
0686909
0687101
0687145
0687387
0687438
0687471
0687622
0687667
0687679
0687808
0687945
0688076
0688198
0688208
0688387
0688427
0688477
0688615
0688635
0688978
0689078
0689112
0689159
0689270
0689496
0689546
0689694
0689918
0689932
0690049
0690100
0690316
0690342
0690347
0690363
0690511
0690704
0690910
0691117
0691191
0691242
0691282
0691292
0691349
0691520
0691559
0691589
0691683
0691685
0691835
0691864
0691985
0692027
0692092
0692193
0692287
0692423
0692495
0692691
0692704
0692719
0692785
0692788
0692891
0692913
0692918
0692942
0693129
0693216
0693318
0693412
0693474
0693491
0693608
0693625
0693627
0693645
0693661
0693843
0693879
0693909
0694358
0694467
0694478
0694530
0694599
0694701
0694729
0694905
0694935
0695242
0695319
0695340
0695551
0695609
0695749
0696124
0696236
0696385
0696566
0696687
0696698
0696713
0696872
0696888
0696906
0696913
0696942
0696974
0697354
0697462
0697509
0697538
0697634
0697641
0697645
0697659
0697809
0697875
0697907
0697991
0698107
0698170
0698180
0698299
0698467
0698547
0698629
0698676
0698781
0698804
0698959
0699045
0699131
0699137
0699242
0699351
0699582
0699595
0699844
0699890
0699935
0700050
0700158
0700186
0700319
0700337
0700354
0700369
0700396
0700524
0700701
0700714
0700782
0700787
0700855
0701075
0701132
0701235
0701392
0701410
0701694
0701890
0701910
0701921
0702059
0702213
0702231
0702439
0702555
0702650
0702855
0703010
0703117
0703166
0703178
0703196
0703316
0703396
0703482
0703613
0703616
0704003
0704022
0704271
0704298
0704321
0704550
0704687
0704779
0704819
0704820
0705109
0705349
0705447
0705545
0705570
0705763
0705766
0705983
0706035
0706152
0706192
0706333
0706572
0706672
0706681
0706727
0706765
0706820
0706848
0706913
0706919
0706994
0707095
0707194
0707373
0707396
0707424
0707600
0707676
0707710
0707866
0708145
0708150
0708355
0708509
0708527
0708531
0708541
0708721
0708726
0708774
0708978
0709009
0709028
0709142
0709148
0709221
0709428
0709511
0709539
0709767
0710012
0710020
0710118
0710154
0710282
0710604
0710605
0710669
0710797
0710875
0711004
0711102
0711109
0711234
0711258
0711375
0711529
0711549
0711557
0711645
0711740
0711743
0712193
0712210
0712219
0712433
0712744
0712748
0712883
0713016
0713036
0713080
0713118
0713401
0713582
0713699
0713751
0713828
0713832
0714055
0714124
0714146
0714149
0714357
0714432
0714437
0714573
0714577
0714862
0714864
0715012
0715059
0715123
0715282
0715576
0715601
0715674
0715791
0715895
0716260
0716426
0716450
0716455
0716515
0716552
0716567
0716719
0716765
0716827
0716910
0717150
0717170
0717236
0717538
0717556
0717558
0717582
0717795
0717906
0717922
0718011
0718238
0718395
0718592
0719002
0719053
0719094
0719129
0719245
0719282
0719348
0719588
0719673
0719711
0719767
0719778
0719833
0719861
0720031
0720049
0720258
0720342
0720497
0720706
0720812
0721102
0721225
0721309
0721400
0721818
0721921
0721954
0722104
0722573
0722591
0722606
0722665
0722669
0722699
0722751
0722816
0722900
0722958
0723529
0723681
0723731
0723739
0723788
0723863
0723905
0723922
0723970
0724161
0724176
0724331
0724346
0724461
0724468
0724502
0724506
0724534
0724612
0724712
0724720
0724852
0724883
0724914
0724915
0724987
0725486
0725570
0725668
0725867
0725891
0725972
0726103
0726218
0726257
0726901
0727215
0727223
0727341
0727645
0727874
0728074
0728105
0728120
0728186
0728256
0728470
0728480
0728511
0728573
0728604
0728608
0728610
0728616
0728695
0728939
0729155
0729167
0729188
0729233
0729272
0729444
0729892
0729909
0730060
0730268
0730314
0730418
0730582
0730603
0730666
0730698
0730766
0730772
0730821
0731030
0731033
0731044
0731064
0731273
0731350
0731493
0731642
0731692
0731885
0731958
0731959
0732143
0732167
0732322
0732487
0732569
0732728
0732870
0732907
0732993
0733076
0733078
0733090
0733403
0733478
0733613
0733674
0733712
0733839
0733995
0734025
0734340
0734373
0734418
0734732
0734774
0734837
0734846
0735081
0735152
0735280
0735288
0735385
0735663
0735749
0735789
0735893
0735900
0735962
0735980
0736170
0736218
0736370
0736373
0736501
0736504
0736685
0736778
0736971
0737040
0737142
0737313
0737358
0737389
0737495
0737503
0737595
0737767
0737786
0737887
0738206
0738235
0738290
0738423
0738435
0738589
0738679
0738700
0738833
0739076
0739167
0739225
0739341
0739731
0739851
0739860
0739912
0740042
0740091
0740155
0740255
0740349
0740381
0740570
0740597
0740708
0740715
0741065
0741079
0741086
0741189
0741320
0741350
0741566
0741672
0741690
0741865
0742069
0742117
0742468
0742475
0742536
0742648
0742728
0742781
0742889
0742981
0743019
0743039
0743040
0743212
0743540
0743542
0743569
0743927
0744151
0744214
0744221
0744337
0744359
0744361
0744368
0744385
0744486
0744581
0744605
0744720
0744894
0744915
0744946
0744980
0745064
0745253
0745452
0745477
0745700
0745878
0745923
0746003
0746458
0746787
0746817
0746874
0746905
0747096
0747214
0747375
0747426
0747483
0747526
0747559
0747641
0747700
0747822
0747860
0747953
0748201
0748256
0748368
0748441
0748482
0748522
0748563
0748609
0748650
0748697
0748937
0749187
0749335
0749451
0749542
0749603
0749635
0749705
0749747
0749995
0750041
0750184
0750338
0750362
0750408
0750498
0750642
0750679
0750689
0751020
0751054
0751080
0751237
0751551
0751563
0751668
0751764
0751819
0751860
0751981
0752012
0752020
0752082
0752106
0752164
0752183
0752213
0752327
0752529
0752560
0752579
0752597
0752671
0752722
0752735
0752761
0752842
0752979
0753164
0753243
0753261
0753358
0753730
0753771
0753792
0754064
0754266
0754470
0754489
0754688
0754746
0754767
0754803
0754980
0755005
0755066
0755217
0755221
0755223
0755316
0755369
0755658
0755679
0755721
0755839
0755985
0755998
0756145
0756163
0756206
0756267
0756268
0756372
0756402
0756429
0756519
0756705
0756809
0756872
0757052
0757448
0757576
0757758
0757810
0757856
0757923
0758015
0758061
0758506
0758584
0758653
0758732
0758779
0758786
0758865
0759116
0759152
0759346
0759536
0759578
0759628
0759742
0759866
0759880
0759942
0760044
0760112
0760330
0760332
0760472
0760561
0760910
0761314
0761358
0761368
0761413
0761539
0761551
0761635
0761737
0761755
0761786
0761861
0761864
0761874
0761970
0762108
0762147
0762171
0762197
0762387
0762445
0762484
0762503
0762538
0762546
0762681
0762727
0762740
0762878
0762880
0763056
0763095
0763098
0763114
0763278
0763361
0763430
0763845
0763982
0764272
0764323
0764413
0764553
0764597
0764600
0764639
0764728
0764829
0765071
0765099
0765228
0765359
0765592
0765609
0765667
0765960
0765997
0766397
0766569
0766805
0767050
0767173
0767226
0767246
0767331
0767557
0767741
0767753
0767785
0767940
0767948
0768053
0768061
0768145
0768341
0768456
0768611
0768650
0768754
0768762
0769122
0769402
0769425
0769631
0769640
0769667
0769668
0769693
0769795
0769983
0770244
0770330
0770444
0770448
0770588
0770834
0770897
0770999
0771083
0771147
0771315
0771464
0771537
0771843
0771875
0772061
0772320
0772353
0772395
0772423
0772458
0772494
0772506
0772566
0772621
0772670
0772851
0772883
0773042
0773069
0773083
0773218
0773246
0773312
0773397
0773444
0773511
0773603
0773921
0773924
0774025
0774071
0774148
0774152
0774182
0774350
0774372
0774382
0774448
0774828
0774830
0774876
0774987
0775026
0775056
0775103
0775114
0775241
0775248
0775289
0775301
0775397
0775489
0775527
0775541
0775623
0775795
0776063
0776067
0776320
0776513
0776653
0776986
0777013
0777021
0777213
0777531
0777563
0777632
0777638
0777873
0777921
0777954
0778070
0778172
0778221
0778277
0778315
0778394
0778417
0778420
0778580
0778845
0778934
0779206
0779286
0779371
0779432
0779706
0779710
0779897
0779906
0779957
0780148
0780194
0780231
0780384
0780455
0780537
0780561
0780828
0780908
0780937
0781102
0781110
0781174
0781191
0781207
0781274
0781303
0781426
0781448
0781582
0781878
0781915
0781973
0782012
0782064
0782107
0782109
0782467
0782503
0782509
0782742
0782744
0782766
0782787
0782793
0782834
0782877
0783060
0783131
0783415
0783419
0783663
0783908
0784084
0784187
0784289
0784299
0784385
0784390
0784425
0784443
0784448
0784530
0784623
0784894
0784896
0784954
0784986
0785037
0785097
0785324
0785573
0785613
0785625
0785663
0785860
0785990
0786000
0786006
0786269
0786414
0786531
0786604
0786626
0786766
0786851
0787007
0787011
0787486
0787522
0787580
0787866
0788153
0788172
0788350
0788373
0788578
0788660
0788815
0788835
0788913
0789159
0789225
0789279
0789293
0789399
0789420
0789505
0789532
0789581
0789630
0789705
0789831
0789862
0789961
0790017
0790054
0790118
0790147
0790231
0790413
0790428
0790558
0790561
0790659
0790705
0790773
0790817
0791077
0791141
0791146
0791372
0791403
0791506
0791537
0791587
0791592
0791643
0791853
0792244
0792414
0792696
0792724
0792818
0792870
0792905
0792953
0792961
0792985
0793044
0793556
0793569
0793593
0793599
0794044
0794147
0794215
0794217
0794231
0794258
0794361
0794563
0794662
0794702
0794770
0795158
0795208
0795531
0795567
0795615
0795637
0795649
0795694
0795775
0795891
0795915
0796016
0796033
0796098
0796269
0796294
0796507
0796511
0796613
0796632
0797121
0797286
0797628
0797801
0797842
0797896
0797913
0798148
0798356
0798425
0798434
0798465
0798484
0798624
0798676
0798687
0798830
0798870
0798876
0798984
0799116
0799126
0799157
0799293
0799364
0799439
0799577
0799650
0799964
0800105
0800161
0800277
0800281
0800324
0800485
0800496
0800499
0800561
0800593
0800611
0800727
0800774
0800822
0800858
0800942
0800971
0800993
0801012
0801099
0801122
0801200
0801203
0801498
0801609
0801707
0801901
0801918
0802147
0802254
0802273
0802313
0802350
0802464
0802515
0802632
0803102
0803163
0803486
0803507
0803707
0803754
0803821
0804009
0804247
0804341
0804362
0804363
0804390
0804519
0804730
0804849
0804933
0805041
0805099
0805209
0805252
0805268
0805272
0805288
0805464
0805505
0805747
0805889
0805911
0806084
0806088
0806089
0806362
0806511
0806665
0807214
0807273
0807530
0807556
0807562
0807595
0807879
0807908
0807951
0807955
0808123
0808137
0808207
0808365
0808396
0808436
0808450
0808618
0808667
0808679
0808726
0808758
0808761
0808785
0808957
0809037
0809172
0809197
0809285
0809295
0809432
0809446
0809459
0809737
0809750
0809756
0809758
0809794
0809799
0809869
0809931
0809943
0810000
0810041
0810142
0810167
0810224
0810306
0810335
0810408
0810412
0810455
0810486
0810862
0810905
0811145
0811169
0811314
0811344
0811366
0811426
0811547
0811596
0811793
0811946
0811957
0811988
0812034
0812150
0812190
0812309
0812426
0812465
0812591
0812642
0812757
0812887
0813002
0813111
0813243
0813305
0813340
0813341
0813357
0813717
0813956
0814010
0814326
0814497
0814567
0814718
0814733
0814746
0814790
0814803
0814839
0814870
0814936
0815090
0815144
0815167
0815292
0815307
0815381
0815496
0815504
0815843
0815928
0815939
0815987
0816018
0816272
0816348
0816840
0817015
0817162
0817181
0817235
0817302
0817348
0817360
0817365
0817391
0817418
0817512
0817603
0817631
0817771
0817955
0818136
0818184
0818357
0818364
0818481
0818487
0818662
0818701
0818710
0818776
0818827
0818920
0818932
0819007
0819022
0819076
0819117
0819250
0819498
0819725
0819734
0819803
0819865
0819926
0820083
0820090
0820241
0820357
0820383
0820515
0820584
0820621
0820880
0820911
0820975
0820994
0821000
0821258
0821549
0821620
0821965
0821984
0822010
0822185
0822210
0822282
0822339
0822421
0822474
0822619
0822727
0822974
0823428
0823529
0823719
0823747
0823799
0823800
0823850
0823870
0823975
0824072
0824179
0824198
0824288
0824950
0824992
0825234
0825275
0825615
0825710
0825771
0825808
0825889
0825891
0825906
0826002
0826043
0826208
0826473
0826484
0826695
0826710
0826745
0826808
0826884
0826904
0826917
0826945
0826953
0826992
0827078
0827088
0827158
0827226
0827234
0827270
0828219
0828236
0828284
0828303
0828376
0828457
0828619
0828623
0828727
0828747
0828750
0829011
0829015
0829176
0829251
0829442
0829447
0829514
0829546
0829603
0829632
0829694
0829769
0829796
0829840
0830076
0830202
0830255
0830297
0830306
0830318
0830330
0830411
0830966
0831240
0831263
0831298
0831332
0831368
0831544
0831576
0831627
0831840
0831850
0831880
0831972
0832023
0832039
0832088
0832162
0832333
0832343
0832392
0832399
0832570
0832642
0832670
0832779
0832795
0832831
0833082
0833234
0833271
0833404
0833552
0833590
0833627
0833709
0833841
0833899
0833935
0834022
0834025
0834342
0834534
0834658
0834706
0835104
0835189
0835193
0835208
0835241
0835326
0835617
0835677
0835685
0835903
0836140
0836386
0836524
0836603
0836612
0836683
0836716
0836809
0836811
0836979
0837130
0837132
0837214
0837242
0837562
0837736
0837747
0837882
0838394
0838470
0838491
0838553
0838664
0838904
0838934
0839008
0839048
0839263
0839304
0839323
0839446
0839487
0839672
0839823
0839951
0840004
0840042
0840044
0840052
0840107
0840153
0840163
0840240
0840270
0840274
0840278
0840310
0840393
0840500
0840527
0840550
0840581
0840651
0840684
0840691
0840736
0840742
0840772
0840915
0840982
0840986
0841011
0841387
0841424
0841433
0841503
0841561
0841569
0841573
0841595
0841636
0841669
0841724
0841807
0841824
0841917
0842382
0842534
0842583
0842651
0842653
0842724
0842759
0842812
0842815
0842832
0843088
0843257
0843259
0843303
0843312
0843327
0843412
0843457
0843538
0843578
0843731
0843737
0843779
0843888
0843925
0844022
0844090
0844236
0844241
0844255
0844321
0844334
0844509
0844636
0844703
0844705
0844885
0844959
0844991
0845027
0845064
0845100
0845216
0845242
0845431
0845473
0845506
0845520
0845607
0845753
0845810
0845988
0846037
0846043
0846303
0846379
0846495
0846508
0846535
0846566
0846727
0846853
0846856
0846932
0846952
0847297
0847371
0847515
0847591
0847751
0847849
0847929
0848148
0848478
0848495
0848665
0848738
0848932
0848976
0849036
0849183
0849332
0849387
0849417
0849514
0849570
0849880
0849881
0849884
0849929
0849942
0849973
0849996
0850035
0850298
0850391
0850463
0850569
0850578
0850585
0850724
0850853
0851124
0851306
0851555
0851559
0851813
0852150
0852303
0852459
0852560
0852585
0852605
0852818
0852839
0853004
0853243
0853297
0853330
0853362
0853534
0853590
0853597
0853646
0853730
0854085
0854137
0854247
0854319
0854604
0854617
0854656
0854995
0855166
0855353
0855363
0855391
0855435
0855524
0855978
0855990
0856204
0856208
0856214
0856315
0856431
0856484
0856617
0856629
0856668
0856715
0856913
0856923
0857215
0857299
0857368
0857428
0857431
0857447
0857795
0858083
0858285
0858354
0858416
0858538
0858604
0858650
0858811
0858819
0859078
0859095
0859148
0859342
0859393
0859651
0859724
0859939
0859947
0859993
0860121
0860167
0860180
0860181
0860256
0860305
0860328
0860487
0860578
0860625
0860644
0860746
0860981
0861004
0861169
0861192
0861205
0861277
0861280
0861408
0861430
0861457
0861465
0861488
0861496
0861660
0861724
0861799
0861819
0861842
0862095
0862179
0862285
0862517
0862656
0862694
0862764
0862770
0862866
0862959
0862968
0863033
0863138
0863207
0863247
0863294
0863403
0863407
0863538
0863644
0863720
0863761
0863838
0863981
0864158
0864200
0864233
0864318
0864418
0864590
0864631
0864705
0864823
0864872
0864948
0865050
0865103
0865146
0865335
0865408
0865448
0865603
0865700
0865806
0865855
0866156
0866252
0866420
0866452
0866482
0866573
0866666
0866670
0867097
0867172
0867278
0867284
0867327
0867394
0867715
0867774
0867788
0867801
0867923
0868037
0868050
0868245
0868311
0868432
0868492
0868611
0868613
0868630
0869041
0869053
0869149
0869246
0869350
0869356
0869378
0869444
0869507
0869565
0869585
0869681
0869684
0869725
0870081
0870224
0870307
0870388
0870422
0870458
0870460
0870465
0870658
0870668
0870821
0870837
0870921
0870923
0870945
0871026
0871062
0871440
0871443
0871568
0871711
0871730
0871800
0871816
0871914
0871966
0872113
0872366
0872436
0872759
0872760
0873121
0873198
0873209
0873323
0873392
0873650
0873651
0873771
0873888
0873922
0873928
0874027
0874063
0874184
0874238
0874243
0874264
0874368
0874424
0874443
0874480
0874800
0875027
0875086
0875288
0875314
0875416
0875436
0875668
0875836
0875963
0876223
0876296
0876368
0876408
0876486
0876586
0876621
0876663
0876732
0876829
0877053
0877085
0877153
0877283
0877296
0877358
0877429
0877442
0877513
0877816
0877874
0877991
0878190
0878268
0878450
0878756
0878971
0878985
0879046
0879281
0879464
0879702
0879951
0879958
0880256
0880345
0880347
0880626
0880728
0880848
0880951
0880979
0881073
0881202
0881247
0881360
0881492
0881608
0881794
0881809
0881831
0881912
0882331
0882339
0882417
0882442
0882519
0882536
0882546
0882666
0882729
0882861
0882947
0882977
0883087
0883104
0883129
0883285
0883774
0883828
0883910
0883940
0883969
0883982
0884177
0884203
0884219
0884312
0884360
0884508
0884610
0884685
0884751
0884792
0884866
0885160
0885165
0885188
0885201
0885393
0885438
0885453
0885512
0885571
0885750
0885857
0886055
0886441
0886837
0886882
0886967
0886984
0887029
0887209
0887318
0887388
0887519
0887534
0887539
0887617
0887627
0887895
0888017
0888024
0888062
0888352
0888419
0888525
0888590
0888616
0888704
0888837
0888915
0889102
0889140
0889379
0889396
0889650
0889673
0889739
0889801
0889854
0889886
0889924
0889979
0890070
0890132
0890435
0890602
0890606
0890674
0890703
0891049
0891095
0891679
0891746
0891949
0891955
0892021
0892066
0892103
0892248
0892347
0892655
0892673
0892731
0892755
0892861
0892922
0893086
0893221
0893316
0893520
0893553
0893625
0893651
0893711
0893746
0893817
0893842
0893855
0893893
0893983
0893991
0894083
0894110
0894143
0894250
0894376
0894467
0894760
0894761
0895113
0895313
0895489
0895574
0896065
0896084
0896099
0896190
0896197
0896263
0896358
0896590
0896626
0896667
0896797
0896806
0896908
0896943
0896971
0897154
0897201
0897211
0897329
0897484
0897490
0897493
0897575
0897788
0897793
0897808
0897823
0898096
0898135
0898182
0898602
0898719
0898738
0898890
0899396
0899470
0899536
0899731
0899747
0899846
0899858
0899880
0900053
0900119
0900237
0900290
0900304
0900468
0900501
0900761
0900933
0900944
0900997
0901062
0901117
0901198
0901296
0901362
0901368
0901538
0901587
0901631
0901713
0901760
0901793
0901900
0902163
0902321
0902438
0902693
0902730
0902770
0902777
0902786
0902848
0902887
0902928
0902942
0902978
0903034
0903195
0903220
0903343
0903476
0903599
0903613
0903734
0904034
0904047
0904092
0904338
0904623
0904956
0904961
0905077
0905121
0905168
0905363
0905528
0905734
0905898
0905908
0905973
0906071
0906123
0906128
0906146
0906280
0906551
0906642
0906649
0906685
0906731
0906732
0906782
0906844
0906933
0907080
0907211
0907232
0907712
0908171
0908284
0908321
0908416
0908483
0908526
0908533
0908630
0908679
0908921
0909135
0909235
0909271
0909332
0909333
0909410
0909500
0909609
0909684
0909719
0909916
0910013
0910017
0910024
0910053
0910095
0910264
0910387
0910544
0910591
0910596
0910633
0910683
0910735
0911122
0911220
0911261
0911433
0911440
0911781
0911858
0911859
0912435
0912436
0912469
0912534
0912632
0912686
0912923
0912992
0913057
0913069
0913085
0913227
0913374
0913411
0913507
0913676
0913775
0913842
0913853
0914158
0914221
0914318
0914471
0914572
0914784
0914869
0914880
0914903
0914960
0915030
0915058
0915123
0915133
0915261
0915280
0915528
0915781
0915892
0915907
0915909
0915988
0916040
0916206
0916350
0916395
0916468
0916649
0917214
0917339
0917362
0917623
0917814
0917824
0917878
0917955
0917970
0917995
0918156
0918316
0918396
0918538
0918799
0918827
0918994
0919054
0919067
0919364
0919386
0919538
0919603
0919650
0919783
0920199
0920279
0920379
0920448
0920595
0920665
0920683
0920715
0920735
0920794
0921068
0921154
0921194
0921239
0921247
0921300
0921325
0921342
0921599
0921690
0921725
0921794
0921857
0922039
0922109
0922151
0922587
0922644
0922947
0923117
0923146
0923183
0923185
0923206
0923268
0923320
0923335
0923356
0923419
0923560
0923627
0923735
0924054
0924327
0924385
0924643
0924662
0924667
0924747
0924837
0924952
0924985
0925028
0925142
0925317
0925380
0925481
0925492
0925493
0925540
0925570
0925587
0925648
0925656
0925836
0925978
0925988
0926138
0926171
0926253
0926407
0926472
0926516
0926870
0926895
0927085
0927199
0927456
0927588
0927668
0927833
0927925
0927956
0928164
0928475
0928479
0928527
0928548
0928772
0928923
0928998
0929042
0929293
0929316
0929460
0929495
0929676
0929699
0929712
0929756
0929795
0929831
0929838
0930022
0930031
0930178
0930217
0930361
0930463
0930585
0930586
0930615
0930713
0930714
0930732
0930840
0931009
0931042
0931468
0931568
0931760
0931876
0932241
0932322
0932536
0932580
0932693
0932723
0932973
0932995
0933129
0933158
0933328
0933455
0933456
0933548
0933599
0933813
0933994
0934000
0934023
0934036
0934076
0934091
0934212
0934329
0934506
0934516
0934580
0934648
0934681
0934710
0934837
0935143
0935281
0935388
0935500
0935658
0935663
0935708
0936140
0936171
0936206
0936232
0936279
0936284
0936367
0936402
0936443
0936690
0936698
0936925
0937054
0937075
0937096
0937097
0937104
0937267
0937347
0937411
0937495
0937542
0937754
0937926
0938121
0938200
0938293
0938346
0938376
0938385
0938390
0938395
0938699
0938920
0938933
0938985
0939014
0939042
0939072
0939074
0939090
0939121
0939156
0939252
0939650
0939676
0939683
0939770
0939774
0939976
0940092
0940095
0940157
0940269
0940329
0940354
0940398
0940425
0940436
0940440
0940593
0940711
0940775
0940841
0940929
0940955
0941110
0941158
0941232
0941370
0941540
0941551
0941665
0941734
0941779
0941828
0941968
0941983
0942046
0942124
0942175
0942269
0942455
0942476
0942537
0942590
0942754
0942783
0942915
0943127
0943232
0943418
0943482
0943566
0944219
0944252
0944271
0944375
0944405
0944414
0944466
0944516
0944537
0944651
0944698
0944716
0944721
0944780
0944948
0945011
0945159
0945239
0945285
0945298
0945348
0945517
0945673
0945756
0946359
0946365
0946376
0946552
0946765
0946768
0946831
0946833
0946841
0946892
0946982
0947084
0947089
0947150
0947210
0947219
0947258
0947341
0947407
0947419
0947469
0947513
0947644
0947748
0947848
0947879
0948127
0948162
0948282
0948349
0948427
0948570
0948591
0948765
0948829
0948859
0948873
0948934
0948994
0949574
0949612
0949762
0949859
0949889
0950084
0950310
0950388
0950394
0950738
0950826
0950984
0951142
0951166
0951198
0951264
0951328
0951340
0951415
0951553
0951595
0951671
0951949
0952073
0952124
0952153
0952232
0952319
0952341
0952403
0952421
0952476
0952588
0953112
0953367
0953503
0953512
0953595
0953677
0953732
0953842
0954013
0954023
0954039
0954052
0954107
0954172
0954245
0954403
0954462
0954495
0954624
0954822
0954936
0955243
0955250
0955312
0955375
0955697
0955725
0955742
0955774
0956201
0956344
0956458
0956806
0956964
0957133
0957445
0957477
0957599
0957870
0957940
0958029
0958040
0958123
0958153
0958500
0958575
0958606
0958624
0958737
0958751
0958814
0958988
0959107
0959122
0959508
0959535
0959638
0959722
0959980
0960088
0960111
0960295
0960518
0960525
0960640
0960797
0961006
0961080
0961247
0961503
0961507
0961717
0961787
0961870
0961951
0961983
0962031
0962068
0962240
0962306
0962403
0962681
0962701
0962817
0962837
0962839
0962886
0962983
0963287
0963545
0963616
0963733
0963906
0963915
0964005
0964011
0964250
0964448
0964750
0964968
0965017
0965055
0965070
0965078
0965622
0965780
0965835
0965881
0965969
0966101
0966183
0966296
0966301
0966441
0966508
0966556
0966575
0966578
0966969
0967024
0967112
0967134
0967331
0967492
0967579
0967615
0967734
0967835
0967872
0967943
0968009
0968344
0968370
0968589
0968630
0968689
0968715
0969064
0969106
0969109
0969220
0969233
0969373
0969390
0969444
0969556
0969598
0969743
0969865
0970179
0970182
0970384
0970500
0970503
0970780
0970813
0970900
0971279
0971382
0971471
0971577
0971678
0971841
0972038
0972098
0972377
0972423
0972614
0972640
0972727
0972755
0972863
0972987
0973172
0973370
0973536
0973583
0973689
0973725
0973738
0973775
0973957
0974063
0974071
0974258
0974263
0974280
0974290
0974564
0974570
0974706
0974712
0975067
0975110
0975318
0975323
0975371
0975410
0975461
0975506
0975581
0975610
0975670
0975995
0976109
0976301
0976389
0976407
0976408
0976504
0976512
0976650
0977131
0977174
0977244
0977584
0977924
0978208
0978233
0978248
0978303
0978348
0978378
0978382
0978524
0978553
0978623
0978757
0978847
0978985
0979013
0979069
0979167
0979259
0979478
0979630
0979836
0979864
0979903
0979976
0979983
0980040
0980251
0980252
0980258
0980368
0980425
0980426
0980469
0980481
0980486
0980791
0980827
0980909
0981272
0981315
0981340
0981419
0981671
0981769
0981821
0981852
0981973
0982106
0982189
0982258
0982320
0982436
0982685
0982852
0982878
0982939
0982945
0982970
0983103
0983349
0983375
0983541
0983681
0983723
0983916
0983954
0983987
0984243
0984282
0984359
0984394
0984448
0984517
0985034
0985046
0985060
0985145
0985155
0985324
0985456
0985494
0985535
0985592
0985644
0985719
0985809
0985821
0985887
0986012
0986119
0986264
0986329
0986467
0986495
0986606
0986820
0986828
0986862
0987148
0987207
0987378
0987403
0987449
0987456
0987503
0987632
0987841
0987859
0987871
0988018
0988091
0988274
0988322
0988353
0988393
0988444
0988450
0988536
0988634
0988667
0988791
0988892
0989296
0989477
0989850
0989905
0989920
0989983
0990058
0990246
0990300
0990302
0990307
0990712
0990720
0990871
0990982
0991247
0991268
0991297
0991391
0991504
0991715
0991793
0991858
0991886
0992033
0992039
0992075
0992352
0992369
0992460
0992538
0992602
0992620
0992864
0992951
0993005
0993102
0993123
0993194
0993225
0993432
0993454
0993617
0993634
0993655
0993727
0993763
0993827
0993976
0994190
0994207
0994263
0994310
0994388
0994395
0994447
0994459
0994528
0994621
0994829
0994856
0995183
0995282
0995478
0995495
0995522
0995644
0995664
0995689
0995743
0995777
0995829
0995831
0996062
0996117
0996195
0996252
0996264
0996386
0996606
0996693
0997106
0997115
0997180
0997185
0997279
0997414
0997438
0997489
0997543
0997749
0997818
0997829
0997842
0997997
0998105
0998465
0998478
0998489
0998581
0998692
0998822
0999072
0999077
0999149
0999211
0999299
0999405
0999424
0999520
0999668
0999703
0999792
0999846
0999951
1000094
1000245
1000346
1000501
1000512
1000525
1000617
1000764
1000860
1000909
1001036
1001082
1001399
1001454
1001602
1001642
1001649
1001724
1001762
1001893
1001915
1002082
1002094
1002207
1002367
1002413
1002521
1002699
1002743
1002831
1002878
1002958
1003049
1003075
1003107
1003153
1003220
1003525
1003575
1003594
1003629
1003669
1003684
1003733
1003793
1004260
1004311
1004374
1004615
1004690
1004765
1005075
1005088
1005138
1005163
1005333
1005492
1005975
1006019
1006135
1006192
1006418
1006420
1006708
1006760
1006827
1007182
1007191
1007230
1007401
1007445
1007484
1007592
1007707
1007781
1007805
1007905
1008374
1008507
1008529
1008642
1008680
1008770
1008793
1008810
1008937
1009054
1009257
1009296
1009389
1009426
1009548
1009587
1009630
1009634
1009635
1009692
1009693
1009700
1009713
1009851
1009872
1010077
1010082
1010165
1010188
1010316
1010319
1010414
1010466
1010541
1010561
1010647
1010660
1010835
1010852
1011227
1011316
1011415
1011441
1011981
1012126
1012251
1012369
1012382
1012555
1012581
1012641
1012672
1012731
1012817
1012839
1013071
1013152
1013190
1013332
1013361
1013544
1013737
1013873
1013941
1014189
1014250
1014281
1014289
1014348
1014454
1014508
1014538
1014552
1014555
1014704
1014746
1014874
1014907
1015091
1015134
1015338
1015371
1015397
1015584
1015592
1015620
1015635
1015654
1015682
1016158
1016306
1016393
1016572
1016718
1016861
1016982
1017153
1017159
1017458
1017466
1017497
1017522
1017681
1017860
1017861
1018387
1018413
1018508
1018609
1018905
1018915
1018940
1019160
1019226
1019227
1019238
1019442
1019802
1019826
1019836
1019925
1020084
1020107
1020234
1020250
1020299
1020599
1020621
1020675
1020700
1020749
1020837
1020895
1020946
1021045
1021095
1021193
1021279
1021441
1021447
1021460
1021468
1021868
1022015
1022033
1022080
1022155
1022446
1022463
1022476
1022480
1022570
1022576
1022677
1022754
1022823
1022867
1022882
1022895
1022994
1023035
1023221
1023320
1023416
1023438
1023460
1023654
1023689
1023726
1023847
1023902
1023998
1024130
1024356
1024613
1024649
1024709
1024716
1024762
1024806
1024817
1024916
1025273
1025278
1025405
1025452
1025536
1025603
1025709
1025931
1026042
1026587
1026644
1026647
1026650
1026716
1026735
1026789
1026866
1026985
1027009
1027092
1027184
1027196
1027320
1027458
1027477
1027492
1027649
1027848
1027870
1027873
1027957
1027988
1028026
1028098
1028105
1028173
1028330
1028420
1028593
1028679
1028776
1028802
1028917
1028966
1029013
1029039
1029054
1029211
1029342
1029373
1029542
1029562
1029617
1029754
1029811
1029907
1029912
1030388
1030412
1030604
1030612
1030680
1030750
1030974
1031009
1031231
1031657
1031760
1031791
1031872
1031937
1032396
1032506
1032664
1032730
1032998
1033250
1033494
1033543
1033696
1033712
1033794
1033898
1034052
1034309
1034436
1034486
1034499
1034685
1034941
1034957
1035261
1035274
1035332
1035472
1035561
1035686
1035945
1035978
1036053
1036070
1036132
1036144
1036189
1036288
1036357
1036473
1036493
1036545
1036652
1036811
1036875
1036952
1037074
1037089
1037093
1037124
1037491
1037497
1037567
1037734
1037775
1037888
1037899
1038104
1038209
1038302
1038316
1038396
1038671
1038769
1039167
1039220
1039413
1039464
1039489
1039588
1039870
1039886
1039997
1040098
1040407
1040420
1040527
1040539
1040930
1041103
1041125
1041158
1041246
1041363
1041378
1041455
1041476
1041502
1041580
1041677
1042177
1042264
1042308
1042334
1042505
1042560
1042563
1042727
1042772
1042807
1042883
1042884
1042891
1042903
1042906
1043106
1043346
1043563
1043753
1043773
1043801
1043863
1043885
1043903
1043984
1044083
1044101
1044133
1044203
1044466
1044551
1044571
1044692
1044812
1044834
1044839
1044966
1045078
1045131
1045138
1045400
1045579
1045603
1045622
1045636
1045655
1045681
1045917
1045968
1045979
1046053
1046107
1046144
1046197
1046225
1046236
1046315
1046402
1046416
1046490
1046506
1046519
1046714
1046732
1046764
1046785
1047008
1047157
1047283
1047455
1047726
1047803
1047821
1047846
1047974
1048095
1048207
1048245
1048453
1048465
1048585
1048753
1048904
1048980
1049029
1049030
1049180
1049280
1049355
1049367
1049452
1049532
1049562
1049767
1049802
1049818
1049837
1049966
1050106
1050246
1050266
1050362
1050461
1050610
1050643
1050707
1050711
1050806
1050904
1050932
1050994
1051008
1051026
1051141
1051290
1051487
1051706
1051762
1051899
1052048
1052177
1052406
1052487
1052684
1052712
1052739
1052915
1053036
1053113
1053140
1053278
1053362
1053408
1053411
1053413
1053423
1053776
1053885
1053909
1054143
1054212
1054305
1054325
1054354
1054419
1054552
1054665
1054774
1054805
1055046
1055090
1055318
1055337
1055355
1055521
1055545
1055550
1055620
1055853
1055920
1056070
1056124
1056132
1056568
1056812
1056818
1056858
1056998
1056999
1057000
1057040
1057107
1057258
1057269
1057418
1057436
1057458
1057475
1057480
1057487
1057510
1057772
1057783
1057840
1057939
1057948
1057980
1058006
1058146
1058160
1058291
1058354
1058360
1058473
1058512
1058619
1058671
1058753
1059039
1059137
1059193
1059416
1059470
1059520
1059732
1059756
1059838
1059981
1060004
1060059
1060216
1060320
1060341
1060445
1060741
1060838
1060897
1060920
1061131
1061352
1061396
1061736
1061896
1061967
1062267
1062306
1062378
1062397
1062456
1062627
1062629
1062839
1062881
1062962
1063133
1063492
1063556
1063603
1063609
1063720
1063780
1063789
1064014
1064019
1064096
1064336
1064358
1064396
1064459
1064467
1064588
1064605
1064810
1064902
1065149
1065194
1065213
1065286
1065474
1065490
1065715
1065853
1065995
1066102
1066110
1066203
1066374
1066570
1066617
1066628
1066640
1066879
1067036
1067075
1067139
1067163
1067224
1067337
1067383
1067489
1067592
1067629
1067676
1067840
1067859
1067912
1068002
1068020
1068073
1068081
1068476
1068544
1068749
1068773
1068922
1069073
1069082
1069112
1069185
1069490
1069580
1069766
1069788
1069882
1070039
1070295
1070480
1070572
1071150
1071151
1071288
1071375
1071843
1071893
1072067
1072204
1072240
1072457
1072696
1072767
1072903
1073035
1073099
1073125
1073146
1073150
1073289
1073608
1073673
1073707
1073869
1073929
1073982
1074077
1074200
1074239
1074446
1074471
1074513
1074515
1074635
1074715
1074819
1074852
1075077
1075131
1075148
1075339
1075370
1075372
1075374
1075412
1075423
1075467
1075482
1075502
1075605
1075657
1075728
1075885
1075913
1075945
1075956
1075983
1076017
1076049
1076098
1076184
1076206
1076210
1076221
1076279
1076333
1076438
1076588
1076633
1076636
1076719
1076979
1077074
1077153
1077299
1077441
1077703
1077712
1077921
1077922
1078121
1078439
1078461
1078468
1078652
1078816
1078912
1079009
1079031
1079171
1079178
1079190
1079546
1079686
1079912
1080019
1080211
1080664
1080694
1080872
1080920
1080942
1080948
1081237
1081337
1081379
1081424
1081493
1081618
1081654
1081665
1081779
1081847
1081894
1081935
1081964
1082010
1082072
1082081
1082089
1082266
1082333
1082375
1082418
1082428
1082521
1082662
1082672
1082770
1082788
1082844
1082857
1082920
1083055
1083226
1083372
1083477
1083552
1083587
1083600
1083605
1083621
1083732
1083882
1083899
1084000
1084044
1084058
1084166
1084211
1084397
1084402
1084547
1084551
1084816
1084875
1084903
1084909
1084922
1084982
1085158
1085258
1085272
1085310
1085328
1085461
1085704
1085902
1086323
1086403
1086516
1086736
1086823
1086857
1086887
1086895
1086964
1087191
1087255
1087314
1087378
1087434
1087622
1087632
1087634
1087688
1087823
1088114
1088154
1088181
1088274
1088538
1088552
1088576
1088609
1088868
1088970
1088981
1089018
1089042
1089068
1089070
1089310
1089350
1089373
1089732
1089833
1090002
1090065
1090612
1090636
1090693
1090695
1090733
1090744
1090942
1090953
1090970
1091067
1091098
1091235
1091489
1091683
1091817
1091851
1091853
1091921
1092326
1092379
1092402
1092597
1092610
1092896
1093011
1093065
1093066
1093145
1093385
1093544
1093561
1093618
1093659
1093715
1093717
1093782
1093817
1093871
1093900
1093912
1093954
1093996
1094241
1094365
1094424
1094640
1094683
1094807
1094910
1095246
1095309
1095372
1095505
1095552
1095579
1095729
1095781
1095899
1095941
1096128
1096187
1096302
1096367
1096414
1096615
1096704
1096723
1096762
1096856
1096885
1096915
1097181
1097301
1097302
1097436
1097481
1097545
1097581
1097599
1097667
1097778
1097899
1097914
1098054
1098133
1098350
1098352
1098556
1098574
1098853
1099004
1099109
1099199
1099230
1099236
1099324
1099334
1099339
1099380
1099392
1099482
1099485
1099646
1099721
1099777
1099860
1099915
1100113
1100178
1100296
1100297
1100336
1100633
1100740
1100748
1100760
1100862
1100958
1100968
1101024
1101068
1101115
1101157
1101218
1101272
1101392
1101568
1101775
1101794
1101818
1101912
1102024
1102099
1102229
1102433
1102558
1102630
1102711
1102750
1102774
1102814
1102914
1103288
1103375
1103452
1103597
1103690
1103902
1104279
1104338
1104676
1104737
1104821
1104918
1104955
1105030
1105198
1105212
1105281
1105283
1105365
1105492
1105585
1105664
1105742
1105801
1105935
1106068
1106165
1106222
1106299
1106333
1106375
1106399
1106452
1106603
1106740
1106817
1106824
1107218
1107237
1107295
1107696
1107745
1107748
1107854
1107878
1107921
1107963
1108047
1108393
1108429
1108491
1108554
1108782
1108824
1108923
1108965
1109047
1109088
1109210
1109214
1109272
1109351
1109390
1109488
1109494
1109639
1109984
1110036
1110122
1110217
1110226
1110342
1110448
1110466
1110838
1111055
1111115
1111117
1111222
1111284
1111510
1111541
1111597
1111673
1111756
1111843
1111858
1111917
1111935
1111937
1112360
1112439
1112592
1112708
1112759
1112835
1113023
1113232
1113291
1113374
1113443
1113511
1113545
1113564
1113662
1113939
1113983
1114010
1114132
1114270
1114282
1114291
1114486
1114666
1114673
1114852
1114946
1114992
1115026
1115180
1115200
1115282
1115450
1115463
1115494
1115578
1115794
1115918
1115968
1116001
1116005
1116010
1116094
1116177
1116226
1116307
1116515
1116558
1116609
1116640
1116808
1116925
1117067
1117117
1117157
1117233
1117401
1117591
1117701
1117744
1117903
1117912
1117919
1118133
1118329
1118363
1118405
1118580
1118680
1118823
1118962
1119019
1119083
1119228
1119265
1119404
1119662
1119760
1119850
1119970
1120447
1120470
1120551
1120582
1120737
1120994
1121133
1121252
1121318
1121376
1121381
1121572
1121597
1121680
1121721
1121753
1121899
1121936
1121968
1121985
1122117
1122233
1122484
1122490
1122712
1123093
1123225
1123309
1123389
1123419
1123425
1123683
1123687
1123886
1123890
1123979
1124176
1124288
1124316
1124457
1124568
1124596
1124655
1124678
1124973
1125041
1125050
1125078
1125204
1125287
1125503
1125905
1126026
1126062
1126101
1126326
1126716
1126756
1126838
1126886
1126902
1126965
1127074
1127258
1127480
1127576
1127644
1127756
1127935
1128035
1128075
1128236
1128362
1128398
1128545
1128771
1128787
1129288
1129465
1129735
1129926
1129937
1130056
1130125
1130167
1130243
1130254
1130318
1130331
1130398
1130410
1130565
1130679
1130816
1131047
1131098
1131194
1131198
1131552
1131676
1131865
1131931
1132000
1132232
1132305
1132451
1132480
1132506
1132640
1132879
1132983
1133031
1133058
1133110
1133280
1133282
1133318
1133440
1133541
1133621
1133751
1133855
1133859
1134045
1134047
1134133
1134251
1134381
1134569
1134571
1134579
1134585
1134610
1134724
1134867
1134912
1134992
1134993
1135126
1135175
1135208
1135296
1135460
1135577
1135628
1135656
1135676
1135683
1135855
1135886
1135898
1135951
1136116
1136287
1136356
1136575
1136834
1136867
1136876
1137030
1137046
1137077
1137118
1137140
1137168
1137258
1137391
1137452
1137587
1137618
1137689
1137792
1137886
1138021
1138282
1138382
1138621
1138670
1138736
1138863
1139414
1139446
1139450
1139528
1139818
1139959
1140137
1140303
1140377
1140403
1140608
1140694
1140759
1140764
1140787
1140953
1141022
1141254
1141261
1141373
1141399
1141454
1141667
1141691
1141785
1141800
1141821
1141890
1141899
1141964
1141969
1141970
1142038
1142052
1142075
1142191
1142377
1142557
1142604
1142722
1143129
1143307
1143356
1143379
1143453
1143576
1143603
1143624
1143652
1143673
1143711
1143881
1143907
1143909
1144002
1144145
1144304
1144356
1144508
1144657
1144780
1144918
1144933
1145004
1145014
1145067
1145388
1145396
1145492
1145625
1145637
1145699
1145739
1145757
1145815
1145823
1145860
1145864
1145888
1145936
1145992
1146133
1146275
1146278
1146298
1146401
1146469
1146503
1146686
1146720
1146811
1147079
1147365
1147484
1147558
1147588
1147632
1147688
1147705
1147801
1148067
1148256
1148264
1148364
1148496
1148616
1148770
1148851
1148863
1149249
1149325
1149473
1149677
1149735
1150014
1150082
1150089
1150442
1150545
1150668
1150777
1150786
1150791
1150869
1150942
1150962
1150999
1151009
1151331
1151342
1151588
1151628
1151699
1151753
1152265
1152454
1152502
1152528
1152608
1152646
1152691
1152729
1152772
1152829
1152882
1152923
1152979
1153062
1153431
1153574
1153626
1153633
1153792
1153959
1154351
1154383
1154392
1154404
1155079
1155089
1155167
1155274
1155302
1155328
1155351
1155372
1155529
1155587
1155636
1155720
1155923
1155944
1156028
1156113
1156222
1156336
1156405
1156443
1156445
1156580
1156663
1156690
1156726
1156777
1156787
1157000
1157072
1157116
1157137
1157146
1157212
1157393
1157489
1157504
1157558
1157607
1157755
1157805
1157931
1157998
1158290
1158325
1158663
1158676
1158959
1159402
1159490
1159520
1159714
1159866
1159908
1159947
1159977
1160245
1160486
1160667
1160688
1160993
1161088
1161125
1161144
1161362
1161471
1161581
1161595
1161635
1161729
1161784
1161859
1162144
1162176
1162236
1162261
1162271
1162379
1162383
1162395
1162514
1162542
1162647
1162685
1162851
1162957
1162960
1162978
1163220
1163329
1163352
1163429
1163472
1163507
1163517
1163525
1163560
1163606
1163607
1163762
1163783
1163917
1164004
1164043
1164298
1164351
1164485
1164701
1164725
1164771
1164810
1164826
1165028
1165044
1165200
1165316
1165369
1165581
1165734
1165749
1165755
1165770
1165972
1165991
1165995
1166021
1166250
1166323
1166450
1166513
1166524
1166596
1167014
1167070
1167108
1167217
1167340
1167406
1167426
1167704
1167772
1167774
1167846
1167883
1167908
1167971
1168038
1168431
1168456
1168470
1168583
1168679
1168780
1168891
1168932
1168957
1169005
1169056
1169441
1169484
1169628
1169629
1169714
1169725
1169783
1170158
1170164
1170167
1170321
1170511
1170614
1170770
1170845
1170963
1170994
1171354
1171369
1171764
1172157
1172180
1172204
1172319
1172334
1172456
1172519
1172622
1172855
1172906
1172932
1173004
1173150
1173192
1173248
1173295
1173397
1173436
1173521
1173611
1173820
1174124
1174568
1174764
1174790
1174934
1174938
1174998
1175109
1175316
1175413
1175785
1175820
1175874
1176009
1176054
1176223
1176288
1176505
1176679
1176795
1176862
1176864
1177004
1177030
1177044
1177219
1177345
1177362
1177387
1177493
1177564
1177565
1177648
1177696
1178429
1178468
1178506
1178529
1178606
1178663
1178866
1179032
1179086
1179103
1179126
1179551
1179798
1179800
1179920
1179993
1180033
1180074
1180112
1180181
1180188
1180302
1180468
1180492
1180583
1180585
1180729
1180730
1180802
1180899
1180910
1180941
1180943
1180973
1181242
1181435
1181484
1181625
1181940
1181994
1182093
1182298
1182326
1182347
1182356
1182382
1182566
1182572
1182659
1182787
1182832
1182838
1182903
1182943
1183146
1183163
1183483
1183744
1183775
1183781
1183794
1183885
1183910
1183915
1184047
1184163
1184264
1184306
1184501
1184679
1184683
1184815
1184816
1184892
1185045
1185053
1185072
1185079
1185159
1185191
1185526
1185666
1185716
1185841
1185917
1185948
1186051
1186064
1186146
1186235
1186288
1186312
1186327
1186524
1186540
1186775
1186863
1186866
1186916
1186936
1187012
1187062
1187260
1187328
1187570
1187684
1187725
1187801
1188036
1188126
1188228
1188334
1188350
1188397
1188430
1188435
1188463
1188571
1188690
1188772
1188992
1189071
1189075
1189191
1189241
1189327
1189333
1189358
1189434
1189768
1189895
1189905
1189956
1189957
1190137
1190264
1190728
1190745
1191044
1191046
1191349
1191362
1191486
1191571
1191689
1191707
1191769
1191857
1191865
1192025
1192098
1192236
1192237
1192293
1192418
1192422
1192537
1192924
1192949
1192967
1193329
1193641
1193720
1193757
1193907
1194033
1194054
1194371
1194418
1194505
1194618
1194690
1194702
1194822
1194901
1194931
1194967
1195082
1195089
1195127
1195258
1195267
1195309
1195379
1195385
1195530
1195607
1195707
1195754
1195935
1196011
1196054
1196084
1196211
1196469
1196538
1196707
1196714
1197310
1197397
1197468
1197506
1197603
1197771
1197790
1197973
1197998
1198213
1198292
1198331
1198363
1198849
1198879
1198964
1198993
1199176
1199186
1199332
1199431
1199589
1199605
1199734
1199753
1199766
1199911
1200043
1200141
1200376
1200674
1200718
1200832
1201196
1201226
1201230
1201273
1201302
1201385
1201585
1201625
1201634
1201725
1201878
1201942
1202080
1202242
1202343
1202595
1202629
1202739
1203082
1203148
1203187
1203482
1203550
1203828
1203986
1204019
1204082
1204176
1204185
1204324
1204384
1204414
1204440
1204503
1204557
1204801
1204869
1204924
1205016
1205052
1205124
1205233
1205497
1205575
1205634
1205685
1205733
1205787
1205843
1205931
1206081
1206090
1206120
1206288
1206585
1206595
1206666
1206674
1207041
1207216
1207363
1207541
1207766
1207978
1208039
1208159
1208249
1208301
1208325
1208509
1208727
1209033
1209046
1209100
1209368
1209403
1209450
1209530
1209587
1210139
1210172
1210398
1210422
1210500
1210521
1210724
1210960
1211032
1211067
1211213
1211261
1211335
1211361
1211408
1211421
1211577
1211817
1211859
1211910
1211921
1211939
1211994
1212124
1212378
1212389
1212436
1212499
1212555
1212756
1212885
1212962
1212988
1213126
1213368
1213403
1213488
1213703
1213723
1213773
1213867
1213993
1214035
1214332
1214432
1214573
1214677
1214700
1214753
1214834
1214872
1214898
1214924
1215109
1215193
1215258
1215313
1216011
1216054
1216241
1216388
1216425
1216533
1216560
1216815
1216846
1217246
1217273
1217299
1217382
1217623
1217784
1217848
1217874
1217908
1217969
1217973
1218014
1218200
1218275
1218371
1218536
1218717
1218718
1218752
1218863
1219023
1219226
1219370
1219384
1219402
1219663
1219715
1219844
1219961
1220086
1220131
1220133
1220445
1220467
1220591
1220595
1220761
1220926
1220935
1221069
1221568
1221650
1221754
1221818
1221894
1221936
1221983
1221992
1222030
1222149
1222185
1222220
1222415
1222457
1222468
1222538
1222660
1222763
1222822
1222856
1222859
1222938
1223043
1223090
1223234
1223245
1223317
1223373
1223418
1223440
1223653
1223697
1223710
1223802
1223970
1224001
1224189
1224219
1224402
1224447
1224536
1224646
1224805
1224867
1225069
1225099
1225118
1225134
1225160
1225266
1225341
1225352
1225372
1225440
1225454
1225566
1225593
1225881
1225945
1225988
1226042
1226057
1226183
1226205
1226293
1226364
1226428
1226505
1226578
1226723
1226765
1227019
1227068
1227076
1227148
1227219
1227260
1227359
1227429
1227595
1227759
1227805
1227888
1228033
1228085
1228092
1228185
1228372
1228455
1228492
1228679
1228924
1229027
1229161
1229183
1229376
1229388
1229531
1229591
1229828
1229891
1230156
1230216
1230322
1230452
1230488
1230552
1230705
1230736
1230766
1231131
1231162
1231342
1231373
1231409
1231513
1231720
1231723
1231755
1232060
1232070
1232347
1232430
1232573
1232633
1232702
1233255
1233296
1233337
1233543
1233607
1233765
1233821
1233839
1233986
1234041
1234081
1234105
1234132
1234399
1234453
1234500
1234526
1234533
1234564
1234632
1234775
1234784
1234834
1234903
1234959
1235063
1235375
1235451
1235475
1235516
1235668
1236070
1236094
1236150
1236237
1236477
1236550
1236605
1236786
1236839
1236983
1237100
1237320
1237508
1237523
1237603
1237838
1237994
1237998
1238066
1238309
1238438
1238715
1238774
1238836
1238932
1238965
1239100
1239132
1239155
1239176
1239390
1239451
1239475
1239489
1239509
1239585
1239652
1239841
1239902
1239998
1240039
1240071
1240187
1240194
1240391
1240511
1240888
1240937
1240992
1241159
1241216
1241226
1241238
1241420
1241447
1241596
1241692
1241797
1241888
1241916
1242114
1242310
1242367
1242457
1242512
1242837
1242838
1242850
1242852
1242923
1242936
1243010
1243024
1243137
1243186
1243271
1243372
1243852
1243932
1244114
1244187
1244459
1244465
1244683
1244686
1244781
1244827
1244861
1244863
1244896
1244925
1244946
1244985
1245149
1245377
1245465
1245543
1245584
1245697
1245698
1245709
1245889
1245927
1245963
1246009
1246145
1246197
1246237
1246400
1246439
1246457
1246843
1246859
1246860
1246915
1247086
1247456
1247648
1247676
1247681
1247950
1247965
1248072
1248290
1248366
1248377
1248383
1248731
1248869
1248984
1249108
1249207
1249232
1249378
1249402
1249562
1249639
1249707
1249724
1249745
1249827
1249876
1249898
1249899
1250040
1250284
1250432
1250752
1250790
1250811
1250942
1251080
1251127
1251544
1251723
1251886
1251980
1252186
1252203
1252233
1252306
1252328
1252354
1252460
1252638
1252775
1252985
1253060
1253196
1253290
1253501
1253745
1253792
1254142
1254316
1254377
1254414
1254492
1254502
1254557
1254586
1254694
1254706
1254770
1254881
1254889
1255012
1255188
1255382
1255528
1255598
1255700
1255834
1255855
1255888
1255932
1256080
1256141
1256181
1256290
1256299
1256300
1256419
1256489
1256497
1256648
1256758
1256774
1256853
1257003
1257067
1257076
1257204
1257283
1257427
1257437
1257519
1257532
1257612
1257630
1257838
1257955
1258019
1258222
1258452
1258481
1258637
1258873
1258976
1259151
1259203
1259263
1259285
1259419
1259514
1259621
1259652
1259860
1259871
1259903
1260515
1260529
1260576
1260746
1260758
1260902
1261015
1261113
1261120
1261228
1261402
1261452
1261456
1261559
1261600
1261619
1261678
1261758
1261866
1261904
1262178
1262188
1262372
1262410
1262450
1262480
1262546
1262940
1263017
1263115
1263184
1263592
1263754
1263821
1263929
1263984
1264405
1264591
1264704
1264853
1264910
1265014
1265141
1265149
1265190
1265446
1265705
1266013
1266232
1266281
1266649
1266805
1267135
1267326
1267424
1267698
1267760
1267860
1267884
1267922
1268064
1268169
1268273
1268473
1268594
1268608
1268667
1268706
1268776
1268873
1268899
1269118
1269570
1269707
1269716
1269934
1270150
1270160
1270280
1270296
1270307
1270368
1270427
1270498
1270617
1270627
1270693
1270704
1271090
1271197
1271296
1271490
1271564
1271837
1272166
1272298
1272343
1272348
1272406
1272537
1272547
1272554
1272568
1272647
1272661
1272751
1272788
1272806
1272830
1272935
1272944
1273066
1273155
1273204
1273256
1273365
1274106
1274180
1274383
1274403
1274690
1274882
1274899
1274947
1274965
1275060
1275064
1275112
1275178
1275238
1275654
1275859
1276069
1276116
1276132
1276137
1276180
1276248
1276373
1276846
1276872
1276902
1276973
1277052
1277060
1277121
1277221
1277404
1277476
1277538
1277566
1277724
1277778
1277805
1277840
1277975
1278034
1278059
1278081
1278234
1278439
1278531
1278691
1278729
1278754
1278764
1278791
1279020
1279038
1279342
1279422
1279644
1279651
1279960
1279968
1280569
1280729
1281187
1281217
1281218
1281315
1281345
1281464
1281483
1281498
1281539
1281626
1281715
1281729
1281830
1281970
1281976
1281986
1282097
1282267
1282375
1282497
1282727
1282830
1282868
1282875
1282983
1283024
1283097
1283218
1283246
1283502
1283504
1283622
1283787
1283901
1283932
1283951
1284016
1284106
1284249
1284337
1284446
1284511
1284614
1284622
1284672
1285013
1285031
1285293
1285351
1285390
1285451
1285478
1285581
1285668
1285682
1285714
1285788
1285860
1286101
1286319
1286928
1287010
1287059
1287142
1287181
1287311
1287387
1287421
1287423
1287478
1287492
1287523
1287552
1287689
1287878
1287946
1288049
1288131
1288212
1288274
1288480
1288509
1288686
1288708
1288764
1288790
1288855
1288875
1288881
1288976
1288991
1288996
1289088
1289198
1289333
1289347
1289403
1289467
1289481
1289482
1289495
1289882
1290055
1290125
1290232
1290352
1290490
1290544
1290667
1290908
1291034
1291565
1291829
1292446
1292503
1292762
1292980
1292991
1293063
1293105
1293134
1293164
1293223
1293471
1293540
1293674
1293940
1294264
1294433
1294527
1295057
1295132
1295146
1295171
1295291
1295306
1295325
1295726
1295768
1295799
1295888
1296006
1296174
1296228
1296293
1296394
1296421
1296537
1296544
1296775
1296789
1297663
1297704
1297770
1297887
1298006
1298156
1298338
1298396
1298403
1298624
1298887
1299086
1299130
1299179
1299288
1299414
1299467
1299550
1299570
1299574
1299781
1299904
1299950
1299987
1300113
1300192
1300206
1300265
1300522
1300579
1300602
1300683
1300752
1300754
1300992
1301069
1301290
1301595
1301605
1301660
1301774
1302556
1302648
1302782
1302964
1303274
1303322
1303691
1303993
1304064
1304096
1304145
1304307
1304488
1304652
1304721
1304930
1305078
1305083
1305120
1305150
1305157
1305196
1305396
1305448
1305599
1305693
1305785
1305954
1306035
1306092
1306454
1306487
1306494
1306618
1306644
1306680
1306725
1306909
1306919
1307059
1307216
1307273
1307329
1307360
1307406
1307422
1307804
1307924
1307967
1308110
1308219
1308299
1308356
1308401
1308406
1308431
1308552
1308596
1309249
1309273
1309532
1309543
1309708
1309764
1309949
1310516
1310638
1310783
1310895
1310928
1310931
1311044
1311139
1311217
1311227
1311329
1311349
1311413
1311496
1311674
1311692
1311899
1311922
1312047
1312094
1312189
1312223
1312228
1312510
1312512
1312706
1312858
1312892
1313043
1313090
1313257
1313281
1313294
1313321
1313527
1313535
1313689
1313932
1314050
1314123
1314131
1314194
1314203
1314231
1314379
1314462
1314586
1314659
1314801
1314843
1314925
1314948
1314981
1315106
1315129
1315232
1315450
1315499
1315641
1315839
1316310
1316349
1316525
1316678
1316715
1316754
1316851
1317039
1317041
1317233
1317304
1317331
1317345
1317539
1317584
1317611
1317813
1318000
1318014
1318091
1318229
1318261
1318290
1318334
1318489
1318895
1319134
1319248
1319311
1319498
1319620
1319656
1319822
1319861
1319969
1320102
1320631
1320638
1320723
1320817
1320831
1320889
1320926
1321003
1321018
1321069
1321086
1321225
1321326
1321350
1321415
1321471
1321473
1321593
1321684
1321700
1321976
1322295
1322444
1322454
1322466
1322487
1322654
1322791
1323094
1323119
1323284
1323357
1323462
1323473
1323475
1323671
1323692
1323781
1323924
1324019
1324119
1324199
1324635
1324717
1324828
1324874
1324911
1324946
1325000
1325250
1325607
1325678
1325707
1325801
1326037
1326043
1326205
1326448
1326494
1326665
1326800
1326807
1326916
1326944
1327211
1327343
1327516
1327537
1327608
1327636
1327685
1327715
1327756
1328256
1328404
1328411
1328459
1328941
1329026
1329042
1329097
1329103
1329137
1329222
1329238
1329261
1329370
1329505
1329516
1329517
1329584
1329766
1329925
1330010
1330071
1330091
1330359
1330698
1330708
1330724
1330839
1330852
1331006
1331252
1331338
1331345
1331565
1331584
1331626
1331693
1331760
1331832
1331903
1331966
1331973
1332080
1332123
1332216
1332276
1332458
1332513
1332691
1332922
1333102
1333399
1333770
1333810
1333881
1333884
1333960
1333971
1334245
1334636
1334685
1334746
1334751
1334824
1334844
1334992
1335122
1335149
1335170
1335344
1335378
1335422
1335467
1335790
1335869
1336352
1336709
1336731
1336879
1337162
1337236
1337304
1337528
1337554
1337755
1337813
1338277
1338500
1338746
1338846
1338848
1338849
1338858
1339168
1339357
1339376
1339446
1339492
1339775
1339786
1340144
1340261
1340435
1340516
1340564
1340802
1341003
1341140
1341192
1341368
1341490
1341699
1341922
1341943
1341982
1342093
1342504
1342795
1342816
1342924
1342982
1343001
1343078
1343110
1343178
1343287
1343301
1343319
1343347
1343366
1343385
1343403
1343490
1343525
1343611
1343820
1343894
1343927
1344093
1344095
1344143
1344148
1344411
1344586
1344696
1344775
1344876
1344925
1344969
1345016
1345107
1345125
1345157
1345356
1345556
1345912
1346258
1346263
1346352
1346395
1346419
1346431
1346661
1346670
1346708
1346813
1346819
1346866
1346868
1347205
1347226
1347493
1347691
1347880
1347886
1347997
1348006
1348018
1348034
1348186
1348468
1348473
1348501
1348570
1348619
1348796
1348832
1348846
1349344
1349592
1349619
1349636
1349775
1350128
1350229
1350312
1350446
1350496
1350679
1350783
1350934
1350975
1351010
1351078
1351200
1351381
1351773
1351960
1351962
1352061
1352062
1352096
1352168
1352239
1352259
1352271
1352297
1352358
1352372
1352378
1352503
1352619
1352800
1353095
1353192
1353312
1353559
1353604
1353649
1353733
1353795
1353899
1353921
1353959
1354044
1354270
1354523
1354623
1354649
1354798
1354945
1355082
1355116
1355154
1355160
1355256
1355268
1355623
1355634
1355869
1355883
1355904
1355930
1355931
1356007
1356056
1356087
1356296
1356355
1356388
1356563
1356980
1356982
1357091
1357187
1357207
1357240
1357247
1357263
1357319
1357393
1357402
1357605
1357623
1357692
1357905
1357964
1358011
1358031
1358046
1358353
1358852
1359006
1359075
1359179
1359274
1359280
1359300
1359389
1359576
1359598
1359722
1359770
1359931
1360021
1360183
1360209
1360220
1360467
1360800
1361090
1361130
1361350
1361425
1361552
1361588
1361597
1361667
1361766
1362152
1362268
1362316
1362345
1362479
1362651
1362706
1362709
1362735
1362945
1363000
1363045
1363122
1363183
1363349
1363350
1363456
1363469
1363552
1363657
1363808
1363809
1363887
1364031
1364088
1364178
1364267
1364349
1364416
1364430
1364578
1364608
1364630
1364663
1364746
1365070
1365113
1365236
1365271
1365525
1365565
1365609
1365702
1366022
1366292
1366311
1366374
1366419
1366444
1366734
1366749
1366837
1366854
1367077
1367212
1367239
1367289
1367521
1367684
1367830
1367920
1368048
1368064
1368108
1368360
1368439
1368461
1368470
1368517
1368809
1368866
1368918
1369146
1369272
1369595
1369695
1369753
1369880
1369912
1369946
1370245
1370303
1370415
1370439
1370726
1370789
1370827
1370871
1370901
1370937
1371074
1371152
1371185
1371374
1371529
1371628
1371693
1371729
1371808
1371891
1372005
1372363
1372398
1372460
1372806
1372918
1372924
1372955
1373111
1373165
1373257
1373287
1373331
1373566
1373786
1373983
1374004
1374021
1374243
1374559
1374640
1374732
1374784
1374875
1374981
1375047
1375075
1375197
1375282
1375516
1375557
1375708
1375722
1375741
1375810
1375932
1375939
1376037
1376064
1376126
1376239
1376286
1376302
1376339
1376343
1376378
1376411
1377025
1377081
1377235
1377242
1377384
1377467
1377659
1378151
1378155
1378183
1378362
1378571
1378611
1378629
1378691
1378736
1378810
1378871
1378910
1379431
1379461
1379479
1379495
1379674
1379780
1379786
1379808
1379855
1380032
1380201
1380216
1380275
1380294
1380390
1380416
1380589
1380658
1380836
1380891
1381005
1381041
1381065
1381178
1381217
1381261
1381358
1381361
1381474
1381513
1381580
1381585
1381616
1381623
1381775
1382027
1382284
1382532
1382609
1382677
1382694
1382779
1383059
1383115
1383136
1383198
1383295
1383533
1383546
1383645
1383737
1383851
1383857
1383862
1384124
1384155
1384285
1384303
1384307
1384310
1384314
1384326
1384607
1384709
1384737
1384871
1385008
1385040
1385350
1385479
1385482
1385491
1385582
1385632
1385929
1386007
1386097
1386123
1386205
1386215
1386390
1386423
1386501
1386653
1386791
1386905
1386970
1386989
1387051
1387116
1387384
1387427
1387613
1387658
1387734
1387844
1387916
1388051
1388061
1388064
1388254
1388328
1388377
1388422
1388450
1388721
1388783
1388805
1388916
1388937
1389051
1389089
1389115
1389138
1389188
1389240
1389300
1389346
1389382
1389391
1389392
1389473
1389605
1389682
1390121
1390155
1390172
1390286
1390310
1390414
1390663
1390675
1390715
1390731
1391086
1391302
1391364
1391435
1391481
1391594
1391702
1391798
1391880
1392139
1392232
1392483
1392583
1392652
1392939
1392975
1392991
1393053
1393133
1393147
1393149
1393235
1393330
1393339
1393551
1393633
1393656
1393693
1393714
1393738
1393781
1393954
1394234
1394309
1394328
1394453
1394543
1394593
1394647
1394750
1394805
1394834
1394892
1394906
1395011
1395029
1395075
1395271
1395441
1395576
1395711
1395764
1395778
1395832
1395839
1395884
1395936
1396093
1396272
1396308
1396528
1396644
1396721
1397155
1397198
1397227
1397322
1397458
1397533
1397579
1397795
1398096
1398234
1398438
1398504
1398533
1398651
1398671
1398853
1398882
1398902
1399015
1399050
1399255
1399260
1399379
1399396
1399479
1399850
1399916
1399990
1400138
1400254
1400372
1401192
1401238
1401625
1401689
1401802
1401841
1401884
1401951
1402456
1402535
1402623
1402714
1402899
1402907
1402925
1403163
1403375
1403483
1403682
1403759
1403842
1403952
1404224
1404329
1404444
1404544
1404695
1404880
1405531
1405550
1405571
1405582
1405641
1405858
1405876
1406046
1406338
1406729
1406779
1406924
1406988
1407241
1407256
1407316
1407318
1407586
1407790
1407802
1407897
1407912
1407974
1407978
1408241
1408297
1408327
1408408
1408466
1408470
1408578
1408650
1408809
1408827
1408841
1408852
1408864
1408968
1409050
1409147
1409392
1409509
1409579
1409682
1409829
1410044
1410140
1410141
1410463
1410566
1410648
1410836
1410850
1410964
1411054
1411091
1411109
1411469
1411624
1411667
1411717
1411761
1411843
1411927
1411996
1412014
1412033
1412175
1412344
1412497
1412725
1412735
1412805
1412830
1412873
1413010
1413242
1413273
1413315
1413320
1413340
1413356
1413357
1413562
1413581
1413645
1413738
1413742
1413879
1413986
1414222
1414261
1414404
1414564
1414569
1414578
1414786
1414847
1414879
1414930
1414989
1415021
1415194
1415283
1415370
1415375
1415487
1415546
1415549
1415552
1415682
1415700
1415951
1416046
1416424
1416440
1416513
1416524
1416591
1416652
1416692
1417026
1417177
1417465
1417553
1417839
1417879
1417922
1417942
1417977
1418052
1418067
1418110
1418138
1418176
1418323
1418369
1418514
1418547
1418615
1418727
1418752
1418809
1418825
1418948
1419201
1419252
1419254
1419285
1419293
1419390
1419425
1419531
1419553
1419693
1419732
1420070
1420078
1420143
1420188
1420697
1420715
1420739
1420806
1420840
1420902
1421169
1421593
1421652
1421795
1421831
1421834
1422038
1422039
1422319
1422334
1422385
1422492
1422703
1422770
1422798
1422842
1423006
1423089
1423107
1423179
1423183
1423770
1423818
1424097
1424409
1424494
1424523
1424779
1424994
1425066
1425095
1425226
1425407
1425469
1425484
1425680
1425947
1426048
1426055
1426168
1426419
1426497
1426584
1426654
1426785
1426792
1426864
1426944
1427058
1427064
1427069
1427229
1427410
1427482
1427508
1427550
1427570
1427601
1427775
1427956
1428121
1428124
1428130
1428136
1428268
1428300
1428374
1428424
1428528
1428642
1428775
1428787
1429205
1429240
1429357
1429384
1429494
1429648
1429669
1429672
1429883
1430106
1430149
1430310
1430507
1430559
1430704
1430720
1430721
1430858
1431090
1431093
1431316
1431345
1431560
1431567
1431616
1431652
1431667
1431808
1432113
1432157
1432173
1432175
1432202
1432210
1432243
1432406
1432446
1432492
1432550
1432561
1432586
1432643
1432675
1432713
1432775
1432963
1433032
1433094
1433104
1433149
1433313
1433759
1433914
1433955
1433973
1434342
1434351
1434455
1434546
1434567
1434762
1434887
1435042
1435081
1435090
1435102
1435159
1435189
1435416
1435436
1435658
1435725
1435774
1435848
1435903
1435939
1436026
1436125
1436201
1436220
1436316
1436368
1436392
1436808
1436864
1436933
1437012
1437036
1437056
1437169
1437312
1437397
1437554
1437611
1437663
1437696
1437727
1437771
1437864
1437893
1437934
1438173
1438187
1438191
1438230
1438313
1438434
1438453
1438511
1438571
1438665
1438819
1439289
1439297
1439415
1439449
1439454
1439471
1439551
1439564
1439578
1439620
1439665
1439835
1439841
1440206
1440336
1440395
1440408
1440637
1440674
1440713
1440772
1440917
1440927
1441018
1441030
1441101
1441205
1441343
1441350
1441390
1441447
1441604
1441948
1442110
1442177
1442512
1442557
1442765
1442940
1443118
1443126
1443278
1443303
1443363
1443422
1443437
1443542
1443627
1443656
1443682
1443747
1443832
1443901
1444224
1444247
1444534
1444557
1444656
1444767
1445015
1445029
1445093
1445098
1445142
1445162
1445229
1445242
1445309
1445342
1445415
1445750
1446011
1446107
1446285
1446301
1446382
1446566
1446573
1446684
1446777
1446894
1447183
1447359
1447436
1447471
1447492
1447537
1447634
1447671
1447684
1447709
1447806
1448206
1448252
1448402
1448429
1448613
1448775
1448879
1448998
1449122
1449141
1449192
1449326
1449825
1449856
1449913
1449931
1449978
1450073
1450175
1450394
1450433
1450607
1450718
1450729
1450730
1450742
1451332
1451486
1451648
1451650
1451689
1451747
1451863
1452102
1452283
1452301
1452403
1452425
1452429
1452558
1452572
1452632
1452657
1452661
1452782
1452957
1453043
1453073
1453126
1453233
1453299
1453362
1453413
1453510
1453696
1453805
1454014
1454015
1454035
1454091
1454141
1454264
1454269
1454316
1454370
1454390
1454450
1454458
1454475
1454657
1454828
1454830
1454851
1454875
1455064
1455161
1455311
1455315
1455461
1455545
1455563
1455608
1455699
1455868
1455887
1455917
1456150
1456221
1456227
1456271
1456332
1456341
1456577
1456712
1456793
1456855
1456933
1456971
1457245
1457328
1457338
1457515
1457608
1457639
1457704
1457720
1457801
1458018
1458022
1458045
1458231
1458409
1458509
1458658
1458707
1458854
1458977
1459052
1459087
1459157
1459179
1459209
1459262
1459468
1459508
1459549
1459636
1459788
1459890
1460534
1460597
1460736
1460871
1460949
1461295
1461574
1461742
1461820
1462028
1462041
1462221
1462374
1462540
1462594
1462635
1462846
1462865
1462986
1463004
1463176
1463393
1463427
1463482
1463768
1463933
1463948
1464088
1464102
1464133
1464296
1464618
1464685
1464707
1464731
1464748
1464924
1464940
1464956
1465086
1465152
1465210
1465211
1465409
1465451
1465524
1465566
1465579
1465613
1465691
1465811
1465906
1465914
1465991
1466106
1466110
1466116
1466125
1466153
1466188
1466511
1466595
1466707
1466731
1466777
1466858
1466986
1466995
1467373
1467661
1467797
1467860
1467887
1467944
1468031
1468127
1468147
1468172
1468212
1468260
1468270
1468281
1468346
1468372
1468424
1468552
1468718
1468849
1468940
1469294
1469654
1469785
1469887
1469900
1470017
1470080
1470189
1470190
1470219
1470237
1470365
1470558
1470639
1470661
1470663
1470961
1471094
1471104
1471191
1471213
1471343
1471474
1471498
1471507
1471558
1471661
1471673
1471742
1471791
1471917
1472017
1472067
1472171
1472427
1472470
1472538
1472712
1472720
1472790
1472903
1473175
1473449
1473528
1473631
1473634
1473685
1473695
1473748
1473881
1473901
1473921
1474020
1474136
1474240
1474257
1474747
1474885
1475078
1475124
1475218
1475247
1475268
1475275
1475366
1475452
1475462
1475726
1475781
1475826
1475838
1475914
1476149
1476174
1476231
1476368
1476463
1476689
1477171
1477268
1477277
1477371
1477375
1477381
1477538
1477570
1477637
1477660
1477716
1477769
1477827
1477948
1477997
1478152
1478192
1478427
1478538
1478593
1478680
1478708
1478745
1478761
1478783
1478948
1479165
1479180
1479204
1479265
1479315
1479413
1479414
1479434
1479439
1479575
1479659
1479768
1479834
1479975
1480052
1480147
1480148
1480151
1480185
1480187
1480196
1480275
1480463
1480550
1480568
1480759
1480781
1481092
1481097
1481125
1481174
1481345
1481815
1481909
1481911
1481995
1482123
1482169
1482271
1482683
1482885
1482931
1482934
1482937
1482964
1482969
1483024
1483758
1483766
1483857
1483944
1483945
1483994
1483996
1484092
1484130
1484434
1484436
1484505
1484520
1484588
1484828
1485018
1485068
1485090
1485155
1485213
1485294
1485484
1485574
1485579
1485728
1486042
1486084
1486415
1486481
1486669
1486703
1486754
1486857
1486894
1486913
1486948
1487044
1487160
1487364
1487401
1487510
1487627
1487636
1487814
1487873
1487945
1488130
1488164
1488210
1488864
1488902
1488948
1489093
1489178
1489198
1489206
1489455
1489719
1489770
1489887
1489902
1490031
1490460
1490483
1490498
1490630
1490663
1490770
1490868
1490958
1490984
1490993
1491118
1491153
1491234
1491307
1491364
1491423
1491633
1491713
1491937
1492057
1492653
1492752
1492977
1493343
1493394
1493460
1493560
1493667
1493851
1493871
1494291
1494544
1494555
1494665
1494763
1494907
1494940
1495017
1495120
1495373
1495520
1495778
1495790
1495845
1496012
1496145
1496339
1496343
1496765
1497034
1497186
1497190
1497273
1497389
1497572
1497641
1497805
1497870
1498018
1498122
1498342
1498373
1498396
1498499
1498559
1498569
1498626
1498714
1498836
1499036
1499099
1499282
1499589
1499662
1499799
1500030
1500236
1500273
1500302
1500428
1500444
1500487
1500537
1500599
1500698
1500852
1500865
1501045
1501103
1501137
1501244
1501377
1501574
1501842
1502064
1502185
1502253
1502469
1502492
1502523
1502770
1502828
1502845
1502949
1503052
1503135
1503289
1503326
1503422
1503505
1503582
1503590
1503667
1503678
1504267
1504348
1504684
1504840
1504956
1504967
1505099
1505148
1505193
1505298
1505305
1505399
1505670
1505721
1505795
1505956
1506085
1506088
1506335
1506373
1506418
1506492
1506597
1506701
1506753
1506831
1507055
1507449
1507759
1507905
1508021
1508057
1508180
1508204
1508424
1508427
1508627
1508663
1508715
1508736
1508760
1508939
1508988
1509001
1509080
1509083
1509093
1509123
1509138
1509142
1509463
1509488
1509554
1509644
1509865
1509881
1509892
1509941
1510283
1510315
1510403
1510808
1511037
1511046
1511142
1511156
1511228
1511235
1511468
1511553
1511751
1511861
1511982
1512044
1512095
1512107
1512185
1512255
1512402
1512405
1512475
1512498
1512615
1512714
1512728
1512752
1512805
1513042
1513087
1513160
1513170
1513228
1513442
1513571
1513660
1513718
1513978
1514100
1514186
1514199
1514249
1514259
1514419
1514426
1514434
1514448
1514479
1514695
1514862
1514949
1514957
1515289
1515351
1515363
1515569
1515583
1515698
1515710
1515828
1515857
1515992
1516130
1516166
1516363
1516403
1516435
1516563
1516602
1516628
1516629
1516653
1516666
1516728
1516801
1516857
1516874
1516897
1517016
1517338
1517347
1517558
1517625
1517641
1517762
1517776
1518290
1518351
1518411
1518534
1518551
1518592
1518625
1518710
1518748
1519100
1519177
1519325
1519378
1519404
1519416
1519450
1519473
1519504
1519562
1519663
1519845
1519932
1519956
1520218
1520349
1520718
1520734
1520861
1520881
1520922
1520925
1520939
1520947
1521008
1521049
1521187
1521212
1521315
1521430
1521466
1521537
1521617
1521720
1521731
1521752
1521864
1521966
1521999
1522095
1522227
1522443
1522457
1522496
1522599
1522683
1522893
1523022
1523197
1523291
1523525
1523608
1523692
1523779
1524269
1524276
1524296
1524357
1524594
1524655
1524664
1524791
1524990
1525029
1525335
1525393
1525561
1525661
1525730
1525757
1525895
1525957
1525973
1526089
1526322
1526528
1526602
1526754
1526767
1527037
1527281
1527405
1527451
1527475
1527483
1527602
1527980
1528151
1528263
1528320
1528433
1528504
1528513
1528593
1528644
1528677
1528766
1528876
1528967
1529068
1529142
1529252
1529459
1529537
1529710
1529881
1529920
1529926
1529946
1530095
1530109
1530230
1530323
1530500
1530764
1530793
1531132
1531154
1531227
1531231
1531236
1531308
1531320
1531391
1531529
1531642
1531648
1531704
1531839
1531844
1531880
1531973
1532029
1532056
1532364
1532417
1532445
1532480
1532504
1532990
1533020
1533061
1533156
1533385
1533586
1533613
1533765
1533836
1533952
1533996
1534083
1534207
1534221
1534293
1534597
1535018
1535096
1535126
1535127
1535148
1535483
1535495
1535501
1535508
1535558
1535737
1535882
1536039
1536257
1536266
1536273
1536294
1536319
1536388
1536595
1536640
1536695
1536925
1537119
1537211
1537237
1537684
1537925
1537952
1538110
1538165
1538306
1538329
1538432
1538435
1538563
1538817
1538913
1538950
1538979
1539121
1539209
1539286
1539454
1539722
1539805
1539838
1539840
1539867
1540085
1540186
1540334
1540339
1540482
1540518
1540661
1540698
1540749
1540772
1540792
1540889
1541187
1541249
1541521
1541595
1541697
1541712
1541856
1541947
1542063
1542148
1542268
1542326
1542420
1542543
1542636
1542676
1543009
1543167
1543261
1543319
1543403
1543408
1543409
1543466
1543531
1543901
1543992
1544034
1544230
1544290
1544379
1544433
1544442
1544506
1544609
1544680
1544858
1545008
1545064
1545115
1545136
1545291
1545404
1545415
1545449
1545500
1545721
1545761
1545803
1546225
1546344
1546354
1546384
1546416
1546424
1546428
1546439
1546447
1546551
1546555
1546645
1546653
1546905
1546929
1547098
1547108
1547185
1547199
1547471
1547475
1547692
1547760
1547870
1547943
1548018
1548054
1548156
1548324
1548398
1548659
1548785
1548900
1548955
1549166
1549312
1549370
1549372
1549407
1549501
1549626
1549727
1549790
1549810
1549865
1550319
1550326
1550367
1550405
1550567
1550586
1550736
1551163
1551186
1551187
1551211
1551314
1551623
1551672
1551695
1551756
1551914
1552026
1552113
1552123
1552144
1552175
1552221
1552271
1552322
1552348
1552365
1552406
1552682
1553347
1553352
1553535
1553539
1553664
1553875
1553910
1554097
1554287
1554338
1554458
1554460
1554534
1554604
1554745
1554802
1555025
1555249
1555460
1555802
1555848
1555928
1555977
1556136
1556196
1556256
1556327
1556343
1556550
1556832
1556870
1556889
1557383
1557474
1557494
1557558
1557579
1557636
1557836
1557884
1557902
1557921
1558168
1558260
1558342
1558347
1558369
1558590
1558702
1558751
1559132
1559175
1559215
1559302
1559307
1559335
1559533
1559609
1559617
1559680
1560258
1560277
1560294
1560310
1560321
1560341
1560632
1560644
1560660
1560798
1561021
1561037
1561101
1561111
1561323
1561448
1561471
1561585
1561693
1561796
1561942
1561959
1562039
1562224
1562349
1562455
1562875
1563015
1563144
1563192
1563213
1563347
1563440
1563505
1563532
1563555
1563606
1563676
1563840
1563862
1564029
1564137
1564141
1564290
1564308
1564537
1564666
1564849
1564986
1564988
1565193
1565237
1565249
1565271
1565395
1565602
1565697
1565751
1565860
1566002
1566221
1566366
1566430
1566491
1566561
1566586
1566592
1566653
1566708
1566797
1566932
1566964
1567038
1567092
1567298
1567345
1567410
1567702
1567956
1568124
1568294
1568434
1568531
1568938
1569080
1569224
1569250
1569475
1569591
1569828
1569849
1569959
1570072
1570099
1570126
1570262
1570326
1570409
1570452
1570772
1570810
1570892
1571236
1571413
1571533
1571655
1571766
1571854
1571868
1571872
1571988
1572007
1572144
1572165
1572267
1572441
1572554
1572739
1572786
1572988
1573001
1573110
1573175
1573246
1573344
1573524
1573653
1573730
1573828
1573848
1573885
1573964
1574069
1574136
1574299
1574345
1574375
1574724
1574907
1574974
1574999
1575293
1575478
1575685
1575737
1575779
1575926
1576008
1576032
1576198
1576218
1576603
1576814
1576941
1577025
1577027
1577032
1577048
1577241
1577245
1577266
1577298
1577637
1577679
1577852
1578311
1578330
1578383
1578428
1578442
1578521
1578593
1578779
1579009
1579098
1579149
1579161
1579898
1580084
1580202
1580270
1580389
1580683
1580781
1580878
1580883
1581044
1581270
1581465
1581477
1581808
1581904
1581968
1581989
1582011
1582055
1582232
1582318
1582330
1582516
1582560
1582617
1582653
1582749
1583128
1583210
1583439
1583496
1583557
1583691
1583815
1583914
1583974
1584029
1584239
1584267
1584347
1584354
1584368
1584459
1584523
1584727
1584993
1585134
1585177
1585209
1585352
1585364
1585444
1585447
1585496
1585532
1585631
1585766
1585993
1586162
1586243
1586388
1586600
1586765
1587002
1587063
1587132
1587272
1587274
1587365
1587416
1587477
1587687
1587704
1587904
1588034
1588040
1588103
1588159
1588214
1588556
1588774
1588820
1588964
1589025
1589124
1589220
1589259
1589271
1589296
1589481
1589549
1589794
1589853
1589861
1589906
1590243
1590270
1590429
1590433
1590776
1590943
1591105
1591420
1591575
1591600
1591686
1591746
1591768
1591803
1591838
1592153
1592266
1592271
1592473
1592480
1592827
1592857
1592937
1593018
1593185
1593229
1593248
1593287
1593298
1593683
1593691
1593708
1593892
1593910
1593944
1593967
1594082
1594271
1594321
1594483
1594492
1594805
1594884
1594909
1594918
1595057
1595072
1595199
1595285
1595304
1595447
1595454
1595550
1595605
1595656
1595679
1595741
1595867
1595946
1596070
1596097
1596174
1596499
1596556
1596579
1596684
1596735
1596786
1596991
1597011
1597464
1597615
1597618
1597645
1597809
1597907
1598152
1598275
1598346
1598425
1598469
1598556
1598634
1598811
1598834
1598845
1598910
1599039
1599055
1599140
1599331
1599340
1599386
1599548
1599619
1599653
1599763
1600036
1600083
1600185
1600338
1600368
1600497
1600522
1600752
1600785
1600826
1600890
1600912
1600948
1601101
1601232
1601244
1601269
1601570
1601603
1601818
1601833
1602406
1602653
1602993
1603045
1603072
1603130
1603150
1603155
1603186
1603197
1603217
1603400
1603507
1603657
1603708
1603783
1603826
1603834
1603887
1603918
1603975
1604053
1604167
1604188
1604220
1604307
1604308
1604401
1604406
1604414
1604431
1604784
1604793
1604830
1604884
1604914
1605063
1605127
1605285
1605311
1605380
1605410
1605693
1605795
1605806
1605975
1606009
1606046
1606175
1606210
1606248
1606256
1606451
1606491
1606553
1606788
1606948
1607014
1607040
1607256
1607301
1607365
1607424
1607714
1607734
1607760
1607976
1608126
1608135
1608182
1608212
1608287
1608302
1608313
1608607
1608658
1608668
1608812
1608832
1609006
1609246
1609367
1609406
1609407
1609488
1609836
1609963
1610022
1610188
1610600
1610614
1610870
1610978
1611128
1611408
1611425
1611629
1611674
1611712
1611796
1611834
1611928
1611930
1612062
1612073
1612209
1612264
1612376
1612494
1612532
1612689
1612712
1612795
1612811
1612878
1612901
1612926
1612983
1613016
1613178
1613253
1613345
1613526
1613631
1613680
1614025
1614074
1614106
1614617
1614743
1615047
1615113
1615164
1615171
1615181
1615202
1615229
1615370
1615461
1615510
1615556
1615593
1615675
1616200
1616627
1616679
1616761
1616807
1616814
1616838
1617003
1617034
1617096
1617100
1617157
1617222
1617306
1617520
1617557
1617601
1617928
1618007
1618092
1618693
1618703
1618760
1618935
1618980
1619004
1619459
1619481
1619509
1619806
1619824
1620085
1620118
1620185
1620414
1620783
1620793
1621047
1621390
1621442
1621446
1621596
1621660
1621702
1621768
1621803
1621878
1622010
1622051
1622225
1622289
1622590
1622777
1623081
1623337
1623455
1623674
1623678
1623779
1623790
1623814
1623933
1624192
1624279
1624339
1624490
1624606
1624629
1624665
1624669
1624845
1624988
1624992
1625183
1625292
1625299
1625328
1625541
1625561
1625681
1625709
1625763
1625964
1625991
1626019
1626037
1626201
1626291
1626491
1626535
1626548
1626681
1626710
1626769
1626830
1627257
1627266
1627487
1627536
1627589
1627732
1627831
1628010
1628128
1628351
1628379
1628558
1628855
1629087
1629124
1629260
1629341
1629343
1629385
1629404
1629461
1629567
1629770
1630055
1630091
1630162
1630219
1630236
1630358
1630373
1630429
1630475
1630584
1630665
1630848
1630940
1630959
1631026
1631054
1631266
1631401
1631554
1631558
1631618
1631720
1631728
1631804
1631952
1631968
1632239
1632314
1632391
1632478
1632555
1632603
1632625
1632846
1632962
1632963
1633027
1633249
1633414
1633423
1633498
1633715
1633744
1633814
1633855
1633985
1634002
1634096
1634115
1634125
1634167
1634276
1634302
1634487
1634501
1634751
1634872
1634879
1634996
1635022
1635142
1635155
1635320
1635330
1635361
1635431
1635529
1635634
1635842
1635968
1636104
1636131
1636155
1636198
1636254
1636360
1636390
1636391
1636459
1636671
1636744
1636770
1636774
1636848
1636884
1637288
1637454
1637476
1637524
1637553
1637597
1637681
1637719
1637764
1637822
1637885
1637977
1638324
1638405
1638519
1638536
1638632
1638748
1639108
1639141
1639174
1639216
1639401
1639572
1639626
1639890
1639895
1639950
1640087
1640523
1640525
1640802
1641051
1641113
1641209
1641218
1641223
1641340
1641461
1641553
1641602
1641734
1641768
1642077
1642090
1642098
1642159
1642273
1642389
1642469
1642541
1642560
1642609
1642793
1642972
1642990
1643195
1643356
1643367
1643410
1643540
1643555
1643583
1643606
1643607
1643639
1643654
1643661
1643840
1643845
1644005
1644096
1644166
1644182
1644201
1644261
1644425
1644590
1644614
1644639
1644656
1644809
1645079
1645106
1645246
1645307
1645440
1645457
1645498
1645591
1645603
1645626
1645722
1645773
1645806
1645824
1646027
1646379
1646465
1646558
1646767
1646861
1646999
1647033
1647050
1647339
1647580
1647696
1647747
1647901
1648036
1648065
1648102
1648126
1648332
1648365
1648582
1648591
1648596
1648618
1648626
1648666
1648682
1648700
1648768
1648773
1648972
1649172
1649185
1649232
1649377
1649446
1649628
1649645
1649654
1649668
1649770
1649816
1649830
1649931
1650054
1650075
1650187
1650295
1650307
1650376
1650388
1650474
1650483
1650499
1650529
1650694
1650705
1650780
1650970
1650983
1651077
1651150
1651383
1651408
1651423
1651619
1651625
1651729
1651779
1651826
1651913
1652002
1652154
1652249
1652480
1652501
1652533
1652584
1652634
1652865
1652885
1652887
1652889
1652900
1653309
1653333
1653345
1653395
1653861
1654012
1654056
1654166
1654241
1654377
1654409
1654569
1654697
1654722
1654755
1654934
1655056
1655064
1655092
1655271
1655325
1655529
1655601
1655781
1655793
1655825
1655921
1656135
1656442
1656443
1656499
1656534
1656582
1656586
1656628
1656640
1656731
1656823
1656946
1657075
1657093
1657153
1657613
1657655
1657679
1657704
1657713
1657980
1657986
1658004
1658053
1658151
1658484
1658822
1658863
1658877
1658896
1659136
1659295
1659356
1659372
1659381
1659421
1659518
1659667
1659813
1659842
1659990
1660053
1660329
1660603
1660679
1660741
1660761
1660838
1660864
1660879
1660911
1660939
1660958
1661001
1661128
1661153
1661299
1661349
1661353
1661436
1661594
1661597
1661606
1661669
1661681
1661968
1662054
1662108
1662122
1662168
1662261
1662314
1662356
1662357
1662754
1662789
1662797
1662860
1663033
1663242
1663250
1663294
1663358
1663445
1663514
1663541
1663566
1663576
1663742
1663830
1663895
1664049
1664166
1664259
1664506
1664577
1664687
1664697
1664786
1664985
1665059
1665119
1665154
1665314
1665411
1665559
1665568
1665600
1666133
1666199
1666871
1666964
1667007
1667012
1667064
1667109
1667127
1667223
1667317
1667357
1667364
1667369
1667724
1667869
1667890
1668026
1668216
1668226
1668247
1668293
1668307
1668496
1668622
1668641
1668738
1668760
1668781
1668864
1669195
1669224
1669391
1669395
1669480
1669497
1669710
1669724
1669877
1669951
1669981
1670027
1670073
1670093
1670164
1670218
1670344
1670372
1670573
1670990
1671005
1671152
1671172
1671205
1671341
1671377
1671484
1671712
1671770
1671792
1671857
1671863
1672238
1672269
1672353
1672366
1672428
1672439
1672481
1672701
1672777
1673002
1673073
1673102
1673275
1673398
1673572
1673587
1673916
1674168
1674177
1674308
1674372
1674473
1674513
1674573
1675011
1675143
1675191
1675430
1675479
1675509
1675591
1675706
1675769
1675855
1675868
1676023
1676184
1676217
1676445
1676643
1676676
1676740
1676865
1676884
1676940
1676999
1677076
1677113
1677133
1677216
1677223
1677370
1677383
1677475
1677509
1677556
1677583
1677790
1677946
1677948
1678096
1678152
1678202
1678236
1678250
1678260
1678376
1678566
1678723
1678839
1678863
1679157
1679183
1679184
1679332
1679366
1679433
1679514
1679589
1679625
1680033
1680040
1680045
1680050
1680173
1680408
1680451
1680471
1680473
1680485
1680576
1680704
1680811
1681238
1681290
1681393
1681665
1681695
1681795
1681830
1681933
1682078
1682233
1682360
1682424
1682582
1682678
1682881
1683081
1683169
1683255
1683329
1683410
1683422
1683514
1683592
1683622
1683694
1683848
1683925
1683986
1684349
1684464
1684705
1684794
1684943
1685015
1685016
1685345
1685422
1685536
1685645
1685659
1685682
1685756
1685762
1685818
1685930
1686174
1686202
1686220
1686236
1686239
1686417
1686495
1686614
1686645
1686710
1686720
1686759
1686806
1686856
1686913
1686922
1686947
1687117
1687190
1687347
1687388
1687425
1687632
1687755
1687902
1688000
1688250
1688256
1688573
1688745
1688883
1688951
1689070
1689172
1689179
1689206
1689486
1689793
1689884
1689920
1689926
1689944
1690069
1690325
1690344
1690398
1690539
1690603
1690827
1690965
1691018
1691060
1691188
1691475
1691576
1691690
1691779
1691910
1691925
1692227
1692274
1692408
1692444
1692507
1692669
1692691
1692822
1692966
1692994
1693098
1693243
1693278
1693351
1693366
1693372
1693396
1693446
1693457
1693604
1693716
1693777
1693833
1693864
1694066
1694255
1694316
1694647
1694681
1694766
1695077
1695146
1695154
1695214
1695300
1695406
1695565
1695587
1695621
1695649
1695910
1695911
1696042
1696169
1696268
1696280
1696291
1696365
1696436
1696496
1696499
1696643
1696657
1696732
1696763
1696783
1696790
1696941
1697143
1697256
1697475
1697478
1697515
1697526
1697549
1697941
1698021
1698175
1698276
1698335
1698384
1698434
1698824
1699048
1699055
1699092
1699307
1699331
1699333
1699337
1699581
1699622
1699691
1699721
1699902
1700010
1700249
1700466
1700550
1700636
1700760
1700944
1700968
1701155
1701217
1701246
1701375
1701484
1701613
1701957
1702018
1702085
1702108
1702184
1702254
1702536
1702597
1702669
1702733
1702801
1702851
1702957
1702964
1702977
1703100
1703151
1703190
1703218
1703407
1703568
1703703
1703707
1703795
1704131
1704151
1704287
1704487
1704576
1704586
1704624
1704918
1705213
1705233
1705377
1705707
1705828
1705952
1706044
1706219
1706367
1706498
1706558
1706614
1706668
1706841
1706911
1707058
1707200
1707304
1707491
1707497
1707503
1707913
1707988
1708024
1708042
1708085
1708120
1708245
1708384
1708826
1708831
1708878
1708936
1709019
1709081
1709450
1709482
1709492
1709535
1709569
1709621
1709648
1709670
1709784
1709937
1710097
1710127
1710153
1710179
1710264
1710415
1710446
1710654
1710724
1710744
1711127
1711373
1711389
1711508
1711752
1711886
1712175
1712221
1712250
1712261
1712326
1712386
1712653
1712690
1712773
1712984
1713143
1713284
1713448
1713454
1713551
1713665
1713666
1713668
1713720
1713733
1713829
1713865
1713877
1713889
1713932
1713960
1713980
1714076
1714091
1714100
1714165
1714232
1714321
1714474
1714483
1714523
1714816
1714940
1715011
1715090
1715105
1715200
1715373
1715525
1715579
1715794
1715881
1716101
1716115
1716407
1716437
1716451
1716560
1716623
1716690
1716801
1716855
1716882
1717195
1717200
1717265
1717313
1717355
1717602
1717637
1717819
1718323
1718524
1718613
1718660
1718704
1718810
1718893
1718901
1718968
1719168
1719241
1719252
1719303
1719317
1719441
1719612
1719683
1719860
1719891
1719911
1719966
1720074
1720098
1720219
1720254
1720267
1720380
1720482
1720600
1720641
1720705
1721050
1721078
1721087
1721148
1721186
1721528
1721617
1721675
1722057
1722077
1722171
1722207
1722423
1722450
1722451
1722499
1722686
1722781
1722957
1723057
1723138
1723366
1723500
1723570
1723748
1723774
1723815
1723887
1723995
1724034
1724181
1724311
1724361
1724415
1724517
1724592
1724638
1724708
1724753
1724909
1724912
1725078
1725133
1725190
1725354
1725472
1725486
1725643
1725789
1725804
1725808
1725903
1725918
1725941
1726028
1726118
1726195
1726284
1726601
1726620
1726648
1726702
1726792
1726857
1726860
1726884
1726941
1727020
1727038
1727114
1727154
1727255
1727281
1727334
1727351
1727644
1727753
1727964
1728079
1728139
1728261
1728385
1728387
1728504
1728679
1728772
1728804
1728859
1728910
1728972
1729007
1729050
1729163
1729178
1729471
1729494
1729727
1730049
1730117
1730182
1730654
1730677
1730706
1730769
1730977
1731017
1731052
1731161
1731281
1731510
1731576
1731590
1731619
1731659
1731660
1731679
1731715
1731783
1731794
1731862
1731938
1732022
1732035
1732064
1732076
1732112
1732323
1732515
1732576
1733031
1733083
1733127
1733205
1733259
1733339
1733520
1733589
1733750
1733848
1734020
1734055
1734135
1734292
1734348
1734513
1734632
1734853
1734924
1734942
1734979
1735080
1735155
1735352
1735385
1735453
1735518
1735672
1735771
1735935
1735963
1736035
1736412
1736473
1736687
1736714
1736760
1736790
1736869
1736989
1737142
1737148
1737203
1737223
1737439
1737659
1737729
1737759
1737767
1737788
1738060
1738112
1738859
1738983
1738987
1739037
1739059
1739469
1739521
1739801
1739949
1740014
1740163
1740185
1740234
1740517
1740624
1740755
1740816
1740817
1741108
1741126
1741132
1741383
1741399
1741427
1741464
1741554
1741582
1741665
1742053
1742066
1742131
1742132
1742334
1742506
1742558
1742736
1742765
1742850
1742891
1743144
1743414
1743697
1744113
1744177
1744185
1744334
1744683
1744792
1744837
1745046
1745073
1745102
1745374
1745476
1745539
1745633
1745635
1745639
1745655
1745695
1745728
1745782
1745853
1746024
1746187
1746198
1746400
1746520
1746568
1746581
1746624
1746785
1746899
1747182
1747394
1747435
1747656
1747767
1747931
1747949
1747955
1748154
1748186
1748223
1748233
1748408
1748412
1748506
1748511
1748563
1748626
1748947
1749007
1749069
1749230
1749248
1749257
1749394
1749490
1749536
1749587
1749804
1749818
1749911
1749980
1750036
1750397
1750421
1750523
1750532
1750731
1750773
1750902
1750983
1751038
1751275
1751325
1751420
1751499
1751709
1751741
1751825
1751848
1751854
1751969
1751992
1752100
1752509
1752786
1752817
1752836
1752928
1752944
1752985
1753097
1753445
1753673
1753694
1753730
1753782
1753995
1754185
1754201
1754320
1754522
1754593
1754632
1754722
1754889
1754987
1755072
1755118
1755164
1755258
1755529
1755590
1755669
1755930
1756050
1756075
1756258
1756316
1756340
1756344
1756375
1756649
1756701
1756887
1757073
1757239
1757304
1757564
1757691
1757916
1758041
1758276
1758324
1758419
1758482
1758510
1758740
1759106
1759341
1759452
1759560
1759616
1759714
1759881
1760166
1760344
1760355
1760503
1760529
1760542
1760556
1760590
1760778
1761096
1761112
1761233
1761252
1761390
1761440
1761504
1761797
1761916
1761929
1762101
1762176
1762380
1762389
1762736
1762847
1763096
1763120
1763233
1763247
1763284
1763446
1763507
1763613
1763640
1763956
1764017
1764120
1764154
1764170
1764275
1764396
1764466
1764516
1764631
1764817
1764855
1764864
1764881
1764967
1765263
1765286
1765358
1765468
1765481
1765561
1765735
1765739
1765933
1766257
1766327
1766380
1766429
1766487
1766579
1766624
1767049
1767178
1767553
1767651
1767653
1767654
1767854
1767898
1767919
1767942
1768036
1768442
1768571
1768671
1768714
1768893
1768953
1768973
1768991
1769055
1769091
1769231
1769245
1769365
1769399
1769526
1769564
1769867
1769965
1769978
1769991
1770068
1770103
1770417
1770576
1770581
1770629
1770835
1770854
1770983
1770997
1771156
1771158
1771302
1771507
1771636
1771637
1771638
1771646
1771657
1771801
1771816
1771866
1772052
1772079
1772121
1772225
1772245
1772288
1772433
1772460
1772617
1772694
1772710
1772726
1772737
1772744
1772898
1773023
1773439
1773567
1773673
1773676
1773783
1773923
1774230
1774243
1774281
1774335
1774382
1774488
1774524
1774540
1774553
1774591
1774601
1774705
1774802
1774881
1775025
1775067
1775071
1775081
1775275
1775401
1775519
1775599
1775673
1775706
1775868
1776104
1776155
1776176
1776377
1776494
1776569
1776654
1776829
1777000
1777021
1777155
1777183
1777207
1777223
1777260
1777262
1777302
1777324
1777390
1777435
1777453
1777487
1777530
1777550
1777754
1777759
1777814
1777899
1778049
1778121
1778176
1778331
1778390
1778398
1778508
1778535
1778598
1778723
1778891
1779011
1779097
1779152
1779221
1779226
1779287
1779335
1779351
1779474
1779708
1779898
1779956
1780133
1780239
1780293
1780466
1780831
1780960
1781041
1781069
1781127
1781149
1781219
1781338
1781426
1781455
1781507
1781563
1781575
1781598
1781766
1782001
1782282
1782366
1782384
1782496
1782588
1782816
1782870
1782874
1783056
1783602
1783694
1783695
1783979
1784172
1784203
1784391
1784395
1784433
1784519
1784534
1784613
1784654
1784768
1784805
1784876
1785088
1785239
1785352
1785466
1785479
1785531
1785780
1785790
1785839
1785885
1785906
1786096
1786355
1786385
1786476
1786502
1786633
1786647
1786651
1786703
1786963
1786990
1787016
1787134
1787138
1787399
1787463
1787581
1787626
1787671
1787700
1787792
1787993
1788520
1788623
1788685
1788749
1788941
1788988
1789133
1789134
1789204
1789263
1789325
1789466
1789621
1789748
1789792
1789988
1790172
1790203
1790369
1790375
1790477
1790542
1790680
1790695
1790736
1790775
1791018
1791185
1791193
1791340
1791490
1791537
1791657
1791733
1791807
1791819
1792089
1792143
1792191
1792334
1792412
1792439
1792515
1792521
1792607
1792666
1792930
1792969
1793000
1793024
1793222
1793329
1793405
1793422
1793554
1793722
1793747
1794223
1794304
1794305
1794521
1794637
1794641
1794767
1794969
1795040
1795192
1795240
1795279
1795366
1795377
1795405
1795589
1795774
1795778
1795889
1795927
1796056
1796089
1796217
1796252
1796347
1796460
1796565
1796599
1796820
1796948
1796980
1797006
1797062
1797079
1797087
1797117
1797122
1797188
1797339
1797417
1797425
1797436
1797529
1797605
1797690
1797858
1797997
1798016
1798054
1798093
1798158
1798284
1798369
1798373
1798398
1798570
1798626
1798744
1798747
1799219
1799563
1799564
1799590
1799733
1799804
1799805
1799821
1799862
1800756
1800961
1801005
1801168
1801205
1801236
1801239
1801302
1801379
1801448
1801471
1801603
1801633
1801708
1801875
1801886
1801903
1801933
1802166
1802336
1802390
1802514
1802641
1802686
1802723
1802734
1802740
1802820
1802825
1802870
1802939
1802971
1803034
1803052
1803235
1803261
1803346
1803349
1803372
1803398
1803821
1803897
1803931
1803989
1804051
1804108
1804237
1804338
1804375
1804435
1804547
1804836
1804931
1804958
1804988
1805012
1805044
1805277
1805310
1805563
1805649
1805749
1805871
1805892
1806046
1806102
1806217
1806324
1806349
1806370
1806409
1806472
1806475
1806482
1806513
1806550
1806705
1806709
1806965
1807043
1807064
1807147
1807245
1807322
1807333
1807372
1807474
1807774
1807883
1807930
1808002
1808078
1808136
1808218
1808331
1808338
1808557
1808615
1808673
1808715
1808760
1808885
1809152
1809178
1809444
1809515
1809561
1809615
1809778
1809878
1809914
1809959
1810043
1810229
1810233
1810256
1810450
1810706
1811143
1811171
1811293
1811321
1811490
1811616
1811719
1811812
1812021
1812072
1812186
1812196
1812212
1812246
1812264
1812278
1812468
1812655
1812761
1812931
1812961
1813000
1813028
1813425
1813433
1813525
1813953
1813960
1814006
1814112
1814364
1814374
1814441
1814483
1814624
1814710
1814716
1814782
1814813
1814898
1815104
1815146
1815233
1815314
1815420
1815522
1815660
1815780
1815862
1815879
1816109
1816160
1816239
1816302
1816310
1816377
1816401
1816424
1816452
1816734
1816746
1816799
1817059
1817067
1817151
1817297
1817416
1817489
1817710
1817730
1817756
1817812
1817859
1818008
1818104
1818178
1818199
1818374
1818439
1818467
1818574
1818582
1818617
1818649
1818692
1818768
1818788
1818792
1818794
1818871
1818902
1818981
1819362
1819371
1819498
1819500
1819682
1819791
1819869
1819989
1819996
1820012
1820033
1820375
1820492
1820547
1820641
1820850
1820890
1821057
1821103
1821120
1821157
1821342
1821353
1821626
1821648
1821733
1821859
1821892
1822075
1822094
1822125
1822155
1822227
1822605
1822607
1822613
1822626
1822654
1822723
1823042
1823177
1823543
1823553
1823559
1823592
1823817
1823849
1823913
1824006
1824164
1824295
1824347
1824353
1824487
1824550
1824560
1824565
1824566
1824693
1824875
1825014
1825213
1825416
1825534
1825555
1825801
1826214
1826838
1826942
1826974
1827009
1827016
1827064
1827092
1827278
1827347
1827498
1827537
1827639
1827660
1827665
1827683
1827793
1828207
1828216
1828253
1828404
1828472
1828752
1828758
1829060
1829156
1829162
1829171
1829189
1829416
1829464
1829562
1829796
1830064
1830082
1830091
1830111
1830128
1830251
1830277
1830463
1830510
1830771
1830838
1830968
1831157
1831324
1831330
1831355
1831592
1831799
1832085
1832140
1832145
1832204
1832423
1832528
1832534
1832544
1832650
1832694
1832809
1832856
1833012
1833157
1833392
1833588
1833669
1833691
1833904
1834177
1834334
1834512
1834577
1834682
1834713
1834756
1835116
1835166
1835441
1835631
1835638
1835683
1835708
1835936
1835940
1836184
1836197
1836208
1836232
1836285
1836470
1836809
1837117
1837305
1837365
1837430
1837752
1837964
1837969
1838218
1838253
1838276
1838551
1838642
1838721
1838878
1839250
1839471
1839678
1839679
1839740
1839862
1839883
1840012
1840144
1840170
1840227
1840249
1840325
1840498
1840584
1840664
1840719
1840799
1840801
1840850
1840937
1841248
1841307
1841615
1841809
1842046
1842128
1842389
1842414
1842436
1842445
1842534
1842623
1842843
1842850
1842893
1842896
1843178
1843210
1843360
1843371
1843441
1843703
1843770
1843811
1843830
1843878
1844005
1844076
1844214
1844264
1844320
1844455
1844556
1844606
1844672
1845042
1845181
1845242
1845274
1845484
1845594
1845617
1845629
1845767
1845949
1845962
1846178
1846297
1846404
1846450
1846506
1846644
1846745
1846796
1846806
1846931
1847098
1847119
1847272
1847379
1847424
1847462
1847472
1847644
1847684
1847742
1847761
1847844
1848011
1848024
1848034
1848059
1848132
1848250
1848338
1848522
1848537
1848565
1848571
1848635
1848786
1848791
1848797
1848899
1849075
1849396
1849646
1850013
1850073
1850095
1850159
1850249
1850428
1850925
1851219
1851360
1851383
1851608
1851783
1851835
1852018
1852302
1852367
1852369
1852399
1852406
1852451
1852705
1852726
1852781
1852946
1853437
1853458
1853577
1853755
1854024
1854278
1854294
1854386
1854412
1854431
1854513
1854523
1854526
1854710
1855224
1855651
1855690
1856098
1856262
1856352
1856386
1856389
1856390
1856743
1856795
1856874
1856892
1856920
1856929
1856996
1857116
1857260
1857352
1857632
1857685
1857724
1857776
1857870
1858061
1858132
1858149
1858155
1858163
1858211
1858220
1858272
1858291
1858342
1858505
1858526
1858597
1858613
1858637
1858749
1858781
1858794
1858823
1858874
1858937
1858964
1859239
1859409
1859422
1859427
1859443
1859464
1859550
1859570
1859606
1859716
1859725
1859954
1860032
1860203
1860409
1860609
1860688
1860755
1860768
1860873
1860918
1860944
1861100
1861112
1861286
1861318
1861366
1861401
1861433
1861488
1861499
1861638
1861671
1861738
1861760
1861829
1861863
1862200
1862448
1862511
1862585
1862602
1862639
1862675
1862760
1862800
1862983
1862997
1863054
1863106
1863117
1863144
1863392
1863493
1863604
1863813
1864143
1864159
1864490
1864594
1864617
1864959
1864977
1865082
1865138
1865164
1865240
1865532
1865604
1865709
1865716
1865727
1865783
1866004
1866083
1866219
1866381
1866453
1866543
1866559
1866679
1867126
1867212
1867370
1867379
1867507
1867530
1867651
1867854
1867911
1868025
1868149
1868314
1868546
1868634
1868667
1868697
1868763
1868877
1868896
1869173
1869493
1869642
1869892
1870004
1870157
1870275
1870298
1870312
1870327
1870531
1870829
1870929
1871067
1871073
1871237
1871397
1871400
1871451
1871455
1871468
1871548
1871576
1871865
1871961
1872048
1872116
1872274
1872360
1872437
1872513
1872574
1872584
1872598
1873131
1873217
1873533
1873568
1873600
1873716
1873894
1873895
1873998
1874104
1874184
1874245
1874416
1874813
1875002
1875014
1875054
1875067
1875199
1875290
1875305
1875320
1875328
1875417
1875476
1875677
1875721
1875724
1875785
1875793
1875841
1875851
1875889
1875986
1876224
1876409
1876413
1876436
1876474
1876502
1876585
1876644
1876736
1876803
1876848
1876970
1877051
1877190
1877261
1877311
1877338
1877421
1877479
1877519
1877657
1877987
1878076
1878146
1878151
1878397
1878430
1878519
1878692
1878995
1879086
1879238
1879332
1879489
1879628
1879952
1880019
1880269
1880426
1880606
1880829
1881029
1881544
1881573
1881617
1881786
1881799
1881834
1882202
1882224
1882235
1882761
1882781
1882810
1883040
1883080
1883134
1883354
1883394
1883574
1883855
1883932
1884001
1884324
1884331
1884346
1884589
1884616
1884806
1884961
1884971
1885036
1885212
1885222
1885343
1885549
1885633
1885723
1885728
1885872
1885900
1885929
1885987
1886720
1886777
1886862
1886875
1887040
1887155
1887233
1887338
1887339
1887364
1887380
1887411
1887432
1887518
1887524
1887578
1887704
1887878
1887912
1887979
1887999
1888030
1888258
1888295
1888377
1888428
1888499
1888689
1888703
1888809
1888827
1888930
1888951
1888981
1889264
1889379
1889421
1889549
1889580
1889607
1889641
1889650
1889683
1889768
1889858
1889909
1889914
1889957
1889965
1890014
1890093
1890163
1890238
1890282
1890502
1890693
1890734
1890789
1890815
1890850
1890879
1890927
1891088
1891098
1891156
1891256
1891372
1891435
1891605
1891651
1891695
1891934
1891952
1892006
1892042
1892135
1892140
1892208
1892223
1892323
1892377
1892450
1892488
1892932
1892933
1892951
1892991
1893013
1893278
1893289
1893315
1893459
1893493
1893922
1894244
1894303
1894307
1894532
1894563
1894576
1895101
1895108
1895219
1895256
1895270
1895465
1895507
1895590
1895655
1895762
1895935
1896002
1896010
1896040
1896230
1896347
1896392
1896446
1896492
1896514
1896572
1896629
1896856
1896870
1896931
1897192
1897294
1897325
1897349
1897422
1897492
1897493
1897598
1897632
1897656
1897817
1897844
1897937
1898166
1898180
1898351
1898417
1898788
1898846
1898851
1898935
1898990
1899111
1899168
1899194
1899231
1899259
1899341
1899560
1899574
1899578
1899587
1899625
1899732
1899989
1900056
1900597
1900627
1900786
1900817
1901015
1901029
1901072
1901362
1901432
1901472
1901558
1901562
1901566
1901668
1901867
1902100
1902158
1902218
1902314
1902346
1902373
1902390
1902397
1902509
1902690
1902720
1903028
1903031
1903336
1903339
1903396
1903476
1903586
1903679
1903737
1904273
1904275
1904363
1904448
1904896
1904954
1905020
1905130
1905208
1905486
1905714
1905726
1905756
1905775
1905809
1905969
1906198
1906255
1906310
1906379
1906455
1906591
1906654
1906797
1906916
1907011
1907078
1907156
1907164
1907227
1907278
1907305
1907382
1907555
1907568
1907855
1908134
1908236
1908251
1908369
1908376
1908397
1908447
1908564
1908570
1908924
1908994
1909020
1909151
1909214
1909287
1909329
1909776
1909901
1909907
1910177
1910307
1910326
1910385
1910411
1910481
1910605
1910864
1910874
1910947
1910962
1911194
1911252
1911340
1911398
1911520
1911528
1911616
1911795
1911830
1911859
1911932
1911966
1911980
1912106
1912287
1912321
1912340
1912404
1912462
1912489
1912563
1912567
1912593
1912606
1912751
1912799
1912801
1912882
1912932
1913034
1913226
1913351
1913555
1913584
1913765
1913794
1913864
1913920
1913982
1914007
1914214
1914326
1914567
1914658
1914724
1914803
1914819
1914904
1914934
1915044
1915227
1915254
1915325
1915368
1915482
1915610
1915614
1915667
1915921
1915996
1916153
1916213
1916312
1916316
1916451
1916488
1916503
1916680
1916713
1917062
1917103
1917122
1917268
1917269
1917283
1917350
1917358
1917430
1917503
1917513
1917575
1917622
1917638
1917740
1917741
1917793
1917800
1917845
1918433
1918441
1918463
1918543
1918559
1918567
1918610
1918828
1918836
1918864
1918960
1919195
1919292
1919340
1919396
1919698
1919871
1919878
1920095
1920155
1920167
1920379
1920511
1920583
1920838
1920938
1921019
1921083
1921124
1921180
1921276
1921340
1921452
1921486
1921525
1921553
1921586
1921608
1921617
1921653
1921663
1921677
1921762
1922421
1922460
1922487
1922565
1922657
1922878
1922994
1923066
1923399
1923488
1923496
1923500
1923577
1923597
1923610
1923614
1923639
1923664
1923671
1923985
1924001
1924116
1924193
1924232
1924742
1924776
1924820
1924866
1924951
1925016
1925153
1925227
1925360
1925557
1925581
1925644
1925733
1925837
1925858
1925909
1925986
1925988
1926054
1926130
1926159
1926186
1926216
1926333
1926427
1926566
1926816
1926857
1926913
1927167
1927349
1927586
1927685
1927722
1927761
1927865
1927874
1927961
1928223
1928239
1928285
1928688
1928802
1928930
1928932
1928992
1929123
1929205
1929458
1929542
1929607
1929634
1929684
1930036
1930099
1930100
1930216
1930349
1930414
1930433
1930452
1930508
1930558
1930566
1930633
1930683
1930712
1930724
1930926
1930975
1931053
1931183
1931200
1931238
1931343
1931512
1931567
1931678
1931733
1931791
1931906
1932088
1932167
1932228
1932285
1932315
1932337
1932340
1932404
1932546
1932813
1932916
1933079
1933095
1933187
1933478
1933500
1933514
1933739
1933957
1934038
1934041
1934079
1934138
1934329
1934417
1934433
1934546
1934562
1934576
1934587
1934663
1934799
1934862
1935012
1935114
1935143
1935168
1935273
1935276
1935334
1935776
1935852
1936031
1936067
1936176
1936230
1936280
1936538
1936598
1936687
1936716
1936895
1937010
1937132
1937358
1937393
1937412
1937430
1937447
1937451
1937529
1938073
1938391
1938504
1938557
1938823
1939246
1939305
1939308
1939371
1939619
1939763
1939841
1939846
1940110
1940115
1940131
1940378
1940477
1940489
1940526
1940531
1940873
1940922
1941074
1941095
1941288
1941320
1941357
1941376
1941403
1941754
1941923
1942206
1942369
1942454
1942497
1942582
1942625
1942671
1942674
1942745
1942792
1942795
1942819
1942976
1943048
1943338
1943384
1943427
1943485
1943592
1943604
1943789
1943969
1944066
1944074
1944166
1944241
1944454
1944617
1944877
1944900
1944940
1945009
1945426
1945428
1945445
1945764
1945964
1946173
1946221
1946256
1946303
1946327
1946331
1946427
1946482
1946692
1946731
1947008
1947030
1947080
1947450
1947500
1947505
1947610
1947615
1947616
1947676
1947848
1947983
1948092
1948097
1948466
1948505
1948552
1948587
1948631
1948663
1948772
1948829
1948935
1949067
1949196
1949356
1949599
1949683
1949993
1950071
1950147
1950215
1950221
1950279
1950385
1950434
1950526
1950600
1950622
1950733
1950779
1951025
1951033
1951103
1951192
1951238
1951727
1951798
1951909
1952459
1952473
1952555
1952587
1952752
1953009
1953120
1953327
1953356
1953382
1953408
1953758
1953947
1954243
1954383
1954452
1954466
1954473
1954604
1954732
1954737
1954856
1954888
1954923
1955054
1955222
1955240
1955530
1955553
1955587
1955624
1955681
1955704
1955792
1956061
1956065
1956138
1956145
1956232
1956344
1956490
1956506
1956528
1956904
1956930
1956946
1957011
1957183
1957275
1957334
1957793
1957799
1957814
1957825
1957998
1958018
1958112
1958153
1958298
1958493
1958569
1958603
1958748
1958878
1958882
1958898
1959050
1959079
1959193
1959263
1959388
1959544
1959721
1959809
1959913
1960134
1960224
1960302
1960424
1960513
1960561
1960643
1960645
1960659
1960760
1960840
1960843
1960846
1960899
1960960
1960999
1961117
1961180
1961392
1961653
1961696
1961731
1961797
1961875
1961895
1961905
1961948
1962095
1962104
1962119
1962123
1962162
1962239
1962506
1962508
1962543
1962810
1963030
1963355
1963440
1963590
1963612
1963689
1963703
1963744
1963884
1963928
1963966
1964231
1964271
1964309
1964637
1964653
1964669
1964704
1964735
1964774
1964978
1964988
1965101
1965131
1965302
1965333
1965515
1965536
1965640
1965655
1965678
1965737
1965746
1965844
1965969
1966072
1966086
1966253
1966419
1966445
1966549
1966658
1966698
1966950
1966983
1967030
1967031
1967057
1967154
1967159
1967235
1967405
1967447
1967453
1967558
1967607
1967740
1968064
1968110
1968169
1968191
1968265
1968589
1968783
1968789
1968844
1968951
1968979
1969241
1969242
1969357
1969602
1969668
1969849
1970020
1970033
1970142
1970174
1970267
1970448
1970532
1970615
1970691
1970706
1970753
1970800
1970967
1971019
1971141
1971317
1971367
1971437
1971579
1971810
1971892
1971992
1972112
1972330
1972388
1972475
1972481
1972694
1972702
1972721
1972864
1972896
1973046
1973105
1973130
1973246
1973294
1973315
1973414
1973415
1973476
1973488
1973618
1973731
1973790
1973804
1973814
1973836
1973881
1973956
1974022
1974096
1974124
1974185
1974296
1974468
1974499
1974502
1974520
1974530
1974542
1974593
1974683
1974698
1974721
1974837
1975084
1975144
1975377
1975675
1975739
1975829
1975865
1976023
1976032
1976071
1976219
1976226
1976338
1976499
1976505
1976538
1976846
1977089
1977292
1977298
1977434
1977694
1977751
1977855
1977978
1978003
1978061
1978117
1978347
1978662
1978690
1978699
1978828
1979192
1979559
1979623
1979735
1979869
1979993
1980127
1980135
1980415
1980425
1980470
1980502
1980533
1980595
1980677
1980823
1981119
1981354
1981476
1981561
1981616
1981739
1982049
1982053
1982252
1982326
1982457
1982464
1982483
1982558
1982995
1983183
1983319
1983417
1983435
1983513
1983535
1983921
1983956
1983978
1984032
1984040
1984176
1984435
1984553
1984717
1984817
1984823
1984834
1984934
1984985
1985012
1985036
1985153
1985230
1985247
1985295
1985405
1985539
1985596
1985662
1985671
1985767
1985824
1985924
1986048
1986237
1986280
1986284
1986302
1986306
1986487
1986571
1986635
1986694
1986838
1986983
1987036
1987068
1987114
1987179
1987206
1987363
1987397
1987496
1987531
1987658
1987697
1987712
1987739
1988005
1988008
1988080
1988092
1988146
1988474
1988490
1988921
1988948
1988987
1989001
1989208
1989362
1989376
1989397
1989427
1989438
1989461
1989588
1989682
1989843
1989860
1989878
1989911
1990165
1990328
1990591
1990952
1991153
1991171
1991191
1991250
1991259
1991270
1991395
1991564
1991598
1991656
1991698
1991808
1991847
1991943
1992016
1992056
1992148
1992623
1992697
1992720
1992800
1993023
1993127
1993305
1993322
1993399
1993440
1993457
1993533
1993741
1993813
1993910
1993923
1994030
1994151
1994255
1994326
1994346
1994382
1994543
1994633
1994647
1994843
1994849
1995273
1995343
1995362
1995615
1995721
1995737
1995782
1995819
1995974
1996056
1996552
1996566
1996620
1996687
1996769
1996862
1996911
1997515
1997529
1997571
1997630
1997641
1997713
1997813
1997820
1997860
1997900
1997918
1997919
1998149
1998176
1998589
1998607
1998777
1998811
1998878
1999032
1999050
1999255
1999586
1999724
2000026
2000161
2000326
2000552
2000608
2001049
2001099
2001367
2001391
2001410
2001411
2001570
2001647
2001792
2001806
2001856
2002074
2002167
2002175
2002231
2002376
2002432
2002496
2002573
2002807
2002835
2003055
2003077
2003390
2003463
2004011
2004177
2004228
2004392
2004420
2004495
2004524
2004988
2005027
2005077
2005311
2005326
2005401
2005485
2005618
2005700
2005711
2005920
2006097
2006098
2006153
2006163
2006203
2006317
2006342
2006398
2006696
2006783
2006802
2007227
2007323
2007392
2007425
2007493
2007693
2007728
2008025
2008046
2008072
2008093
2008255
2008345
2008398
2008411
2008422
2008446
2008568
2008704
2008710
2009151
2009215
2009221
2009257
2009337
2009377
2009393
2009608
2009891
2009994
2010305
2010437
2010754
2010763
2010848
2010859
2010968
2011083
2011263
2011292
2011387
2011717
2012066
2012068
2012115
2012155
2012191
2012192
2012223
2012240
2012504
2012581
2012649
2012683
2012691
2012876
2012902
2012907
2013135
2013717
2013774
2014003
2014025
2014877
2014898
2015285
2015308
2015417
2015570
2015629
2015719
2015789
2015844
2015959
2015971
2016261
2016267
2016290
2016517
2016539
2016671
2016712
2016883
2016888
2016938
2017058
2017071
2017109
2017182
2017310
2017603
2017778
2017840
2017901
2018121
2018183
2018244
2018250
2018280
2018452
2018481
2018687
2018790
2018804
2018980
2019176
2019219
2019282
2019365
2019513
2019663
2019809
2019860
2019882
2020023
2020105
2020169
2020262
2020389
2020478
2020494
2020699
2020839
2020944
2020956
2020966
2021370
2021422
2021526
2021713
2021753
2021851
2021878
2021879
2021922
2021989
2022158
2022166
2022177
2022186
2022586
2022664
2022696
2022698
2022716
2022723
2022757
2022957
2023005
2023084
2023155
2023192
2023244
2023460
2023731
2023871
2023887
2023924
2023941
2024117
2024195
2024351
2024631
2024664
2024860
2024907
2024924
2025166
2025221
2025239
2025934
2026037
2026145
2026147
2026226
2026231
2026304
2026404
2026422
2026503
2026666
2026716
2026870
2026893
2026948
2027066
2027128
2027376
2027556
2027559
2027776
2027897
2027914
2028199
2028525
2028579
2028734
2028886
2028917
2028920
2028951
2029025
2029225
2029260
2029340
2029424
2029431
2029472
2029599
2029782
2029812
2029847
2030145
2030156
2030328
2030489
2030625
2030779
2030822
2030935
2031020
2031094
2031121
2031446
2031533
2031566
2031607
2031775
2032052
2032119
2032370
2032423
2032749
2032762
2032870
2033108
2033386
2033399
2033443
2033472
2033484
2033732
2033754
2033772
2033826
2033839
2033926
2033969
2034048
2034288
2034330
2034353
2034405
2034450
2034591
2034742
2035152
2035211
2035216
2035509
2035666
2035700
2035710
2035711
2035805
2035871
2035917
2036187
2036287
2036363
2036997
2037140
2037160
2037321
2037571
2037740
2037843
2037963
2038033
2038044
2038068
2038103
2038144
2038306
2038478
2038518
2038668
2038798
2038898
2038920
2039002
2039103
2039235
2039277
2039594
2039672
2039693
2039699
2039852
2039884
2039937
2039949
2039972
2040017
2040054
2040168
2040210
2040523
2040649
2040726
2041108
2041114
2041120
2041271
2041502
2041534
2041785
2041821
2041940
2041961
2041975
2042092
2042240
2042282
2042400
2042461
2042520
2042572
2042625
2042737
2042767
2042773
2042951
2043020
2043278
2043303
2043348
2043418
2043527
2043574
2043584
2043667
2043944
2044061
2044438
2044470
2044550
2044611
2044753
2044872
2044917
2044924
2044987
2045375
2045383
2045550
2045796
2045958
2046037
2046081
2046130
2046372
2046482
2046507
2046761
2046799
2046829
2046944
2046945
2047096
2047151
2047229
2047354
2047528
2047546
2047632
2047705
2047842
2047890
2047927
2048039
2048075
2048111
2048122
2048203
2048219
2048233
2048306
2048393
2048417
2048419
2048451
2048637
2048699
2048858
2048903
2049056
2049116
2049191
2049265
2049347
2049389
2049587
2049666
2049747
2049890
2050050
2050076
2050319
2050330
2050335
2050359
2050411
2050430
2050456
2050508
2050687
2050809
2050912
2051074
2051258
2051283
2051288
2051373
2051390
2051410
2051464
2051547
2051652
2051667
2052072
2052143
2052396
2052452
2052469
2052524
2052527
2052584
2052665
2052906
2052934
2053023
2053163
2053217
2053244
2053618
2053882
2054023
2054045
2054058
2054370
2054633
2054723
2054737
2054946
2055114
2055119
2055440
2055781
2055875
2056066
2056087
2056291
2056405
2056461
2056568
2056590
2056681
2056825
2057236
2057501
2057512
2057572
2057573
2058025
2058078
2058248
2058284
2058474
2058593
2058622
2058626
2059052
2059241
2059255
2059492
2059656
2059726
2059872
2060035
2060293
2060337
2060341
2060519
2060545
2060591
2060658
2060718
2060755
2060758
2060817
2060843
2061003
2061251
2061281
2061457
2061587
2061687
2061823
2061824
2061879
2061889
2061984
2062071
2062089
2062192
2062452
2062638
2063065
2063115
2063132
2063139
2063247
2063289
2063350
2063392
2063421
2063494
2063618
2063694
2063753
2063862
2063939
2064084
2064164
2064212
2064218
2064346
2064438
2064462
2064589
2064618
2064675
2064686
2064718
2064754
2064936
2064968
2065028
2065104
2065217
2065279
2065294
2065331
2065445
2065538
2065642
2065730
2065735
2065798
2065958
2065978
2065993
2066238
2066283
2066345
2066753
2066867
2066882
2067007
2067285
2067383
2067521
2067542
2067555
2067576
2067672
2067709
2067866
2067881
2068182
2068360
2068416
2068436
2068444
2068490
2068574
2068662
2068802
2068814
2068847
2069021
2069288
2069450
2069456
2069596
2069640
2069687
2069866
2070057
2070058
2070388
2070446
2070478
2070550
2070677
2070867
2070912
2071303
2071479
2071496
2071508
2071570
2071576
2071719
2071787
2071839
2071963
2072065
2072094
2072264
2072328
2072370
2072476
2072532
2072664
2072701
2072853
2072900
2072987
2072995
2073035
2073117
2073166
2073438
2073470
2073520
2073561
2073644
2073664
2073967
2073978
2074079
2074111
2074183
2074309
2074345
2074447
2074500
2074703
2074829
2075058
2075366
2075546
2075564
2075695
2075778
2075786
2075908
2076009
2076043
2076190
2076207
2076252
2076301
2076483
2076582
2076585
2076607
2077037
2077053
2077080
2077149
2077221
2077308
2077516
2077570
2077790
2077880
2078045
2078058
2078141
2078497
2078611
2078874
2078949
2078964
2079070
2079271
2079294
2079371
2079415
2079476
2079577
2079712
2079897
2079957
2080095
2080418
2080679
2080802
2080918
2080945
2081103
2081235
2081403
2081507
2081628
2081751
2081842
2081962
2082070
2082091
2082092
2082356
2082512
2082513
2082543
2082796
2082885
2082900
2082901
2082925
2082936
2083054
2083150
2083336
2083358
2083698
2083772
2084138
2084193
2084311
2084879
2084937
2085109
2085246
2085361
2085375
2085412
2085436
2085449
2085548
2085604
2085804
2085813
2085849
2085856
2086094
2086105
2086241
2086411
2086438
2086489
2086639
2086670
2087014
2087070
2087138
2087348
2087443
2087572
2087700
2087779
2087868
2087905
2088040
2088222
2088307
2088395
2088487
2088523
2088534
2088712
2088765
2088839
2088844
2088921
2088945
2089005
2089082
2089095
2089100
2089201
2089206
2089249
2089256
2089263
2089322
2089375
2089581
2089639
2089733
2089808
2089918
2089978
2090024
2090174
2090290
2090292
2090415
2090449
2090468
2090483
2090488
2090619
2090625
2090632
2090647
2090684
2090749
2090817
2090854
2090858
2090864
2091511
2091527
2091535
2091583
2091599
2091747
2091765
2091783
2091815
2091816
2091850
2091964
2092013
2092117
2092286
2092309
2092512
2092622
2092640
2092643
2092813
2092849
2092853
2092968
2093425
2093509
2093587
2093684
2093695
2093721
2093991
2094052
2094072
2094125
2094301
2094403
2094436
2094753
2094848
2094906
2094935
2095006
2095059
2095093
2095116
2095326
2095472
2095609
2095694
2095695
2095696
2095872
2095887
2096047
2096078
2096167
2096256
2096333
2096437
2096454
2096549
2096557
2096677
2096713
2096760
2096957
2096979
2097045
2097095
2097695
2097742
2097831
2097836
2097877
2098108
2098174
2098408
2098421
2098536
2098656
2098781
2098847
2098965
2099109
2099136
2099361
2099590
2099624
2099630
2099750
2099915
2100198
2100297
2100557
2100721
2100785
2100934
2101069
2101138
2101167
2101246
2101264
2101316
2101317
2101328
2101411
2101498
2101504
2101563
2101649
2101711
2101833
2101841
2101958
2102047
2102081
2102122
2102202
2102305
2102310
2102402
2102433
2102446
2102470
2102519
2102550
2102575
2102634
2102695
2102852
2102992
2103016
2103090
2103181
2103190
2103337
2103444
2103547
2103578
2103590
2103636
2103829
2103949
2103961
2104031
2104052
2104317
2104381
2104415
2104447
2104730
2104898
2105030
2105071
2105096
2105168
2105224
2105591
2105664
2105768
2105829
2105868
2105888
2106118
2106164
2106393
2106533
2106542
2106763
2107095
2107174
2107308
2107565
2107593
2107627
2107637
2107815
2107917
2107942
2107969
2108100
2108123
2108260
2108299
2108364
2108419
2108615
2108686
2108812
2108954
2109045
2109108
2109143
2109293
2110068
2110077
2110082
2110099
2110187
2110367
2110399
2110447
2110544
2110620
2110654
2110739
2110785
2110867
2110948
2110993
2110999
2111001
2111047
2111113
2111141
2111336
2111340
2111433
2111529
2111589
2111679
2111696
2111732
2111876
2111889
2111894
2111919
2112015
2112103
2112226
2112447
2112490
2112535
2112613
2112656
2112799
2112806
2112831
2112847
2112875
2112886
2113090
2113257
2113330
2113450
2113476
2113538
2113618
2113664
2113722
2113830
2113834
2113900
2113911
2113968
2113982
2114197
2114216
2114314
2114605
2114711
2115073
2115079
2115152
2115183
2115316
2115435
2115448
2115502
2115570
2115640
2115649
2115745
2115820
2115912
2115969
2115979
2116074
2116226
2116402
2116406
2116481
2116570
2116728
2116761
2116963
2117063
2117597
2117887
2117889
2118085
2118152
2118174
2118178
2118343
2118447
2118486
2118568
2118683
2118764
2118812
2118863
2118878
2118904
2118917
2118941
2119231
2119672
2119689
2119815
2120034
2120716
2120771
2120854
2120866
2121081
2121133
2121137
2121217
2121219
2121325
2121412
2121468
2121526
2121547
2121597
2121656
2121813
2121946
2122171
2122337
2122349
2122913
2122973
2122979
2123246
2123379
2123485
2123490
2123606
2123798
2123838
2123927
2123928
2123957
2123988
2124042
2124235
2124282
2124342
2124366
2124463
2124482
2124537
2124641
2124773
2124794
2124946
2125159
2125205
2125211
2125233
2125354
2125441
2125457
2125523
2125610
2125633
2125675
2125789
2125829
2126068
2126072
2126084
2126172
2126341
2126398
2126440
2126449
2126586
2126776
2126795
2126923
2127137
2127206
2127353
2127357
2127464
2127824
2127880
2128084
2128161
2128220
2128328
2128423
2128725
2128769
2128775
2128811
2129042
2129107
2129464
2129793
2129835
2129844
2130123
2130181
2130224
2130534
2130612
2130628
2130882
2130925
2130939
2130961
2131027
2131063
2131252
2131397
2131403
2131434
2131526
2131568
2131673
2131753
2131771
2131886
2131974
2132019
2132207
2132310
2132659
2132740
2132802
2132803
2132823
2132990
2132992
2133068
2133164
2133328
2133379
2133472
2133498
2133577
2133580
2133698
2133836
2133899
2133952
2134033
2134059
2134208
2134278
2134332
2134353
2134428
2134607
2134754
2134948
2134999
2135239
2135295
2135510
2136052
2136087
2136167
2136321
2136364
2136409
2136682
2136773
2136815
2136836
2136961
2137171
2137173
2137229
2137233
2137377
2137433
2137490
2137573
2137761
2137763
2137962
2137993
2138039
2138244
2138288
2138329
2138417
2138582
2138741
2138767
2138919
2138986
2139066
2139191
2139247
2139299
2139406
2139530
2139741
2139808
2139838
2139975
2140129
2140222
2140224
2140241
2140506
2140597
2140677
2140699
2140750
2140814
2140892
2140918
2140929
2140994
2141036
2141114
2141213
2141335
2141385
2141425
2141552
2141646
2141731
2141819
2141937
2141938
2141958
2142035
2142136
2142170
2142304
2142375
2142485
2142708
2142805
2142824
2142878
2142946
2143120
2143233
2143358
2143737
2144115
2144158
2144473
2144530
2144544
2144602
2144674
2145049
2145053
2145087
2145314
2145423
2145428
2145603
2145802
2145961
2146026
2146072
2146110
2146274
2146321
2146363
2146489
2146572
2146690
2146740
2146762
2146899
2147069
2147108
2147171
2147370
2147538
2147553
2147627
2147673
2148185
2148265
2148363
2148437
2148523
2148552
2148607
2148711
2148846
2149031
2149083
2149158
2149396
2149403
2149681
2149760
2149798
2150025
2150212
2150216
2150226
2150405
2150681
2151073
2151254
2151507
2151655
2151735
2151833
2152020
2152028
2152041
2152318
2152363
2152518
2152587
2152590
2152591
2152766
2152886
2153036
2153054
2153083
2153120
2153494
2153779
2153801
2153809
2154158
2154216
2154359
2154376
2154422
2154464
2154577
2154735
2155097
2155183
2155241
2155292
2155408
2155545
2155642
2155681
2155729
2155821
2155872
2156047
2156123
2156292
2156406
2156584
2156641
2156654
2156734
2156846
2156895
2157010
2157192
2157228
2157308
2157504
2157598
2157686
2157703
2157886
2158102
2158348
2158465
2158482
2158624
2158785
2158987
2158999
2159153
2159162
2159234
2159236
2159289
2159382
2159418
2159425
2159430
2159457
2159533
2159565
2159681
2159813
2159834
2159879
2159939
2160211
2160492
2160527
2160771
2160845
2160866
2160902
2161113
2161426
2161554
2161592
2161619
2161625
2161661
2161690
2162248
2162391
2162395
2162437
2162530
2162554
2162714
2162872
2162881
2162968
2163118
2163140
2163215
2163262
2163325
2163415
2163416
2163462
2163703
2164220
2164526
2164656
2164681
2164797
2164846
2164936
2164999
2165118
2165143
2165294
2165319
2165348
2165406
2165571
2165724
2166236
2166296
2166358
2166406
2166460
2166477
2166485
2166513
2166689
2166749
2167075
2167119
2167136
2167270
2167284
2167285
2167323
2167717
2167723
2168020
2168041
2168082
2168102
2168403
2168524
2168588
2168598
2168761
2168849
2168969
2168974
2169016
2169059
2169115
2169117
2169135
2169271
2169351
2169644
2169727
2169786
2169923
2170006
2170018
2170168
2170184
2170407
2170585
2170685
2170811
2170939
2171062
2171097
2171196
2171284
2171342
2171346
2171449
2171573
2171653
2171919
2172206
2172423
2172456
2172464
2172489
2172526
2172527
2172574
2172811
2172895
2172999
2173097
2173201
2173360
2173532
2173543
2173603
2173795
2173971
2173988
2174042
2174133
2174147
2174275
2174355
2174447
2174451
2174472
2174556
2174561
2174646
2174865
2175031
2175104
2175113
2175194
2175480
2175510
2175893
2176027
2176084
2176403
2176435
2176489
2176555
2176579
2176619
2176680
2176749
2176762
2176813
2176831
2176846
2176900
2177071
2177075
2177199
2177645
2177717
2177763
2177792
2177857
2177931
2177990
2177997
2178021
2178101
2178279
2178310
2178398
2178471
2178487
2178535
2178597
2178814
2178846
2179123
2179239
2179340
2179404
2179456
2179468
2179492
2179514
2180156
2180389
2180474
2180646
2180710
2180835
2180916
2180933
2180972
2181143
2181275
2181305
2181366
2181581
2181653
2181664
2181871
2182102
2182202
2182369
2182574
2182663
2182744
2182772
2182819
2182892
2183051
2183063
2183095
2183125
2183247
2183511
2183543
2183581
2183755
2183794
2183795
2184090
2184130
2184155
2184195
2184507
2184575
2184822
2184981
2185009
2185017
2185046
2185151
2185396
2185701
2185722
2185741
2185753
2185859
2185929
2185942
2186018
2186178
2186180
2186188
2186287
2186311
2186324
2186369
2186416
2186485
2186623
2186674
2186685
2186818
2186931
2186944
2187062
2187305
2187307
2187392
2187412
2187420
2187658
2187695
2187724
2187765
2187790
2187858
2187890
2187982
2188206
2188265
2188383
2188472
2188503
2188515
2188574
2188651
2188917
2188959
2188972
2189016
2189181
2189198
2189270
2189532
2189595
2189620
2189686
2190033
2190141
2190258
2190396
2190639
2190644
2190703
2190873
2190930
2191207
2191339
2191341
2191535
2191551
2191668
2191771
2191813
2191846
2192001
2192131
2192182
2192197
2192484
2192512
2192537
2192646
2192878
2192904
2193010
2193048
2193135
2193302
2193373
2193412
2193519
2193523
2193596
2193625
2193626
2193735
2193752
2193787
2194003
2194061
2194067
2194169
2194383
2194530
2194532
2194729
2194750
2194823
2194971
2195070
2195099
2195147
2195369
2195567
2195585
2195652
2195761
2195934
2196021
2196177
2196197
2196204
2196287
2196558
2196776
2196832
2196949
2196973
2197004
2197106
2197168
2197406
2197452
2197607
2197636
2197772
2198219
2198340
2198449
2198499
2198569
2198936
2198951
2199158
2199301
2199302
2199345
2199801
2199860
2199875
2199987
2200043
2200196
2200500
2200633
2200708
2200864
2200882
2200918
2201020
2201158
2201183
2201194
2201257
2201264
2201326
2201418
2201444
2201458
2201533
2201561
2201854
2201857
2201977
2201991
2201995
2202184
2202221
2202251
2202259
2202446
2202499
2202581
2202621
2202645
2202997
2203252
2203464
2203625
2203656
2203896
2203959
2204007
2204036
2204153
2204154
2204307
2204334
2204340
2204459
2204628
2204758
2204816
2204879
2204880
2204951
2205360
2205513
2205612
2205664
2205684
2205731
2205943
2206014
2206021
2206100
2206299
2206309
2206383
2206482
2206763
2206872
2206898
2206967
2207032
2207345
2207371
2207526
2207657
2207828
2207962
2208042
2208073
2208081
2208127
2208136
2208181
2208276
2208289
2208295
2208452
2208472
2208614
2208939
2209187
2209246
2209505
2209565
2209711
2209848
2209890
2209933
2209981
2210319
2210388
2210693
2210707
2210832
2210981
2210984
2211046
2211068
2211086
2211195
2211257
2211419
2211527
2211556
2211632
2211651
2211756
2211815
2211936
2212047
2212049
2212130
2212307
2212372
2212532
2212563
2212580
2212638
2213080
2213132
2213146
2213188
2213268
2213293
2213452
2213564
2213587
2213756
2213795
2214042
2214214
2214248
2214331
2214469
2214679
2214713
2214780
2214885
2214906
2214926
2214940
2214942
2215094
2215121
2215490
2215541
2215592
2215636
2215639
2215729
2215927
2216175
2216410
2216733
2216735
2216785
2216799
2216918
2216930
2216978
2217081
2217149
2217253
2217264
2217350
2217351
2217436
2217442
2217597
2217700
2217771
2217825
2217907
2217921
2217993
2218039
2218086
2218266
2218515
2218692
2218794
2218827
2219019
2219041
2219068
2219242
2219344
2219470
2219551
2219673
2219871
2219918
2220011
2220019
2220056
2220085
2220198
2220211
2220220
2220431
2220516
2220709
2220786
2221072
2221263
2221292
2221448
2221484
2221634
2221777
2221820
2221891
2221918
2222306
2222380
2222456
2222651
2222666
2222692
2222733
2222873
2222935
2222938
2222990
2223190
2223313
2223345
2223487
2223778
2223849
2223926
2224085
2224236
2224481
2224763
2224784
2224998
2225041
2225088
2225136
2225332
2225401
2225569
2225848
2225932
2225958
2225999
2226174
2226184
2226185
2226277
2226382
2226400
2226406
2226507
2226582
2226607
2226654
2226838
2226953
2226959
2227073
2227171
2227190
2227254
2227295
2227427
2227641
2227717
2227833
2227956
2228182
2228251
2228454
2228608
2228687
2228709
2228844
2229189
2229266
2229518
2229875
2229905
2229938
2229961
2229978
2230053
2230259
2230272
2230369
2230378
2230483
2230587
2230612
2230636
2230704
2230952
2230962
2231143
2231363
2231400
2231457
2231481
2231586
2231615
2231668
2231690
2231951
2231993
2232141
2232151
2232386
2232525
2232584
2232603
2233025
2233026
2233414
2233593
2233994
2234043
2234061
2234068
2234208
2234227
2234479
2234604
2234657
2234700
2234761
2234779
2234844
2234945
2234967
2235041
2235150
2235226
2235249
2235288
2235310
2235456
2235493
2235638
2235778
2235882
2235887
2235894
2235900
2236061
2236086
2236194
2236358
2236466
2236632
2236649
2236725
2236786
2236909
2237011
2237037
2237078
2237163
2237191
2237244
2237246
2237264
2237313
2237345
2237384
2237385
2237394
2237481
2237625
2237716
2237757
2238020
2238278
2238366
2238392
2238652
2238708
2238726
2238838
2238966
2239043
2239054
2239114
2239169
2239186
2239290
2239358
2239370
2239418
2239453
2239463
2239576
2239735
2239780
2239839
2239844
2239891
2239943
2239989
2240173
2240207
2240290
2240299
2240309
2240353
2240615
2240694
2240713
2240777
2240841
2240963
2241025
2241045
2241133
2241137
2241190
2241191
2241470
2241627
2241695
2241715
2241941
2242222
2242518
2242908
2243176
2243185
2243365
2243410
2243547
2243598
2243725
2243744
2243983
2244061
2244136
2244295
2244394
2244415
2244429
2244691
2244722
2244870
2245021
2245429
2245526
2245595
2245603
2245975
2246247
2246515
2246531
2246674
2246679
2246999
2247055
2247320
2247709
2247940
2248069
2248300
2248368
2248410
2248485
2248527
2248573
2248588
2248600
2248642
2248681
2248730
2248789
2248846
2249025
2249223
2249234
2249239
2249495
2249530
2249623
2249674
2249696
2249783
2249909
2249937
2249979
2250013
2250030
2250094
2250304
2250313
2250316
2250453
2250485
2250741
2250833
2250975
2251004
2251061
2251154
2251172
2251214
2251465
2251647
2251693
2251889
2252045
2252054
2252145
2252256
2252496
2252580
2252699
2252721
2252814
2252873
2253070
2253093
2253271
2253364
2253588
2253896
2254004
2254041
2254054
2254072
2254102
2254270
2254290
2254505
2254550
2254570
2254604
2254627
2254633
2254747
2254793
2254850
2254897
2254958
2255106
2255283
2255305
2255310
2255320
2255395
2255433
2255438
2255442
2255630
2255722
2255742
2255799
2255848
2255972
2256009
2256033
2256059
2256209
2256270
2256822
2257050
2257142
2257215
2257527
2257576
2257591
2257820
2257981
2257988
2257993
2258126
2258138
2258357
2258364
2258397
2258412
2258597
2258664
2258960
2258974
2259034
2259138
2259271
2259287
2259329
2259499
2259785
2260012
2260087
2260408
2260482
2260718
2260726
2260946
2261035
2261153
2261203
2261240
2261266
2261478
2261489
2261493
2261682
2261685
2261944
2262003
2262322
2262429
2262479
2262493
2262545
2262604
2262696
2262768
2262785
2262996
2263026
2263290
2263389
2263848
2263882
2264088
2264403
2264513
2264604
2264659
2264728
2264729
2264817
2264942
2265047
2265283
2265285
2265297
2265441
2265445
2265468
2265509
2265562
2266045
2266138
2266196
2266436
2266555
2266796
2266826
2266828
2266894
2266932
2266933
2266985
2267020
2267156
2267527
2267624
2267652
2267667
2267856
2268091
2268132
2268354
2268368
2268388
2268398
2268440
2268527
2268672
2268880
2269010
2269146
2269340
2269424
2269427
2269665
2269670
2269764
2269913
2270017
2270026
2270236
2270273
2270317
2270345
2270355
2270359
2270498
2270620
2270681
2270841
2271180
2271193
2271245
2271268
2271356
2271588
2271651
2271787
2271802
2271848
2271849
2271895
2272237
2272241
2272245
2272303
2272389
2272393
2272700
2273042
2273131
2273362
2273373
2273523
2273587
2273788
2273848
2273896
2273964
2274132
2274244
2274314
2274414
2274479
2274660
2274673
2274706
2274754
2274815
2274826
2274967
2274976
2275203
2275222
2275289
2275319
2275719
2275720
2275902
2275906
2276205
2276213
2276267
2276424
2276527
2276533
2276555
2276728
2276766
2276981
2277032
2277109
2277156
2277178
2277210
2277283
2277380
2277551
2277605
2277883
2277899
2277909
2277919
2277949
2277990
2278127
2278174
2278297
2278469
2278478
2278643
2278670
2278870
2278918
2279005
2279130
2279189
2279296
2279302
2279306
2279371
2279497
2279530
2279545
2279657
2279729
2279898
2280023
2280024
2280188
2280537
2280545
2280574
2280605
2280722
2280743
2280776
2281179
2281261
2281547
2281580
2281600
2281657
2281797
2281940
2281961
2282089
2282334
2282565
2282764
2282941
2283116
2283432
2283544
2283734
2283770
2283799
2283821
2283882
2284005
2284021
2284295
2284383
2284399
2284408
2284694
2284743
2284969
2285325
2285330
2285331
2285344
2285384
2285419
2285437
2285779
2286114
2286125
2286162
2286227
2286280
2286392
2286538
2286569
2286662
2286792
2286978
2287173
2287175
2287297
2287813
2287858
2287987
2288002
2288102
2288104
2288188
2288190
2288661
2288674
2288741
2288815
2288852
2288957
2288986
2289323
2289372
2289520
2290009
2290039
2290047
2290184
2290189
2290226
2290398
2290410
2290435
2290517
2290591
2290681
2290736
2290889
2290971
2290996
2291286
2291315
2291420
2291789
2291915
2292011
2292124
2292137
2292321
2292425
2292512
2292536
2292579
2292666
2292804
2292812
2293070
2293227
2293327
2293329
2293335
2293522
2293547
2293787
2293826
2293977
2293983
2294133
2294222
2294261
2294329
2294334
2294365
2294390
2294488
2294556
2294629
2294759
2294823
2295030
2295133
2295285
2295325
2295333
2295353
2295506
2296261
2296424
2296431
2296656
2296794
2296808
2296816
2296961
2297304
2297315
2297426
2297495
2297766
2297815
2298117
2298329
2298333
2298457
2298648
2298712
2298736
2299002
2299019
2299033
2299048
2299112
2299140
2299162
2299238
2299437
2299555
2299606
2299697
2299715
2299730
2299964
2299968
2300171
2300206
2300271
2300342
2300398
2300410
2300478
2300690
2300741
2300849
2301087
2301090
2301277
2301328
2301605
2301717
2301839
2301901
2302085
2302154
2302175
2302284
2302357
2302379
2302412
2302415
2302503
2302562
2302563
2302568
2302641
2302752
2303181
2303302
2303314
2303319
2303400
2303581
2303837
2303848
2303969
2304004
2304144
2304362
2304602
2304659
2304714
2304775
2304830
2304833
2304856
2304932
2304943
2305002
2305039
2305148
2305260
2305321
2305517
2305539
2305574
2305575
2305682
2305825
2305941
2306121
2306207
2306366
2306785
2307007
2307037
2307042
2307057
2307062
2307162
2307265
2307288
2307505
2307550
2307551
2307625
2307741
2308078
2308229
2308342
2308376
2308386
2308664
2308685
2308856
2308965
2309086
2309154
2309211
2309260
2309275
2309389
2309666
2309719
2309813
2309863
2309918
2309934
2309946
2310185
2310226
2310338
2310406
2310593
2310757
2311022
2311093
2311159
2311350
2311493
2311628
2311788
2311904
2311938
2311948
2311964
2312176
2312208
2312384
2312480
2312541
2312727
2312796
2313006
2313089
2313120
2313159
2313277
2313289
2313479
2313534
2313556
2313569
2313585
2313644
2313652
2313696
2313737
2313738
2313845
2314008
2314060
2314075
2314134
2314165
2314180
2314205
2314571
2314834
2314856
2314903
2314920
2314934
2314995
2315053
2315160
2315167
2315236
2315274
2315436
2315487
2315492
2315566
2315755
2315760
2315855
2315899
2315944
2316284
2316385
2316465
2316512
2316599
2316679
2316926
2317032
2317296
2317440
2317666
2317689
2317857
2317894
2317976
2318076
2318157
2318172
2318244
2318345
2318416
2318666
2318678
2318731
2319108
2319134
2319166
2319276
2319365
2319511
2319657
2319691
2319801
2319884
2319939
2319977
2319999
2320130
2320160
2320281
2320311
2320448
2320564
2320594
2320889
2320909
2321069
2321097
2321169
2321195
2321199
2321232
2321285
2321347
2321413
2321623
2321719
2322303
2322356
2322390
2322397
2322452
2322537
2322641
2322657
2322678
2322741
2322942
2323046
2323073
2323106
2323110
2323182
2323242
2323343
2323399
2323634
2323710
2323751
2323823
2323877
2323881
2324147
2324178
2324257
2324333
2324497
2324540
2324615
2324635
2324747
2324815
2324892
2324946
2324987
2325083
2325257
2325263
2325326
2325422
2325480
2325714
2326072
2326377
2326401
2326612
2326687
2326966
2327025
2327339
2327452
2327491
2327539
2327562
2327596
2327664
2327705
2327836
2327889
2328054
2328181
2328248
2328455
2328473
2328624
2328712
2328843
2328933
2328968
2328981
2329123
2329223
2329274
2329294
2329307
2329308
2329380
2329388
2329393
2329444
2329503
2329621
2329873
2329972
2330019
2330056
2330082
2330239
2330242
2330623
2330766
2330862
2330879
2330928
2330935
2330945
2331019
2331069
2331186
2331209
2331212
2331216
2331342
2331582
2331757
2331871
2332004
2332034
2332153
2332166
2332656
2332885
2332896
2332934
2332967
2332994
2333185
2333196
2333325
2333363
2333396
2333481
2333513
2333594
2333600
2333639
2333929
2333990
2334018
2334106
2334131
2334169
2334391
2334479
2334485
2334500
2334733
2334769
2334791
2334857
2334918
2334969
2334982
2335007
2335139
2335272
2335458
2335713
2335748
2335752
2335775
2335815
2335856
2336153
2336161
2336381
2336387
2336405
2336549
2337200
2337370
2337380
2337392
2337533
2337660
2337668
2337744
2337843
2338006
2338043
2338102
2338210
2338258
2338454
2338496
2338593
2338629
2338761
2338795
2338857
2339748
2339946
2340103
2340108
2340161
2340251
2340263
2340265
2340284
2340296
2340301
2340424
2340553
2340585
2340782
2340990
2341115
2341172
2341314
2341471
2341495
2341581
2341683
2341885
2341986
2342050
2342135
2342502
2342550
2342722
2342803
2342911
2343030
2343059
2343088
2343115
2343123
2343153
2343177
2343251
2343331
2343603
2343731
2343788
2343831
2343943
2343982
2343996
2344037
2344121
2344291
2344304
2344574
2344612
2344711
2344799
2344825
2345006
2345022
2345072
2345161
2345343
2345485
2345487
2345539
2345549
2345836
2346159
2346287
2346356
2346388
2346776
2346868
2346874
2346953
2346996
2347090
2347111
2347216
2347281
2347286
2347645
2347793
2347850
2347959
2348030
2348068
2348105
2348120
2348170
2348229
2348561
2348576
2348643
2348843
2348890
2348996
2349153
2349222
2349350
2349499
2349607
2349681
2349793
2350117
2350161
2350222
2350277
2350294
2350326
2350445
2350709
2350764
2350797
2350808
2350886
2351079
2351221
2351309
2351371
2351377
2351459
2351519
2351607
2352120
2352138
2352198
2352290
2352372
2352501
2352523
2352531
2352570
2352646
2352794
2352900
2352917
2352969
2353091
2353167
2353239
2353627
2353632
2353642
2353663
2353693
2353711
2353748
2353761
2353773
2353838
2353916
2354068
2354167
2354425
2354493
2354569
2354753
2354820
2355235
2355285
2355441
2355516
2355763
2355766
2355832
2355835
2355844
2355873
2355956
2356040
2356054
2356056
2356307
2356392
2356414
2356603
2357003
2357009
2357099
2357136
2357219
2357248
2357262
2357273
2357286
2357322
2357357
2357466
2357541
2357555
2357690
2357758
2357821
2357904
2358019
2358295
2358375
2358452
2358510
2358540
2358643
2358823
2359102
2359320
2359331
2359425
2359484
2359694
2359744
2360093
2360266
2360451
2360591
2360685
2360758
2360798
2360844
2360895
2361185
2361217
2361223
2361226
2361269
2361304
2361322
2361459
2361484
2361619
2361659
2361733
2361895
2362057
2362075
2362355
2362499
2362608
2362644
2362889
2362924
2363247
2363674
2363685
2364059
2364088
2364202
2364245
2364270
2364294
2364390
2364422
2364436
2364579
2364679
2364770
2364847
2364886
2365720
2365802
2366086
2366123
2366145
2366266
2366331
2366420
2366462
2366509
2367051
2367273
2367346
2367498
2367509
2367585
2367641
2367737
2367844
2368076
2368278
2368333
2368517
2368528
2368579
2368632
2368763
2368824
2368983
2369105
2369183
2369247
2369249
2369323
2369603
2369953
2369954
2370008
2370051
2370062
2370063
2370154
2370437
2370507
2370534
2370716
2370961
2371074
2371185
2371215
2371293
2371326
2371573
2371575
2371635
2371828
2371957
2372243
2372393
2372443
2372506
2372510
2372543
2372744
2372789
2372816
2372825
2372978
2373168
2373280
2373501
2373565
2373570
2373718
2373776
2373832
2373841
2373873
2373983
2374018
2374021
2374408
2374521
2374679
2374840
2374858
2374982
2375173
2375209
2375345
2375418
2375454
2375509
2375645
2375670
2375703
2375733
2375968
2375978
2376017
2376080
2376302
2376335
2376390
2376442
2376679
2376720
2376829
2376941
2377008
2377173
2377378
2377465
2377533
2377556
2377574
2377597
2377738
2377874
2377898
2377949
2378095
2378246
2378259
2378299
2378356
2378364
2378462
2378556
2378760
2378857
2378986
2379047
2379089
2379154
2379359
2379645
2379704
2379879
2379993
2380102
2380141
2380170
2380751
2380861
2381177
2381411
2381621
2381664
2381667
2381746
2381763
2381791
2381835
2382097
2382114
2382137
2382157
2382184
2382264
2382395
2382410
2382429
2382449
2382601
2382689
2382697
2382786
2382893
2383060
2383078
2383227
2383302
2383360
2383620
2383703
2383743
2383779
2383802
2383841
2383923
2383968
2384034
2384039
2384115
2384129
2384245
2384280
2384299
2384315
2384411
2384455
2384492
2384684
2384783
2384949
2384997
2385041
2385055
2385056
2385086
2385322
2385361
2385391
2386695
2386745
2386803
2386875
2386956
2386975
2387041
2387108
2387185
2387305
2387355
2387624
2387705
2387758
2387785
2387900
2388136
2388330
2388374
2388425
2388533
2388654
2388726
2388798
2389173
2389175
2389178
2389207
2389290
2389339
2389529
2389646
2389849
2389974
2390135
2390163
2390252
2390263
2390307
2390641
2390662
2390685
2390819
2390936
2390960
2390996
2391058
2391257
2391276
2391281
2391295
2391331
2391542
2391543
2391752
2391759
2391791
2391837
2391845
2391855
2391869
2391910
2392037
2392066
2392209
2392256
2392328
2392370
2392410
2392598
2392647
2393148
2393160
2393525
2393527
2393589
2393621
2393715
2393973
2393988
2393990
2394123
2394129
2394475
2394574
2394665
2394681
2394871
2395016
2395234
2395455
2395484
2395563
2395647
2395680
2395743
2395773
2395814
2396012
2396171
2396316
2396722
2396732
2396835
2396928
2396989
2397106
2397139
2397176
2397206
2397255
2397423
2397433
2397540
2397553
2397608
2397612
2397665
2397779
2397789
2397803
2397861
2397906
2397916
2398336
2398383
2398522
2398543
2398620
2398913
2398970
2399078
2399150
2399300
2399354
2399404
2399566
2399699
2399706
2399768
2399796
2400011
2400108
2400244
2400355
2400804
2400826
2400851
2401001
2401019
2401032
2401081
2401298
2401493
2401551
2401783
2401837
2401923
2401931
2401964
2402054
2402070
2402145
2402190
2402252
2402437
2402516
2402561
2402655
2403053
2403242
2403288
2403488
2403558
2403979
2403989
2404005
2404008
2404149
2404406
2404548
2404634
2404692
2404857
2404898
2405092
2405155
2405178
2405227
2405242
2405247
2405258
2405291
2405342
2405376
2405425
2405455
2405484
2405557
2405684
2405807
2405823
2405826
2405836
2405907
2405929
2406027
2406130
2406172
2406282
2406329
2406533
2406600
2406689
2406915
2406939
2407165
2407287
2407413
2407484
2407617
2407623
2407824
2407884
2407886
2408359
2408684
2408818
2408853
2409025
2409092
2409299
2409425
2409462
2410077
2410090
2410364
2410449
2410474
2410635
2410691
2410705
2410737
2410869
2410960
2410985
2411139
2411249
2411344
2411442
2411522
2411668
2411779
2412043
2412045
2412246
2412263
2412306
2412487
2412616
2412962
2413043
2413120
2413417
2413491
2413580
2413614
2413711
2413776
2413798
2413861
2413881
2413974
2414057
2414063
2414080
2414250
2414307
2414346
2414627
2414732
2414849
2414858
2414925
2415020
2415064
2415144
2415233
2415254
2415319
2415403
2415726
2416064
2416162
2416222
2416229
2416254
2416413
2416472
2416508
2416582
2416659
2416825
2416838
2417170
2417266
2417309
2417329
2417345
2417487
2417580
2417647
2417749
2417797
2417945
2418110
2418143
2418319
2418436
2418442
2418451
2418542
2418665
2418666
2418770
2418886
2419157
2419393
2419412
2419431
2419564
2419679
2419729
2419783
2419910
2420053
2420054
2420191
2420261
2420290
2420301
2420372
2420457
2420665
2420681
2420808
2420963
2421082
2421089
2421174
2421199
2421406
2421409
2421489
2421676
2422056
2422095
2422119
2422131
2422215
2422547
2422563
2422894
2422927
2422928
2423156
2423199
2423276
2423382
2423421
2423476
2423630
2423717
2423767
2423879
2424179
2424185
2424342
2424408
2424462
2424478
2424632
2424831
2424846
2424991
2425002
2425142
2425195
2425392
2425567
2425599
2425627
2425695
2425742
2425867
2426013
2426097
2426652
2426743
2426794
2426834
2426931
2427313
2427816
2427826
2427853
2427904
2428123
2428184
2428480
2428640
2428685
2428932
2428953
2429000
2429331
2429478
2429496
2429589
2429607
2429829
2429957
2430009
2430011
2430226
2430294
2430308
2430946
2431306
2431326
2431438
2431529
2431547
2431552
2431688
2431715
2431728
2431939
2432055
2432090
2432094
2432103
2432143
2432309
2432544
2432586
2432595
2432604
2432732
2432783
2432954
2432965
2432995
2433021
2433086
2433147
2433188
2433323
2433372
2433523
2433717
2433788
2433845
2433943
2434053
2434068
2434110
2434232
2434463
2434498
2434516
2434554
2434574
2434597
2434653
2434684
2434890
2435058
2435084
2435110
2435138
2435233
2435321
2435674
2435877
2436559
2436609
2436708
2436762
2436875
2436887
2437031
2437146
2437155
2437237
2437264
2437308
2437447
2437457
2437486
2437541
2437596
2437645
2437672
2437679
2437757
2437770
2437947
2438276
2438286
2438318
2438485
2438588
2439194
2439530
2439565
2439626
2439661
2439742
2439747
2439841
2439866
2439871
2439895
2439932
2440007
2440053
2440186
2440442
2440629
2440640
2440768
2440785
2440787
2440824
2440825
2441134
2441229
2441263
2441487
2441640
2441738
2441745
2441770
2441859
2441894
2441903
2441930
2442111
2442204
2442502
2442537
2442581
2442728
2442858
2442978
2443150
2443797
2444130
2444315
2444329
2444430
2444494
2444557
2444601
2444797
2444849
2444853
2444976
2445210
2445284
2445366
2445379
2445407
2445497
2445526
2445628
2445783
2445833
2446072
2446177
2446302
2446384
2446416
2446429
2446584
2446596
2446664
2446674
2446841
2446952
2446964
2447383
2447521
2447586
2447588
2447807
2447859
2447962
2447979
2448192
2448205
2448353
2448476
2448516
2448526
2448563
2448696
2448776
2448795
2448838
2448845
2448866
2449013
2449163
2449287
2449307
2449335
2449360
2449455
2449602
2449693
2449736
2449790
2449826
2449874
2449942
2449943
2450050
2450178
2450230
2450263
2450335
2450418
2450440
2450484
2450535
2450547
2450657
2450723
2450879
2450915
2451073
2451160
2451212
2451295
2451480
2451623
2451669
2451675
2451770
2451979
2452019
2452058
2452178
2452257
2452282
2452320
2452388
2452493
2452550
2452554
2452645
2452879
2453005
2453029
2453123
2453238
2453274
2453360
2453451
2453522
2453798
2454191
2454326
2454452
2454479
2454511
2454532
2454818
2454861
2454878
2454925
2454951
2455094
2455202
2455211
2455368
2455419
2455428
2455438
2455464
2455537
2455673
2455847
2455999
2456038
2456178
2456206
2456223
2456483
2456576
2456652
2456754
2456852
2456998
2457041
2457098
2457261
2457299
2457475
2457555
2458067
2458196
2458223
2458345
2458360
2458361
2458454
2458576
2458577
2458606
2458916
2458926
2459023
2459064
2459314
2459331
2459363
2459460
2459499
2459562
2459769
2459900
2459913
2459978
2460023
2460131
2460466
2460509
2460574
2460577
2460720
2460834
2461058
2461171
2461456
2461636
2461704
2461712
2461716
2462180
2462258
2462263
2462331
2462434
2462484
2462825
2462877
2462930
2462990
2463000
2463032
2463264
2463537
2463650
2463709
2463724
2463727
2463796
2464065
2464083
2464263
2464328
2464403
2464412
2464439
2464509
2464609
2465061
2465111
2465141
2465160
2465393
2465507
2465650
2465673
2466049
2466105
2466143
2466373
2466417
2466515
2466834
2466938
2466960
2467011
2467290
2467420
2467502
2467589
2467645
2467718
2467757
2467857
2467876
2467891
2467950
2468202
2468263
2468296
2468342
2468601
2468605
2468637
2468682
2468687
2468721
2468794
2468911
2468945
2469011
2469025
2469137
2469363
2469381
2469782
2469882
2469965
2470032
2470065
2470118
2470143
2470156
2470231
2470368
2470404
2470419
2470459
2470497
2470540
2470585
2470935
2471001
2471021
2471048
2471198
2471218
2471262
2471315
2471558
2471568
2471805
2471846
2471940
2471945
2472156
2472215
2472369
2472438
2472684
2472737
2472819
2472927
2473028
2473085
2473249
2473258
2473392
2473503
2473716
2473748
2473887
2474075
2474086
2474131
2474231
2474375
2474441
2474617
2474636
2475092
2475158
2475251
2475275
2475389
2475428
2475502
2475617
2475937
2475950
2475997
2475999
2476126
2476227
2476373
2476439
2476532
2476623
2476631
2476642
2476860
2476869
2476936
2476950
2476962
2476984
2477046
2477096
2477271
2477430
2477551
2477561
2477729
2477840
2477891
2478065
2478141
2478182
2478282
2478332
2478411
2478438
2478448
2478523
2478738
2479052
2479304
2479423
2479616
2479781
2479842
2480162
2480175
2480419
2480464
2480765
2480792
2480855
2481047
2481139
2481254
2481264
2481404
2481688
2481743
2481848
2482041
2482069
2482099
2482138
2482173
2482281
2482367
2482417
2482595
2482633
2482736
2482776
2482931
2482990
2483162
2483382
2483532
2483880
2483901
2484001
2484060
2484255
2484512
2484761
2484886
2484987
2485098
2485110
2485172
2485196
2485236
2485338
2485490
2485517
2485653
2485692
2485904
2485963
2486137
2486159
2486408
2486457
2486568
2486704
2486745
2486777
2486804
2486808
2486811
2486911
2486918
2487091
2487122
2487215
2487651
2487845
2487871
2487940
2487946
2487954
2487993
2488005
2488034
2488039
2488134
2488202
2488208
2488445
2488548
2488697
2488827
2488866
2488930
2488987
2489057
2489114
2489237
2489261
2489345
2489487
2489538
2489577
2489636
2489721
2489760
2489931
2490014
2490016
2490071
2490092
2490258
2490340
2490423
2490516
2490518
2490618
2490690
2490950
2491113
2491147
2491217
2491485
2491602
2491749
2492210
2492298
2492348
2492365
2492529
2492860
2493083
2493221
2493295
2493359
2493386
2493388
2493445
2493503
2493543
2493584
2493768
2493927
2493930
2493967
2493970
2494014
2494055
2494159
2494367
2494514
2494572
2494625
2494679
2494691
2494775
2494797
2494876
2495097
2495157
2495472
2495694
2495824
2495847
2495884
2496136
2496197
2496372
2496430
2496517
2496557
2496572
2496645
2496647
2496650
2497009
2497202
2497293
2497324
2497432
2497588
2497617
2497658
2497750
2497886
2497926
2498100
2498108
2498351
2498357
2498375
2498617
2498837
2498883
2498918
2498967
2499101
2499142
2499193
2499218
2499295
2499551
2499553
2499654
2499676
2499752
2499786
2499798
2499806
2499902
2499952
2499997
2500328
2500357
2500385
2500468
2500566
2500572
2500816
2500841
2500889
2501128
2501320
2501443
2501567
2501674
2501775
2501795
2501819
2501919
2502079
2502130
2502147
2502333
2502350
2502575
2502661
2502734
2502902
2502914
2502981
2503135
2503294
2503303
2503371
2503521
2503528
2503584
2503776
2503972
2504188
2504481
2504503
2504536
2504684
2505003
2505013
2505050
2505072
2505086
2505092
2505197
2505300
2505371
2505372
2505454
2505734
2505858
2505988
2506005
2506280
2506372
2506416
2506435
2506458
2506565
2506576
2506632
2506708
2506790
2506842
2507020
2507042
2507177
2507215
2507343
2507445
2507497
2507549
2507653
2507693
2507826
2507921
2508135
2508147
2508167
2508229
2508272
2508300
2508374
2508423
2508571
2508573
2508714
2508963
2509001
2509026
2509045
2509428
2509722
2509745
2510083
2510108
2510233
2510342
2510571
2510607
2510673
2510782
2510830
2510994
2511074
2511169
2511256
2511546
2511547
2511709
2512246
2512285
2512304
2512315
2512323
2512409
2512535
2512544
2512573
2512588
2512609
2512702
2512708
2512884
2512968
2513266
2513499
2513549
2513556
2513675
2513686
2513697
2513814
2513820
2513902
2513907
2513968
2514017
2514044
2514195
2514383
2514664
2514911
2514952
2515026
2515092
2515118
2515217
2515349
2515433
2515593
2515626
2515909
2516056
2516116
2516209
2516356
2516359
2516566
2516797
2516935
2516989
2517136
2517181
2517477
2517574
2517620
2517678
2517693
2517802
2518026
2518488
2518632
2518638
2518663
2518725
2518733
2518777
2518851
2518876
2518892
2518938
2519097
2519350
2519650
2519673
2519678
2519730
2519881
2520019
2520412
2520472
2520675
2520733
2520893
2520912
2521015
2521057
2521190
2521203
2521220
2521240
2521346
2521364
2521412
2521576
2521591
2521666
2521769
2522018
2522241
2522313
2522328
2522479
2522516
2522551
2522594
2522828
2522948
2522982
2523069
2523144
2523327
2523402
2523506
2523663
2523677
2523717
2523992
2524082
2524168
2524180
2524412
2524480
2524645
2524973
2525028
2525119
2525125
2525218
2525264
2525313
2525345
2525532
2525549
2525659
2525706
2525938
2525951
2526239
2526281
2526763
2526765
2527028
2527106
2527114
2527207
2527378
2527386
2527522
2527529
2527532
2527572
2527720
2527889
2527908
2527942
2527991
2528085
2528281
2528383
2529110
2529118
2529161
2529175
2529205
2529234
2529276
2529346
2529387
2529477
2529492
2529632
2529744
2529978
2530090
2530142
2530148
2530219
2530262
2530305
2530562
2530577
2530622
2530865
2530869
2530871
2530891
2531036
2531223
2531324
2531338
2531372
2531499
2531619
2531740
2531786
2531881
2531920
2531957
2531986
2532097
2532157
2532184
2532268
2532303
2532517
2532623
2532768
2532781
2532799
2532990
2533042
2533073
2533340
2533356
2533418
2533638
2533674
2533738
2533811
2533997
2534047
2534193
2534259
2534276
2534312
2534402
2534404
2534467
2534569
2534617
2534737
2534750
2534791
2534824
2535119
2535140
2535261
2535297
2535354
2535405
2535543
2535740
2535901
2535954
2536032
2536173
2536174
2536389
2536399
2536505
2536635
2537035
2537085
2537212
2537250
2537273
2537291
2537461
2537582
2537655
2537676
2537708
2537748
2537805
2537842
2538098
2538131
2538174
2538191
2538202
2538272
2538276
2538316
2538355
2538434
2538700
2538831
2538901
2539014
2539033
2539094
2539136
2539211
2539311
2539527
2539856
2539896
2539944
2540439
2540498
2540553
2540558
2540733
2540794
2541008
2541057
2541260
2541369
2541402
2541544
2541780
2541863
2541989
2542141
2542206
2542313
2542361
2542459
2542485
2542523
2542850
2542911
2543148
2543301
2543396
2543460
2543475
2543627
2543664
2543737
2544149
2544191
2544335
2544421
2544438
2544480
2544646
2544749
2544801
2544872
2544877
2544929
2545583
2545736
2546080
2546155
2546170
2546383
2546447
2546515
2546836
2547121
2547135
2547208
2547464
2547630
2547757
2547825
2547912
2548087
2548092
2548300
2548513
2548554
2548621
2548643
2548699
2548821
2548829
2549100
2549268
2549273
2549285
2549322
2549456
2549512
2549756
2549870
2549942
2549945
2550024
2550233
2550241
2550388
2550506
2550721
2550839
2550966
2551014
2551095
2551186
2551306
2551372
2551428
2551435
2551458
2551512
2551539
2551648
2551756
2551810
2551850
2551913
2551980
2551999
2552023
2552029
2552108
2552205
2552225
2552277
2552445
2552515
2553306
2553548
2553568
2553616
2553641
2553744
2553841
2553947
2553971
2554139
2554236
2554280
2554328
2554600
2554666
2554742
2554794
2554830
2555088
2555366
2555565
2555714
2555720
2555880
2555911
2556029
2556138
2556218
2556229
2556521
2556632
2556650
2556693
2556783
2556846
2556955
2557291
2557305
2557529
2557834
2557883
2557901
2558033
2558240
2558244
2558311
2558329
2558342
2558516
2558520
2558637
2558694
2558701
2558763
2558949
2558977
2558982
2559083
2559106
2559280
2559366
2559525
2559530
2559542
2559611
2559677
2559875
2559977
2560051
2560258
2560315
2560366
2560390
2560455
2560495
2560569
2560598
2560654
2560829
2560866
2561026
2561044
2561094
2561167
2561376
2561383
2561430
2561436
2561494
2561718
2561869
2561870
2561974
2562242
2562376
2562393
2562416
2562516
2562549
2562590
2562722
2562745
2562846
2562983
2563263
2563289
2563828
2563877
2564131
2564188
2564249
2564263
2564513
2564528
2564641
2564965
2565025
2565075
2565097
2565340
2565370
2565435
2565459
2565614
2565764
2565784
2565913
2566000
2566128
2566183
2566409
2566474
2566767
2566805
2566811
2566899
2566987
2566998
2567085
2567127
2567142
2567226
2567258
2567272
2567297
2567442
2567549
2567578
2567669
2567732
2568097
2568172
2568176
2568237
2568471
2568488
2568674
2568682
2568707
2568810
2568908
2568957
2568997
2569091
2569137
2569227
2569261
2569345
2569426
2569482
2569553
2569558
2569586
2569675
2569705
2569733
2569864
2569988
2570017
2570179
2570367
2570440
2570545
2570612
2570955
2571014
2571085
2571132
2571287
2571575
2571761
2571783
2571899
2572019
2572097
2572117
2572297
2572397
2572584
2572703
2572857
2573018
2573143
2573290
2573408
2573457
2573613
2573683
2573752
2573810
2573900
2573906
2573930
2574195
2574358
2574366
2574435
2574519
2574591
2574638
2574660
2574712
2574820
2574939
2575161
2575177
2575352
2575817
2576029
2576069
2576214
2576219
2576282
2576460
2576473
2576509
2576547
2576765
2576850
2576896
2576999
2577217
2577375
2577390
2577416
2577435
2577438
2577587
2577623
2577725
2577885
2578004
2578099
2578174
2578238
2578255
2578451
2578527
2578559
2578579
2578650
2578664
2578689
2578732
2578978
2579314
2579339
2579436
2579555
2579700
2579755
2579772
2579837
2579854
2579921
2580163
2580206
2580265
2580393
2580726
2580898
2581006
2581465
2581533
2581571
2581747
2581777
2581894
2581920
2582238
2582285
2582315
2582333
2582430
2582603
2582697
2582892
2582916
2583003
2583006
2583085
2583111
2583176
2583207
2583580
2583594
2583694
2583722
2583739
2583749
2583760
2583822
2583975
2584069
2584087
2584296
2584444
2584474
2584486
2584592
2584716
2584790
2584829
2584947
2585004
2585049
2585061
2585082
2585444
2585448
2585684
2585763
2585800
2585903
2586035
2586147
2586223
2586243
2586321
2586532
2586736
2586738
2586999
2587267
2587279
2587753
2587991
2588074
2588108
2588114
2588157
2588173
2588351
2588397
2588532
2588562
2588876
2588924
2588985
2589221
2589232
2589425
2589469
2589484
2589501
2589550
2589980
2589994
2590016
2590020
2590086
2590115
2590190
2590211
2590354
2590421
2590424
2590425
2590609
2590655
2590736
2590819
2590835
2590982
2591115
2591318
2591414
2591565
2591791
2591823
2591871
2592162
2592547
2592636
2592777
2592791
2592831
2593281
2593329
2593338
2593958
2593994
2594061
2594096
2594153
2594619
2594639
2594673
2594699
2594743
2594943
2594990
2595033
2595106
2595167
2595172
2595199
2595232
2595389
2595492
2595690
2595694
2595715
2595737
2595760
2595762
2596028
2596123
2596296
2596655
2596810
2596935
2597011
2597252
2597254
2597264
2597408
2598005
2598081
2598276
2598384
2598448
2598570
2598571
2598596
2598599
2598605
2598665
2598676
2598889
2598979
2598990
2599016
2599187
2599394
2599426
2599456
2599623
2599629
2599801
2599956
2600148
2600196
2600502
2600542
2600595
2601066
2601214
2601299
2601315
2601368
2601418
2601423
2601435
2601567
2601603
2601702
2601829
2601909
2601950
2602314
2602528
2602594
2602624
2602671
2602718
2602828
2603102
2603109
2603360
2603386
2603442
2603523
2603552
2603670
2603900
2604322
2604463
2604564
2604591
2604892
2604896
2604993
2605015
2605284
2605329
2605367
2605370
2605444
2605522
2605592
2605824
2605988
2606216
2606501
2606529
2606552
2606614
2606706
2606729
2606815
2606870
2606935
2607085
2607098
2607123
2607152
2607257
2607338
2607654
2607835
2607869
2607871
2607901
2607917
2607926
2607932
2608128
2608165
2608190
2608356
2608402
2608523
2608590
2608677
2608708
2608978
2609152
2609171
2609233
2609257
2609260
2609324
2609386
2609414
2609520
2609529
2609588
2609613
2609643
2609695
2609751
2609768
2609783
2609852
2609922
2610070
2610072
2610101
2610143
2610163
2610165
2610206
2610226
2610356
2610399
2610434
2610774
2610843
2610874
2610877
2610915
2610998
2611152
2611186
2611289
2611325
2611454
2611514
2611639
2611767
2611932
2611990
2612117
2612221
2612501
2612586
2612799
2612919
2612972
2613041
2613173
2613365
2613393
2613420
2613725
2613732
2613853
2613917
2613934
2613952
2614040
2614090
2614117
2614208
2614230
2614616
2614672
2614702
2614727
2614872
2615003
2615362
2615374
2615375
2615420
2615548
2615613
2615750
2615779
2615834
2615948
2615963
2616014
2616028
2616515
2616534
2616634
2616639
2616696
2616776
2616828
2616918
2617008
2617058
2617061
2617264
2617340
2617542
2617561
2617622
2617835
2617910
2618031
2618075
2618216
2618246
2618248
2618305
2618319
2618405
2618549
2618644
2619001
2619076
2619184
2619320
2619341
2619428
2619460
2619467
2619632
2619808
2619938
2620075
2620202
2620609
2620730
2620874
2620930
2621020
2621025
2621127
2621146
2621158
2621570
2621603
2621647
2621849
2621915
2621940
2622057
2622209
2622228
2622408
2622518
2622776
2622872
2622894
2622912
2622924
2622951
2623128
2623259
2623615
2623737
2623787
2623908
2623941
2624206
2624281
2624289
2624366
2624481
2624541
2624594
2624721
2624744
2624935
2624959
2625001
2625071
2625086
2625243
2625477
2625531
2625847
2625959
2626269
2626328
2626452
2626547
2626582
2626651
2626957
2627148
2627168
2627229
2627312
2627677
2627748
2627842
2628100
2628200
2628342
2628373
2628389
2628494
2628570
2628585
2628613
2628619
2628672
2628805
2629290
2629370
2629635
2629686
2629694
2629765
2629784
2629818
2630057
2630288
2630345
2630448
2630460
2630545
2630701
2630725
2630791
2630804
2630819
2630877
2630990
2631096
2631147
2631234
2631238
2631248
2631361
2631486
2631498
2631533
2631598
2631612
2631775
2631807
2631974
2631986
2632058
2632131
2632210
2632224
2632240
2632254
2632333
2632573
2632670
2632790
2632851
2632881
2632891
2632935
2633022
2633204
2633239
2633297
2633306
2633413
2633455
2633592
2633681
2633728
2633784
2633826
2633860
2633909
2634233
2634363
2634377
2634428
2634488
2634773
2634850
2634965
2634999
2635088
2635133
2635166
2635221
2635224
2635237
2635543
2635698
2635894
2636161
2636451
2636526
2636544
2636593
2636626
2636663
2636787
2636907
2636958
2637070
2637293
2637578
2637619
2637883
2637947
2637955
2638057
2638191
2638664
2639116
2639194
2639216
2639235
2639260
2639451
2639676
2639721
2639820
2639990
2640001
2640010
2640301
2640367
2640393
2640606
2640653
2640699
2640835
2640919
2641175
2641291
2641687
2641898
2641915
2642065
2642259
2642278
2642408
2642612
2642642
2642710
2642766
2642860
2642870
2642992
2643014
2643033
2643071
2643382
2643521
2643728
2643872
2643918
2644024
2644193
2644785
2645231
2645363
2645366
2645376
2645545
2645620
2645700
2645751
2645817
2646011
2646017
2646130
2646177
2646233
2646470
2646522
2646541
2646548
2646553
2646663
2646695
2646982
2647092
2647131
2647159
2647304
2647545
2647628
2647690
2647733
2647743
2647766
2647773
2647862
2647874
2647914
2647970
2648029
2648045
2648055
2648259
2648273
2648563
2648565
2648615
2648934
2649358
2649516
2649777
2649825
2649856
2649861
2649866
2650321
2650343
2650470
2650525
2650585
2650739
2650856
2651060
2651139
2651280
2651303
2651389
2651400
2651850
2651869
2651978
2652070
2652310
2652343
2652374
2652419
2652436
2652466
2652505
2652591
2652607
2652627
2652824
2652886
2652910
2653074
2653093
2653149
2653168
2653303
2653336
2653400
2653512
2653608
2653667
2653939
2653999
2654010
2654073
2654180
2654181
2654185
2654211
2654342
2654363
2654405
2654539
2654562
2654742
2654820
2654837
2654908
2654972
2655118
2655122
2655144
2655146
2655167
2655193
2655315
2655325
2655432
2655451
2655456
2655470
2655492
2655746
2656005
2656151
2656156
2656167
2656231
2656357
2656445
2656458
2656661
2656675
2656820
2656822
2656906
2657036
2657123
2657147
2657340
2657395
2657559
2657601
2657602
2657683
2657849
2657878
2657887
2657897
2658026
2658243
2658268
2658305
2658354
2658522
2658554
2658608
2659169
2659248
2659301
2659412
2659571
2660059
2660066
2660122
2660209
2660233
2660807
2660845
2660910
2660941
2660969
2660981
2661026
2661093
2661181
2661220
2661250
2661308
2661371
2661430
2661531
2661744
2661982
2662142
2662197
2662248
2662273
2662321
2662352
2662449
2662490
2662507
2662638
2662779
2662870
2662919
2663000
2663182
2663327
2663490
2663834
2663952
2664055
2664165
2664230
2664273
2664283
2664597
2664739
2664787
2664829
2664870
2664889
2664910
2664984
2665217
2665287
2665298
2665457
2665521
2665614
2665656
2665695
2665754
2665786
2665913
2666064
2666104
2666147
2666161
2666175
2666226
2666370
2666476
2666489
2666490
2666631
2666632
2666820
2667051
2667130
2667215
2667263
2667411
2667587
2667681
2667798
2668094
2668141
2668170
2668257
2668286
2668318
2668340
2668509
2668521
2668641
2668654
2668676
2668739
2668758
2668801
2668864
2669004
2669005
2669149
2669178
2669180
2669231
2669461
2669467
2669560
2669611
2669653
2669762
2669985
2670227
2670429
2670437
2670533
2670581
2670676
2670813
2671033
2671238
2671242
2671477
2671627
2671642
2671683
2671786
2671841
2671842
2672026
2672270
2672458
2672583
2672636
2672711
2673067
2673114
2673147
2673238
2673278
2673401
2673411
2673440
2673491
2674123
2674206
2674266
2674437
2674571
2674742
2675063
2675116
2675335
2675395
2675454
2675487
2675518
2675533
2675535
2675620
2676047
2676211
2676246
2676266
2676284
2676307
2676411
2676463
2676469
2676616
2676684
2676782
2676874
2677064
2677188
2677196
2677282
2677333
2677526
2677545
2677558
2677646
2677839
2677856
2677886
2678021
2678110
2678121
2678123
2678134
2678230
2678239
2678292
2678358
2678539
2678553
2678573
2678750
2678751
2678810
2678856
2679030
2679135
2679141
2679142
2679225
2679538
2679837
2679999
2680001
2680443
2680516
2680673
2680731
2680876
2680939
2681023
2681279
2681338
2681542
2681600
2681641
2682076
2682173
2682217
2682431
2682538
2682552
2682565
2682593
2682594
2682605
2682727
2682755
2683319
2683556
2683559
2683684
2683687
2683730
2683787
2683958
2683977
2684233
2684335
2684404
2684682
2684683
2684767
2684795
2685125
2685231
2685685
2685710
2685722
2685751
2685805
2685903
2685928
2685969
2685986
2686099
2686100
2686108
2686167
2686256
2686265
2686405
2686580
2686812
2686817
2686887
2687034
2687043
2687059
2687076
2687145
2687271
2687508
2687532
2687654
2687694
2687697
2687792
2687819
2687919
2687949
2688129
2688204
2688369
2688645
2688695
2688739
2688760
2688781
2688817
2688851
2688872
2688934
2689001
2689331
2689464
2689518
2689563
2689693
2689812
2689830
2689857
2689864
2689865
2690008
2690134
2690196
2690317
2690360
2690462
2690514
2690660
2690745
2690772
2690839
2690847
2690863
2690872
2691051
2691067
2691156
2691163
2691228
2691428
2691435
2691746
2691933
2692010
2692108
2692220
2692401
2692644
2692652
2692689
2692744
2693007
2693098
2693140
2693205
2693266
2693341
2693453
2693467
2693557
2693605
2693824
2693903
2694218
2694246
2694261
2694383
2694538
2694568
2694574
2694575
2694804
2694849
2694992
2695196
2695241
2695378
2695436
2695493
2695703
2695868
2695877
2696016
2696219
2696222
2696289
2696460
2696476
2696568
2696582
2696597
2696687
2696697
2696790
2696808
2696950
2696958
2696981
2697113
2697148
2697208
2697229
2697275
2697357
2697507
2697530
2697546
2697553
2697679
2697788
2697820
2697865
2697894
2698168
2698177
2698280
2698359
2698549
2698620
2698701
2698720
2698740
2698920
2698946
2698963
2699014
2699028
2699149
2699288
2699467
2699485
2699532
2699790
2700045
2700337
2700413
2700547
2700562
2700612
2700700
2700754
2700756
2700788
2700822
2700823
2700833
2700841
2700994
2701016
2701039
2701119
2701172
2701202
2701265
2701295
2701420
2701501
2701589
2701604
2701617
2701624
2701921
2702145
2702276
2702360
2702361
2702387
2702530
2702597
2702649
2702664
2702712
2702851
2702920
2702921
2703043
2703063
2703079
2703129
2703141
2703160
2703200
2703221
2703349
2703469
2703520
2703568
2703625
2704006
2704012
2704062
2704117
2704122
2704250
2704287
2704304
2704320
2704529
2704613
2704650
2704704
2704739
2704933
2705025
2705076
2705375
2705491
2705570
2705633
2705753
2705791
2705799
2705973
2705981
2706042
2706184
2706273
2706346
2706426
2706480
2706832
2707028
2707041
2707185
2707261
2707337
2707339
2707397
2707408
2707583
2707702
2707814
2707885
2707957
2708393
2708568
2708734
2708810
2708830
2708897
2708991
2709414
2709574
2709694
2709703
2709705
2709734
2709736
2709821
2710412
2710454
2710547
2710727
2710752
2710764
2710800
2710861
2710951
2711007
2711104
2711222
2711244
2711263
2711459
2711486
2711551
2711688
2712028
2712042
2712094
2712118
2712202
2712234
2712290
2712320
2712341
2712352
2712398
2712401
2712783
2712791
2712794
2712875
2712903
2713064
2713093
2713181
2713225
2713284
2713482
2713513
2713763
2713806
2713905
2714156
2714161
2714226
2714228
2714648
2715008
2715064
2715087
2715356
2715423
2715644
2715825
2715984
2716027
2716050
2716223
2716348
2716370
2716379
2716511
2716528
2716666
2716667
2716751
2716778
2716900
2716915
2717093
2717184
2717186
2717321
2717365
2717537
2717729
2717777
2717905
2718119
2718148
2718206
2718293
2718397
2718565
2718578
2718811
2718855
2718921
2718934
2718978
2719135
2719209
2719262
2719362
2719639
2719775
2719802
2719804
2719834
2719872
2719914
2719971
2720053
2720066
2720163
2720224
2720286
2720592
2720628
2720656
2720824
2720830
2720837
2720981
2721299
2721482
2721588
2721592
2721650
2721712
2722575
2722616
2722702
2722712
2722938
2722966
2723095
2723169
2723290
2723293
2723297
2723389
2723422
2723524
2723781
2723793
2723824
2723948
2724081
2724160
2724193
2724251
2724458
2724505
2724523
2724614
2724691
2724698
2724843
2724845
2724974
2725013
2725121
2725374
2725377
2725527
2725587
2725650
2725844
2725957
2726000
2726003
2726097
2726202
2726386
2726406
2726468
2726710
2726777
2726949
2726988
2727033
2727098
2727348
2727500
2727509
2727553
2727833
2727848
2727870
2727941
2728087
2728091
2728166
2728171
2728228
2728313
2728363
2728427
2728570
2728644
2728654
2728738
2728795
2728972
2729019
2729092
2729120
2729540
2729580
2729597
2729814
2729865
2730118
2730125
2730191
2730267
2730382
2730392
2730487
2730520
2730728
2730731
2730923
2730936
2730986
2731046
2731239
2731298
2731457
2731827
2732006
2732055
2732384
2732576
2732806
2732841
2732843
2733098
2733105
2733119
2733547
2733580
2733699
2733854
2733945
2734050
2734084
2734284
2734304
2734310
2734316
2734361
2734385
2734423
2734490
2734580
2734606
2734612
2734679
2734743
2734780
2734884
2734900
2734936
2735023
2735045
2735246
2735427
2735436
2735623
2735722
2735791
2735829
2735979
2736058
2736208
2736268
2736304
2736358
2736411
2736483
2736812
2736835
2737005
2737158
2737208
2737358
2737424
2737484
2737631
2737712
2737742
2737744
2737884
2738023
2738121
2738207
2738240
2738254
2738284
2738361
2738860
2738869
2739016
2739136
2739178
2739261
2739461
2739539
2739731
2739797
2739841
2739899
2740197
2740203
2740371
2740422
2740425
2740461
2740521
2740549
2740637
2740954
2741138
2741244
2741376
2741395
2741526
2741613
2741777
2741808
2742027
2742232
2742237
2742437
2742486
2742532
2742562
2742575
2742693
2742711
2742931
2742943
2742952
2743000
2743062
2743198
2743394
2743408
2743595
2743664
2743678
2743728
2743779
2743966
2743969
2743975
2743992
2744036
2744192
2744403
2744631
2744684
2744732
2744856
2744924
2745170
2745321
2745456
2745600
2745706
2745788
2745817
2745830
2745893
2745929
2745940
2746199
2746229
2746316
2746347
2746370
2746400
2746570
2746818
2746841
2746910
2746925
2747220
2747267
2747296
2747303
2747322
2747520
2747577
2747598
2747616
2747626
2747672
2747733
2747800
2748013
2748291
2748456
2748504
2748629
2748646
2748672
2748752
2748812
2748869
2748904
2749029
2749069
2749168
2749227
2749353
2749415
2749543
2749611
2749782
2749788
2749821
2749968
2749971
2750000
2750103
2750130
2750230
2750318
2750640
2750722
2750731
2750873
2750930
2750946
2751056
2751225
2751256
2751483
2751485
2751597
2751726
2751753
2751928
2751930
2752007
2752087
2752200
2752226
2752289
2752364
2752413
2752516
2752554
2753088
2753229
2753257
2753278
2753293
2753337
2753539
2753601
2753682
2753872
2753982
2754035
2754163
2754344
2754436
2754524
2754555
2754649
2754700
2754752
2754873
2755048
2755493
2755542
2755585
2755735
2755794
2755922
2755993
2755995
2756053
2756212
2756308
2756461
2756520
2756643
2756736
2756865
2757054
2757172
2757286
2757517
2757520
2757570
2757583
2757656
2757690
2757718
2757825
2757842
2757953
2758078
2758095
2758108
2758198
2758226
2758315
2758434
2758537
2758576
2758803
2758824
2759055
2759101
2759157
2759182
2759206
2759404
2759537
2759548
2759598
2759616
2759628
2759633
2759706
2759910
2759933
2760105
2760197
2760428
2760840
2761033
2761139
2761269
2761278
2761329
2761381
2761413
2761459
2761522
2761684
2761712
2761718
2761731
2761983
2761994
2762080
2762151
2762172
2762176
2762181
2762438
2762489
2762706
2762933
2762963
2762998
2763408
2763449
2763535
2763561
2763564
2763572
2763764
2763891
2763907
2763910
2763938
2763999
2764042
2764077
2764234
2764274
2764280
2764459
2764484
2764493
2764501
2764639
2764911
2764975
2765041
2765042
2765192
2765210
2765217
2765406
2765457
2765465
2765593
2765656
2765681
2765715
2765927
2766045
2766252
2766259
2766450
2766455
2766458
2766462
2766554
2766593
2766764
2766772
2766796
2767034
2767062
2767335
2767619
2767887
2767927
2767999
2768136
2768256
2768344
2768365
2768672
2768936
2768939
2769012
2769171
2769278
2769285
2769597
2769648
2769794
2769981
2770011
2770100
2770180
2770249
2770331
2770399
2770429
2770624
2770633
2770689
2770948
2771032
2771108
2771131
2771186
2771218
2771252
2771304
2771345
2771372
2771447
2771529
2771557
2771678
2771687
2771873
2771936
2772037
2772044
2772045
2772052
2772075
2772235
2772353
2772472
2772477
2772682
2772837
2772850
2772869
2773173
2773212
2773545
2773775
2773796
2774059
2774112
2774415
2774428
2774460
2774512
2774748
2774814
2774860
2774886
2774907
2775026
2775133
2775152
2775203
2775234
2775313
2775394
2775456
2775759
2775775
2775914
2776029
2776041
2776099
2776106
2776185
2776490
2776604
2776669
2776694
2776696
2776755
2776971
2776976
2777030
2777127
2777264
2777302
2777362
2777505
2777709
2777946
2778032
2778260
2778331
2778341
2778664
2778876
2778969
2778974
2779204
2779276
2779353
2779666
2779877
2780039
2780086
2780155
2780180
2780352
2780391
2780395
2780840
2780861
2780887
2780947
2781080
2781249
2781266
2781362
2781506
2781606
2781739
2781997
2782077
2782121
2782154
2782411
2782418
2782436
2782457
2782521
2782589
2782728
2782953
2783122
2783146
2783173
2783214
2783354
2783573
2783609
2783691
2783719
2783756
2783793
2783849
2784415
2784451
2785062
2785087
2785091
2785133
2785155
2785254
2785498
2785503
2785872
2786065
2786068
2786211
2786254
2786291
2786532
2786649
2786818
2787120
2787446
2787785
2787788
2787874
2787927
2787929
2787967
2788051
2788053
2788081
2788086
2788113
2788208
2788219
2788272
2788273
2788395
2788474
2788621
2788658
2788824
2788995
2789336
2789438
2789533
2789802
2790224
2790234
2790343
2790509
2790510
2790647
2790670
2790721
2790768
2791018
2791056
2791102
2791161
2791309
2791445
2791496
2791647
2791805
2791851
2791884
2791946
2791985
2791991
2792206
2792516
2792620
2792639
2792650
2792788
2792849
2792856
2792939
2793002
2793057
2793084
2793518
2793557
2793585
2793674
2793830
2793856
2794113
2794165
2794166
2794173
2794386
2794413
2794434
2794689
2794810
2794922
2795048
2795127
2795148
2795215
2795377
2795502
2795552
2795582
2795728
2795741
2795825
2795942
2795954
2796234
2796328
2796417
2796542
2796712
2796823
2796835
2797003
2797091
2797412
2797461
2797662
2797701
2797727
2797895
2798149
2798153
2798204
2798415
2798420
2798611
2798671
2798785
2798805
2798919
2798928
2798939
2799020
2799182
2799248
2799309
2799461
2799582
2799961
2799983
2800032
2800179
2800187
2800211
2800262
2800301
2800306
2800406
2800522
2800530
2800543
2800679
2800912
2801046
2801047
2801115
2801256
2801310
2801431
2801504
2801638
2801774
2801899
2801902
2801928
2802001
2802040
2802056
2802170
2802184
2802274
2802411
2802551
2802552
2802591
2802750
2802783
2802883
2803004
2803103
2803196
2803382
2803713
2803733
2804034
2804078
2804082
2804253
2804255
2804311
2804549
2804585
2804618
2804674
2804784
2804933
2804992
2805292
2805445
2805497
2805548
2805735
2805806
2805997
2806288
2806324
2806405
2806424
2806496
2806805
2806849
2806988
2807099
2807122
2807144
2807217
2807258
2807264
2807302
2807468
2807531
2807577
2807667
2807679
2807922
2808034
2808079
2808089
2808249
2808275
2808282
2808349
2808431
2808568
2808569
2808622
2808806
2808906
2809245
2809286
2809360
2809429
2809627
2809849
2809949
2810108
2810178
2810364
2810452
2810888
2810895
2810983
2811119
2811159
2811230
2811436
2811446
2811702
2811717
2811743
2811915
2811959
2811963
2812110
2812149
2812341
2812511
2812702
2812928
2813009
2813017
2813068
2813167
2813360
2813605
2813780
2813837
2814039
2814288
2814329
2814369
2814436
2814444
2814743
2814865
2815021
2815348
2815412
2815574
2815591
2815706
2815726
2816056
2816132
2816191
2816245
2816301
2816570
2816970
2817029
2817035
2817048
2817215
2817222
2817351
2817442
2817537
2817683
2817711
2817717
2817725
2817764
2817893
2818133
2818139
2818220
2818336
2818537
2818664
2818723
2818731
2818944
2818948
2819031
2819353
2819638
2819678
2819800
2819816
2820195
2820209
2820246
2820361
2820484
2820754
2820909
2820931
2821050
2821126
2821191
2821337
2821647
2821661
2821665
2821671
2821700
2821703
2821737
2821755
2822152
2822201
2822259
2822260
2822305
2822338
2822372
2822415
2822520
2822543
2822580
2822654
2822734
2822965
2823037
2823089
2823190
2823375
2823688
2823752
2823806
2823898
2823911
2823990
2824311
2824401
2824402
2824422
2824436
2824470
2824494
2824593
2824692
2824748
2824787
2824805
2824849
2824904
2824932
2825405
2825413
2825465
2825583
2825655
2825838
2825911
2825919
2825925
2826039
2826068
2826247
2826321
2826790
2826947
2826948
2826990
2827145
2827214
2827462
2827468
2827473
2827614
2827671
2827736
2827893
2827934
2827958
2828110
2828129
2828220
2828279
2828320
2828528
2828567
2828699
2828881
2829030
2829140
2829250
2829458
2829505
2829582
2829593
2829620
2829621
2829626
2829631
2829719
2829815
2829892
2829898
2829966
2830454
2830518
2830656
2830705
2830706
2830767
2830886
2831044
2831801
2832247
2832289
2832423
2832479
2832641
2832685
2832713
2832771
2832908
2832935
2832963
2833147
2833157
2833332
2833573
2833661
2834370
2834514
2834582
2834720
2834785
2834942
2834968
2835196
2835306
2835308
2835347
2835352
2835495
2835543
2835674
2835689
2835780
2835827
2835899
2835923
2836238
2836257
2836269
2836323
2836344
2836432
2836584
2836640
2836684
2836686
2836730
2836790
2836802
2836890
2836895
2837021
2837206
2837218
2837488
2837597
2837747
2837782
2837934
2838164
2838297
2838309
2838363
2838369
2838453
2838649
2838819
2838881
2839056
2839079
2839125
2839423
2839426
2839479
2839609
2839633
2839826
2839978
2840001
2840113
2840276
2840279
2840414
2840542
2840686
2840812
2840847
2840853
2840886
2840936
2840976
2840982
2841031
2841050
2841118
2841359
2841407
2841423
2841471
2841478
2841547
2841564
2841613
2841681
2841718
2841739
2841760
2841896
2841951
2841968
2842106
2842299
2842321
2842357
2842403
2842557
2842892
2843364
2843402
2843428
2843513
2843603
2843609
2843622
2843703
2843773
2843819
2844167
2844223
2844396
2844696
2844772
2844794
2844870
2845081
2845300
2845302
2845347
2845458
2845465
2845520
2845593
2845608
2845718
2845777
2845952
2846102
2846226
2846317
2846401
2846538
2846613
2846714
2846744
2847013
2847062
2847215
2847228
2847400
2847500
2847694
2847807
2848220
2848390
2848737
2848955
2849111
2849232
2849270
2849516
2849581
2849700
2849783
2849840
2849866
2849874
2849936
2849959
2849964
2849994
2850034
2850480
2850538
2850948
2851241
2851322
2851444
2851476
2851589
2851614
2851769
2851879
2852113
2852236
2852415
2852546
2852671
2852712
2852801
2852915
2852961
2852968
2852992
2853158
2853446
2853628
2853639
2853688
2853702
2854049
2854140
2854149
2854224
2854231
2854294
2854507
2854659
2854806
2855046
2855206
2855213
2855270
2855327
2855660
2855664
2855673
2855683
2855807
2855959
2856045
2856200
2856221
2856272
2856309
2856413
2856578
2856638
2856702
2856758
2856794
2856830
2856877
2856919
2857029
2857119
2857281
2857284
2857349
2857430
2857487
2857493
2857507
2857511
2857565
2857725
2857790
2857843
2858008
2858319
2858335
2858356
2858474
2858543
2858630
2858682
2858714
2858868
2858895
2858955
2859034
2859178
2859254
2859326
2859349
2859381
2859433
2859490
2859612
2859791
2859886
2860019
2860094
2860096
2860185
2860319
2860350
2860538
2860559
2860572
2860574
2860594
2860601
2860612
2860635
2860668
2860703
2860773
2860876
2861021
2861118
2861159
2861165
2861207
2861227
2861369
2861466
2861493
2861665
2861769
2861816
2862170
2862186
2862420
2862591
2862602
2862688
2862711
2862728
2863031
2863220
2863240
2863316
2863567
2863747
2863754
2863842
2863856
2864053
2864109
2864338
2864380
2864408
2864495
2864584
2864592
2864631
2864693
2864722
2865149
2865338
2865554
2865999
2866103
2866413
2866510
2866590
2866699
2866747
2866754
2866775
2866809
2866895
2867044
2867435
2867487
2867518
2867574
2867619
2867699
2867829
2867983
2868010
2868024
2868132
2868155
2868378
2868530
2868840
2869153
2869224
2869263
2869286
2869371
2869460
2869482
2869483
2869562
2869705
2869769
2869779
2869892
2869942
2870116
2870164
2870239
2870269
2870325
2870339
2870392
2870437
2870515
2870538
2870564
2870610
2870704
2870799
2870810
2870811
2870885
2871118
2871154
2871184
2871230
2871487
2871620
2871644
2871694
2871725
2871730
2871945
2872043
2872086
2872143
2872290
2872435
2872682
2872694
2872952
2873025
2873060
2873095
2873113
2873128
2873190
2873311
2873423
2873621
2873661
2873788
2873875
2873945
2874027
2874103
2874336
2874600
2874645
2874732
2875038
2875203
2875320
2875413
2875553
2875675
2875741
2875766
2875853
2875893
2875900
2875963
2876007
2876138
2876312
2876328
2876339
2876424
2876434
2876598
2876626
2876763
2876766
2876829
2876867
2876955
2876979
2877124
2877180
2877225
2877242
2877296
2877574
2878057
2878125
2878149
2878176
2878315
2878433
2878440
2878479
2878661
2878692
2878752
2878794
2878874
2879068
2879124
2879134
2879448
2879504
2879794
2879982
2880201
2880209
2880211
2880256
2880260
2880310
2880551
2880595
2880602
2880751
2880974
2880984
2881122
2881317
2881328
2881383
2881407
2881605
2881646
2881701
2881735
2881927
2881997
2882169
2882225
2882494
2882537
2883314
2883390
2883487
2883883
2883895
2884016
2884067
2884101
2884104
2884106
2884133
2884399
2884417
2884426
2884438
2884556
2884558
2884884
2885185
2885229
2885488
2885576
2885767
2885820
2885954
2886116
2886200
2886296
2886303
2886369
2886573
2886578
2886598
2886600
2886611
2886640
2886782
2887022
2887117
2887181
2887186
2887238
2887297
2887311
2887391
2887406
2887538
2887619
2887646
2887820
2887842
2888064
2888088
2888099
2888137
2888178
2888202
2888309
2888395
2888511
2888523
2888525
2888601
2888666
2888770
2888961
2888971
2889002
2889011
2889157
2889449
2889591
2889930
2889962
2889979
2890015
2890016
2890024
2890108
2890201
2890250
2890256
2890414
2890468
2890539
2890557
2890605
2890817
2890848
2891251
2891661
2891853
2891953
2892082
2892092
2892097
2892104
2892217
2892238
2892252
2892289
2892304
2892326
2892449
2892483
2892537
2892722
2892748
2892846
2892908
2893038
2893053
2893265
2893486
2893561
2893704
2893730
2893748
2893767
2893864
2893995
2894033
2894046
2894220
2894323
2894387
2894466
2894515
2894532
2894620
2895254
2895317
2895345
2895364
2895377
2895424
2895476
2895573
2895673
2895716
2895936
2895969
2896029
2896051
2896175
2896203
2896244
2896327
2896375
2896384
2896395
2896408
2896442
2896496
2896773
2897167
2897221
2897241
2897292
2897323
2897333
2897411
2897689
2897887
2898077
2898080
2898138
2898169
2898327
2898381
2898407
2898424
2898522
2898595
2898813
2898830
2898893
2898923
2899062
2899199
2899282
2899318
2899386
2899407
2899434
2899570
2899616
2899664
2899696
2899720
2899770
2899891
2900075
2900186
2900207
2900209
2900243
2900267
2900363
2900589
2900659
2900687
2900718
2900721
2900744
2900748
2900784
2900907
2900912
2901042
2901112
2901153
2901208
2901390
2901418
2901440
2901708
2901891
2901944
2901981
2901996
2902091
2902183
2902402
2902515
2902568
2902665
2902684
2902755
2902767
2902781
2902950
2903111
2903121
2903122
2903167
2903384
2903398
2903417
2903449
2903501
2903761
2903766
2903880
2903994
2904168
2904253
2904263
2904552
2904710
2904926
2905070
2905083
2905110
2905267
2905314
2905382
2905503
2905713
2905934
2906054
2906157
2906176
2906364
2906653
2906659
2906737
2906968
2907005
2907087
2907334
2907402
2907634
2907724
2907887
2907955
2908014
2908041
2908407
2908706
2908968
2908974
2909102
2909365
2909385
2909421
2909569
2909630
2909776
2910099
2910143
2910199
2910240
2910329
2910420
2910701
2910931
2911232
2911303
2911353
2911435
2911518
2911642
2911717
2911734
2911831
2912025
2912036
2912045
2912172
2912341
2912455
2912575
2912608
2912614
2912695
2912875
2913212
2913228
2913254
2913384
2913467
2913490
2913512
2913726
2913780
2913800
2913929
2913998
2914085
2914116
2914173
2914280
2914516
2914542
2914572
2914614
2914742
2914775
2914894
2914939
2914980
2915218
2915315
2915340
2915506
2915562
2915627
2915656
2915831
2915832
2915975
2916053
2916218
2916459
2916516
2916656
2916719
2916851
2916903
2917209
2917277
2917440
2917447
2917529
2917569
2917615
2918059
2918146
2918185
2918197
2918519
2918547
2918562
2918582
2918661
2918907
2919129
2919145
2919299
2919310
2919323
2919336
2919419
2919586
2919720
2919856
2919920
2919950
2920033
2920046
2920158
2920163
2920211
2920382
2920408
2920424
2920672
2920720
2920750
2920772
2920911
2921006
2921083
2921125
2921254
2921262
2921350
2921616
2921729
2921800
2921915
2921918
2921963
2922226
2922293
2922300
2922454
2922482
2922556
2922617
2922620
2922645
2922846
2922875
2923000
2923351
2923406
2923527
2923588
2923640
2923728
2923758
2924051
2924169
2924496
2924633
2924689
2924896
2924915
2924970
2924984
2925029
2925111
2925231
2925247
2925461
2925464
2925597
2925609
2925658
2925943
2925983
2926026
2926134
2926246
2926300
2926323
2926434
2926545
2926564
2926794
2927035
2927173
2927251
2927313
2927443
2927668
2927733
2927736
2927776
2927777
2928049
2928221
2928334
2928620
2928694
2928747
2929026
2929223
2929359
2929401
2929404
2929614
2929866
2929913
2929997
2930037
2930238
2930250
2930294
2930311
2930440
2930463
2930805
2930960
2931075
2931101
2931118
2931153
2931169
2931261
2931529
2931586
2931687
2931753
2931845
2931875
2931893
2931903
2931956
2931965
2931981
2932128
2932148
2932212
2932322
2932394
2932410
2932575
2932744
2932887
2932949
2932959
2933039
2933156
2933257
2933405
2933587
2933827
2933949
2934003
2934168
2934548
2934574
2934601
2934640
2934679
2934712
2934726
2934819
2934889
2935051
2935099
2935154
2935246
2935373
2935513
2935563
2935677
2935837
2935867
2936053
2936146
2936565
2936904
2936912
2936919
2936979
2937002
2937059
2937172
2937240
2937588
2937738
2937744
2937910
2937962
2938026
2938103
2938122
2938171
2938269
2938283
2938986
2938995
2939052
2939174
2939180
2939219
2939369
2939414
2939789
2939892
2939895
2940109
2940111
2940357
2940384
2940529
2940549
2940558
2940586
2940633
2940639
2940718
2940720
2940737
2941051
2941064
2941342
2941485
2941560
2941584
2941681
2941695
2941809
2941904
2942123
2942261
2942354
2942421
2942435
2942828
2942865
2942942
2942953
2942993
2943018
2943026
2943099
2943192
2943567
2943722
2943729
2943942
2944078
2944397
2944430
2944436
2944598
2944691
2944711
2944721
2944728
2944744
2944752
2944938
2944942
2944969
2945001
2945094
2945116
2945212
2945450
2945456
2945511
2945550
2945633
2945659
2945671
2945714
2945748
2945765
2945820
2945954
2945964
2945980
2945997
2946195
2946228
2946288
2946326
2946586
2946757
2947037
2947046
2947202
2947253
2947344
2947504
2947542
2947722
2947759
2947888
2948096
2948176
2948335
2948441
2948581
2948582
2948950
2948989
2949011
2949183
2949456
2949530
2949647
2949821
2949906
2949948
2949993
2950110
2950605
2950614
2950733
2950837
2951014
2951266
2951394
2951511
2951655
2951763
2951822
2951853
2951931
2952039
2952136
2952194
2952322
2952478
2952893
2952925
2952952
2953186
2953399
2953650
2953686
2953756
2953903
2953971
2954029
2954348
2954392
2954399
2954501
2954560
2954641
2954682
2954839
2954853
2954871
2955043
2955229
2955265
2955523
2955626
2955808
2956107
2956119
2956128
2956265
2956370
2956403
2956574
2956594
2956755
2956948
2956957
2957159
2957350
2957482
2957534
2957563
2957588
2957688
2957787
2957891
2958085
2958339
2958370
2958404
2958480
2958519
2958617
2958628
2958634
2958742
2958875
2958913
2959362
2959394
2959417
2959469
2959676
2959793
2959993
2960053
2960071
2960117
2960145
2960219
2960319
2960530
2960537
2960587
2960735
2960742
2961218
2961238
2961318
2961363
2961419
2961420
2961465
2961661
2961683
2961750
2961839
2962061
2962129
2962210
2962276
2962285
2962340
2962366
2962527
2962538
2962548
2962624
2962815
2962820
2963073
2963178
2963199
2963448
2963674
2963733
2963830
2963845
2963936
2964014
2964171
2964453
2964471
2964567
2964571
2964663
2964913
2964995
2965185
2965222
2965411
2965443
2965506
2965577
2965607
2965679
2965710
2965721
2965880
2965939
2965970
2966059
2966158
2966327
2966345
2966371
2966560
2966569
2966573
2966759
2966866
2966871
2966974
2967110
2967247
2967289
2967413
2967792
2967841
2967899
2967909
2967970
2968090
2968150
2968519
2968527
2968532
2968949
2968951
2969226
2969335
2969348
2969380
2969444
2969524
2969605
2969609
2969740
2969800
2970139
2970260
2970413
2970569
2970734
2970763
2970808
2970850
2970877
2971047
2971077
2971418
2971523
2971583
2971631
2971676
2971954
2972016
2972021
2972032
2972058
2972177
2972182
2972448
2972463
2972534
2972592
2972704
2972714
2972797
2972975
2973601
2973696
2973741
2973831
2973910
2974034
2974036
2974199
2974221
2974451
2974489
2974507
2974687
2974737
2974787
2974855
2974876
2974945
2974987
2975082
2975147
2975240
2975328
2975384
2975414
2975504
2975546
2975609
2975646
2975722
2975747
2975878
2976028
2976108
2976123
2976263
2976291
2976326
2976354
2976395
2976528
2976611
2976629
2976917
2977098
2977102
2977114
2977407
2977461
2977493
2977553
2977598
2977687
2977808
2977902
2977904
2977991
2978126
2978307
2978367
2978385
2978387
2978651
2978655
2978687
2978826
2978899
2978927
2979129
2979227
2979250
2979298
2979365
2979567
2979821
2979920
2980032
2980036
2980071
2980090
2980109
2980122
2980243
2980264
2980331
2980584
2980585
2980627
2981091
2981333
2981410
2981930
2982081
2982177
2982245
2982297
2982301
2982497
2982568
2982610
2982660
2982695
2982876
2983044
2983191
2983411
2983446
2983672
2983771
2983878
2983898
2984186
2984229
2984344
2984556
2984730
2984779
2984887
2984929
2984945
2985056
2985151
2985349
2985497
2985706
2985875
2985951
2985959
2986267
2986438
2986467
2986555
2986695
2986819
2986820
2986822
2986964
2986991
2987011
2987041
2987105
2987137
2987168
2987208
2987233
2987305
2987331
2987452
2987650
2987670
2988000
2988001
2988165
2988531
2988650
2988715
2988960
2988987
2988994
2989027
2989093
2989174
2989184
2989228
2989246
2989280
2989304
2989328
2989353
2989447
2989639
2989676
2989702
2989802
2989854
2990032
2990117
2990118
2990333
2990336
2990427
2990487
2990520
2990626
2990754
2990777
2990878
2990895
2990941
2991272
2991463
2991524
2991585
2991798
2991975
2992013
2992048
2992081
2992135
2992158
2992217
2992297
2992485
2992609
2992635
2992815
2992845
2992874
2993385
2993423
2993503
2993674
2993705
2993731
2994168
2994295
2994367
2994488
2994494
2994499
2994694
2994752
2994940
2994942
2994971
2995209
2995513
2995592
2995674
2995719
2995956
2996044
2996077
2996078
2996211
2996322
2996491
2996545
2996593
2996704
2996713
2996766
2996880
2996950
2997051
2997071
2997100
2997112
2997379
2997815
2997832
2997834
2997884
2997984
2998253
2998496
2998590
2998720
2998736
2998776
2998795
2998942
2998973
2999094
2999100
2999448
3000270
3000281
3000314
3000336
3000516
3000523
3000525
3000569
3000591
3000641
3000697
3000746
3000871
3000897
3000978
3001182
3001376
3001409
3001437
3001453
3001454
3001550
3001565
3001636
3001652
3001709
3001865
3001908
3002120
3002232
3002253
3002330
3002339
3002348
3002385
3002422
3002503
3002552
3002588
3002627
3002663
3002858
3002978
3003007
3003012
3003113
3003188
3003528
3003648
3004153
3004191
3004306
3004445
3004448
3004665
3004741
3004788
3004820
3005069
3005195
3005337
3005341
3005829
3005847
3005974
3006055
3006111
3006192
3006479
3006557
3006617
3006744
3006909
3006971
3007052
3007375
3007463
3007481
3007523
3007741
3007855
3007861
3007878
3008061
3008099
3008235
3008243
3008407
3008417
3008597
3008710
3008812
3008897
3008939
3009048
3009184
3009417
3009491
3009616
3009736
3009766
3009784
3009795
3009870
3009882
3010028
3010111
3010311
3010353
3010385
3010395
3010431
3010456
3010540
3010555
3010585
3010686
3010696
3010705
3010795
3010806
3010858
3011062
3011160
3011163
3011241
3011253
3011314
3011342
3011457
3011514
3011525
3011628
3011709
3011775
3011834
3011843
3011903
3011928
3012328
3012441
3012484
3012591
3012593
3012616
3012895
3012927
3012990
3012991
3013062
3013109
3013180
3013265
3013335
3013384
3013419
3013596
3013609
3013664
3013683
3013931
3013969
3014329
3014370
3014515
3014606
3014806
3014917
3014943
3015003
3015059
3015089
3015093
3015276
3015288
3015437
3015551
3015554
3015694
3015745
3015762
3015934
3016117
3016130
3016141
3016275
3016362
3016393
3016581
3016764
3016770
3016904
3017289
3017443
3017447
3017764
3017960
3017985
3018011
3018287
3018340
3018402
3018491
3018502
3018709
3018751
3018752
3018773
3018789
3018794
3018798
3018828
3018837
3018847
3019074
3019096
3019413
3019442
3019590
3019679
3019740
3019770
3019771
3019905
3019918
3020165
3020190
3020191
3020302
3020602
3020807
3021327
3021455
3021563
3021605
3021610
3021703
3021792
3021805
3021903
3021933
3022148
3022264
3022340
3022380
3022525
3022789
3022849
3022856
3022904
3022942
3023123
3023133
3023349
3023522
3023694
3023738
3023942
3023944
3024055
3024067
3024243
3024278
3024330
3024343
3024621
3024627
3024727
3024800
3024981
3025276
3025643
3025729
3025767
3026265
3026343
3026353
3026461
3026464
3026486
3026492
3026577
3026674
3026858
3027021
3027051
3027066
3027217
3027352
3027373
3027539
3027589
3027916
3027975
3027976
3028030
3028101
3028178
3028211
3028383
3028686
3028690
3028811
3028995
3029109
3029115
3029432
3029549
3029686
3029761
3029842
3029898
3030093
3030374
3030409
3030426
3030485
3030663
3030741
3030912
3031188
3031256
3031263
3031308
3031427
3031462
3031606
3031792
3031943
3031950
3032011
3032028
3032134
3032358
3032565
3032725
3032950
3032958
3032996
3033036
3033081
3033126
3033134
3033289
3033328
3033440
3033493
3033614
3033697
3033803
3033947
3034127
3034235
3034483
3034832
3034873
3034979
3034980
3035061
3035124
3035248
3035394
3035433
3035610
3035847
3035868
3035891
3035921
3035979
3035994
3036206
3036374
3036463
3036572
3036687
3036772
3037000
3037180
3037331
3037421
3037529
3037674
3038087
3038090
3038125
3038292
3038420
3038532
3038820
3038845
3039030
3039084
3039202
3039271
3039307
3039506
3039547
3039632
3039831
3039951
3039994
3040085
3040110
3040239
3040256
3040283
3040321
3040416
3040821
3040939
3041021
3041097
3041154
3041217
3041234
3041255
3041309
3041429
3041625
3041693
3041864
3041989
3041997
3042240
3042276
3042550
3042554
3042660
3042701
3042936
3042996
3043189
3043236
3043348
3043368
3043402
3043465
3043497
3043533
3043611
3043638
3044212
3044236
3044290
3044397
3044479
3044546
3044603
3044606
3045481
3045567
3045788
3045879
3046367
3046402
3046500
3046547
3046611
3046970
3047035
3047066
3047106
3047121
3047191
3047206
3047286
3047295
3047450
3047464
3047694
3047725
3047824
3048000
3048027
3048038
3048178
3048183
3048418
3048733
3049033
3049273
3049352
3049386
3049409
3049602
3049681
3049779
3049858
3050307
3050496
3050890
3051152
3051227
3051232
3051269
3051499
3051585
3051732
3051807
3051813
3051872
3051922
3052093
3052121
3052134
3052181
3052219
3052382
3052550
3052647
3052662
3052781
3052995
3053085
3053362
3053384
3053494
3053548
3053613
3053731
3053788
3053811
3053899
3054019
3054038
3054253
3054358
3054394
3054470
3054473
3054537
3054540
3054558
3054752
3054916
3054929
3054998
3055061
3055146
3055150
3055238
3055255
3055510
3055621
3055856
3055858
3055890
3055919
3055936
3055975
3055999
3056025
3056690
3056722
3056730
3056741
3056766
3056885
3056886
3056972
3057013
3057172
3057191
3057200
3057369
3057567
3057658
3057734
3057841
3057882
3057884
3058013
3058191
3058323
3058325
3058358
3058673
3058780
3058860
3058873
3058882
3058950
3059055
3059111
3059168
3059291
3059383
3060003
3060157
3060568
3060632
3060635
3060761
3060772
3061158
3061221
3061534
3061575
3061597
3061677
3062087
3062190
3062271
3062327
3062443
3062530
3062574
3062595
3062796
3062828
3062898
3062991
3063034
3063050
3063092
3063220
3063530
3063627
3063780
3063881
3063931
3063973
3064046
3064154
3064229
3064366
3064447
3064516
3064589
3064678
3064718
3064760
3064943
3064980
3065072
3065076
3065086
3065287
3065288
3065433
3065515
3065685
3065726
3065796
3065901
3066008
3066057
3066107
3066127
3066205
3066354
3066436
3066567
3066609
3066611
3066696
3066848
3066873
3066973
3067057
3067257
3067324
3067397
3067494
3067517
3067536
3067561
3067594
3067671
3067770
3067854
3067920
3067929
3068013
3068026
3068097
3068120
3068374
3068465
3068738
3068854
3068954
3068997
3069169
3069244
3069358
3069423
3069468
3069498
3069703
3069731
3069919
3069970
3070002
3070198
3070254
3070409
3070435
3070464
3070477
3070617
3070689
3070738
3070812
3070830
3070942
3071013
3071175
3071219
3071434
3071474
3071500
3071550
3071586
3071744
3071754
3071823
3071934
3072129
3072202
3072216
3072386
3072535
3072765
3072916
3072925
3073000
3073042
3073141
3073219
3073227
3073311
3073490
3073652
3073681
3073708
3073766
3074000
3074008
3074379
3074392
3074448
3074500
3074793
3075023
3075035
3075059
3075296
3075606
3075706
3075963
3076030
3076435
3076476
3076547
3076745
3076783
3076989
3077017
3077151
3077217
3077259
3077355
3077439
3077467
3077556
3077574
3077611
3077716
3077718
3077725
3078070
3078186
3078272
3078493
3078508
3078601
3078845
3078888
3078988
3078998
3079207
3079218
3079241
3079279
3079440
3079559
3079605
3079665
3079788
3079809
3079810
3080127
3080152
3080258
3080390
3080505
3080523
3080592
3080648
3080699
3080819
3080851
3081018
3081042
3081122
3081180
3081231
3081315
3081323
3081328
3081343
3081409
3081501
3081528
3081595
3081696
3081922
3081946
3082016
3082031
3082121
3082146
3082217
3082403
3082536
3082638
3082793
3082912
3082943
3083186
3083508
3083548
3083612
3083615
3083653
3083738
3083756
3083825
3084190
3084387
3084514
3084692
3084726
3084795
3084832
3085000
3085011
3085185
3085297
3085333
3085364
3085500
3085559
3085760
3086071
3086127
3086208
3086593
3086612
3086832
3086871
3086885
3087003
3087121
3087421
3087485
3087623
3087799
3087835
3087927
3088035
3088328
3088488
3088503
3088610
3088826
3088843
3088889
3089011
3089049
3089061
3089083
3089093
3089128
3089148
3089229
3089239
3089383
3089402
3089438
3089580
3089599
3089637
3089683
3090201
3090218
3090514
3090682
3090770
3090806
3090824
3091001
3091217
3091309
3091314
3091339
3091383
3091401
3091406
3091407
3091541
3091595
3091815
3091933
3092086
3092120
3092157
3092280
3092780
3092812
3092867
3093044
3093054
3093083
3093184
3093258
3093277
3093477
3093478
3093499
3093535
3093590
3093710
3093802
3093817
3093866
3093886
3093990
3094043
3094140
3094182
3094195
3094219
3094221
3094239
3094466
3094500
3094638
3094648
3094671
3094708
3095282
3095390
3095652
3095706
3095915
3095970
3096032
3096042
3096173
3096204
3096222
3096406
3096604
3096665
3096697
3096914
3096918
3097092
3097108
3097115
3097128
3097158
3097411
3097414
3097455
3097485
3097520
3097648
3097755
3097778
3097857
3097865
3097899
3098119
3098281
3098301
3098453
3098679
3098885
3098979
3098989
3099114
3099209
3099391
3099433
3099589
3099678
3100170
3100540
3100758
3100788
3100924
3101362
3101365
3101420
3101422
3101442
3101503
3101564
3101606
3101701
3101899
3101900
3102015
3102107
3102390
3102493
3102604
3102657
3102873
3103071
3103268
3103309
3103361
3103365
3103396
3103758
3103792
3103826
3103832
3103847
3103867
3104037
3104038
3104075
3104085
3104163
3104366
3104793
3104937
3104976
3105068
3105178
3105291
3105466
3105518
3105624
3105643
3105676
3105728
3105730
3105742
3105814
3105820
3105853
3105898
3105987
3106066
3106112
3106177
3106346
3106388
3106455
3106473
3106490
3106889
3106902
3106993
3106999
3107169
3107263
3107324
3107410
3107493
3107538
3107599
3107828
3107940
3107981
3108061
3108069
3108113
3108128
3108168
3108247
3108251
3108342
3108427
3108597
3108795
3108980
3109302
3109628
3109686
3109742
3109766
3109827
3109927
3109935
3109992
3110043
3110124
3110296
3110322
3110389
3110480
3110547
3110857
3110932
3111036
3111084
3111099
3111297
3111379
3111385
3111404
3111478
3111530
3111533
3111569
3111891
3111914
3111986
3112530
3112559
3112671
3112697
3112717
3112742
3113053
3113203
3113423
3113636
3113874
3113920
3113987
3114037
3114185
3114476
3114572
3114593
3114622
3114631
3114694
3114763
3114784
3114808
3114934
3114974
3114981
3115041
3115045
3115047
3115127
3115519
3115631
3115653
3115690
3115723
3115918
3116002
3116014
3116060
3116349
3116362
3116445
3116513
3116545
3116617
3116625
3116703
3116759
3116764
3116912
3116924
3116945
3117025
3117062
3117068
3117158
3117267
3117417
3117537
3117794
3117921
3117982
3118093
3118099
3118293
3118520
3118621
3118641
3118746
3118992
3119014
3119022
3119056
3119230
3119268
3119455
3119564
3119611
3119940
3120017
3120105
3120138
3120179
3120203
3120301
3120450
3120461
3120837
3120935
3121010
3121041
3121076
3121397
3121409
3121414
3121575
3122063
3122488
3122543
3122547
3122561
3122599
3122820
3122893
3122894
3122914
3123180
3123315
3123325
3123413
3123419
3123585
3123586
3123794
3123943
3124123
3124163
3124309
3124415
3124429
3124526
3124635
3124721
3124790
3124840
3125159
3125163
3125175
3125192
3125262
3125279
3125291
3125390
3125410
3125419
3125498
3125566
3125681
3125856
3125924
3125930
3126187
3126333
3126402
3126407
3126522
3126645
3126799
3126833
3126918
3127007
3127115
3127226
3127338
3127361
3127456
3127476
3127499
3127602
3127637
3127758
3127782
3127850
3128051
3128184
3128280
3128321
3128335
3128418
3128422
3128429
3128584
3128692
3128921
3128981
3129151
3129248
3129403
3129486
3129494
3129581
3129884
3130154
3130407
3130431
3130540
3130615
3130674
3130696
3130845
3130976
3131035
3131133
3131189
3131360
3131402
3131414
3131417
3131455
3131577
3131588
3131925
3131941
3131956
3131962
3131972
3131996
3132117
3132118
3132210
3132420
3132446
3132777
3132843
3132950
3132960
3132980
3133115
3133236
3133351
3133398
3133524
3133535
3133584
3133634
3133947
3134202
3134375
3134448
3134474
3134513
3134579
3134638
3134966
3135137
3135201
3135265
3135490
3135549
3135568
3135574
3135701
3136189
3136253
3136311
3136317
3136449
3136475
3136696
3137054
3137336
3137418
3137544
3137941
3138108
3138125
3138155
3138275
3138279
3138409
3138492
3138582
3138656
3138704
3138774
3138871
3138881
3138883
3139493
3139570
3139633
3139929
3139952
3139980
3140104
3140173
3140186
3140376
3140384
3140687
3140695
3140742
3140768
3140800
3140808
3140879
3141145
3141154
3141206
3141233
3141625
3141658
3141660
3141675
3141712
3141742
3141781
3141922
3141954
3142139
3142202
3142293
3142593
3142764
3142823
3143182
3143593
3143641
3144038
3144183
3144185
3144202
3144355
3144395
3144457
3144461
3144467
3144511
3144550
3144561
3144646
3144667
3144733
3144910
3144961
3145072
3145098
3145223
3145670
3145691
3145718
3145847
3145889
3146006
3146048
3146235
3146270
3146286
3146349
3146382
3146384
3146462
3146488
3146505
3146860
3146897
3146922
3146954
3146968
3146984
3147019
3147113
3147145
3147161
3147209
3147328
3147544
3147570
3147594
3147793
3147924
3147930
3147971
3148097
3148120
3148391
3148409
3148561
3148616
3148640
3148690
3148797
3148855
3149018
3149158
3149269
3149307
3149466
3149482
3149869
3149873
3149890
3149925
3149961
3150020
3150043
3150059
3150234
3150329
3150377
3150387
3150545
3150609
3150660
3150807
3150890
3151006
3151074
3151245
3151437
3151464
3151693
3151715
3151823
3151833
3151993
3152010
3152136
3152281
3152373
3152484
3152524
3152628
3152766
3152890
3153006
3153092
3153289
3153457
3153620
3153650
3153719
3154056
3154215
3154260
3154430
3154625
3154662
3154681
3154839
3154865
3155063
3155182
3155208
3155229
3155238
3155246
3155507
3155750
3155956
3155971
3156015
3156141
3156146
3156165
3156196
3156280
3156359
3156437
3156606
3156812
3156904
3156965
3156974
3157029
3157817
3157916
3158037
3158169
3158207
3158751
3159001
3159013
3159168
3159200
3159259
3159298
3159417
3159464
3159477
3159570
3159581
3159629
3159635
3159646
3159916
3159931
3159940
3160127
3160401
3160454
3160579
3160692
3160715
3160748
3161042
3161086
3161354
3161555
3161616
3161660
3161696
3161704
3161995
3162086
3162088
3162093
3162164
3162779
3162801
3162803
3162812
3163193
3163300
3163485
3163513
3163564
3163654
3163674
3163787
3163838
3164031
3164172
3164223
3164277
3164593
3164703
3164777
3164822
3164959
3164992
3165040
3165045
3165046
3165089
3165135
3165262
3165367
3165392
3165565
3165665
3165786
3165920
3165995
3166039
3166297
3166460
3166611
3166687
3166733
3166802
3166806
3166825
3166871
3166963
3167037
3167212
3167338
3167383
3167498
3167540
3167623
3167704
3167715
3167975
3167980
3168151
3168215
3168253
3168392
3168406
3168618
3168677
3168682
3168724
3168740
3168876
3168924
3168936
3169080
3169128
3169232
3169415
3169477
3169692
3169734
3169856
3169944
3169986
3170269
3170278
3170363
3170370
3170478
3170513
3170585
3170599
3170653
3170760
3170834
3170846
3170905
3171052
3171156
3171275
3171577
3171648
3171827
3172259
3172488
3172631
3172684
3172708
3172791
3172820
3172845
3172927
3172982
3173040
3173124
3173328
3173577
3173744
3173749
3173879
3173935
3173992
3173995
3173996
3174029
3174102
3174472
3174568
3174944
3175052
3175131
3175153
3175193
3175256
3175314
3175419
3175456
3175494
3175589
3175861
3175931
3176247
3176249
3176285
3176314
3176350
3176373
3176400
3176456
3176485
3176601
3176735
3176822
3176955
3177043
3177283
3177427
3177678
3178123
3178290
3178390
3178445
3178564
3178638
3178729
3178856
3178881
3179028
3179054
3179059
3179161
3179187
3179244
3179274
3179406
3179478
3179535
3179571
3179665
3180165
3180216
3180344
3180505
3180701
3180874
3180895
3180908
3180966
3180988
3181053
3181098
3181208
3181339
3181560
3181696
3181806
3181852
3181872
3181883
3181899
3181922
3181985
3182008
3182047
3182135
3183046
3183097
3183144
3183283
3183412
3183542
3183551
3183751
3183933
3184205
3184499
3184570
3184583
3184598
3184740
3184829
3185004
3185021
3185297
3185324
3185585
3185875
3185972
3185974
3186002
3186037
3186038
3186171
3186365
3186379
3186461
3186685
3186769
3186809
3186846
3186874
3186933
3187005
3187051
3187089
3187222
3187322
3187430
3187452
3187551
3187689
3187721
3187730
3187736
3188012
3188219
3188318
3188413
3188568
3188623
3188716
3188812
3188819
3189112
3189193
3189267
3189405
3189575
3189683
3189719
3189971
3190091
3190142
3190238
3190274
3190284
3190309
3190372
3190605
3190609
3190778
3190869
3191018
3191105
3191221
3191306
3191313
3191335
3191434
3191468
3191499
3191652
3191671
3191675
3191758
3191846
3191965
3192058
3192067
3192088
3192122
3192246
3192260
3192345
3192383
3192486
3192506
3192683
3192689
3192708
3192727
3192763
3192985
3192996
3193033
3193148
3193150
3193166
3193317
3193335
3193367
3193752
3193928
3194120
3194151
3194163
3194249
3194502
3194741
3194742
3194813
3194971
3195084
3195087
3195302
3195305
3195605
3195698
3195710
3195774
3195862
3195960
3196000
3196017
3196112
3196374
3196430
3196577
3196678
3196717
3196961
3197044
3197081
3197084
3197085
3197090
3197093
3197501
3197641
3197659
3197782
3197869
3198015
3198161
3198173
3198310
3198317
3198480
3198580
3198604
3198909
3198972
3199097
3199190
3199200
3199288
3199390
3199484
3199506
3199600
3199656
3199760
3199890
3200041
3200280
3200287
3200294
3200429
3200534
3200592
3200656
3201235
3201476
3201548
3201565
3201818
3201860
3201945
3201981
3202042
3202125
3202127
3202293
3202313
3202493
3202495
3202630
3202872
3202893
3202916
3203012
3203020
3203143
3203468
3203792
3204126
3204247
3204268
3204326
3204327
3204330
3204361
3204527
3204566
3204612
3204743
3204947
3205089
3205260
3205502
3205633
3205640
3205717
3205749
3205868
3205913
3206120
3206192
3206277
3206300
3206306
3206337
3206503
3206538
3206727
3206866
3206894
3206908
3207144
3207271
3207559
3207803
3207954
3208069
3208083
3208273
3208284
3208502
3208576
3208581
3208757
3208808
3208919
3208953
3208962
3209118
3209280
3209290
3209447
3209584
3209681
3209737
3209898
3210006
3210222
3210371
3210431
3210464
3210475
3210600
3210631
3210669
3210721
3210774
3210782
3210896
3210935
3211275
3211298
3211396
3211453
3211593
3211628
3211695
3211741
3211837
3211840
3211891
3212090
3212126
3212202
3212653
3212655
3212804
3213045
3213111
3213248
3213353
3213381
3213443
3213445
3213533
3213560
3213682
3213772
3213914
3214183
3214369
3214598
3214717
3214885
3214899
3214926
3214945
3214998
3215057
3215078
3215162
3215243
3215402
3215432
3215668
3215717
3215757
3215890
3216361
3216468
3216532
3216572
3216718
3217057
3217148
3217287
3217413
3217513
3217708
3217750
3217904
3217938
3218092
3218276
3218322
3218337
3218344
3218511
3218540
3218599
3218816
3219000
3219215
3219229
3219230
3219263
3219511
3219531
3219570
3219645
3219646
3219660
3219927
3220008
3220093
3220101
3220218
3220326
3220709
3220729
3220971
3221039
3221040
3221075
3221123
3221150
3221398
3221403
3221459
3221524
3221706
3221766
3221791
3221909
3222200
3222349
3222392
3222473
3222671
3222793
3222925
3223099
3223207
3223350
3223488
3223525
3223549
3223650
3223883
3223910
3223944
3224483
3224660
3224661
3224708
3224853
3225002
3225103
3225281
3225287
3225318
3225344
3225394
3225399
3225424
3225637
3225787
3225805
3225806
3226184
3226212
3226234
3226362
3226402
3226470
3226522
3226630
3226750
3226968
3227016
3227024
3227052
3227098
3227115
3227294
3227565
3227576
3227689
3227715
3227731
3227740
3227750
3227764
3227806
3227927
3228282
3228385
3228477
3228714
3228736
3228741
3228770
3228828
3229259
3229272
3229622
3229766
3229924
3230017
3230281
3230299
3230301
3230314
3230344
3230543
3230617
3230651
3230784
3230822
3230875
3231017
3231044
3231054
3231126
3231356
3231373
3231448
3231471
3231535
3231900
3232268
3232359
3232553
3232571
3232867
3232914
3233009
3233069
3233090
3233184
3233196
3233290
3233313
3233352
3233364
3233466
3233554
3233574
3233608
3233731
3233857
3233886
3234003
3234121
3234150
3234159
3234337
3234500
3234603
3234620
3234837
3234848
3235053
3235061
3235137
3235216
3235269
3235280
3235729
3235896
3235910
3235963
3236084
3236092
3236096
3236133
3236370
3236647
3236661
3237114
3237202
3237281
3237428
3237564
3237716
3237824
3237961
3238143
3238217
3238365
3238427
3238637
3238892
3239074
3239077
3239158
3239248
3239302
3239578
3239910
3239988
3240028
3240127
3240568
3240579
3240723
3240874
3240875
3241007
3241026
3241052
3241080
3241162
3241192
3241977
3242025
3242038
3242168
3242181
3242327
3242468
3242537
3242595
3243249
3243325
3243374
3243410
3243511
3243518
3243728
3243736
3244054
3244240
3244246
3244349
3244781
3244795
3244907
3244945
3244985
3245079
3245142
3245407
3245627
3245810
3245918
3245997
3246125
3246185
3246341
3246398
3246462
3246706
3246892
3247007
3247047
3247186
3247220
3247247
3247336
3247450
3247464
3247555
3247581
3247927
3247961
3248196
3248219
3248405
3248462
3248613
3248658
3248915
3248970
3249006
3249207
3249374
3249568
3249726
3249778
3249850
3249863
3249938
3249984
3250046
3250082
3250093
3250433
3250464
3250558
3250603
3250730
3250860
3250933
3250972
3250996
3251185
3251203
3251230
3251327
3251610
3251700
3251847
3252021
3252023
3252069
3252331
3252377
3252458
3252605
3252708
3252792
3252856
3253003
3253097
3253126
3253152
3253158
3253173
3253198
3253414
3253494
3253577
3253669
3253676
3253683
3253746
3253823
3253854
3253943
3253949
3254064
3254096
3254108
3254242
3254266
3254566
3254572
3254669
3254725
3254780
3254909
3254944
3255011
3255013
3255047
3255145
3255148
3255221
3255229
3255333
3255491
3255493
3255513
3255573
3255575
3255888
3255903
3255914
3255918
3255967
3256111
3256128
3256149
3256259
3256522
3256672
3256713
3256931
3256986
3257117
3257231
3257365
3257395
3257489
3257644
3257744
3257756
3257835
3257903
3258152
3258153
3258227
3258297
3258345
3258350
3258590
3258636
3258752
3259071
3259186
3259445
3259732
3259742
3259843
3259861
3259957
3260073
3260284
3260308
3260319
3260611
3260767
3260866
3261092
3261117
3261130
3261399
3261502
3261505
3261536
3261641
3261676
3261905
3261987
3262068
3262106
3262275
3262547
3262562
3262629
3262721
3262872
3262957
3263002
3263146
3263380
3263396
3263427
3263475
3263851
3263883
3263891
3263917
3264094
3264286
3264380
3264485
3264557
3264693
3264786
3264914
3264975
3265005
3265015
3265141
3265216
3265256
3265345
3265435
3266188
3266333
3266598
3266705
3266762
3266829
3266853
3266856
3266889
3266956
3267260
3267287
3267414
3267518
3267584
3267773
3267864
3268211
3268555
3268956
3269003
3269047
3269108
3269256
3269465
3269642
3269767
3269849
3269996
3270023
3270298
3270483
3270705
3270937
3270965
3270995
3271018
3271202
3271272
3271417
3271425
3271448
3271561
3271600
3271613
3271643
3271663
3271715
3271804
3271839
3271880
3272156
3272217
3272519
3272619
3272659
3272788
3272843
3273011
3273088
3273194
3273300
3273515
3273645
3273736
3273788
3274030
3274218
3274224
3274268
3274312
3274359
3274379
3274604
3274642
3274771
3274788
3274845
3274901
3275447
3275661
3275668
3275745
3275820
3275935
3275960
3276038
3276086
3276106
3276245
3276294
3276491
3276684
3276761
3276812
3276832
3276935
3277014
3277175
3277205
3277342
3277353
3277548
3277932
3277997
3278088
3278106
3278347
3278373
3278549
3278551
3278575
3278727
3278797
3278826
3278873
3278889
3278965
3279847
3279960
3280001
3280042
3280286
3280474
3280519
3280566
3280618
3280663
3280960
3280988
3281052
3281179
3281312
3281403
3281564
3281567
3281631
3281689
3281694
3281733
3281813
3281828
3281851
3281932
3281939
3282033
3282047
3282072
3282115
3282357
3282463
3282603
3282688
3282742
3282852
3282875
3283019
3283101
3283157
3283468
3283552
3283588
3283739
3283954
3284109
3284161
3284215
3284292
3284401
3284420
3284623
3284646
3284956
3285089
3285110
3285203
3285218
3285328
3285434
3285810
3285881
3285963
3286009
3286096
3286283
3286338
3286430
3286508
3286683
3287058
3287095
3287118
3287126
3287128
3287244
3287397
3287519
3287685
3287840
3287897
3287925
3288125
3288220
3288250
3288313
3288348
3288436
3288726
3288786
3288814
3288837
3288924
3289034
3289051
3289244
3289631
3289838
3289937
3289982
3290056
3290124
3290139
3290250
3290377
3290379
3290489
3290583
3290653
3290835
3290864
3290904
3291312
3291400
3291411
3291452
3291534
3291542
3291834
3291853
3292085
3292329
3292479
3292641
3292666
3292762
3292830
3293176
3293386
3293483
3293566
3293575
3293702
3293718
3293993
3294010
3294196
3294272
3294370
3294419
3294522
3294946
3294947
3294964
3295066
3295136
3295192
3295200
3295206
3295242
3295554
3295589
3295686
3295968
3296008
3296210
3296471
3296526
3296601
3296767
3296772
3296829
3296845
3296942
3297230
3297251
3297312
3297446
3297529
3297535
3297689
3297876
3298014
3298027
3298030
3298086
3298130
3298181
3298211
3298301
3298438
3298749
3298790
3299071
3299346
3299501
3299569
3299633
3299656
3299677
3299827
3299958
3299967
3300076
3300157
3300187
3300425
3300617
3300618
3300680
3300687
3300811
3300821
3300832
3300914
3301181
3301183
3301394
3301501
3301575
3301628
3301636
3301804
3301838
3301867
3301868
3301996
3302039
3302143
3302219
3302227
3302272
3302278
3302287
3302314
3302442
3302705
3302877
3303095
3303116
3303175
3303284
3303518
3303617
3303697
3303738
3303876
3303909
3303990
3304201
3304271
3304376
3304466
3304477
3304518
3304568
3304595
3304626
3304754
3304824
3304849
3305018
3305116
3305211
3305222
3305469
3305483
3305525
3305700
3305834
3305879
3306014
3306029
3306087
3306245
3306294
3306439
3306725
3306845
3306876
3306949
3307084
3307536
3307635
3307712
3307874
3308003
3308018
3308029
3308106
3308135
3308166
3308476
3308486
3308520
3308538
3308728
3309072
3309102
3309161
3309181
3309192
3309221
3309306
3309380
3309555
3309676
3309715
3309826
3309982
3310044
3310138
3310360
3310361
3310369
3310476
3310602
3310790
3310804
3310936
3310994
3311165
3311424
3311431
3311998
3312090
3312185
3312204
3312351
3312386
3312494
3312498
3312548
3312727
3312803
3313032
3313066
3313151
3313234
3313324
3313435
3313453
3313511
3313512
3314028
3314093
3314175
3314254
3314422
3314472
3314546
3314649
3314758
3314927
3314944
3315014
3315015
3315272
3315284
3315352
3315482
3315594
3315798
3315812
3315903
3316196
3316265
3316302
3316366
3316389
3316517
3316569
3316641
3316666
3316784
3316809
3316838
3316886
3317036
3317229
3317268
3317344
3317648
3317695
3317754
3317935
3317979
3318000
3318128
3318137
3318188
3318204
3318214
3318813
3319036
3319084
3319141
3319223
3319229
3319303
3319352
3319388
3319515
3319527
3319531
3319632
3319762
3319795
3319796
3319815
3319921
3320007
3320119
3320318
3320447
3320609
3320625
3320843
3321094
3321182
3321213
3321428
3321442
3321450
3321517
3321522
3321568
3321731
3321948
3322053
3322064
3322235
3322310
3322636
3323167
3323322
3323458
3323681
3323823
3323846
3323908
3323965
3324019
3324099
3324165
3324192
3324300
3324353
3324402
3324509
3324689
3324858
3324884
3325005
3325268
3325346
3325496
3325637
3325866
3326011
3326066
3326498
3326554
3326820
3327069
3327402
3327419
3327503
3327526
3327562
3327583
3327624
3327655
3327683
3327800
3327962
3328038
3328332
3328414
3328443
3328549
3328759
3328983
3329102
3329125
3329136
3329227
3329362
3329552
3329666
3329733
3329886
3330166
3330323
3330486
3330504
3330575
3330701
3330859
3330972
3330993
3331132
3331141
3331185
3331275
3331281
3331321
3331433
3331586
3331604
3331632
3331720
3331745
3331935
3332050
3332066
3332244
3332354
3332496
3332498
3332528
3332543
3332691
3332786
3332799
3332855
3332888
3332898
3332930
3332933
3332968
3333020
3333253
3333318
3333654
3333752
3333852
3333919
3333998
3334401
3334521
3334642
3334743
3334793
3334956
3335105
3335167
3335230
3335260
3335506
3335582
3335607
3335629
3335771
3335816
3335976
3336091
3336198
3336215
3336236
3336308
3336329
3336470
3336521
3336536
3336661
3336677
3336722
3336860
3336875
3336929
3337149
3337335
3337673
3337763
3337814
3337845
3337889
3338168
3338182
3338586
3338663
3338739
3338753
3338771
3338810
3338832
3338848
3339274
3339359
3339605
3339686
3339712
3339770
3339989
3339993
3340066
3340300
3340332
3340366
3340609
3341038
3341180
3341244
3341269
3341287
3341346
3341368
3341384
3341415
3341417
3341464
3341589
3341614
3341933
3341979
3342062
3342080
3342086
3342232
3342390
3342466
3342511
3342663
3342812
3342831
3342865
3342873
3343061
3343077
3343329
3343354
3343385
3343523
3343561
3343602
3343739
3343914
3343979
3343981
3343994
3344022
3344068
3344173
3344209
3344214
3344226
3344428
3344451
3344485
3344539
3344648
3344680
3344815
3344989
3345070
3345091
3345132
3345187
3345222
3345381
3345411
3345416
3345552
3345726
3345758
3345803
3345818
3345965
3346226
3346321
3346370
3346543
3346608
3346661
3346760
3346800
3346808
3346890
3346929
3347339
3347443
3347584
3347589
3347592
3347609
3347657
3347668
3347700
3347923
3348142
3348288
3348299
3348435
3348645
3348871
3349156
3349176
3349193
3349196
3349197
3349276
3349318
3349373
3349404
3349483
3349586
3349591
3349607
3349613
3349846
3350014
3350049
3350229
3350269
3350313
3350744
3350781
3350796
3351405
3351509
3351570
3351610
3351900
3351961
3351980
3352036
3352075
3352087
3352101
3352147
3352281
3352373
3352410
3352433
3352815
3352913
3352966
3353008
3353087
3353188
3353263
3353307
3353318
3353319
3353370
3353387
3353424
3353554
3353563
3353590
3353610
3353751
3353889
3353895
3353920
3354073
3354248
3354737
3354801
3354834
3354921
3354935
3355000
3355076
3355080
3355119
3355344
3355397
3355446
3355515
3355526
3355548
3355712
3355864
3356003
3356024
3356162
3356298
3356307
3356332
3356372
3356630
3356695
3356800
3356859
3356925
3357110
3357170
3357231
3357297
3357362
3357398
3357562
3357767
3357818
3357844
3357942
3357991
3358067
3358087
3358234
3358314
3358405
3358448
3358475
3358492
3358607
3359055
3359235
3359328
3359413
3359482
3359507
3359529
3359543
3359566
3359737
3359783
3359786
3359855
3359959
3360029
3360061
3360140
3360358
3360432
3360457
3360873
3361034
3361144
3361175
3361239
3361487
3361668
3361755
3361846
3361925
3361971
3362278
3362358
3362488
3362638
3362701
3362828
3362874
3362898
3362940
3362948
3363110
3363432
3363718
3363733
3363939
3363999
3364073
3364187
3364262
3364343
3364355
3364368
3364561
3364637
3364694
3365026
3365270
3365370
3365540
3365631
3365723
3365868
3365893
3365951
3366070
3366166
3366169
3366239
3366240
3366256
3366320
3366323
3366333
3366433
3366605
3366624
3366662
3366972
3366995
3367047
3367079
3367236
3367290
3367340
3367377
3367394
3367467
3367779
3367822
3367868
3367999
3368015
3368052
3368220
3368330
3368394
3368437
3368544
3368665
3368686
3368765
3368780
3368795
3368890
3368944
3368947
3368952
3369076
3369093
3369096
3369155
3369302
3369305
3369382
3369542
3369574
3369596
3369614
3369834
3369873
3369902
3369930
3370082
3370178
3370228
3370337
3370347
3370350
3370476
3370541
3370548
3370680
3370809
3370854
3370864
3371024
3371072
3371323
3371390
3371576
3371700
3371921
3371963
3372064
3372243
3372324
3372682
3372697
3372842
3373345
3373363
3373392
3373769
3373917
3373953
3373954
3373995
3374104
3374217
3374340
3374413
3374467
3374504
3374654
3375092
3375117
3375283
3375285
3375324
3375350
3375378
3375430
3375618
3375781
3375902
3376019
3376058
3376101
3376212
3376246
3376257
3376306
3376344
3376407
3376505
3376696
3376786
3376836
3377248
3377262
3377355
3377370
3377413
3377454
3377774
3377803
3377833
3377986
3378116
3378148
3378182
3378293
3378330
3378565
3378689
3378992
3379212
3379453
3379477
3379485
3379714
3379881
3379942
3379960
3380078
3380192
3380220
3380224
3380259
3380506
3380521
3380599
3380606
3380740
3380795
3380821
3380826
3380898
3381112
3381120
3381204
3381252
3381309
3381407
3381449
3381473
3381568
3381597
3381606
3381715
3381748
3381974
3382045
3382081
3382177
3382293
3382355
3382405
3382497
3382500
3382552
3382758
3382856
3382863
3382971
3383157
3383263
3383350
3383693
3383955
3383959
3384131
3384194
3384205
3384221
3384458
3384749
3384769
3384896
3385010
3385033
3385158
3385279
3385550
3385774
3386032
3386278
3386446
3386628
3386639
3386800
3387278
3387301
3387501
3387544
3387565
3387620
3387662
3387746
3387894
3387928
3387955
3388051
3388116
3388282
3388426
3388443
3388573
3388621
3388636
3388693
3388794
3388801
3388820
3388850
3388971
3388977
3389177
3389239
3389306
3389570
3389610
3389615
3389643
3389701
3389742
3389879
3390025
3390080
3390395
3390427
3390435
3390443
3390490
3390651
3390656
3390862
3390968
3390984
3391295
3391334
3391464
3391608
3391740
3391943
3392172
3392358
3392864
3393037
3393090
3393194
3393322
3393486
3393778
3394003
3394056
3394149
3394341
3394377
3394383
3394531
3394583
3394627
3394823
3394872
3394949
3395057
3395071
3395241
3395293
3395310
3395401
3395423
3395427
3395609
3395704
3395731
3395753
3395835
3395840
3395915
3395926
3396103
3396250
3396448
3396600
3396987
3397230
3397296
3397323
3397361
3397577
3397852
3398044
3398347
3398358
3398438
3398520
3398525
3398672
3398757
3398812
3399111
3399314
3399361
3399468
3399521
3399538
3399542
3399553
3399577
3399603
3399686
3399795
3399965
3400103
3400582
3400776
3400872
3400906
3401028
3401167
3401236
3401975
3402163
3402189
3402228
3402290
3402573
3402628
3402835
3402874
3402901
3402952
3402992
3402994
3403065
3403196
3403276
3403324
3403357
3403462
3403660
3403750
3403790
3404060
3404077
3404144
3404740
3404775
3404887
3404919
3404952
3404954
3405084
3405119
3405212
3405317
3405385
3405404
3405463
3405533
3405617
3405692
3405739
3405796
3405833
3405850
3405885
3406075
3406081
3406129
3406359
3406505
3406694
3407036
3407137
3407235
3407282
3407291
3407309
3407424
3407499
3407569
3407637
3407811
3407880
3407988
3408133
3408223
3408234
3408357
3408383
3408556
3408809
3408848
3408860
3408891
3408959
3408962
3408968
3408975
3409214
3409416
3409418
3409617
3409702
3409899
3409940
3409974
3410031
3410148
3410153
3410382
3410408
3410417
3410466
3410568
3410825
3411109
3411178
3411296
3411383
3411408
3411422
3411454
3411569
3411655
3411883
3411954
3411987
3412158
3412193
3412342
3412410
3412413
3412420
3412534
3412581
3412738
3413199
3413222
3413333
3413737
3413758
3413886
3414033
3414179
3414273
3414290
3414374
3414383
3414485
3414549
3414611
3414625
3414647
3414822
3415032
3415171
3415242
3415359
3415380
3415396
3415441
3415717
3415742
3415792
3416040
3416067
3416079
3416081
3416146
3416227
3416565
3416601
3416767
3416858
3417000
3417244
3417254
3417274
3417352
3417452
3417524
3417564
3417754
3417779
3417863
3417888
3417909
3418024
3418246
3418431
3418454
3418461
3418523
3418616
3418621
3418637
3418675
3418696
3418718
3418720
3418996
3419122
3419193
3419241
3419250
3419265
3419405
3419478
3419536
3419645
3419701
3419746
3419841
3419877
3419887
3419926
3419946
3419963
3420123
3420150
3420154
3420177
3420230
3420314
3420500
3420755
3421037
3421122
3421159
3421250
3421393
3421411
3421441
3421561
3421638
3421660
3421665
3421889
3421897
3421921
3421922
3421975
3422102
3422233
3422383
3422410
3422657
3422661
3422751
3422792
3422913
3423011
3423047
3423084
3423162
3423248
3423290
3423424
3423444
3423562
3424124
3424168
3424426
3424487
3424699
3424719
3424798
3424833
3424866
3425073
3425302
3425470
3425551
3425639
3425647
3425731
3425902
3425957
3426163
3426266
3426417
3426528
3426598
3426616
3426631
3426632
3426780
3426846
3426847
3427270
3427560
3427614
3427729
3427775
3427814
3428093
3428230
3428287
3428573
3428681
3428816
3428886
3429096
3429099
3429123
3429208
3429219
3429256
3429432
3429469
3429540
3429556
3429768
3429919
3429949
3430065
3430145
3430313
3430397
3430574
3430586
3430629
3430719
3430739
3430971
3431548
3431590
3431688
3431737
3432131
3432298
3432601
3432658
3432688
3432726
3432731
3432857
3432943
3432983
3433233
3433298
3433368
3433530
3433537
3433603
3433853
3434042
3434097
3434127
3434187
3434263
3434306
3434394
3434444
3434531
3434614
3434712
3434784
3434809
3434821
3434822
3434832
3434961
3435057
3435060
3435110
3435211
3435238
3435366
3435665
3436018
3436219
3436229
3436406
3436749
3436752
3436825
3437212
3437269
3437275
3437301
3437322
3437484
3437496
3437506
3437658
3437845
3438198
3438251
3438781
3438891
3438967
3439042
3439096
3439124
3439200
3439258
3439412
3439513
3439527
3439627
3439892
3439912
3439973
3440309
3440356
3440377
3440503
3440594
3440663
3440762
3440879
3440926
3440986
3441027
3441055
3441279
3441298
3441387
3441421
3441454
3441496
3441498
3441694
3441785
3441917
3441923
3441964
3442070
3442275
3442401
3442525
3442585
3442632
3442840
3442977
3443037
3443148
3443257
3443495
3443529
3443568
3443621
3443938
3444111
3444157
3444314
3444405
3444552
3444622
3444756
3444785
3444848
3444944
3445014
3445104
3445153
3445405
3445740
3445782
3445789
3445833
3446001
3446044
3446090
3446250
3446364
3446399
3446485
3446534
3446546
3446585
3446699
3446866
3446889
3447097
3447165
3447309
3447395
3447401
3447557
3447772
3447789
3447812
3447820
3447878
3448061
3448071
3448090
3448178
3448219
3448329
3448387
3448486
3448518
3448612
3448636
3448745
3448753
3448870
3448880
3449141
3449192
3449283
3449369
3449529
3449560
3449676
3449686
3449716
3450017
3450186
3450226
3450712
3450840
3450857
3451077
3451634
3451693
3451897
3452013
3452065
3452069
3452223
3452290
3452336
3452369
3452607
3452658
3452676
3452683
3453013
3453019
3453115
3453177
3453193
3453413
3453506
3453685
3453751
3453802
3453903
3454004
3454021
3454134
3454319
3454356
3454365
3454498
3454506
3454604
3454633
3454643
3454712
3454737
3454780
3454793
3454985
3455032
3455161
3455331
3455396
3455456
3455471
3455498
3455615
3455758
3455846
3455979
3456086
3456125
3456244
3456374
3456463
3456475
3456483
3456628
3456696
3456726
3456818
3456934
3456949
3457062
3457179
3457234
3457447
3457640
3457667
3457677
3457736
3457784
3457953
3458046
3458059
3458078
3458107
3458170
3458198
3458322
3458479
3458758
3458784
3458807
3458891
3459151
3459439
3459804
3459853
3459857
3459912
3459984
3459989
3460072
3460084
3460427
3460617
3460675
3460878
3460897
3461063
3461280
3461291
3461296
3461401
3461451
3461589
3461654
3461673
3461676
3461770
3461862
3462020
3462265
3462278
3462298
3462358
3462465
3462500
3462553
3462775
3462908
3462945
3462982
3462999
3463026
3463181
3463243
3463510
3463545
3463671
3463709
3463712
3463798
3463857
3464100
3464132
3464161
3464180
3464269
3464278
3464510
3464589
3464799
3464817
3464879
3465063
3465171
3465297
3465596
3465646
3465659
3465692
3465908
3465940
3466096
3466139
3466153
3466303
3466408
3466485
3466573
3466613
3467037
3467128
3467152
3467174
3467176
3467187
3467261
3467472
3467539
3467762
3467927
3468127
3468216
3468230
3468565
3468756
3468772
3468808
3468907
3469281
3469298
3469470
3469555
3469625
3469644
3469645
3469937
3469959
3470000
3470128
3470458
3470673
3470841
3470854
3470866
3471061
3471067
3471315
3471389
3471401
3471435
3471474
3471484
3471574
3471690
3471780
3471927
3472160
3472200
3472297
3472611
3472695
3472697
3472705
3472867
3473257
3473288
3473311
3473444
3473602
3473804
3473869
3473892
3474082
3474084
3474085
3474181
3474222
3474373
3474422
3474482
3474492
3474613
3474675
3474686
3474746
3474777
3474844
3475217
3475222
3475262
3475336
3475339
3475348
3475569
3475605
3475607
3475624
3475657
3476015
3476021
3476106
3476141
3476560
3476575
3476892
3476931
3477025
3477134
3477152
3477218
3477288
3477444
3477477
3477583
3477740
3477820
3478001
3478076
3478126
3478192
3478266
3478352
3478483
3478492
3478784
3478843
3478904
3478923
3478954
3478989
3479028
3479081
3479191
3479221
3479324
3479382
3479399
3479617
3479662
3479762
3479799
3479816
3479949
3480094
3480122
3480166
3480291
3480590
3480646
3480699
3480724
3480822
3481013
3481310
3481349
3481511
3481589
3481765
3481938
3482128
3482197
3482300
3482328
3482337
3482472
3482486
3482597
3482896
3482990
3483058
3483118
3483217
3483267
3483314
3483507
3483678
3483890
3483903
3483960
3484075
3484079
3484100
3484108
3484171
3484218
3484219
3484247
3484508
3484680
3484791
3484922
3484931
3485415
3485713
3485738
3485943
3486019
3486034
3486055
3486139
3486271
3486478
3486573
3486640
3486657
3486739
3486837
3487023
3487089
3487154
3487436
3487628
3487674
3487687
3487707
3487717
3487731
3487823
3487897
3488049
3488185
3488200
3488213
3488224
3488269
3488387
3488397
3488485
3488644
3488703
3489034
3489268
3489338
3489436
3489478
3489740
3489780
3489801
3489874
3490047
3490099
3490102
3490154
3490180
3490366
3490518
3490819
3490860
3490878
3491054
3491060
3491095
3491147
3491243
3491330
3491338
3491376
3491408
3491603
3491708
3491761
3491914
3491936
3491968
3492124
3492171
3492528
3492569
3492606
3492648
3492839
3492921
3493012
3493030
3493044
3493076
3493088
3493134
3493144
3493176
3493205
3493263
3493320
3493359
3493424
3493439
3493440
3493486
3493628
3493911
3493965
3494136
3494194
3494242
3494292
3494547
3494581
3494616
3494747
3494958
3495045
3495178
3495242
3495338
3495348
3495499
3495500
3495753
3495774
3495896
3495908
3496031
3496071
3496201
3496398
3496509
3496608
3496760
3496802
3496824
3496832
3496854
3496986
3497033
3497291
3497376
3497391
3497432
3497578
3497696
3497940
3497984
3498201
3498212
3498245
3498334
3498435
3498479
3498484
3498508
3498524
3498708
3498728
3498920
3498934
3499046
3499068
3499085
3499092
3499096
3499407
3499420
3499436
3499472
3499521
3499714
3499870
3499879
3499883
3499938
3499941
3500352
3500423
3500437
3500611
3500657
3500691
3500723
3500758
3500764
3500766
3500816
3501103
3501159
3501165
3501167
3501184
3501212
3501286
3501328
3501333
3501352
3501354
3501356
3501551
3501584
3501757
3501823
3501974
3501994
3502055
3502092
3502104
3502181
3502205
3502319
3502635
3502670
3502687
3502703
3502734
3502819
3502851
3503027
3503073
3503106
3503140
3503282
3503448
3503604
3503629
3503773
3503774
3503783
3503794
3503858
3503917
3503930
3503964
3504053
3504078
3504093
3504152
3504297
3504308
3504467
3504532
3504618
3504828
3505047
3505104
3505185
3505294
3505296
3505347
3505362
3505514
3505538
3505539
3505547
3505554
3505641
3505852
3505960
3505981
3506033
3506214
3506254
3506348
3506350
3506556
3506667
3506814
3506888
3506947
3507010
3507029
3507267
3507574
3507610
3507723
3507747
3507818
3507960
3508017
3508163
3508525
3508533
3508674
3508721
3508776
3508815
3508858
3508897
3508995
3509264
3509295
3509308
3509499
3509593
3509802
3509958
3510011
3510087
3510124
3510147
3510295
3510304
3510654
3510724
3510900
3511016
3511043
3511135
3511194
3511221
3511349
3511461
3511569
3511719
3511778
3512231
3512310
3512319
3512340
3512408
3512437
3512635
3512798
3513005
3513358
3513523
3513549
3513649
3513664
3514045
3514253
3514530
3514793
3514918
3514961
3515042
3515079
3515351
3515400
3515427
3515437
3515786
3515801
3515852
3516067
3516224
3516254
3516560
3516582
3516722
3516749
3517011
3517046
3517074
3517076
3517302
3517375
3517456
3517517
3517603
3517639
3517929
3518168
3518278
3518294
3518343
3518514
3518556
3518606
3518859
3518872
3518946
3518973
3519038
3519106
3519145
3519207
3519359
3519364
3519386
3519522
3519564
3520001
3520127
3520326
3520407
3520591
3520608
3520610
3520638
3520694
3520761
3520929
3521013
3521183
3521522
3521555
3522117
3522189
3522204
3522444
3522786
3523131
3523150
3523171
3523186
3523815
3523889
3523915
3523924
3524022
3524109
3524189
3524192
3524193
3524207
3524297
3524425
3524584
3524610
3524857
3525099
3525177
3525296
3525587
3525762
3525772
3525896
3526058
3526094
3526275
3526471
3526483
3526494
3526791
3526837
3526850
3526902
3526930
3526955
3526969
3526972
3527030
3527330
3527415
3527709
3527717
3527749
3527866
3528265
3528295
3528332
3528337
3528461
3528606
3528734
3528744
3528980
3529154
3529304
3529428
3529627
3530184
3530390
3530407
3530450
3530460
3530589
3530749
3530754
3530951
3531018
3531298
3531405
3531527
3531550
3531600
3531662
3531793
3531813
3531865
3532078
3532160
3532307
3532373
3532416
3532565
3532707
3532719
3532825
3532868
3532919
3532963
3533054
3533071
3533112
3533295
3533363
3533459
3533549
3533664
3533672
3533716
3533892
3534015
3534035
3534068
3534377
3534488
3534692
3534715
3534723
3534737
3534741
3535225
3535226
3535344
3535372
3535654
3535849
3535933
3535962
3535969
3536117
3536130
3536379
3536387
3536400
3536523
3536575
3536864
3536892
3536953
3537001
3537097
3537116
3537173
3537261
3537274
3537288
3537294
3537393
3537419
3537538
3537611
3537849
3537915
3538002
3538025
3538033
3538210
3538243
3538282
3538978
3539025
3539074
3539143
3539314
3539345
3539379
3539569
3539577
3539670
3539857
3539921
3540079
3540086
3540122
3540179
3540197
3540202
3540293
3540349
3540359
3540386
3540595
3540683
3540713
3540756
3540802
3540836
3540968
3541682
3542103
3542184
3542424
3542578
3542677
3542704
3542719
3542792
3542825
3542862
3542873
3543180
3543278
3543359
3543473
3543504
3543519
3543540
3543613
3543719
3543858
3544167
3544191
3544284
3544301
3544511
3544533
3544570
3544580
3544728
3544754
3544762
3544801
3544954
3544960
3544977
3544990
3545053
3545164
3545300
3545307
3545316
3545329
3545332
3545358
3545382
3545413
3545479
3545498
3545521
3545641
3545693
3545694
3545842
3545861
3545898
3545960
3546084
3546100
3546305
3546339
3546536
3546711
3546764
3546772
3547075
3547179
3547204
3547257
3547318
3547480
3547541
3547628
3547686
3547753
3547943
3548119
3548243
3548277
3548446
3548455
3548458
3548484
3548608
3548815
3548832
3548888
3548912
3548926
3548966
3549344
3549530
3549541
3549693
3549699
3549839
3549877
3549961
3550302
3550345
3550505
3550561
3550568
3550647
3550752
3550753
3550817
3550947
3550953
3551017
3551525
3551545
3551582
3551586
3551611
3551733
3551787
3551805
3551845
3551893
3551909
3551964
3552433
3552580
3552583
3552628
3552674
3552725
3552833
3552954
3553037
3553041
3553125
3553219
3553784
3553791
3553910
3554158
3554379
3554855
3554899
3554997
3555041
3555051
3555063
3555221
3555231
3555275
3555295
3555319
3555568
3555600
3555695
3555757
3555898
3556080
3556121
3556547
3556550
3556652
3556798
3556809
3556990
3557121
3557141
3557233
3557285
3557355
3557437
3557459
3557680
3557852
3557853
3557861
3557929
3558020
3558093
3558160
3558170
3558214
3558216
3558362
3558479
3558909
3558953
3559012
3559065
3559088
3559203
3559218
3559224
3559272
3559407
3559526
3559638
3559655
3559690
3559911
3559916
3559984
3560007
3560043
3560046
3560084
3560246
3560264
3560285
3560613
3560684
3561274
3561309
3561317
3561319
3561361
3561368
3561470
3561502
3561515
3561533
3561643
3561762
3561808
3561856
3561862
3561955
3562035
3562133
3562137
3562243
3562431
3562437
3562626
3562632
3562659
3562717
3562727
3562789
3562809
3562818
3562967
3563013
3563129
3563265
3563279
3563356
3563411
3563622
3563650
3563797
3563874
3563877
3564080
3564107
3564145
3564416
3564522
3564527
3564541
3564682
3564728
3564840
3564899
3564959
3565046
3565145
3565165
3565218
3565416
3565518
3565519
3565552
3565632
3565666
3565803
3565949
3566010
3566166
3566334
3566523
3566568
3566597
3566643
3566733
3566749
3566753
3566764
3566801
3566836
3566884
3566963
3567080
3567226
3567358
3567515
3567536
3567572
3567596
3567599
3567701
3567758
3567851
3567945
3567951
3568210
3568312
3568313
3568750
3569278
3569345
3569376
3569383
3569480
3569547
3569646
3569707
3569906
3569911
3569935
3569974
3570349
3570468
3570510
3570531
3570630
3570637
3570645
3570680
3570813
3570832
3570898
3570918
3570924
3571377
3571411
3571449
3571504
3571510
3571574
3571645
3571684
3571760
3571817
3571956
3571992
3572033
3572248
3572269
3572289
3572350
3572402
3572593
3572601
3572677
3572743
3572866
3572870
3573177
3573421
3573584
3573805
3573934
3574068
3574077
3574083
3574389
3574756
3574810
3575040
3575107
3575281
3575288
3575370
3575390
3575419
3575429
3575596
3575633
3575946
3575967
3576070
3576211
3576221
3576283
3576289
3576493
3576605
3576775
3576801
3576896
3576999
3577303
3577496
3577558
3577559
3577732
3577871
3577950
3577962
3578002
3578062
3578086
3578107
3578784
3578821
3578917
3578943
3579211
3579218
3579265
3579339
3579425
3579632
3579737
3579858
3579906
3579944
3579976
3580138
3580314
3580344
3580378
3580385
3580571
3580628
3580790
3580847
3580988
3581051
3581167
3581293
3581557
3581611
3581616
3581703
3581778
3581832
3581921
3581928
3581983
3582020
3582103
3582165
3582226
3582240
3582340
3582354
3582395
3582498
3582525
3582597
3582651
3582827
3582861
3582887
3582923
3582950
3582977
3582991
3583075
3583118
3583138
3583284
3583308
3583334
3583421
3583451
3583538
3583785
3583889
3583898
3583946
3583993
3584017
3584039
3584134
3584228
3584344
3584465
3584639
3584651
3584839
3584875
3584891
3584985
3585036
3585213
3585241
3585691
3585794
3586081
3586211
3586254
3586292
3586466
3586949
3587038
3587116
3587126
3587161
3587320
3587449
3587461
3587499
3587615
3587770
3587834
3587940
3588000
3588120
3588133
3588257
3588421
3588423
3588661
3588665
3588668
3588716
3588880
3588944
3589045
3589299
3589345
3589360
3589372
3589422
3589468
3589526
3589625
3589694
3589751
3589782
3589823
3589839
3589910
3589998
3590006
3590294
3590312
3590388
3590453
3590481
3590524
3590593
3590770
3590851
3591006
3591188
3591197
3591236
3591327
3591355
3591376
3591525
3591567
3591696
3592152
3592179
3592536
3592563
3593096
3593203
3593441
3593443
3593486
3593505
3593685
3593715
3593755
3593780
3593781
3593899
3593917
3593927
3594004
3594243
3594296
3594298
3594379
3594398
3594690
3594866
3594897
3594898
3594956
3595185
3595326
3595392
3595510
3595528
3595536
3595589
3595668
3595729
3595762
3595900
3596144
3596166
3596190
3596235
3596302
3596404
3596533
3596537
3596841
3597018
3597047
3597187
3597200
3597306
3597584
3597617
3597635
3597666
3597830
3597951
3598045
3598273
3598312
3598456
3598492
3598684
3598692
3598733
3598892
3599053
3599085
3599134
3599374
3599414
3599430
3599590
3599603
3599658
3599759
3599761
3599784
3599823
3599829
3600020
3600067
3600231
3600246
3600282
3600337
3600342
3600443
3600875
3601005
3601072
3601265
3601301
3601305
3601457
3601467
3601532
3601543
3601589
3601640
3601702
3601717
3602031
3602100
3602390
3602518
3602529
3602608
3602860
3602864
3603013
3603093
3603204
3603297
3603328
3603374
3603561
3603665
3603894
3603896
3604067
3604189
3604198
3604364
3604379
3604649
3604756
3604785
3604836
3604890
3604904
3605191
3605667
3605949
3606006
3606051
3606135
3606150
3606280
3606435
3606580
3606669
3606676
3606750
3607044
3607142
3607235
3607392
3607609
3607682
3607767
3607823
3607918
3607929
3608751
3608846
3608891
3608988
3608998
3609005
3609046
3609048
3609079
3609093
3609294
3609332
3609435
3609491
3609532
3609580
3609583
3609602
3609722
3609724
3609783
3609788
3609832
3609870
3609906
3609949
3609991
3610030
3610097
3610224
3610450
3610467
3610604
3610904
3610914
3610998
3611004
3611367
3611394
3611668
3611711
3611825
3611832
3612009
3612010
3612033
3612111
3612178
3612193
3612203
3612213
3612218
3612262
3612305
3612343
3612457
3612540
3612545
3612629
3612728
3612775
3612782
3612802
3612905
3612942
3613079
3613090
3613244
3613372
3613768
3613779
3613880
3614126
3614135
3614210
3614370
3614440
3614574
3614619
3614669
3614809
3614964
3615133
3615424
3615516
3615558
3615612
3615718
3615756
3615939
3616087
3616267
3616275
3616305
3616340
3616403
3616463
3616507
3616557
3616652
3616666
3616775
3616785
3616819
3616823
3616909
3616970
3617245
3617259
3617474
3617491
3617810
3617817
3617831
3617836
3617848
3618073
3618226
3618273
3618290
3618804
3618824
3618844
3618986
3619029
3619245
3619284
3619497
3619614
3619673
3619781
3619986
3620411
3620548
3620598
3620607
3620753
3620864
3620892
3621000
3621312
3621319
3621877
3621884
3621975
3622337
3622380
3622441
3622538
3622729
3622750
3622855
3622898
3622921
3622961
3622965
3623176
3623213
3623274
3623504
3623534
3623655
3623666
3623742
3623809
3623830
3624050
3624099
3624261
3624315
3624316
3624370
3624384
3624490
3624533
3624556
3624572
3624629
3624647
3624658
3624782
3624818
3624895
3624938
3625052
3625159
3625184
3625470
3625526
3625575
3625655
3625746
3625853
3626098
3626103
3626254
3626258
3626423
3626639
3626711
3626750
3626759
3626837
3626849
3626864
3627044
3627143
3627229
3627231
3627288
3627293
3627303
3627335
3627380
3627445
3627580
3627653
3627667
3627732
3627777
3627821
3628224
3628413
3628436
3628563
3628565
3628602
3628948
3629060
3629107
3629125
3629288
3629481
3629491
3629622
3629691
3629708
3629762
3629845
3629863
3629874
3630065
3630132
3630262
3630538
3630593
3630797
3630810
3630928
3631095
3631100
3631208
3631347
3631474
3631479
3631493
3631566
3631569
3631646
3631791
3631828
3631876
3632020
3632102
3632166
3632243
3632326
3632329
3632380
3632402
3632435
3632548
3632567
3632629
3633302
3633348
3633447
3633452
3633671
3633788
3634021
3634051
3634069
3634221
3634241
3634272
3634285
3634531
3634580
3634605
3634664
3634773
3634838
3635258
3635262
3635418
3635645
3635725
3636072
3636258
3636274
3636277
3636351
3636365
3636424
3636771
3636869
3636882
3636927
3637147
3637455
3637512
3637528
3637731
3637762
3638465
3638620
3638664
3638838
3638921
3638955
3639381
3639383
3639450
3639468
3639474
3639737
3639750
3639784
3639797
3640075
3640307
3640455
3640485
3640492
3640506
3640552
3640712
3640745
3640921
3641038
3641352
3641414
3641417
3641475
3641488
3641495
3641532
3641718
3641722
3641930
3641970
3642110
3642130
3642365
3642476
3642543
3642582
3642612
3642676
3642877
3642899
3642973
3643012
3643111
3643258
3643356
3643608
3643978
3644224
3644407
3644421
3644476
3644586
3644661
3644687
3644832
3644985
3645049
3645187
3645202
3645236
3645238
3645243
3645449
3645454
3645590
3645692
3645712
3645967
3645969
3646024
3646030
3646044
3646077
3646133
3646145
3646299
3646347
3646363
3646403
3646456
3646758
3647031
3647328
3647373
3647388
3647499
3647547
3647585
3647651
3647719
3647757
3647763
3647764
3647781
3647849
3648002
3648225
3648324
3648349
3648689
3648772
3648961
3649315
3649425
3649527
3649581
3649677
3649811
3649979
3650003
3650114
3650120
3650179
3650271
3650286
3650308
3650310
3650349
3650483
3650668
3650823
3650997
3651182
3651327
3651526
3651686
3651858
3651861
3651886
3652277
3652280
3652512
3652627
3652744
3652803
3652840
3652985
3653057
3653195
3653221
3653222
3653267
3653412
3653427
3653449
3653467
3653590
3653666
3653768
3653883
3654007
3654047
3654222
3654361
3654443
3654522
3654591
3654650
3654795
3655097
3655098
3655493
3655747
3655751
3655936
3656063
3656154
3656238
3656614
3656708
3656766
3656798
3656911
3657007
3657091
3657170
3657248
3657291
3657454
3657551
3657600
3657696
3657836
3657975
3658104
3658163
3658175
3658229
3658277
3658298
3658453
3658531
3658703
3658801
3659019
3659292
3659295
3659303
3659495
3659519
3659661
3659731
3659765
3659809
3659868
3659896
3660008
3660028
3660183
3660287
3660510
3660636
3660654
3660720
3660748
3661123
3661126
3661154
3661233
3661276
3661337
3661367
3661381
3661411
3661616
3661706
3661873
3662091
3662193
3662240
3662422
3662531
3662598
3662689
3662745
3662943
3663090
3663137
3663243
3663428
3663450
3663547
3663570
3663783
3663961
3664004
3664155
3664184
3664465
3664479
3664506
3664562
3664636
3664638
3664701
3664712
3664738
3664861
3664916
3664977
3665056
3665440
3665441
3665594
3665628
3665715
3665717
3665795
3665915
3665969
3666073
3666199
3666451
3666475
3666654
3666731
3666807
3666895
3667045
3667267
3667434
3667760
3667826
3667849
3667916
3667992
3668080
3668188
3668317
3668339
3668402
3668484
3668532
3668627
3668922
3668936
3669018
3669174
3669194
3669230
3669392
3669419
3669442
3669460
3669563
3669807
3669863
3670146
3670203
3670483
3670486
3670533
3670577
3670690
3670718
3670945
3671001
3671065
3671289
3671388
3671399
3671425
3671520
3671625
3671634
3671637
3671755
3671899
3671984
3672118
3672164
3672515
3672567
3672920
3672976
3673021
3673175
3673355
3673425
3673625
3673650
3673678
3673685
3673754
3673881
3674022
3674137
3674377
3674380
3674539
3674781
3674811
3674857
3674945
3675131
3675189
3675336
3675361
3675438
3675789
3675834
3675975
3676304
3676417
3676483
3676597
3676631
3676645
3676655
3677048
3677065
3677286
3677526
3677674
3677735
3677986
3678198
3678238
3678268
3678285
3678508
3678541
3678859
3678900
3679234
3679347
3679405
3679495
3679623
3679665
3679673
3679821
3680109
3680125
3680160
3680171
3680179
3680204
3680249
3680251
3680516
3680784
3680861
3681170
3681233
3681293
3681296
3681339
3681482
3681507
3681595
3681674
3681865
3681989
3682251
3682336
3682342
3682619
3682626
3682681
3682732
3682755
3682783
3682862
3682984
3683041
3683135
3683480
3683531
3683538
3683554
3683608
3683735
3683814
3684027
3684052
3684150
3684211
3684256
3684327
3684496
3684614
3684640
3684676
3684691
3684798
3684942
3684957
3685021
3685094
3685229
3685236
3685276
3685317
3685338
3685398
3685669
3685713
3685716
3685744
3685780
3685819
3685970
3686046
3686140
3686161
3686187
3686238
3686338
3686677
3686705
3686731
3686851
3686994
3687129
3687176
3687228
3687231
3687265
3687272
3687417
3687510
3687566
3687609
3687788
3687878
3687909
3687933
3687934
3688260
3688320
3688530
3688608
3688663
3688683
3688790
3688826
3688837
3688857
3688862
3688866
3689008
3689076
3689139
3689342
3689719
3689770
3689812
3689947
3689987
3690089
3690162
3690166
3690167
3690175
3690186
3690203
3690227
3690258
3690263
3690309
3690541
3690555
3690561
3690689
3690843
3691010
3691198
3691238
3691333
3691396
3691442
3691586
3691789
3691884
3691925
3691975
3692040
3692083
3692160
3692365
3692460
3692564
3692604
3692684
3692703
3692719
3692822
3692882
3693101
3693329
3693382
3693444
3693584
3693759
3693795
3693832
3693894
3693935
3694022
3694069
3694236
3694239
3694355
3694564
3694651
3694704
3694799
3694827
3695022
3695068
3695292
3695427
3695457
3695464
3695483
3695520
3695529
3695648
3695782
3695812
3696003
3696017
3696157
3696318
3696328
3696375
3696481
3696518
3696520
3696598
3696814
3697094
3697124
3697187
3697203
3697222
3697247
3697345
3697390
3697599
3697630
3697654
3697814
3698001
3698132
3698143
3698342
3698395
3698579
3698711
3698754
3698802
3698834
3698850
3699082
3699125
3699202
3699232
3699254
3699383
3699392
3699400
3699482
3699662
3699783
3699858
3700100
3700145
3700190
3700303
3700338
3700451
3700529
3700583
3700692
3701060
3701126
3701232
3701242
3701411
3701583
3701653
3701664
3701926
3701962
3702163
3702345
3702353
3702596
3702677
3702701
3702905
3702915
3703009
3703091
3703261
3703355
3703437
3703658
3703719
3703732
3703786
3703799
3704036
3704316
3704362
3704373
3704448
3704452
3704453
3704514
3704517
3704533
3704684
3704738
3704803
3704828
3705095
3705147
3705160
3705248
3705252
3705296
3705730
3705959
3706050
3706193
3706240
3706262
3706323
3706428
3706585
3706616
3706653
3706782
3707138
3707182
3707217
3707544
3707606
3707678
3707705
3707719
3707741
3707961
3708018
3708091
3708157
3708172
3708188
3708452
3708611
3708928
3708989
3709093
3709239
3709246
3709431
3709458
3709478
3709529
3709644
3709659
3709677
3709682
3709686
3709938
3710070
3710175
3710195
3710214
3710234
3710305
3710376
3710429
3710537
3710605
3710722
3710769
3710822
3710837
3710942
3711106
3711161
3711202
3711207
3711304
3711344
3711399
3711553
3711775
3712092
3712275
3712494
3712638
3712745
3712817
3712875
3713002
3713124
3713155
3713192
3713370
3713396
3713403
3713416
3713621
3713688
3713739
3713795
3713812
3713909
3713952
3714179
3714180
3714252
3714257
3714304
3714637
3714944
3715002
3715034
3715061
3715231
3715270
3715323
3715555
3715922
3716036
3716094
3716100
3716418
3716478
3716485
3716860
3717000
3717462
3717527
3717546
3717549
3717629
3717786
3717834
3718051
3718067
3718285
3718433
3718437
3718501
3718543
3718697
3718764
3718831
3719074
3719221
3719265
3719348
3719419
3719604
3719736
3719868
3719924
3720094
3720214
3720252
3720292
3720293
3720609
3720630
3720755
3720761
3720763
3720939
3720971
3721044
3721045
3721131
3721186
3721208
3721236
3721269
3721339
3721350
3721440
3721893
3721930
3722002
3722124
3722209
3722276
3722310
3722536
3722650
3722683
3722992
3723023
3723078
3723192
3723223
3723556
3723695
3723720
3723855
3723916
3723937
3724261
3724322
3724419
3724492
3724733
3724790
3724864
3724901
3724967
3724999
3725094
3725099
3725332
3725408
3725511
3725555
3725610
3725660
3725756
3726076
3726212
3726327
3726355
3726380
3726411
3726427
3726559
3726633
3726713
3726994
3727042
3727312
3727439
3727599
3728066
3728105
3728130
3728468
3728519
3728579
3728590
3728659
3728806
3728874
3729236
3729275
3729282
3729397
3729414
3729416
3729812
3729813
3729899
3729995
3730204
3730220
3730251
3730328
3730377
3730385
3730393
3730408
3730420
3730505
3730552
3730553
3730615
3730929
3731057
3731079
3731333
3731478
3731559
3732056
3732093
3732221
3732224
3732295
3732382
3732472
3732485
3732525
3732536
3732734
3732933
3733011
3733155
3733295
3733398
3733582
3733791
3733867
3734001
3734090
3734186
3734247
3734344
3734373
3734507
3734575
3735012
3735038
3735040
3735044
3735071
3735104
3735116
3735208
3735228
3735322
3735535
3735607
3735751
3735848
3735975
3736010
3736071
3736115
3736185
3736477
3736495
3736650
3736680
3736814
3736873
3736959
3737016
3737020
3737037
3737078
3737115
3737181
3737214
3737325
3737363
3737372
3737500
3737670
3737944
3738483
3738549
3738768
3739097
3739139
3739227
3739478
3739511
3739714
3739732
3739769
3739796
3739863
3740117
3740198
3740213
3740259
3740376
3740475
3740636
3740640
3740752
3741028
3741093
3741183
3741272
3741290
3741329
3741516
3741564
3741607
3741620
3741885
3741906
3742097
3742445
3742571
3742713
3742914
3742964
3743136
3743141
3743223
3743259
3743546
3743832
3743923
3743946
3744121
3744538
3744564
3744577
3744665
3745250
3745339
3745924
3745943
3746127
3746322
3746326
3746466
3746849
3747123
3747250
3747310
3747378
3747727
3747782
3747931
3747949
3747975
3748004
3748101
3748387
3748400
3748413
3748575
3748579
3748724
3748986
3749209
3749311
3749375
3749419
3749428
3749578
3749619
3749664
3749954
3750170
3750174
3750291
3750326
3750489
3750549
3750670
3750866
3750979
3751005
3751025
3751027
3751269
3751347
3751380
3751443
3751589
3751697
3751760
3751791
3751874
3751944
3752136
3752138
3752160
3752204
3752323
3752479
3752629
3752667
3753035
3753160
3753254
3753456
3753493
3753505
3753767
3753894
3753896
3754031
3754230
3754268
3754301
3754397
3754421
3754426
3754527
3754588
3754693
3754716
3754751
3754768
3754845
3754887
3754951
3755864
3755883
3756076
3756088
3756108
3756148
3756180
3756546
3756619
3756722
3756846
3756983
3757064
3757269
3757298
3757555
3757592
3757703
3757765
3757800
3757840
3758083
3758256
3758267
3758683
3758892
3759075
3759198
3759215
3759216
3759228
3759522
3759618
3759665
3759799
3759921
3760008
3760023
3760265
3760278
3760282
3760355
3760384
3760385
3760443
3760481
3760484
3760514
3760523
3760714
3760806
3760906
3760967
3761004
3761059
3761183
3761387
3761549
3761551
3761799
3761922
3762002
3762304
3762332
3762488
3762706
3762762
3762798
3762858
3762919
3762948
3763027
3763042
3763120
3763173
3763256
3763303
3763476
3763967
3764352
3764380
3764446
3764505
3764614
3764709
3764837
3765064
3765097
3765205
3765316
3765325
3765382
3765451
3765501
3765704
3765733
3765864
3765871
3765977
3766139
3766142
3766149
3766150
3766179
3766219
3766239
3766411
3766741
3766793
3766871
3767305
3767518
3767617
3767649
3767665
3767730
3767842
3767983
3768069
3768099
3768187
3768210
3768273
3768307
3768357
3768447
3768646
3768650
3768825
3768948
3769155
3769341
3769376
3769400
3769414
3769452
3769480
3769590
3769617
3769620
3769796
3770046
3770368
3770484
3770675
3770702
3770765
3770850
3770901
3771117
3771121
3771202
3771260
3771320
3771423
3771964
3772131
3772184
3772491
3772510
3772554
3772739
3772755
3772835
3772863
3772918
3773288
3773488
3773622
3773806
3773886
3773918
3773921
3773925
3773982
3774016
3774056
3774257
3774390
3774706
3774906
3774968
3774978
3775005
3775058
3775165
3775309
3775404
3775433
3775680
3775703
3775732
3775894
3775941
3775947
3775966
3776006
3776092
3776194
3776212
3776272
3776318
3776413
3776481
3776540
3776553
3776559
3776600
3776639
3777003
3777110
3777311
3777624
3777759
3777838
3778024
3778248
3778255
3778256
3778325
3778420
3778885
3778981
3779007
3779112
3779113
3779179
3779204
3779360
3779361
3779371
3779373
3779374
3779415
3780008
3780042
3780125
3780192
3780308
3780316
3780412
3780501
3780532
3780715
3780762
3780767
3780811
3780868
3781016
3781019
3781086
3781117
3781130
3781218
3781279
3781388
3781402
3781432
3781462
3781595
3781620
3781642
3781657
3781705
3781776
3781791
3781929
3782058
3782160
3782196
3782344
3782503
3782553
3782630
3782728
3782944
3783057
3783076
3783130
3783187
3783503
3783546
3783906
3784157
3784345
3784567
3784729
3784813
3784867
3785097
3785127
3785260
3785264
3785271
3785359
3785420
3785559
3786477
3786506
3786583
3786674
3786931
3786941
3786982
3787011
3787270
3787440
3787449
3787509
3787600
3787714
3787742
3787783
3787876
3787890
3787968
3788108
3788205
3788386
3788414
3788488
3788647
3788850
3788905
3788996
3789047
3789147
3789458
3789487
3789593
3789598
3789625
3789900
3790021
3790113
3790148
3790213
3790268
3790358
3790407
3790573
3790602
3790737
3790780
3790835
3790837
3790881
3791023
3791121
3791209
3791263
3791397
3791689
3792047
3792120
3792233
3792239
3792313
3792335
3792646
3792845
3792936
3793098
3793111
3793212
3793417
3793490
3793618
3793657
3793712
3793728
3793739
3793790
3793990
3794065
3794105
3794146
3794162
3794274
3794320
3794377
3794476
3794540
3794601
3794954
3794974
3795096
3795136
3795241
3795247
3795355
3795417
3795584
3795846
3795917
3796045
3796071
3796319
3796379
3796702
3796725
3796782
3796919
3796959
3797169
3797252
3797648
3797676
3797684
3797734
3797942
3798084
3798125
3798150
3798224
3798297
3798298
3798299
3798485
3798827
3798894
3798913
3799007
3799121
3799305
3799344
3799395
3799477
3799628
3799796
3799980
3799995
3800208
3800282
3800303
3800319
3800526
3800573
3800728
3800886
3801022
3801151
3801164
3801180
3801366
3801466
3801583
3801661
3801743
3801951
3802090
3802143
3802160
3802417
3802460
3802522
3802541
3802581
3802635
3802711
3802820
3802918
3802979
3803026
3803205
3803325
3803348
3803382
3803601
3803872
3804105
3804177
3804236
3804334
3804368
3804526
3804628
3804676
3804752
3805028
3805065
3805390
3805406
3805511
3805544
3805659
3805729
3805733
3805757
3805824
3805937
3806000
3806477
3806647
3806737
3806740
3806778
3806840
3806934
3807008
3807127
3807197
3807234
3807285
3807387
3807395
3807419
3807469
3807526
3807557
3807605
3807607
3807679
3807806
3807810
3807857
3807865
3807916
3807921
3808052
3808162
3808166
3808293
3808337
3808432
3808685
3808835
3808928
3809122
3809134
3809185
3809392
3809462
3809489
3809529
3809566
3809702
3809917
3810065
3810089
3810182
3810207
3810258
3810457
3810483
3810528
3810555
3810573
3810576
3810857
3810916
3811080
3811106
3811384
3811385
3811811
3811891
3811951
3812015
3812048
3812076
3812109
3812116
3812201
3812256
3812267
3812368
3812465
3812629
3812648
3812663
3812666
3812807
3812966
3813016
3813062
3813104
3813192
3813512
3813555
3813562
3813665
3813666
3813701
3813848
3813874
3813952
3814071
3814194
3814236
3814290
3814354
3814384
3814436
3814547
3814558
3814629
3814668
3814796
3814872
3814957
3814978
3815051
3815282
3815293
3815388
3815485
3815675
3815817
3815853
3816172
3816396
3816507
3816686
3817037
3817195
3817302
3817306
3817325
3817670
3817734
3817776
3817862
3817954
3818112
3818153
3818180
3818366
3818386
3818509
3818524
3818617
3818636
3818674
3818785
3818936
3819184
3819202
3819208
3819216
3819225
3819226
3819289
3819326
3819435
3819444
3819548
3819640
3819786
3819874
3819969
3820004
3820161
3820249
3820304
3820336
3820485
3820651
3820732
3820784
3820911
3821061
3821141
3821236
3821281
3821462
3821581
3821599
3821602
3821661
3821881
3821909
3821930
3821976
3822063
3822109
3822565
3822752
3822837
3822907
3823291
3823320
3823352
3823409
3823619
3823677
3823740
3823867
3823936
3824254
3824332
3824404
3824413
3824522
3824567
3824661
3824689
3825058
3825096
3825098
3825153
3825185
3825215
3825252
3825280
3825306
3825353
3825685
3825924
3826340
3826374
3826406
3826430
3826613
3826661
3826803
3827182
3827348
3827406
3827594
3827684
3827709
3827882
3828036
3828252
3828253
3828263
3828312
3828389
3828415
3828490
3828736
3828752
3828959
3829007
3829033
3829296
3829442
3829456
3829487
3829529
3829669
3829771
3829775
3829789
3829831
3829844
3830299
3830364
3830497
3830503
3830719
3830795
3830822
3830829
3830898
3830979
3831248
3831385
3831515
3831552
3831675
3832075
3832390
3832402
3832685
3832845
3832880
3832974
3833003
3833252
3833304
3833318
3833352
3833588
3833596
3833777
3833809
3833958
3834011
3834042
3834095
3834200
3834551
3834587
3834654
3834801
3834860
3834901
3835111
3835173
3835184
3835407
3835517
3835811
3835840
3835925
3835981
3836113
3836157
3836232
3836259
3836269
3836295
3836452
3836573
3836805
3837107
3837111
3837165
3837268
3837528
3837892
3837901
3838148
3838231
3838249
3838318
3838346
3838394
3838571
3838575
3838641
3838668
3838678
3838757
3838758
3838767
3838874
3838897
3839163
3839300
3839326
3839387
3839441
3839558
3839649
3839930
3839941
3839954
3840079
3840188
3840438
3840632
3840660
3840790
3840866
3840901
3840910
3840924
3840970
3840991
3841113
3841193
3841202
3841387
3841404
3841449
3841460
3841546
3841663
3841866
3841876
3841890
3841900
3841922
3842049
3842364
3842456
3842598
3842645
3842984
3842986
3843179
3843589
3843598
3843794
3843802
3844083
3844099
3844114
3844124
3844147
3844197
3844225
3844254
3844328
3844600
3844683
3844723
3844785
3844904
3845037
3845041
3845213
3845219
3845436
3845502
3845667
3845684
3845689
3845706
3845789
3845972
3846138
3846230
3846232
3846395
3846789
3846815
3846931
3846941
3847118
3847259
3847308
3847323
3847456
3847492
3847538
3847569
3847594
3847706
3847708
3848105
3848108
3848151
3848460
3848607
3848666
3848709
3848996
3849053
3849137
3849168
3849183
3849258
3849277
3849404
3849623
3849760
3849809
3849951
3849989
3850005
3850082
3850393
3850573
3850747
3850784
3850862
3850928
3851042
3851133
3851219
3851563
3851601
3851711
3851779
3851788
3851836
3851854
3851953
3851971
3852027
3852137
3852231
3852445
3852527
3852567
3852717
3852836
3852875
3852915
3852918
3852945
3852955
3852963
3852982
3853031
3853057
3853111
3853150
3853201
3853634
3853666
3853679
3853737
3854037
3854253
3854449
3854456
3854536
3854702
3854881
3854945
3855046
3855051
3855352
3855527
3855585
3855587
3855603
3855707
3855890
3856102
3856220
3856343
3856412
3856415
3856528
3856605
3856745
3856874
3856922
3856951
3857051
3857064
3857072
3857133
3857166
3857246
3857337
3857391
3857559
3857689
3857717
3857754
3857874
3857948
3858034
3858162
3858293
3858456
3858517
3858552
3858570
3858605
3858676
3858693
3858821
3858906
3859290
3859354
3859401
3859481
3859490
3860076
3860117
3860353
3860408
3860427
3860568
3860575
3860640
3860649
3860715
3860928
3860930
3861079
3861197
3861455
3861532
3861768
3861828
3862061
3862066
3862143
3862207
3862409
3862439
3862512
3862759
3862820
3862823
3863008
3863124
3863263
3863279
3863415
3863442
3863518
3864165
3864175
3864178
3864236
3864245
3864263
3864318
3864525
3864612
3864635
3864652
3864802
3864972
3865060
3865323
3865324
3865544
3865552
3865624
3865639
3865799
3865802
3865879
3865942
3865960
3866437
3866459
3866598
3866608
3866702
3866708
3866769
3866995
3867081
3867192
3867235
3867310
3867419
3867463
3867505
3867536
3867643
3867704
3867716
3867756
3867842
3867864
3868142
3868288
3868317
3868418
3868420
3868428
3868433
3868506
3868740
3868891
3868897
3868950
3869455
3869567
3869621
3869624
3869668
3869783
3869944
3870010
3870254
3870266
3870609
3870716
3870773
3870956
3870970
3871032
3871108
3871226
3871256
3871286
3871314
3871495
3871500
3871519
3871568
3871696
3871714
3871790
3871988
3872014
3872079
3872157
3872272
3872318
3872333
3872588
3872658
3872807
3872952
3872977
3872996
3873010
3873014
3873190
3873204
3873223
3873434
3873444
3873475
3873515
3873613
3873809
3873812
3873886
3873990
3874027
3874092
3874261
3874370
3874483
3874534
3874564
3874620
3874672
3874729
3874818
3874937
3875043
3875058
3875100
3875139
3875144
3875148
3875151
3875189
3875348
3875437
3875651
3875778
3875793
3875839
3875990
3876067
3876077
3876327
3876412
3876509
3876612
3876623
3876646
3876709
3876784
3876918
3877038
3877052
3877355
3877387
3877523
3877553
3877577
3877870
3877918
3878136
3878786
3878995
3879121
3879260
3879433
3879531
3879662
3879700
3879723
3879981
3880735
3880828
3880983
3881083
3881871
3881921
3882065
3882144
3882284
3882343
3882753
3882782
3883136
3883179
3883271
3883427
3883450
3883553
3883837
3884128
3884158
3884275
3884357
3884441
3884455
3884690
3884694
3884775
3884819
3884906
3885051
3885204
3885294
3885580
3885613
3885645
3885707
3885869
3885973
3886133
3886346
3886715
3886728
3886829
3886844
3886959
3887042
3887110
3887140
3887325
3887355
3887368
3887427
3887538
3887553
3887600
3887692
3887762
3887913
3888106
3888207
3888322
3888644
3888661
3888667
3888878
3888935
3888954
3889033
3889105
3889107
3889289
3889393
3889539
3889576
3889688
3889721
3889779
3889971
3890155
3890161
3890294
3890388
3890407
3890768
3890817
3890826
3890879
3890885
3890937
3890978
3891124
3891314
3891336
3891473
3891523
3891744
3891777
3891891
3891948
3892235
3892347
3892421
3892431
3892491
3892532
3892547
3892584
3892813
3892868
3893062
3893067
3893094
3893760
3893810
3893919
3893978
3894108
3894170
3894428
3894590
3894882
3894944
3895028
3895086
3895181
3895214
3895341
3895359
3895397
3895402
3895493
3895577
3895689
3895700
3895862
3895931
3895989
3896096
3896142
3896183
3896190
3896231
3896236
3896359
3896685
3896745
3896774
3896776
3896821
3896887
3896938
3897115
3897287
3897347
3897562
3897617
3897635
3897637
3897738
3897976
3898024
3898369
3898408
3898537
3898829
3898874
3898891
3898946
3899111
3899262
3899270
3899463
3899614
3899615
3899764
3899773
3899909
3899973
3900022
3900045
3900143
3900239
3900294
3900299
3900394
3900442
3900530
3900661
3900798
3900924
3900931
3901003
3901083
3901120
3901233
3901513
3901544
3901663
3901977
3902138
3902250
3902273
3902451
3902466
3902478
3902517
3902540
3902559
3902752
3902791
3902828
3903071
3903297
3903321
3903338
3903372
3903443
3903520
3903527
3903684
3904008
3904060
3904124
3904215
3904259
3904278
3904318
3904594
3904662
3904697
3904722
3905104
3905204
3905212
3905256
3905522
3905556
3905622
3905696
3905748
3905923
3905980
3905998
3906072
3906140
3906198
3906382
3906684
3906943
3906948
3906962
3907078
3907168
3907172
3907253
3907548
3907628
3907780
3907895
3908271
3908559
3908713
3908730
3908818
3909086
3909154
3909273
3909301
3909363
3909513
3909801
3909884
3909890
3910001
3910009
3910227
3910267
3910289
3910307
3910339
3910457
3910691
3910840
3910862
3910885
3910931
3911051
3911089
3911231
3911359
3911431
3911432
3911434
3911507
3911542
3911618
3911644
3911819
3911866
3911989
3912117
3912119
3912258
3912427
3912465
3912503
3912528
3912694
3912828
3912949
3913293
3913305
3913389
3913536
3913762
3913820
3913915
3913934
3913997
3914020
3914100
3914117
3914126
3914429
3914510
3914586
3914611
3914679
3914704
3914793
3914964
3914990
3915009
3915023
3915056
3915101
3915103
3915371
3915467
3915534
3915552
3915622
3915672
3915965
3916138
3916248
3916426
3916578
3916818
3916973
3917000
3917130
3917135
3917359
3917824
3917848
3917912
3918008
3918014
3918049
3918292
3918436
3918523
3918614
3918709
3918778
3918954
3919020
3919050
3919074
3919364
3919377
3919421
3919543
3919549
3919558
3919700
3919772
3919787
3919857
3919867
3919921
3919943
3920026
3920071
3920454
3920544
3920757
3920760
3920937
3920985
3921087
3921147
3921168
3921330
3921331
3921376
3921413
3921499
3921516
3921539
3921593
3921901
3921919
3921960
3922031
3922077
3922361
3922416
3922426
3922514
3922532
3922687
3923328
3923451
3923792
3923873
3923967
3924182
3924262
3924303
3924421
3924530
3924617
3924632
3924673
3924675
3924756
3924862
3924891
3925019
3925091
3925194
3925280
3925482
3925631
3925850
3925995
3926058
3926138
3926169
3926362
3926379
3926421
3926423
3926530
3926805
3926942
3926983
3927059
3927188
3927270
3927299
3927348
3927408
3927431
3927611
3927653
3927750
3927893
3928084
3928104
3928264
3928306
3928320
3928396
3928459
3928650
3929018
3929219
3929266
3929311
3929343
3929630
3929741
3929747
3929761
3929846
3929956
3930001
3930294
3930310
3930355
3930437
3930599
3930611
3930751
3930774
3930869
3930882
3930974
3930991
3931063
3931130
3931192
3931247
3931306
3931350
3931368
3931431
3931456
3931477
3931586
3931674
3932089
3932139
3932342
3932435
3932444
3932595
3932719
3932871
3933035
3933069
3933193
3933406
3933440
3933619
3933878
3933901
3934120
3934332
3934381
3934382
3934392
3934457
3934487
3934636
3934828
3935023
3935061
3935066
3935371
3935479
3935524
3935548
3935704
3935917
3935928
3936040
3936153
3936241
3936533
3936656
3936661
3936794
3936820
3936861
3936961
3937081
3937265
3937377
3937385
3937676
3937722
3937775
3937785
3937813
3937889
3938066
3938071
3938269
3938286
3938326
3938366
3938369
3938423
3938572
3938610
3938674
3938680
3938684
3938735
3938809
3938880
3939043
3939164
3939193
3939261
3939328
3939473
3939500
3939618
3939641
3940086
3940145
3940281
3940425
3940492
3940508
3940600
3940705
3941012
3941159
3941166
3941218
3941241
3941254
3941852
3941868
3941901
3941907
3941921
3941975
3942172
3942325
3942377
3942424
3942454
3942650
3942708
3942755
3942819
3942926
3942943
3942980
3943050
3943381
3943433
3943451
3943649
3943694
3943854
3943914
3943947
3943987
3944103
3944317
3944371
3944384
3944418
3944424
3944485
3944585
3944617
3944649
3944739
3944985
3945091
3945230
3945253
3945566
3945700
3945801
3945941
3946114
3946152
3946214
3946321
3946628
3946635
3946773
3946944
3946947
3946960
3946973
3947092
3947100
3947424
3947516
3947527
3947596
3947639
3947680
3947718
3947799
3947842
3947990
3947992
3948190
3948437
3948468
3948636
3948645
3948733
3948946
3949103
3949158
3949197
3949280
3949731
3949832
3949913
3950019
3950161
3950321
3950499
3950536
3950569
3950718
3950746
3950977
3951033
3951283
3951289
3951545
3951598
3951719
3951781
3951900
3952369
3952381
3952432
3952467
3952639
3952644
3952858
3952916
3953047
3953141
3953469
3953597
3953764
3953765
3953981
3954113
3954229
3954378
3954416
3954531
3954770
3954985
3954989
3955041
3955134
3955195
3955238
3955335
3955346
3955417
3955608
3955627
3955860
3955933
3955950
3956128
3956312
3956538
3956591
3956684
3956820
3956833
3957027
3957239
3957354
3957359
3957579
3957619
3957638
3957742
3957848
3957878
3958220
3958430
3958519
3958595
3958598
3958681
3958969
3959075
3959106
3959139
3959142
3959157
3959263
3959324
3959446
3959489
3959505
3959571
3959666
3959724
3959743
3959828
3959940
3960133
3960366
3960464
3960595
3960597
3960753
3960802
3961171
3961176
3961290
3961346
3961351
3961353
3961446
3961453
3961838
3961884
3961894
3962490
3962569
3962611
3962647
3962723
3962755
3962780
3962987
3963097
3963170
3963282
3963386
3963389
3963625
3963737
3963759
3964148
3964188
3964379
3964411
3964429
3964444
3964481
3964509
3964524
3964579
3964738
3964773
3964903
3964989
3965126
3965228
3965321
3965399
3965423
3965487
3965521
3966011
3966113
3966255
3966377
3966480
3966570
3966577
3966587
3966719
3966976
3967095
3967255
3967300
3967369
3967395
3967418
3967759
3967855
3967865
3968338
3968393
3968491
3968495
3968658
3968689
3968812
3968905
3968997
3969490
3969669
3969830
3969871
3969924
3970056
3970192
3970246
3970265
3970303
3970420
3970485
3970547
3970834
3971028
3971080
3971088
3971115
3971304
3971709
3972004
3972027
3972172
3972264
3972494
3972694
3972727
3972730
3972852
3972865
3972976
3973179
3973218
3973373
3973395
3973486
3973514
3973548
3973578
3973639
3973674
3973949
3973980
3974033
3974099
3974150
3974233
3974453
3974473
3974645
3974665
3974709
3974713
3974786
3975000
3975420
3975450
3975685
3975929
3976013
3976028
3976138
3976152
3976422
3976514
3976692
3976845
3976849
3976854
3976998
3976999
3977054
3977090
3977110
3977224
3977578
3977692
3977953
3978101
3978408
3978530
3978632
3978706
3978836
3978880
3978932
3979052
3979152
3979293
3979367
3979404
3979590
3979616
3979637
3979816
3979832
3980110
3980243
3980292
3980520
3980740
3980873
3980889
3980994
3981048
3981079
3981193
3981236
3981497
3981669
3981695
3981712
3981733
3981846
3981899
3982186
3982509
3982756
3982799
3982831
3983140
3983277
3983353
3983437
3983450
3983461
3983496
3983598
3983731
3983764
3983801
3983839
3983855
3983866
3983910
3983917
3984229
3984331
3984397
3984509
3984621
3984630
3984673
3984714
3984741
3984812
3984969
3984990
3985140
3985218
3985238
3985241
3985270
3985331
3985335
3985413
3985416
3985477
3985549
3985582
3985584
3985682
3985723
3985729
3985730
3985847
3985908
3986125
3986198
3986447
3986548
3986686
3986760
3986784
3986787
3986914
3986989
3987010
3987081
3987116
3987143
3987151
3987175
3987256
3987263
3987335
3987420
3987433
3987568
3987765
3987784
3987956
3988152
3988245
3988680
3988756
3988791
3989011
3989091
3989156
3989199
3989280
3989386
3989608
3989782
3989883
3989920
3989928
3989971
3990001
3990014
3990108
3990213
3990252
3990312
3990526
3990608
3990635
3990645
3990695
3990817
3990970
3991005
3991390
3991636
3991700
3991754
3991968
3992166
3992168
3992694
3992708
3992785
3992809
3992820
3992932
3992986
3992989
3993073
3993079
3993253
3993425
3993442
3993786
3993801
3994130
3994366
3994428
3994453
3994493
3994516
3994766
3994783
3994818
3994835
3994941
3995221
3995285
3995418
3995549
3995633
3995781
3995929
3995951
3996025
3996099
3996286
3996366
3996420
3996432
3996474
3996507
3996587
3996668
3997020
3997089
3997127
3997300
3997322
3997360
3997661
3997676
3997859
3997870
3997937
3998212
3998274
3998285
3998350
3998452
3998627
3998851
3998857
3998907
3998912
3998929
3999061
3999072
3999089
3999115
3999364
3999737
3999743
3999917
3999978
3999981
4000124
4000174
4000328
4000427
4000513
4000519
4000583
4000657
4000671
4000676
4000724
4000827
4001093
4001183
4001247
4001635
4001668
4001703
4001791
4001849
4002017
4002110
4002167
4002229
4002432
4002624
4002997
4003025
4003205
4003234
4003615
4003649
4003667
4003723
4003750
4003765
4003912
4003917
4004075
4004078
4004188
4004200
4004288
4004321
4004357
4004522
4004633
4004936
4004942
4004958
4005058
4005112
4005276
4005338
4005356
4005406
4005670
4005893
4006025
4006050
4006066
4006079
4006140
4006401
4006420
4006644
4006826
4006911
4006943
4007079
4007132
4007332
4007468
4007660
4007944
4008074
4008183
4008191
4008209
4008302
4008404
4008618
4008723
4008867
4008924
4008956
4008958
4009066
4009208
4009294
4009402
4009431
4009487
4009777
4009813
4009851
4009871
4009928
4009930
4009995
4010137
4010231
4010318
4010442
4011020
4011266
4011351
4011463
4011541
4011624
4011689
4011742
4011824
4011962
4012112
4012142
4012190
4012254
4012334
4012378
4012395
4012398
4012615
4012618
4012699
4012755
4012774
4013027
4013197
4013347
4013404
4013501
4013521
4013524
4013584
4013750
4013916
4014076
4014155
4014196
4014270
4014272
4014294
4014363
4014450
4014475
4014728
4014852
4014861
4014950
4014955
4015023
4015036
4015113
4015156
4015382
4015443
4015632
4015710
4015776
4016018
4016123
4016346
4016355
4016378
4016507
4016694
4016746
4016748
4016941
4017150
4017258
4017327
4017510
4017611
4017684
4017790
4017799
4017803
4017833
4017845
4018102
4018195
4018250
4018327
4018522
4018557
4018869
4018882
4018906
4018964
4019032
4019049
4019069
4019167
4019168
4019357
4019640
4019675
4019951
4019977
4019990
4020204
4020259
4020289
4020346
4020728
4020910
4020943
4021032
4021106
4021200
4021249
4021262
4021292
4021357
4021595
4021686
4021947
4022012
4022023
4022026
4022218
4022317
4022418
4022492
4022732
4023090
4023188
4023205
4023239
4023568
4023689
4023788
4023815
4023816
4023835
4023863
4023937
4024051
4024170
4024195
4024344
4024374
4024432
4024550
4024670
4024677
4024683
4024782
4024984
4025029
4025044
4025151
4025185
4025450
4025535
4025626
4025657
4025678
4025731
4025763
4025775
4025899
4026126
4026236
4026254
4026294
4026307
4026429
4026448
4026451
4026607
4026639
4026709
4026952
4027117
4027322
4027357
4027397
4027435
4027458
4027501
4027516
4027722
4027746
4027748
4027789
4027811
4027829
4028515
4028583
4028718
4028738
4028963
4028983
4029008
4029121
4029197
4029386
4029388
4029417
4029491
4029568
4029570
4029683
4029731
4029917
4029992
4030104
4030334
4030400
4030437
4030554
4030557
4030558
4030576
4030788
4030855
4031000
4031186
4031207
4031364
4031474
4031509
4031533
4031950
4032180
4032243
4032325
4032401
4032679
4032680
4032687
4032731
4032744
4032756
4032777
4032864
4032894
4033012
4033028
4033328
4033435
4033647
4033989
4034003
4034141
4034262
4034286
4034505
4034588
4034636
4034673
4034731
4034742
4034773
4034974
4035057
4035102
4035346
4035507
4035541
4035679
4035821
4035840
4035953
4036048
4036121
4036133
4036488
4036776
4037006
4037149
4037185
4037264
4037316
4037521
4037639
4037658
4037740
4037753
4037915
4037941
4037991
4038025
4038660
4038721
4038887
4038938
4038939
4038953
4039055
4039266
4039428
4039507
4039672
4039876
4040170
4040211
4040379
4040392
4040509
4040707
4040710
4040761
4040799
4040835
4040900
4041009
4041354
4041418
4041436
4041497
4041551
4041597
4041616
4041925
4042067
4042279
4042352
4042450
4042567
4042656
4042754
4042994
4043066
4043103
4043173
4043305
4043419
4043548
4043866
4043876
4043922
4043926
4043955
4044262
4044357
4044564
4044633
4044634
4044848
4044882
4044903
4044937
4045144
4045147
4045268
4045429
4045447
4045475
4045529
4045671
4046074
4046075
4046141
4046232
4046411
4046445
4046874
4046906
4046935
4046957
4047036
4047076
4047098
4047196
4047205
4047542
4047556
4047640
4047997
4048065
4048099
4048271
4048331
4048378
4048597
4048665
4048745
4049005
4049030
4049064
4049140
4049151
4049227
4049337
4049371
4049426
4049434
4049463
4049533
4049542
4049621
4049638
4049653
4049765
4049781
4049846
4049976
4050282
4050607
4050624
4050655
4050814
4051087
4051223
4051263
4051306
4051318
4051451
4051585
4051586
4051668
4051896
4052162
4052214
4052241
4052412
4052648
4052659
4052766
4052797
4052877
4053097
4053114
4053263
4053294
4053436
4053472
4053602
4053675
4053682
4053800
4053951
4053964
4053965
4054025
4054109
4054326
4054349
4054415
4054423
4054591
4054682
4054860
4054883
4055058
4055185
4055209
4055243
4055252
4055618
4055870
4055932
4055957
4056314
4056429
4056438
4056445
4056465
4056823
4056835
4056844
4056947
4057099
4057189
4057422
4057776
4057936
4058032
4058048
4058076
4058227
4058233
4058285
4058309
4058394
4058447
4058761
4058798
4058972
4058982
4059260
4059262
4059376
4059386
4059465
4059501
4059641
4059643
4059708
4060128
4060171
4060296
4060470
4060686
4060776
4060833
4060842
4061026
4061030
4061080
4061098
4061457
4061515
4061607
4061769
4062064
4062179
4062341
4062643
4062744
4063065
4063335
4063395
4063508
4063569
4063586
4063660
4063757
4063759
4064171
4064398
4064488
4064553
4064680
4064787
4064830
4064995
4065128
4065188
4065419
4065624
4065694
4065766
4066042
4066181
4066265
4066346
4066586
4066610
4066833
4067071
4067075
4067097
4067100
4067199
4067238
4067297
4067432
4067493
4067569
4067735
4068221
4068224
4068231
4068286
4068540
4068578
4068593
4068639
4068657
4068782
4068784
4068787
4068813
4068870
4069204
4069242
4069276
4069294
4069332
4069503
4069507
4069666
4069756
4069880
4069888
4069980
4070150
4070163
4070228
4070381
4070396
4070426
4070527
4070619
4070644
4070865
4070870
4070893
4070943
4071064
4071091
4071118
4071240
4071374
4071389
4071476
4071720
4071818
4071875
4071965
4072043
4072053
4072165
4072518
4072646
4072738
4072771
4072829
4072848
4072888
4072972
4073029
4073524
4073689
4073885
4074309
4074395
4074440
4074466
4075044
4075075
4075176
4075294
4075308
4075320
4075345
4075435
4075442
4075497
4075834
4075851
4075967
4076002
4076095
4076194
4076278
4076515
4076951
4077015
4077085
4077132
4077159
4077161
4077165
4077171
4077385
4077389
4077590
4077629
4077727
4077831
4077866
4078011
4078189
4078259
4078636
4078673
4078896
4078925
4078997
4079003
4079049
4079060
4079281
4079559
4079627
4079778
4079883
4079933
4080008
4080170
4080214
4080318
4080393
4080457
4080495
4080569
4080652
4080690
4081042
4081146
4081174
4081206
4081260
4081290
4081339
4081473
4081606
4081658
4081704
4081781
4081788
4081790
4081881
4082295
4082412
4082784
4082791
4082838
4082946
4083075
4083085
4083126
4083287
4083303
4083460
4083548
4083649
4083694
4083813
4083827
4083930
4084000
4084019
4084267
4084273
4084537
4084695
4084847
4084893
4084996
4085013
4085154
4085178
4085245
4085284
4085316
4085381
4085426
4085536
4085543
4085589
4085696
4085700
4085726
4085803
4085860
4085933
4086019
4086045
4086055
4086098
4086141
4086223
4086264
4086296
4086313
4086491
4086532
4086568
4086720
4087095
4087158
4087250
4087291
4087298
4087351
4087383
4087413
4087438
4087536
4087622
4087628
4087766
4087840
4087877
4088201
4088206
4088330
4088391
4088449
4088457
4088490
4088545
4088706
4088849
4088924
4088937
4089154
4089417
4089450
4089550
4089589
4089696
4089788
4090154
4090326
4090368
4090390
4090483
4090600
4090664
4090704
4090706
4090958
4091188
4091221
4091272
4091816
4091922
4092209
4092254
4092278
4092358
4092578
4092700
4092940
4093121
4093150
4093266
4093320
4093687
4093795
4093797
4093984
4094159
4094371
4094380
4094432
4094564
4094594
4094609
4094622
4094906
4095076
4095131
4095144
4095223
4095241
4095371
4095422
4095452
4095457
4095458
4095540
4095627
4095646
4095825
4095880
4096182
4096370
4096487
4096492
4096639
4096860
4097020
4097123
4097129
4097212
4097268
4097337
4097352
4097481
4097586
4097705
4097795
4097800
4098008
4098036
4098129
4098145
4098184
4098371
4098393
4098421
4098555
4098558
4098739
4098770
4098981
4099064
4099135
4099172
4099309
4099602
4099635
4099674
4099852
4100028
4100161
4100169
4100284
4100289
4100318
4100337
4100362
4100390
4100691
4100785
4100816
4100977
4101199
4101292
4101301
4101317
4101343
4101521
4101578
4101585
4101602
4101636
4101699
4101757
4101788
4101796
4101873
4101878
4101924
4101926
4102134
4102161
4102244
4102301
4102389
4102480
4102838
4102907
4103143
4103166
4103169
4103178
4103527
4103824
4103846
4104478
4104527
4104728
4104951
4105172
4105221
4105229
4105536
4105551
4105602
4105667
4105691
4105729
4105807
4105903
4106004
4106164
4106316
4106376
4106574
4106640
4106809
4106825
4106829
4106897
4107013
4107137
4107289
4107415
4107514
4107526
4107557
4107574
4107706
4107719
4107727
4107840
4107852
4107870
4107936
4107944
4108056
4108129
4108247
4108276
4108309
4108344
4108614
4108808
4108874
4108915
4109190
4109437
4109469
4109639
4109754
4109964
4110116
4110359
4110367
4110374
4110575
4110736
4110968
4110977
4111170
4111238
4111464
4111595
4111610
4111823
4112004
4112118
4112311
4112332
4112438
4112831
4112904
4112972
4113014
4113045
4113281
4113314
4113469
4113566
4113663
4113784
4113932
4113995
4114090
4114306
4114367
4114913
4114962
4114972
4115034
4115084
4115129
4115234
4115380
4115381
4115608
4115729
4115757
4115950
4115961
4116055
4116350
4116376
4116382
4116608
4116641
4117041
4117189
4117362
4117442
4117558
4117592
4117620
4117641
4117642
4117857
4118062
4118185
4118192
4118228
4118342
4118411
4118453
4118557
4118563
4118704
4118721
4118876
4118902
4118933
4118955
4119088
4119110
4119231
4119289
4119480
4119633
4119697
4119720
4119749
4119782
4119794
4119892
4119938
4120424
4120496
4120540
4120667
4120674
4120685
4120784
4120823
4121155
4121173
4121232
4121257
4121334
4121522
4121678
4121681
4121754
4121771
4121784
4121836
4121848
4121996
4122205
4122292
4122293
4122348
4122409
4122413
4122651
4122860
4123007
4123010
4123089
4123305
4123370
4123444
4123693
4123730
4123773
4123956
4123983
4124106
4124321
4124331
4124335
4124517
4124528
4124529
4124583
4124739
4124796
4124999
4125008
4125230
4125253
4125286
4125300
4125304
4125425
4125500
4125571
4125659
4125675
4125795
4125802
4125850
4125957
4126041
4126284
4126287
4126292
4126406
4126415
4126477
4126482
4126508
4126599
4126608
4126626
4126817
4126843
4126916
4127087
4127092
4127616
4127677
4128118
4128148
4128220
4128344
4128399
4128493
4128528
4128664
4128708
4128717
4128860
4129070
4129075
4129197
4129228
4129238
4129372
4129408
4129477
4129480
4129485
4129494
4129503
4129776
4129801
4129832
4129922
4129934
4130318
4130384
4130479
4130539
4130707
4130997
4131065
4131120
4131171
4131191
4131221
4131247
4131256
4131291
4131358
4131541
4131927
4131942
4132085
4132339
4132476
4132484
4132540
4132901
4133040
4133097
4133353
4133401
4133530
4133552
4133563
4134011
4134034
4134225
4134357
4134410
4134413
4134443
4134489
4134776
4134898
4134958
4134963
4134998
4135000
4135018
4135019
4135316
4135456
4135517
4135649
4135722
4135778
4135786
4135929
4135958
4136008
4136053
4136257
4136461
4136519
4136713
4136746
4136886
4137276
4137425
4137432
4137449
4137491
4137529
4137710
4138020
4138091
4138171
4138483
4138492
4138745
4138879
4138914
4139054
4139438
4139440
4139487
4139548
4139571
4139706
4139712
4139762
4139897
4139911
4140071
4140142
4140186
4140201
4140229
4140298
4140420
4140605
4140649
4140694
4140890
4141001
4141055
4141075
4141092
4141144
4141191
4141241
4141263
4141432
4141443
4141561
4141733
4141771
4142017
4142166
4142211
4142336
4142511
4142552
4142563
4142569
4142888
4142910
4143121
4143272
4143299
4143371
4143447
4143609
4143914
4143963
4144161
4144488
4144789
4144804
4144861
4145187
4145268
4145341
4145345
4145458
4145467
4145541
4145574
4145615
4145743
4145886
4146211
4146264
4146431
4146452
4146476
4146523
4146567
4146629
4146925
4147003
4147059
4147359
4147566
4147571
4147622
4147654
4147763
4147868
4148093
4148097
4148267
4148347
4148425
4148523
4148685
4148904
4149080
4149133
4149446
4149505
4149526
4149568
4149853
4149923
4150049
4150137
4150347
4150588
4150762
4150766
4150771
4150857
4150905
4150927
4150965
4151480
4151487
4151508
4151554
4151585
4151690
4151730
4151811
4151841
4151870
4151890
4151922
4151990
4151996
4152032
4152152
4152216
4152300
4152344
4152481
4152518
4152628
4152671
4152684
4152885
4153014
4153018
4153024
4153079
4153081
4153100
4153501
4153502
4153677
4153904
4153934
4153973
4154034
4154164
4154184
4154280
4154396
4154401
4154745
4154810
4154892
4154949
4154973
4155540
4155565
4155638
4155648
4155737
4155778
4155846
4155916
4156068
4156230
4156552
4156553
4156642
4156687
4156700
4156912
4156928
4156985
4157155
4157179
4157274
4157345
4157426
4157445
4157466
4157546
4157551
4157579
4157605
4157662
4157779
4157796
4157817
4157963
4157970
4158018
4158120
4158140
4158178
4158246
4158302
4158343
4158393
4158410
4158454
4158529
4158539
4158594
4158620
4158883
4158948
4158990
4159096
4159515
4159535
4159601
4159714
4159851
4159875
4159910
4159969
4160049
4160119
4160155
4160172
4160221
4160535
4160553
4160955
4160997
4161133
4161195
4161217
4161218
4161309
4161416
4161443
4161519
4161558
4161598
4161812
4161847
4161877
4161910
4162005
4162051
4162134
4162138
4162147
4162181
4162182
4162268
4162376
4162394
4162645
4162763
4162778
4162860
4163130
4163164
4163243
4163264
4163266
4163325
4163333
4163409
4163735
4163829
4164040
4164100
4164110
4164141
4164161
4164164
4164191
4164224
4164297
4164364
4164384
4164418
4164600
4164835
4164842
4164889
4164919
4165002
4165117
4165296
4165330
4165350
4165399
4165417
4165655
4165671
4165739
4165747
4165821
4165951
4166074
4166164
4166208
4166312
4166424
4166548
4166623
4166642
4166649
4166735
4166762
4166817
4167077
4167102
4167207
4167316
4167427
4167464
4167503
4167525
4167560
4167648
4167752
4167891
4167933
4168044
4168109
4168245
4168321
4168489
4168538
4168762
4168827
4168934
4168942
4169078
4169099
4169280
4169492
4169577
4169722
4169913
4170010
4170066
4170135
4170234
4170245
4170262
4170284
4170300
4170304
4170321
4170482
4170490
4170540
4170658
4170665
4170681
4170778
4170797
4170933
4171121
4171325
4171353
4171361
4171501
4171515
4171711
4171927
4171935
4172183
4172419
4172511
4172735
4172740
4172940
4172976
4172990
4173027
4173469
4173858
4173922
4173939
4173969
4174067
4174190
4174282
4174319
4174538
4174667
4175251
4175269
4175353
4175358
4175393
4175533
4175595
4175620
4175708
4175779
4175989
4176046
4176151
4176325
4176390
4176541
4176551
4176614
4176650
4176742
4176748
4176836
4176885
4177002
4177123
4177161
4177578
4177721
4177877
4177961
4178174
4178487
4178749
4178798
4178983
4179117
4179237
4179238
4179259
4179368
4179696
4180094
4180151
4180654
4180753
4180785
4180894
4180983
4181136
4181197
4181204
4181278
4181415
4181460
4181516
4181568
4181616
4181763
4181764
4181800
4181933
4182219
4182304
4182522
4182546
4182829
4182878
4183223
4183329
4183450
4183692
4183817
4183839
4183847
4183854
4183963
4184044
4184155
4184266
4184395
4184553
4184691
4184736
4184741
4184779
4184979
4185082
4185092
4185168
4185195
4185248
4185335
4185354
4185415
4185537
4185626
4185632
4185740
4185741
4185961
4185980
4186124
4186255
4186511
4187013
4187168
4187187
4187211
4187405
4187478
4187615
4187618
4187642
4187681
4187750
4187776
4187891
4187968
4188263
4188268
4188324
4188336
4188435
4188458
4188519
4188539
4188546
4188669
4188784
4188793
4188798
4188865
4189151
4189233
4189273
4189328
4189394
4189406
4189470
4189471
4189560
4189652
4189789
4189849
4189990
4190014
4190108
4190147
4190193
4190301
4190381
4190400
4190572
4190614
4190670
4190880
4190882
4191075
4191096
4191115
4191122
4191163
4191312
4191331
4191628
4191633
4191677
4191712
4191750
4191817
4191825
4191827
4191959
4192018
4192084
4192162
4192289
4192419
4192437
4192650
4192739
4192799
4192842
4192995
4193000
4193049
4193054
4193234
4193235
4193268
4193317
4193399
4193536
4193542
4193588
4193656
4193695
4193797
4193878
4193905
4193987
4194040
4194053
4194323
4194406
4194422
4194518
4194629
4194772
4194831
4194940
4195013
4195023
4195077
4195082
4195264
4195356
4195399
4195442
4195493
4195603
4195646
4195715
4195885
4195895
4195947
4196015
4196072
4196152
4196211
4196254
4196363
4196445
4196611
4196661
4196792
4196804
4196922
4196933
4196960
4196979
4197010
4197030
4197322
4197486
4197622
4197660
4197752
4197990
4198053
4198121
4198125
4198210
4198232
4198444
4198452
4198505
4198627
4198840
4199742
4199833
4199855
4200159
4200303
4200440
4200709
4200771
4200833
4200890
4200959
4201092
4201203
4201225
4201314
4201337
4201338
4201571
4201616
4201672
4201728
4201777
4201806
4201855
4201966
4202024
4202047
4202111
4202128
4202282
4202434
4202445
4202518
4202612
4202621
4202629
4202686
4202890
4202963
4203011
4203276
4203395
4203412
4203437
4203569
4203578
4203622
4203752
4204160
4204200
4204237
4204240
4204316
4204415
4204497
4204587
4204804
4205056
4205132
4205165
4205476
4205486
4205548
4205562
4205601
4205634
4205635
4205674
4205924
4205934
4206002
4206052
4206222
4206465
4206478
4206510
4206629
4206663
4206748
4206807
4206822
4207115
4207223
4207275
4207293
4207392
4207394
4207433
4207585
4207628
4207668
4207702
4207917
4207969
4208338
4208467
4208490
4208647
4208731
4209174
4209198
4209215
4209321
4209325
4209595
4209610
4209741
4209791
4209823
4209950
4210055
4210074
4210128
4210285
4210526
4210667
4210734
4210769
4210816
4210838
4211268
4211311
4211402
4211451
4211478
4211493
4211585
4211656
4211659
4211675
4211694
4211835
4211986
4212141
4212173
4212263
4212275
4212385
4212426
4212436
4212547
4212744
4212767
4212783
4212809
4212846
4212865
4212897
4212974
4213059
4213569
4213722
4213964
4214124
4214131
4214293
4214336
4214611
4215017
4215077
4215155
4215223
4215242
4215288
4215350
4215422
4215523
4215545
4215605
4215632
4215668
4215870
4216106
4216224
4216232
4216365
4216434
4216445
4216633
4216716
4216719
4216754
4216877
4217121
4217213
4217312
4217315
4217365
4217402
4217500
4217503
4217602
4217605
4217722
4217840
4217870
4217923
4217968
4217983
4217994
4218179
4218249
4218256
4218365
4218426
4218445
4218456
4218465
4218598
4218619
4218679
4218768
4219077
4219084
4219130
4219278
4219288
4219506
4219632
4219695
4219705
4219710
4219735
4219823
4219872
4219885
4219985
4220039
4220150
4220376
4220484
4220506
4220698
4220705
4220852
4220870
4220886
4220921
4220952
4221142
4221156
4221280
4221308
4221384
4221393
4221474
4221523
4221536
4221588
4221604
4221991
4222124
4222297
4222334
4222366
4222392
4222823
4223019
4223166
4223277
4223300
4223435
4223627
4223689
4223706
4223773
4223776
4223920
4223994
4224413
4224422
4224573
4224674
4224814
4225019
4225315
4225785
4225788
4225821
4226184
4226336
4226722
4226762
4226809
4226903
4227147
4227158
4227234
4227304
4227307
4227415
4227552
4227586
4227639
4227685
4227919
4227966
4228029
4228056
4228084
4228231
4228274
4228300
4228309
4228618
4228725
4228841
4228856
4229056
4229116
4229553
4229632
4229725
4229742
4229783
4229812
4229824
4229857
4230017
4230065
4230078
4230345
4230491
4230535
4230775
4230899
4231075
4231260
4231367
4231399
4231633
4231807
4232019
4232473
4232658
4233185
4233418
4233573
4233661
4233860
4233877
4233879
4233916
4233981
4234016
4234100
4234155
4234230
4234369
4234373
4234401
4234449
4234494
4234626
4234711
4234972
4235011
4235086
4235239
4235261
4235331
4235347
4235488
4235712
4235761
4235765
4235886
4235956
4236070
4236086
4236095
4236206
4236249
4236260
4236426
4236432
4236444
4236504
4236522
4236540
4236542
4236649
4236942
4236950
4236994
4237168
4237225
4237228
4237241
4237381
4237541
4237980
4238145
4238366
4238749
4238960
4239087
4239091
4239152
4239204
4239320
4239365
4239628
4239800
4240023
4240026
4240096
4240102
4240182
4240275
4240791
4240911
4240982
4241091
4241300
4241342
4241384
4241467
4241482
4241488
4241510
4241598
4241769
4241851
4241898
4242163
4242306
4242325
4242396
4242560
4242575
4242778
4242788
4242928
4243035
4243098
4243122
4243156
4243288
4243428
4243461
4243769
4243820
4243842
4243860
4243894
4244064
4244258
4244267
4244485
4244515
4244567
4244587
4244599
4244639
4244818
4244914
4244937
4245085
4245095
4245250
4245387
4245618
4245812
4245893
4245920
4246030
4246100
4246101
4246163
4246184
4246209
4246227
4246555
4246876
4247035
4247065
4247115
4247295
4247349
4247424
4247535
4247675
4247757
4247810
4247969
4248045
4248068
4248151
4248216
4248366
4248576
4248606
4248653
4248691
4249030
4249054
4249268
4249284
4249365
4249496
4249814
4249829
4249910
4249931
4250165
4250225
4250408
4250412
4250598
4250759
4250786
4250790
4251354
4251387
4251402
4251501
4251829
4251869
4251936
4252418
4252546
4252553
4252602
4252807
4252820
4253086
4253129
4253327
4253729
4254025
4254139
4254472
4254488
4254512
4254524
4254694
4254760
4255001
4255059
4255115
4255137
4255408
4255423
4255496
4255559
4255693
4255757
4255776
4255784
4255828
4255914
4255930
4256280
4256472
4256680
4257135
4257254
4257290
4257307
4257394
4257492
4257501
4257545
4257769
4257854
4257928
4257929
4258013
4258017
4258036
4258388
4258575
4258632
4258645
4258646
4258717
4258835
4258941
4259058
4259124
4259137
4259388
4259427
4259460
4259639
4259665
4259667
4259694
4259823
4259896
4259940
4260051
4260118
4260174
4260230
4260240
4260375
4260542
4260641
4260663
4260720
4260900
4261132
4261158
4261297
4261366
4261442
4261500
4261826
4261955
4261973
4262046
4262101
4262135
4262685
4262914
4263231
4263253
4263680
4263809
4263813
4264101
4264364
4264640
4264732
4264742
4264943
4264969
4265167
4265198
4265217
4265342
4265437
4265588
4265629
4265686
4265825
4265832
4265870
4265881
4265953
4266081
4266084
4266132
4266193
4266232
4266265
4266360
4266407
4266425
4266602
4266776
4266800
4266893
4266904
4267065
4267127
4267197
4267214
4267369
4267433
4267483
4267565
4267576
4267792
4267849
4267874
4268012
4268056
4268275
4268500
4268512
4268667
4268787
4268873
4268902
4268938
4269217
4269235
4269409
4269467
4269484
4269615
4269625
4269716
4270074
4270160
4270450
4270596
4270810
4270812
4270854
4270932
4271113
4271300
4271320
4271344
4271664
4271742
4271915
4271927
4271968
4272043
4272408
4272738
4273107
4273110
4273121
4273251
4273872
4274267
4274272
4274287
4274293
4274361
4274396
4274468
4274491
4275024
4275287
4275320
4275351
4275405
4275688
4275720
4275775
4275778
4275856
4275881
4276034
4276084
4276184
4276196
4276268
4276458
4276518
4276603
4276619
4276630
4276696
4276734
4276755
4276811
4276818
4277155
4277293
4277463
4277608
4277714
4277715
4277741
4277761
4277801
4277939
4278230
4278256
4278271
4278312
4278529
4278657
4278719
4278726
4278951
4279119
4279120
4279217
4279447
4279467
4279503
4279593
4279629
4279668
4279782
4279907
4279911
4279916
4280023
4280072
4280249
4280256
4280466
4280485
4280519
4280538
4280702
4280865
4280869
4280985
4281076
4281264
4281551
4281946
4282231
4282337
4282386
4282569
4282632
4282699
4282775
4283151
4283196
4283330
4283418
4283567
4283606
4283662
4283847
4283858
4283970
4284038
4284047
4284207
4284305
4284467
4284475
4284683
4284688
4284696
4284702
4284767
4284805
4284821
4284835
4284906
4284929
4285077
4285156
4285447
4285592
4285685
4285726
4285835
4285844
4285908
4285980
4285987
4286025
4286054
4286132
4286163
4286181
4286281
4286356
4286459
4286524
4286574
4286631
4286654
4286698
4286713
4286739
4286744
4286897
4287002
4287036
4287125
4287131
4287338
4287641
4288117
4288369
4288463
4288480
4288511
4288541
4288585
4288625
4288848
4288932
4289376
4289830
4289865
4289921
4289964
4290123
4290308
4290366
4290632
4290765
4290785
4290815
4290857
4290998
4291081
4291149
4291159
4291162
4291382
4291413
4291429
4291472
4291561
4291689
4291750
4292287
4292377
4292381
4292407
4292465
4292478
4292525
4292584
4292596
4292661
4292667
4293152
4293275
4293448
4293562
4293596
4293656
4293696
4293782
4293829
4293900
4294164
4294373
4294630
4294679
4294875
4294884
4294989
4295049
4295101
4295140
4295369
4295401
4295447
4295509
4295518
4295605
4295608
4295610
4295893
4295963
4295979
4296194
4296228
4296479
4296558
4296640
4296752
4296839
4296943
4297143
4297428
4297479
4297502
4297616
4297804
4297851
4297898
4297967
4298127
4298183
4298199
4298253
4298296
4298380
4298488
4298498
4298789
4298847
4298898
4298963
4298974
4299017
4299022
4299112
4299211
4299282
4299366
4299527
4299620
4299653
4299798
4299827
4299873
4299924
4299925
4299964
4300367
4300405
4300471
4300588
4300738
4300761
4300771
4300811
4300916
4301092
4301131
4301274
4301290
4301521
4301600
4301623
4301665
4301794
4301796
4301897
4301900
4301976
4302122
4302234
4302290
4302324
4302543
4302692
4302713
4302724
4302796
4302798
4302820
4302898
4302916
4302961
4302979
4303066
4303101
4303268
4303279
4303338
4303635
4303677
4303777
4303917
4303921
4304001
4304036
4304091
4304160
4304163
4304442
4304957
4305112
4305116
4305193
4305214
4305221
4305226
4305744
4306016
4306021
4306044
4306178
4306210
4306236
4306315
4306597
4306738
4306818
4306887
4307082
4307192
4307239
4307240
4307312
4307331
4307448
4307485
4307523
4307533
4307666
4307670
4307689
4307746
4307792
4307899
4308069
4308102
4308176
4308594
4308669
4308933
4309017
4309182
4309184
4309212
4309359
4309593
4309631
4309644
4309844
4309892
4310062
4310080
4310110
4310140
4310173
4310176
4310232
4310295
4310628
4310747
4310795
4311170
4311349
4311409
4311447
4311499
4311618
4311640
4311681
4311805
4311848
4311916
4311993
4312127
4312135
4312856
4312934
4312948
4312954
4313162
4313475
4313678
4313716
4313733
4313793
4313806
4313839
4314405
4314433
4314462
4314523
4314663
4314719
4314741
4314809
4314826
4314847
4314853
4314863
4314899
4314916
4315089
4315130
4315142
4315157
4315415
4315473
4315597
4315609
4315737
4315861
4315972
4316188
4316454
4316575
4316590
4316615
4316706
4317006
4317113
4317124
4317126
4317241
4317381
4317404
4317481
4317496
4317501
4317808
4317809
4317938
4317948
4317972
4318021
4318095
4318300
4318547
4318718
4318922
4318928
4318950
4319134
4319194
4319217
4319573
4319579
4319963
4319977
4319992
4320221
4320323
4320449
4320703
4321102
4321179
4321266
4321430
4321658
4321741
4321826
4321883
4321992
4321996
4322032
4322245
4322252
4322388
4322578
4322618
4322814
4322834
4322836
4322867
4323157
4323241
4323252
4323370
4323413
4323439
4323443
4323550
4323562
4323801
4323909
4323972
4324191
4324193
4324467
4324562
4324696
4324729
4324761
4324879
4324910
4324968
4324989
4325055
4325111
4325329
4325592
4325732
4325800
4325857
4325996
4326006
4326111
4326291
4326417
4326485
4326552
4326616
4326705
4326781
4326787
4326911
4326949
4327036
4327097
4327188
4327266
4327277
4327285
4327289
4327293
4327352
4327398
4327469
4327503
4327543
4327712
4327726
4327803
4327857
4327863
4328026
4328507
4328722
4328748
4328766
4328876
4328919
4329145
4329199
4329373
4329374
4329482
4329561
4329680
4329806
4329830
4329861
4329901
4330040
4330062
4330064
4330379
4330431
4330500
4330501
4330941
4331053
4331102
4331109
4331212
4331477
4331489
4331546
4331554
4331694
4331749
4331774
4331786
4331868
4331911
4332193
4332235
4332256
4332368
4332589
4332838
4332963
4332968
4332991
4333187
4333599
4333609
4333616
4333639
4334098
4334101
4334198
4334212
4334227
4334328
4334703
4334780
4334805
4334823
4334881
4334903
4335009
4335164
4335209
4335265
4335287
4335351
4335468
4335632
4335784
4335801
4336444
4336561
4336566
4336673
4336674
4336717
4336890
4336986
4337091
4337188
4337279
4337301
4337590
4337667
4337950
4338067
4338096
4338110
4338152
4338306
4338309
4338482
4338533
4338535
4338814
4339118
4339353
4339361
4339403
4339426
4339495
4339678
4339780
4339927
4339965
4340161
4340168
4340294
4340336
4340364
4340402
4340470
4340478
4340573
4340629
4340673
4340868
4340884
4340933
4340975
4341145
4341171
4341300
4341499
4341532
4341572
4341591
4341738
4341939
4342002
4342024
4342034
4342105
4342312
4342570
4342573
4342579
4342683
4342729
4342957
4343022
4343029
4343139
4343287
4343365
4343552
4343588
4343745
4343767
4343795
4343803
4343806
4343861
4343921
4344191
4344293
4344332
4344394
4344611
4344784
4344814
4344853
4344879
4344945
4344950
4345010
4345038
4345082
4345240
4345292
4345331
4345333
4345457
4345484
4345691
4345705
4345732
4345916
4345999
4346345
4346496
4346767
4346784
4346820
4346891
4346969
4347146
4347215
4347244
4347314
4347505
4347572
4347583
4347598
4347667
4347980
4348008
4348040
4348091
4348150
4348298
4348350
4348376
4348558
4348564
4348717
4348726
4348767
4348956
4349053
4349258
4349780
4350001
4350044
4350058
4350118
4350190
4350538
4350584
4350698
4350733
4351062
4351181
4351183
4351274
4351327
4351364
4351365
4351404
4351596
4351603
4351622
4351658
4351715
4351811
4351968
4352309
4352378
4352396
4352446
4352458
4352492
4352495
4352661
4353011
4353532
4353745
4353778
4353802
4353875
4353878
4353978
4354038
4354089
4354101
4354296
4354384
4354460
4354502
4354508
4354578
4354626
4354635
4354682
4354920
4355282
4355457
4355480
4355570
4355647
4355722
4355859
4356216
4356404
4356410
4356506
4356574
4356766
4356775
4357011
4357215
4357298
4357308
4357424
4357463
4357539
4357656
4357787
4357859
4357898
4358036
4358130
4358161
4358176
4358189
4358241
4358428
4358447
4358621
4358639
4358844
4358847
4358931
4359192
4359352
4359354
4359363
4359588
4359678
4359977
4360052
4360165
4360296
4360662
4360712
4360799
4360905
4360908
4360932
4360975
4360990
4361000
4361049
4361067
4361488
4361739
4361791
4361912
4362093
4362146
4362313
4362607
4362609
4362669
4362694
4362697
4362772
4363184
4363257
4363475
4363625
4363650
4363693
4363699
4364086
4364158
4364337
4364394
4364442
4365033
4365339
4365552
4365841
4366166
4366277
4366663
4366691
4366716
4366794
4366923
4366934
4367344
4367439
4367531
4367562
4367621
4367727
4367850
4367877
4367920
4367932
4368025
4368174
4368221
4368262
4368503
4368563
4368633
4368650
4368676
4368740
4368770
4368873
4369074
4369283
4369378
4369489
4369503
4369600
4369755
4369879
4370057
4370181
4370268
4370307
4370338
4370728
4370733
4371046
4371058
4371063
4371153
4371244
4371370
4371378
4371495
4371551
4371583
4371823
4371901
4371932
4372005
4372074
4372130
4372240
4372308
4372782
4372889
4372974
4372988
4373090
4373110
4373234
4373245
4373402
4373567
4373649
4373876
4373883
4374111
4374116
4374161
4374212
4374370
4374383
4374437
4374518
4374699
4374728
4374760
4374959
4374966
4375028
4375085
4375236
4375346
4375466
4375468
4375509
4375527
4375629
4375641
4375649
4375793
4376163
4376204
4376262
4376321
4376351
4376399
4376413
4376503
4376510
4376844
4376900
4377153
4377222
4377286
4377507
4377620
4377723
4377857
4377858
4377890
4377988
4378019
4378031
4378229
4378294
4378632
4378752
4378810
4378856
4378909
4379040
4379058
4379425
4379458
4380016
4380100
4380324
4380504
4380508
4380557
4380708
4380720
4380803
4380906
4380929
4381168
4381280
4381287
4381391
4381412
4381486
4381591
4381592
4381841
4381913
4382159
4382169
4382492
4382665
4382730
4382815
4382864
4383154
4383183
4383195
4383196
4383226
4383401
4383428
4383496
4383599
4383780
4383786
4383818
4384048
4384130
4384221
4384253
4384491
4384552
4384620
4384673
4384801
4385064
4385153
4385361
4385727
4385730
4385744
4386112
4386201
4386227
4386289
4386307
4386408
4386468
4386650
4386661
4386721
4386724
4386751
4386789
4386804
4386986
4387236
4387501
4387571
4387612
4387650
4387665
4387716
4387787
4387995
4388021
4388584
4388613
4388766
4388823
4388934
4388952
4389113
4389270
4389462
4389530
4389622
4389765
4389916
4390379
4390463
4390627
4390652
4390751
4390927
4390961
4391090
4391156
4391402
4391469
4391848
4391968
4391994
4391998
4392060
4392110
4392197
4392297
4392420
4392487
4392578
4392651
4392668
4392674
4392865
4392958
4392971
4392983
4393005
4393091
4393166
4393204
4393369
4393520
4393533
4393583
4393586
4393707
4393721
4393782
4393787
4393867
4393896
4393898
4394088
4394127
4394181
4394183
4394308
4394467
4394493
4394704
4394706
4394750
4394786
4394880
4395012
4395016
4395139
4395252
4395378
4395486
4395513
4395530
4395574
4395711
4395747
4395836
4395948
4396323
4396334
4396514
4396533
4396793
4396840
4397052
4397067
4397104
4397268
4397283
4397357
4397429
4397519
4397615
4397616
4397657
4397678
4397816
4397868
4397976
4397999
4398127
4398148
4398314
4398639
4398664
4398824
4398835
4399215
4399266
4399425
4399519
4399553
4399624
4399666
4399786
4399820
4400020
4400248
4400398
4400497
4400547
4400594
4400827
4400953
4401136
4401306
4401668
4401711
4401754
4401821
4401858
4401893
4402031
4402068
4402111
4402645
4402790
4402864
4402894
4403129
4403208
4403455
4403610
4403750
4403821
4403984
4403989
4404382
4404427
4404476
4404660
4405092
4405107
4405368
4405385
4405515
4405663
4405726
4405800
4405830
4405949
4406045
4406138
4406242
4406568
4406569
4406604
4406635
4406748
4406788
4407160
4407327
4407381
4407413
4407771
4408326
4408369
4408549
4408661
4408886
4408909
4408940
4409023
4409197
4409268
4409443
4409555
4409607
4409840
4409880
4410107
4410153
4410189
4410230
4410258
4410268
4410384
4410464
4410645
4410674
4410785
4410925
4411042
4411151
4411159
4411271
4411326
4411486
4411611
4411645
4411716
4411775
4411883
4411945
4411996
4412059
4412125
4412283
4412308
4412398
4412553
4412627
4412652
4412682
4412707
4413078
4413252
4413270
4413388
4413732
4413769
4413821
4413847
4413884
4414066
4414090
4414096
4414434
4414453
4414478
4414492
4414518
4414564
4414624
4414661
4414715
4414775
4414781
4414795
4414852
4415011
4415041
4415130
4415238
4415508
4415512
4415739
4415829
4415879
4415958
4415989
4416096
4416315
4416373
4416439
4416463
4416600
4416720
4416762
4416828
4416915
4416924
4416943
4416969
4417148
4417156
4417307
4417378
4417461
4417574
4417577
4417633
4417638
4417642
4417645
4417745
4417782
4417869
4417870
4417885
4417897
4417966
4418038
4418057
4418249
4418298
4418369
4418468
4418485
4418606
4418710
4418831
4418995
4419017
4419088
4419101
4419196
4419256
4419371
4419477
4419486
4419501
4419528
4419548
4419649
4419841
4419895
4419940
4420106
4420110
4420167
4420426
4420545
4420595
4420765
4420861
4421102
4421134
4421216
4421393
4421463
4421530
4421889
4421920
4422291
4422438
4422651
4422754
4422825
4422913
4423089
4423180
4423404
4423494
4423517
4423951
4423957
4423975
4424107
4424186
4424263
4424301
4424360
4424370
4424452
4424469
4424622
4424639
4424797
4424803
4424908
4425142
4425169
4425252
4425669
4425758
4425872
4426092
4426271
4426328
4426350
4426412
4426432
4426473
4426557
4426688
4426800
4427021
4427039
4427097
4427152
4427154
4427279
4427326
4427388
4427604
4427986
4428186
4428237
4428361
4428410
4428507
4428515
4428632
4428719
4428734
4428942
4428946
4428966
4429191
4429232
4429318
4429364
4429558
4429864
4429910
4429914
4429996
4430006
4430086
4430203
4430380
4430633
4430643
4430670
4430752
4430812
4431175
4431332
4431432
4431523
4431701
4431787
4431955
4431998
4432139
4432239
4432353
4432402
4432512
4432517
4432604
4432689
4433061
4433229
4433270
4433336
4433407
4433463
4433505
4433512
4433627
4433797
4433810
4433875
4433880
4434000
4434106
4434122
4434154
4434253
4434569
4434694
4434736
4434801
4434848
4434851
4434880
4435096
4435103
4435216
4435341
4435393
4435420
4435551
4435750
4435803
4435862
4436020
4436062
4436173
4436605
4436614
4436630
4436902
4436924
4437049
4437081
4437264
4437275
4437486
4437592
4437648
4437809
4437887
4437993
4438235
4438345
4438352
4438517
4438579
4438730
4438771
4438794
4438859
4438890
4438929
4439009
4439135
4439178
4439188
4439323
4439501
4439571
4439664
4439674
4439866
4439875
4439917
4440068
4440182
4440351
4440415
4440443
4440487
4440500
4440528
4440752
4440818
4440832
4440845
4441052
4441325
4441787
4441918
4441941
4442201
4442270
4442285
4442293
4442448
4442582
4442744
4442951
4443067
4443199
4443317
4443518
4443589
4443675
4443679
4443747
4443754
4443918
4444023
4444190
4444274
4444375
4444436
4444457
4444857
4445114
4445157
4445328
4445427
4445507
4445520
4445563
4445664
4445871
4446157
4446167
4446188
4446213
4446248
4446328
4446366
4446561
4446760
4446853
4447244
4447366
4447401
4447463
4447529
4447662
4447706
4447792
4447841
4447969
4447997
4448136
4448246
4448278
4448567
4448685
4448730
4448794
4448852
4449055
4449094
4449162
4449397
4449421
4449520
4449574
4449649
4449670
4449850
4449929
4450005
4450012
4450015
4450084
4450139
4450311
4450333
4450461
4450586
4450722
4450777
4450791
4450957
4450986
4451157
4451195
4451202
4451246
4451442
4451474
4451568
4451938
4452079
4452142
4452168
4452219
4452254
4452303
4452568
4452651
4452693
4452717
4452783
4452872
4452908
4453176
4453179
4453421
4453460
4453468
4453473
4453533
4453576
4453579
4453891
4453961
4453985
4454022
4454168
4454201
4454408
4454484
4454604
4454634
4454639
4454843
4454961
4454993
4455046
4455159
4455226
4455263
4455351
4455392
4455403
4455481
4455494
4455751
4456006
4456256
4456266
4456363
4456443
4456477
4456778
4456811
4456836
4456903
4456922
4456986
4457175
4457204
4457301
4457591
4457622
4457777
4457808
4458056
4458113
4458569
4458585
4458683
4458757
4458834
4458857
4458980
4458984
4459023
4459048
4459167
4459325
4459429
4459436
4459518
4459523
4459636
4459646
4459663
4459711
4460096
4460303
4460383
4460425
4460667
4460809
4461011
4461189
4461195
4461225
4461251
4461299
4461437
4461465
4461494
4461670
4461728
4461787
4461847
4461870
4462127
4462183
4462200
4462420
4462428
4462436
4462481
4462807
4462824
4462842
4462947
4463046
4463050
4463107
4463136
4463137
4463435
4463468
4463517
4463619
4463703
4463710
4463786
4463802
4463858
4463862
4463874
4463994
4464322
4464352
4464406
4464516
4464541
4464666
4464692
4464709
4464785
4464799
4464874
4464934
4464939
4465108
4465398
4465427
4465477
4465488
4465511
4465577
4465681
4465795
4465855
4465861
4465920
4466103
4466291
4466307
4466343
4466446
4466476
4466520
4466553
4466570
4466742
4466888
4467008
4467028
4467285
4467405
4467434
4467549
4467623
4467722
4467728
4467911
4467933
4468193
4468266
4468279
4468522
4468551
4468560
4468718
4468721
4468881
4468929
4468956
4469161
4469414
4469737
4469756
4469848
4469883
4469961
4470124
4470199
4470410
4470451
4470507
4470684
4470700
4470797
4470970
4470976
4471175
4471269
4471311
4471592
4471686
4471795
4471810
4472060
4472224
4472413
4472467
4472492
4472525
4472539
4472567
4472590
4472611
4472755
4472867
4472980
4473101
4473137
4473165
4473191
4473251
4473470
4473502
4473556
4473557
4473608
4473671
4473678
4474032
4474039
4474065
4474185
4474214
4474288
4474343
4474409
4474485
4474525
4474597
4474739
4474749
4474846
4474964
4475149
4475349
4475486
4475583
4475604
4475965
4476231
4476252
4476467
4476683
4476696
4476789
4476971
4476994
4477051
4477291
4477324
4477340
4477444
4477535
4477627
4477863
4477969
4477996
4478026
4478068
4478122
4478184
4478266
4478364
4478367
4478393
4478414
4478468
4478527
4478540
4478576
4478596
4478619
4478681
4478739
4478749
4478832
4478986
4479030
4479071
4479074
4479249
4479252
4479366
4479480
4479623
4479708
4479770
4479934
4480058
4480315
4480477
4480549
4480706
4480807
4480812
4480838
4480882
4480943
4481059
4481309
4481347
4481360
4481370
4481435
4481554
4481765
4481792
4481882
4482052
4482053
4482186
4482225
4482565
4482858
4483059
4483076
4483433
4483537
4483679
4483743
4483799
4483810
4483843
4483955
4483978
4484419
4484594
4484688
4484754
4484765
4484771
4484797
4484873
4484922
4484935
4484964
4484980
4485029
4485179
4485215
4485328
4485367
4485536
4485619
4485662
4485766
4485856
4486198
4486207
4486235
4486423
4486534
4486856
4486974
4487029
4487132
4487199
4487287
4487324
4487327
4487363
4487404
4487461
4487622
4487722
4487733
4487793
4487833
4487910
4488027
4488050
4488090
4488354
4488419
4488487
4488558
4488656
4488704
4488717
4488737
4488743
4488820
4488837
4488932
4488959
4489033
4489379
4489419
4489496
4489801
4489921
4490022
4490074
4490090
4490606
4490713
4490736
4490746
4490930
4491111
4491175
4491213
4491229
4491247
4491266
4491400
4491541
4491558
4491692
4491735
4491817
4492245
4492262
4492293
4492349
4492433
4492485
4492849
4493032
4493173
4493198
4493224
4493225
4493269
4493497
4493705
4493956
4494012
4494281
4494361
4494489
4494549
4494602
4494646
4494667
4494847
4494888
4494962
4495398
4495531
4495734
4495800
4495870
4495888
4495900
4495939
4496038
4496062
4496286
4496303
4496578
4496823
4496853
4496906
4496939
4497349
4497538
4497777
4497804
4497922
4497978
4498173
4498214
4498235
4498250
4498260
4498514
4498583
4498604
4498627
4499017
4499163
4499222
4499704
4499728
4499863
4499971
4500013
4500137
4500370
4500700
4500950
4501001
4501089
4501146
4501263
4501318
4501394
4501563
4501748
4501831
4501855
4501880
4501939
4501977
4502139
4502159
4502346
4502617
4502641
4502781
4502991
4503036
4503173
4503293
4503299
4503442
4503578
4503633
4503657
4503741
4503819
4503906
4504086
4504089
4504105
4504206
4504217
4504280
4504449
4504471
4504499
4504525
4505028
4505095
4505233
4505343
4505606
4505730
4505738
4505739
4505770
4505784
4505843
4505887
4505936
4506049
4506050
4506145
4506272
4506467
4506537
4506556
4506558
4506561
4506617
4507059
4507067
4507094
4507248
4507369
4507551
4507998
4508038
4508101
4508118
4508122
4508155
4508204
4508370
4508428
4508482
4508514
4508738
4508852
4508875
4508974
4509133
4509273
4509327
4509346
4509510
4509615
4509651
4509731
4509732
4509789
4509803
4509907
4510235
4510252
4510419
4510460
4510482
4510505
4510510
4510809
4510964
4511016
4511024
4511085
4511101
4511121
4511235
4511251
4511270
4511507
4511698
4511743
4511816
4511931
4511967
4512194
4512195
4512252
4512475
4512496
4512658
4512830
4513044
4513231
4513263
4513563
4513576
4513628
4513703
4513814
4513834
4513838
4513976
4514046
4514048
4514079
4514092
4514099
4514209
4514466
4514469
4514769
4514926
4514946
4515040
4515048
4515069
4515170
4515242
4515322
4515526
4515721
4516024
4516074
4516083
4516204
4516313
4516413
4516589
4516612
4516619
4516684
4516748
4516867
4516875
4516973
4517050
4517086
4517117
4517162
4517262
4517294
4517365
4517486
4517554
4517731
4517859
4517968
4517978
4518009
4518186
4518245
4518249
4518307
4518349
4518432
4518493
4518506
4518664
4518678
4518724
4518760
4518778
4519142
4519270
4519343
4519455
4519457
4519501
4519578
4519608
4519650
4519684
4519711
4519868
4519916
4520002
4520012
4520090
4520330
4520420
4520459
4520473
4520500
4520535
4520540
4520587
4520825
4520972
4520994
4521166
4521237
4521250
4521323
4521662
4521748
4521774
4521797
4521946
4521960
4521970
4522068
4522116
4522164
4522273
4522301
4522397
4522493
4522522
4522612
4522693
4522714
4522727
4522947
4523114
4523179
4523287
4523558
4523689
4523782
4523807
4523831
4523890
4523897
4523923
4523954
4523956
4524163
4524384
4524386
4524433
4524469
4524475
4524547
4524616
4524623
4524651
4524654
4524840
4524996
4524999
4525035
4525068
4525142
4525144
4525194
4525525
4525702
4525761
4525784
4525804
4525934
4525951
4526103
4526128
4526285
4526290
4526351
4526376
4526456
4526490
4526587
4526598
4526638
4526678
4526781
4526815
4526822
4527256
4527257
4527296
4527498
4527553
4527858
4528093
4528406
4528430
4528542
4528712
4529402
4529426
4529578
4529598
4529656
4529841
4529992
4530290
4530461
4530493
4530680
4530804
4530844
4530948
4531007
4531159
4531218
4531294
4531303
4531353
4531443
4531637
4531640
4531791
4531810
4531832
4531977
4532003
4532112
4532133
4532155
4532178
4532534
4532565
4532576
4532661
4532711
4532872
4532889
4533025
4533126
4533194
4533430
4533434
4533555
4533573
4533619
4533908
4533941
4533964
4534108
4534344
4534485
4534714
4534880
4535079
4535157
4535258
4535383
4535412
4535416
4535679
4535745
4535871
4536070
4536226
4536313
4536317
4536411
4536631
4536735
4536790
4536809
4536810
4536827
4536834
4536865
4537190
4537199
4537246
4537423
4537460
4537615
4537698
4537740
4537930
4538068
4538171
4538487
4538523
4538855
4538968
4539048
4539249
4539460
4539461
4539531
4539708
4539782
4539965
4539975
4540043
4540092
4540549
4540636
4540843
4540891
4540963
4540996
4541012
4541082
4541121
4541196
4541216
4541340
4541511
4541566
4541626
4541774
4541823
4541927
4542199
4542221
4542321
4542370
4542673
4542758
4542904
4542955
4543165
4543200
4543221
4543389
4543392
4543493
4543550
4543742
4543827
4543828
4543899
4544031
4544079
4544091
4544269
4544440
4544504
4544536
4544591
4545161
4545180
4545434
4545462
4545489
4545574
4545769
4545790
4545838
4545934
4545977
4546117
4546407
4546461
4546585
4546632
4546636
4546833
4546868
4546876
4546938
4547087
4547412
4547499
4547625
4547684
4547824
4548095
4548250
4548264
4548333
4548686
4548942
4548966
4549069
4549088
4549137
4549426
4549536
4549539
4549876
4550017
4550066
4550309
4550327
4550329
4550361
4550470
4550508
4550727
4550740
4550940
4551077
4551127
4551470
4551576
4551610
4551639
4551681
4551924
4551948
4552074
4552091
4552343
4552392
4552420
4552528
4552772
4552833
4552837
4552930
4553019
4553159
4553421
4553542
4553607
4553680
4553764
4553765
4553894
4554024
4554041
4554214
4554434
4554963
4554985
4555015
4555222
4555277
4555530
4555684
4555723
4555772
4555900
4555940
4556031
4556095
4556195
4556210
4556275
4556299
4556693
4556754
4556873
4557082
4557129
4557183
4557214
4557296
4557321
4557350
4557721
4557939
4558052
4558186
4558188
4558228
4558329
4558514
4558586
4558722
4558889
4558940
4558975
4558984
4558998
4559058
4559121
4559172
4559175
4559362
4559575
4559626
4559722
4559728
4559797
4559823
4559844
4559960
4560105
4560121
4560177
4560214
4560592
4560611
4560872
4560928
4560992
4561039
4561121
4561229
4561348
4561412
4561618
4561745
4561768
4562165
4562194
4562445
4563011
4563029
4563055
4563241
4563461
4563548
4563552
4563605
4563733
4563974
4564019
4564142
4564386
4564409
4564496
4564502
4564511
4564645
4564668
4564813
4564983
4565307
4565345
4565667
4565772
4565875
4565962
4565975
4566183
4566440
4566510
4566588
4566717
4566828
4567023
4567130
4567159
4567325
4567412
4567413
4567429
4567448
4567463
4567547
4567919
4568115
4568212
4568225
4568264
4568287
4568350
4568382
4568466
4568646
4568716
4568810
4568928
4569085
4569122
4569137
4569209
4569340
4569487
4569494
4569501
4569521
4569595
4569910
4570171
4570195
4570253
4570330
4570624
4570675
4570904
4570925
4571082
4571150
4571258
4571340
4571492
4571547
4571584
4571634
4571707
4571747
4571754
4571767
4572035
4572092
4572093
4572096
4572176
4572264
4572346
4572385
4572474
4572503
4572585
4572768
4572853
4572952
4573033
4573072
4573164
4573183
4573224
4573381
4573510
4573803
4573819
4573907
4573928
4573991
4574023
4574108
4574117
4574265
4574279
4574287
4574291
4574361
4574448
4574452
4574493
4574497
4574548
4574560
4574690
4574761
4575003
4575015
4575162
4575167
4575181
4575225
4575235
4575302
4575375
4575492
4575591
4575613
4575759
4575773
4575882
4575907
4575973
4576211
4576227
4576278
4576511
4576580
4576705
4576870
4576951
4576994
4577022
4577091
4577209
4577327
4577341
4577358
4577438
4577782
4577833
4577867
4578021
4578064
4578113
4578115
4578683
4578758
4578901
4579130
4579204
4579499
4579532
4579620
4579657
4579766
4579854
4579889
4579926
4580107
4580233
4580314
4580333
4580367
4580387
4580436
4580910
4580997
4581047
4581288
4581294
4581373
4581478
4581490
4581606
4581661
4581806
4581858
4581861
4581940
4581954
4582052
4582098
4582254
4582432
4582451
4582475
4582716
4582738
4582838
4582916
4582925
4582928
4583101
4583111
4583142
4583264
4583305
4583323
4583335
4583443
4583444
4583455
4583464
4583504
4583576
4583632
4583658
4584178
4584344
4584353
4584414
4584478
4584682
4584729
4584935
4585083
4585169
4585252
4585302
4585443
4585474
4585774
4585796
4585894
4585938
4586004
4586119
4586297
4586411
4586461
4586576
4586904
4586994
4587093
4587288
4587301
4587372
4587484
4587494
4587607
4587762
4587790
4587919
4587954
4588078
4588166
4588230
4588277
4588321
4588336
4588515
4588525
4588556
4588596
4588647
4588701
4588748
4588915
4588935
4589107
4589138
4589278
4589358
4589381
4589554
4589675
4589685
4589915
4589953
4590024
4590031
4590381
4590630
4590769
4590775
4591169
4591231
4591448
4591454
4591619
4591753
4591791
4591797
4592049
4592076
4592416
4592423
4592456
4592461
4592610
4592659
4592687
4592727
4592880
4593248
4593382
4593535
4593611
4593700
4593829
4593846
4594175
4594183
4594203
4594566
4594666
4594708
4594834
4594970
4594993
4594998
4595046
4595055
4595090
4595384
4595460
4595664
4595812
4595975
4596061
4596141
4596246
4596468
4596517
4596558
4596651
4596799
4596839
4596979
4597020
4597121
4597263
4597289
4597451
4597488
4597528
4597967
4598049
4598245
4598333
4598387
4598417
4598586
4598635
4598650
4598657
4598738
4598741
4598772
4598798
4599200
4599261
4599377
4599746
4599855
4599886
4600008
4600048
4600066
4600098
4600126
4600242
4600268
4600321
4600327
4600383
4600451
4600465
4600508
4600621
4600663
4600894
4601167
4601228
4601416
4601425
4601512
4601565
4601792
4601914
4601942
4601953
4601978
4602145
4602206
4602224
4602265
4602270
4602349
4602430
4602458
4602567
4602620
4602747
4602930
4603034
4603051
4603066
4603082
4603104
4603161
4603168
4603262
4603315
4603326
4603436
4603691
4603791
4603943
4604019
4604278
4604366
4604479
4604615
4604708
4604773
4604797
4604913
4604914
4605042
4605074
4605208
4605242
4605415
4605560
4605660
4605702
4605739
4605773
4605916
4606449
4606570
4606866
4606869
4606974
4607041
4607219
4607319
4607351
4607507
4607532
4607836
4607888
4607906
4607973
4608103
4608121
4608175
4608205
4608228
4608429
4608480
4608603
4608644
4608751
4608824
4608833
4609046
4609129
4609316
4609481
4609558
4609622
4609625
4609846
4609849
4610015
4610165
4610251
4610343
4610349
4610449
4610508
4610517
4610633
4610753
4610810
4610868
4611027
4611104
4611110
4611155
4611175
4611232
4611260
4611348
4611349
4611365
4611390
4611451
4611507
4611523
4611671
4611686
4611785
4611795
4611801
4611843
4611909
4612000
4612042
4612106
4612237
4612299
4612310
4612404
4612717
4612745
4612816
4612845
4612895
4612899
4613047
4613264
4613308
4613413
4613432
4613471
4613557
4613697
4613855
4613921
4613978
4613979
4614001
4614081
4614091
4614121
4614290
4614341
4614505
4614560
4614814
4615003
4615142
4615171
4615232
4615304
4615315
4615359
4615382
4615400
4615525
4615566
4615714
4615817
4615939
4616142
4616218
4616300
4616356
4616388
4616443
4616535
4616547
4616579
4617084
4617448
4617526
4617595
4617612
4617615
4617859
4618316
4618371
4618404
4618660
4618788
4618815
4618845
4618909
4619081
4619224
4619348
4619396
4619547
4619620
4619671
4619672
4619721
4619791
4619798
4620187
4620272
4620278
4620282
4620555
4620691
4620880
4620882
4620945
4620985
4621069
4621087
4621089
4621183
4621211
4621260
4621329
4621395
4621476
4621768
4621799
4621874
4621951
4621952
4622028
4622133
4622180
4622230
4622323
4622394
4622922
4622963
4622995
4623089
4623448
4623473
4623552
4623562
4623575
4623614
4623647
4624146
4624218
4624308
4624497
4624504
4624692
4624863
4624866
4625103
4625291
4625386
4625595
4625628
4625703
4625968
4626095
4626108
4626249
4626290
4626391
4626449
4626451
4626499
4626621
4626837
4626946
4627056
4627083
4627163
4627267
4627290
4627387
4627438
4627562
4627573
4627590
4627744
4627747
4627838
4628104
4628146
4628192
4628239
4628256
4628392
4628456
4628537
4628709
4628730
4628804
4628844
4629028
4629058
4629140
4629245
4629250
4629256
4629455
4629521
4629632
4629683
4629735
4629744
4629859
4629862
4629975
4629993
4630203
4630386
4630488
4630669
4630877
4630920
4631367
4631466
4631735
4631886
4632281
4632312
4632319
4632359
4632424
4632465
4632682
4632831
4632985
4633083
4633106
4633115
4633263
4633290
4633428
4633458
4633542
4633560
4633775
4634048
4634099
4634330
4634484
4634527
4634581
4634642
4634821
4634890
4634959
4635136
4635143
4635277
4635518
4635597
4636039
4636302
4636310
4636323
4636341
4636477
4636626
4636686
4636723
4636780
4636805
4637009
4637062
4637182
4637262
4637436
4637602
4637631
4637636
4637743
4637792
4637804
4637853
4637967
4638024
4638084
4638308
4638320
4638413
4638433
4638521
4638559
4638655
4638751
4638806
4638818
4638909
4639007
4639014
4639164
4639276
4639466
4639505
4639559
4639604
4639650
4639666
4639749
4639753
4640023
4640169
4640175
4640333
4640393
4640456
4640462
4640688
4640691
4640699
4640850
4640953
4641016
4641173
4641245
4641249
4641683
4641740
4641748
4641797
4641816
4641889
4641947
4641956
4641964
4642074
4642174
4642254
4642396
4642415
4642472
4642476
4642938
4643043
4643092
4643152
4643218
4643239
4643263
4643524
4643755
4643876
4644046
4644127
4644149
4644188
4644250
4644565
4644579
4644639
4644783
4644960
4645046
4645233
4645409
4645582
4645617
4645851
4645864
4645879
4646022
4646078
4646079
4646148
4646203
4646241
4646255
4646381
4646537
4646623
4646788
4647153
4647220
4647448
4647562
4647738
4647776
4647860
4648480
4648531
4648822
4649169
4649261
4649377
4649593
4649598
4649624
4649850
4649858
4649870
4649971
4650111
4650257
4650757
4650785
4650810
4650990
4651021
4651118
4651289
4651305
4651412
4651503
4651514
4651631
4651801
4651814
4651994
4652148
4652173
4652276
4652298
4652396
4652462
4652470
4652600
4652631
4652700
4652724
4652872
4652983
4653076
4653142
4653235
4653241
4653301
4653364
4653482
4653491
4653585
4653778
4653931
4653975
4653988
4653995
4654017
4654042
4654282
4654288
4654362
4654466
4654530
4654538
4654558
4654630
4654647
4654760
4655025
4655155
4655232
4655259
4655334
4655560
4656161
4656418
4656429
4656557
4656577
4656578
4656603
4656864
4656924
4656943
4657062
4657098
4657190
4657206
4657328
4657349
4657412
4657455
4657501
4657516
4657728
4657828
4657856
4658018
4658051
4658098
4658178
4658254
4658374
4658382
4658421
4658456
4658586
4658635
4658788
4658871
4659001
4659005
4659080
4659130
4659154
4659228
4659317
4659334
4659494
4659656
4659984
4660043
4660154
4660282
4660307
4660442
4660491
4660575
4660579
4660662
4660793
4660840
4660844
4660857
4660968
4661108
4661552
4661554
4661790
4661866
4661897
4662113
4662195
4662229
4662240
4662397
4662424
4662613
4662685
4662711
4662754
4662979
4663271
4663316
4663598
4663670
4663682
4663787
4663915
4663932
4664014
4664302
4664344
4664357
4664464
4664533
4664553
4664606
4664669
4664707
4664737
4664740
4664748
4664784
4664866
4665104
4665176
4665223
4665228
4665301
4665464
4665550
4665646
4665707
4665886
4666002
4666009
4666084
4666156
4666307
4666397
4666425
4666442
4666576
4666584
4666671
4666730
4666775
4666787
4666853
4666940
4667019
4667144
4667160
4667235
4667262
4667284
4667551
4667612
4667620
4667656
4667672
4667770
4667838
4667865
4667938
4668461
4668647
4669068
4669077
4669305
4669429
4669606
4669676
4669903
4669934
4669978
4669990
4670218
4670299
4670490
4670568
4670680
4670842
4670909
4671082
4671288
4671361
4671443
4671466
4671477
4671502
4671600
4671901
4672091
4672157
4672197
4672424
4672521
4672570
4672775
4672851
4672852
4672982
4672994
4673193
4673291
4673494
4673559
4673596
4673668
4673705
4674139
4674294
4674342
4674840
4674858
4674963
4675017
4675022
4675184
4675335
4675387
4675427
4675619
4675767
4675788
4675832
4675939
4675981
4676082
4676154
4676172
4676182
4676283
4676300
4676582
4676659
4676820
4676845
4677388
4677485
4677541
4677570
4677597
4677609
4677865
4677986
4677990
4677991
4678081
4678111
4678295
4678576
4678615
4678720
4679413
4679417
4679467
4679577
4679658
4679662
4679680
4679685
4679892
4679910
4679997
4680184
4680317
4680476
4680575
4680984
4681005
4681220
4681364
4681617
4681693
4681703
4681873
4681910
4682657
4682779
4682822
4682848
4682867
4683108
4683286
4683456
4683594
4683602
4683711
4683727
4683929
4683954
4684044
4684083
4684212
4684297
4684340
4684350
4684362
4684367
4684394
4684496
4684583
4684722
4684725
4684797
4684925
4684969
4685229
4685293
4685634
4685681
4685705
4685737
4686002
4686030
4686185
4686304
4686345
4686481
4686495
4686536
4686592
4686732
4686860
4686941
4687084
4687156
4687286
4687347
4687443
4687477
4687599
4687699
4687838
4687899
4688219
4688383
4688548
4688558
4688569
4688576
4688660
4688699
4688786
4688793
4688958
4689050
4689092
4689241
4689260
4689307
4689371
4689381
4689582
4689605
4689690
4689867
4690104
4690110
4690305
4690379
4690492
4690495
4690584
4690704
4690725
4690808
4690853
4690895
4690956
4690963
4690991
4691186
4691240
4691435
4691548
4691648
4691751
4691761
4691818
4691907
4691959
4692031
4692263
4692302
4692318
4692376
4692430
4692562
4692577
4692630
4692810
4692840
4692868
4692972
4693356
4693385
4693460
4693539
4693599
4693752
4693893
4694018
4694120
4694249
4694336
4694538
4694607
4694717
4694785
4695066
4695084
4695135
4695184
4695237
4695354
4695367
4695538
4695623
4695653
4695668
4695701
4695804
4695860
4695929
4696014
4696049
4696134
4696136
4696350
4696454
4696480
4696495
4696735
4696941
4697025
4697078
4697102
4697167
4697237
4697389
4697624
4697655
4697688
4697836
4697851
4698015
4698169
4698173
4698304
4698338
4698375
4698556
4698682
4698720
4698891
4699033
4699131
4699427
4699478
4699486
4699627
4699652
4699944
4699971
4700023
4700182
4700244
4700266
4700314
4700538
4700575
4700843
4700945
4700973
4700974
4700994
4701000
4701096
4701106
4701188
4701301
4701412
4701473
4701516
4701564
4701672
4701722
4701772
4701826
4702048
4702076
4702188
4702226
4702280
4702575
4702582
4702681
4702738
4702776
4702892
4703187
4703218
4703288
4703320
4703490
4703497
4703527
4703667
4703762
4703790
4703868
4703934
4704276
4704383
4704481
4704538
4704871
4704928
4704941
4705019
4705119
4705266
4705344
4705353
4705454
4705477
4705496
4705658
4705805
4705857
4705915
4706019
4706028
4706036
4706043
4706053
4706219
4706239
4706369
4706457
4706550
4706565
4706890
4706978
4707043
4707057
4707331
4707875
4707908
4708018
4708105
4708383
4708425
4708533
4708574
4708850
4708873
4709010
4709137
4709187
4709257
4709643
4709698
4710020
4710296
4710689
4710775
4710790
4710994
4711084
4711132
4711137
4711174
4711300
4711353
4711373
4711579
4711903
4712042
4712141
4712144
4712378
4712401
4712415
4712502
4712560
4712614
4712776
4712813
4712849
4712893
4712969
4712987
4713021
4713318
4713402
4713747
4713794
4713851
4713929
4713981
4714437
4714488
4714677
4714678
4714724
4714737
4714759
4714921
4714941
4714961
4714979
4714997
4715015
4715038
4715054
4715295
4715343
4715353
4715354
4715366
4715520
4715558
4715594
4715601
4715614
4715617
4715643
4715775
4715823
4716014
4716038
4716170
4716420
4716496
4716580
4716612
4716647
4716679
4716698
4716901
4716903
4716918
4716919
4716935
4716947
4716948
4716995
4717075
4717076
4717092
4717382
4717518
4717660
4717733
4717747
4717817
4718247
4718315
4718387
4718580
4718655
4718661
4718664
4718681
4718771
4718871
4719171
4719183
4719306
4719425
4719449
4719523
4719941
4720172
4720186
4720319
4720394
4720498
4720591
4720615
4720890
4720967
4721066
4721108
4721165
4721242
4721309
4721345
4721390
4721392
4721706
4721854
4721859
4722246
4722310
4722412
4722523
4722598
4722855
4722888
4723092
4723292
4723302
4723363
4723368
4723646
4723799
4723862
4723992
4724064
4724087
4724111
4724168
4724215
4724329
4724492
4724562
4724817
4724842
4724846
4724987
4725162
4725171
4725377
4725388
4725451
4725553
4725594
4726344
4726406
4726540
4726752
4726755
4727180
4727294
4727533
4727717
4727791
4727859
4728092
4728258
4728289
4728382
4728495
4728526
4728678
4729047
4729118
4729202
4729226
4729228
4729321
4729484
4729889
4730250
4730260
4730303
4730307
4730309
4730384
4730552
4730581
4730584
4730670
4730810
4730815
4730941
4731049
4731204
4731250
4731289
4731395
4731406
4731485
4731620
4731736
4732121
4732296
4732611
4732810
4732826
4732854
4732956
4733009
4733140
4733184
4733272
4733281
4733301
4733339
4733460
4733463
4733586
4733763
4733919
4734036
4734150
4734531
4734604
4734715
4734860
4735042
4735134
4735178
4735276
4735532
4735551
4735630
4735841
4735977
4736107
4736545
4736579
4736809
4736839
4736857
4737090
4737263
4737310
4737578
4737765
4737846
4737879
4737880
4737881
4737887
4738018
4738103
4738152
4738204
4738225
4738235
4738252
4738368
4738402
4738429
4738444
4738509
4738511
4738541
4738674
4738860
4739031
4739040
4739103
4739138
4739268
4739387
4739422
4739475
4739608
4739689
4739906
4739912
4739994
4740076
4740202
4740539
4740713
4740762
4740887
4740996
4741221
4741250
4741297
4741346
4741796
4741822
4741976
4741987
4742144
4742186
4742270
4742342
4742353
4742446
4742454
4742476
4742655
4742703
4742743
4742855
4743060
4743084
4743133
4743319
4743659
4743733
4743925
4743936
4744006
4744051
4744065
4744185
4744195
4744257
4744274
4744343
4744372
4744462
4744506
4744775
4744796
4745105
4745115
4745275
4745365
4745700
4745869
4746056
4746057
4746101
4746133
4746269
4746451
4746527
4746556
4746611
4746769
4746848
4746893
4747041
4747495
4747591
4747674
4747748
4747759
4747862
4748086
4748147
4748153
4748239
4748245
4748394
4748470
4748550
4748571
4748635
4748720
4748951
4748964
4748987
4748995
4749157
4749227
4749232
4749484
4749610
4749712
4749753
4749872
4750022
4750181
4750259
4750313
4750448
4750468
4750543
4750697
4750950
4751005
4751014
4751037
4751076
4751192
4751285
4751296
4751473
4751559
4751629
4751674
4751725
4751734
4751879
4751907
4751909
4751934
4752034
4752156
4752275
4752374
4752546
4752576
4752601
4752670
4752676
4752677
4752759
4752962
4753072
4753093
4753210
4753232
4753233
4753235
4753417
4753454
4753481
4753531
4753713
4753716
4753776
4753795
4753850
4753880
4753939
4754176
4754290
4754726
4754756
4754883
4755023
4755242
4755428
4755494
4755542
4755665
4755709
4755850
4755880
4756084
4756225
4756259
4756264
4756326
4756377
4756429
4756431
4756508
4756823
4756865
4756990
4757031
4757043
4757080
4757236
4757354
4757532
4757954
4757957
4757980
4758034
4758326
4758337
4758370
4758379
4758443
4758456
4758481
4758515
4758553
4758654
4758815
4758962
4759018
4759162
4759408
4759439
4759722
4759740
4760019
4760033
4760213
4760244
4760445
4760726
4760782
4760948
4760997
4761065
4761097
4761103
4761224
4761241
4761262
4761271
4761364
4761379
4761588
4761974
4762007
4762122
4762285
4762482
4762958
4763103
4763137
4763262
4763275
4763451
4763721
4763775
4763830
4763952
4763953
4763994
4764014
4764028
4764111
4764169
4764262
4764300
4764361
4764507
4764653
4764894
4764900
4764961
4765128
4765179
4765281
4765373
4765482
4765798
4765940
4766107
4766186
4766857
4766903
4766929
4767041
4767102
4767229
4767387
4767880
4768190
4768274
4768316
4768506
4768600
4768697
4768723
4768724
4768765
4768843
4768892
4769011
4769032
4769101
4769120
4769159
4769262
4769531
4769541
4769602
4769607
4769629
4769709
4769809
4769945
4769983
4770010
4770078
4770365
4770657
4770683
4770766
4770906
4770946
4771154
4771213
4771449
4771796
4771873
4772047
4772109
4772189
4772198
4772295
4772419
4772521
4772676
4772866
4773139
4773224
4773332
4773375
4773486
4773487
4773489
4773490
4773586
4773740
4773910
4774008
4774074
4774225
4774259
4774268
4774400
4774700
4774801
4774837
4774961
4775225
4775254
4775283
4775305
4775398
4775459
4775496
4775559
4775763
4775772
4775800
4775957
4775981
4776228
4776245
4776293
4776459
4776475
4776532
4776718
4776778
4776963
4777344
4777406
4777576
4777619
4777735
4777760
4777803
4777861
4778063
4778070
4778162
4778229
4778319
4778359
4778447
4778534
4778558
4778581
4778606
4778961
4778985
4779057
4779177
4779233
4779596
4779826
4780031
4780126
4780348
4780453
4780465
4780533
4780944
4780984
4781018
4781055
4781088
4781289
4781505
4781626
4781630
4781641
4781657
4781725
4781822
4782106
4782268
4782628
4782666
4782690
4782808
4782994
4783037
4783042
4783131
4783355
4783376
4783435
4783492
4783768
4783839
4783950
4784052
4784119
4784425
4784504
4784602
4784836
4784882
4784900
4784926
4784929
4785074
4785177
4785217
4785274
4785534
4785653
4785682
4785685
4785735
4785875
4785977
4786092
4786152
4786567
4786568
4786602
4786617
4786879
4787356
4787447
4787562
4787618
4787648
4787699
4787761
4788025
4788036
4788049
4788071
4788171
4788280
4788344
4788479
4788598
4788686
4788721
4788902
4789000
4789027
4789167
4789171
4789277
4789399
4789524
4789542
4789696
4789766
4789977
4790057
4790160
4790307
4790430
4790568
4790745
4790786
4790844
4791098
4791295
4791523
4791543
4791646
4791690
4791846
4792147
4792267
4792281
4792328
4792437
4792470
4792509
4792860
4792990
4793018
4793025
4793061
4793064
4793096
4793257
4793291
4793337
4793405
4793452
4793523
4793735
4793949
4794009
4794261
4794349
4794429
4794459
4794565
4794588
4794656
4794667
4794687
4794889
4794929
4795225
4795282
4795381
4795546
4795570
4795575
4795621
4795654
4795716
4795798
4795828
4795829
4796061
4796151
4796223
4796270
4796696
4796709
4796797
4796884
4796918
4797197
4797263
4797346
4797393
4797438
4797475
4797550
4797575
4797588
4797634
4797658
4797848
4797862
4797975
4798004
4798157
4798244
4798482
4798778
4798923
4798948
4799038
4799119
4799219
4799252
4799401
4799575
4799599
4799615
4799742
4799889
4799899
4800012
4800148
4800215
4800349
4800440
4800651
4800796
4800820
4800826
4800986
4801169
4801174
4801296
4801307
4801468
4801568
4801688
4801717
4801720
4801772
4801923
4801948
4801954
4802180
4802194
4802277
4802370
4802383
4802501
4802520
4802730
4802752
4802785
4802797
4802914
4802962
4803046
4803123
4803130
4803235
4803328
4803367
4803436
4803529
4803767
4803811
4804108
4804167
4804194
4804199
4804238
4804591
4804775
4804823
4804980
4805100
4805246
4805324
4805387
4805453
4805560
4805580
4805772
4805778
4805785
4805841
4805876
4805976
4806004
4806070
4806080
4806122
4806264
4806269
4806397
4806469
4806526
4806729
4806939
4807352
4807523
4807570
4807572
4807656
4807667
4807737
4807771
4807837
4807956
4808265
4808322
4808354
4808415
4808499
4808876
4809083
4809202
4809276
4809418
4809520
4809687
4809717
4809740
4809822
4809962
4810026
4810115
4810143
4810185
4810231
4810248
4810255
4810271
4810397
4810411
4810435
4810535
4810536
4810655
4810888
4811193
4811210
4811460
4811542
4811605
4811739
4811775
4811888
4811934
4811954
4811970
4812057
4812135
4812195
4812207
4812307
4812313
4812463
4812478
4812541
4812598
4812684
4812733
4812765
4813051
4813063
4813202
4813346
4813430
4813718
4813847
4813890
4813917
4814106
4814179
4814316
4814364
4814463
4814527
4814600
4814631
4814762
4814837
4814976
4815014
4815023
4815108
4815207
4815377
4815495
4815589
4815676
4815787
4815793
4815853
4815858
4815859
4816034
4816211
4816590
4816621
4816761
4816788
4816898
4816949
4817021
4817058
4817080
4817465
4817527
4817567
4817636
4818028
4818421
4818452
4818456
4818670
4818713
4818783
4818922
4819234
4819297
4819585
4819662
4819786
4819795
4819822
4819841
4820052
4820080
4820108
4820125
4820140
4820258
4820385
4820527
4820561
4820886
4820955
4821032
4821079
4821113
4821131
4821174
4821404
4821455
4821689
4821825
4821856
4821996
4822068
4822079
4822094
4822177
4822219
4822295
4822559
4822592
4822613
4822841
4822878
4822934
4822999
4823018
4823451
4823779
4823949
4824151
4824169
4824171
4824221
4824330
4824368
4824384
4824416
4824431
4824452
4824556
4824643
4824712
4824753
4824760
4824797
4824841
4824981
4825219
4825329
4825332
4825523
4825608
4825629
4825853
4825856
4825857
4826016
4826164
4826212
4826262
4826267
4826290
4826353
4826563
4826637
4826657
4826712
4826941
4826973
4827350
4827483
4827529
4827531
4827790
4827911
4827935
4828034
4828042
4828124
4828272
4828455
4828514
4828590
4828609
4828898
4829022
4829266
4829287
4829292
4829335
4829696
4829846
4829899
4829975
4830465
4830492
4830560
4830795
4830814
4830956
4831267
4831353
4831585
4831607
4831620
4832055
4832139
4832195
4832221
4832279
4832290
4832309
4832328
4832467
4832479
4832707
4832888
4832979
4833196
4833563
4833935
4834057
4834413
4834449
4834464
4834533
4834634
4834667
4834735
4834755
4834774
4834842
4835154
4835200
4835393
4835480
4835545
4835563
4835621
4835666
4835669
4835721
4835754
4835757
4835891
4835965
4836071
4836384
4836418
4836422
4836459
4836496
4836502
4836510
4836717
4836873
4836994
4837014
4837081
4837330
4837353
4837518
4837552
4837586
4837676
4837807
4837861
4837895
4837937
4837941
4838033
4838157
4838232
4838264
4838270
4838316
4838326
4838327
4838371
4838390
4838399
4838422
4838619
4838623
4839047
4839107
4839318
4839434
4839444
4839473
4839595
4839756
4839919
4839940
4839954
4840035
4840133
4840252
4840294
4840436
4840461
4840499
4840650
4840787
4840932
4840938
4841047
4841128
4841328
4841347
4841560
4841622
4841641
4841735
4841805
4841812
4841840
4841841
4841952
4842062
4842574
4842680
4842751
4842917
4842931
4843048
4843076
4843099
4843245
4843280
4843434
4843592
4843701
4843924
4843999
4844027
4844070
4844801
4844847
4844919
4844961
4845043
4845135
4845199
4845274
4845387
4845512
4845518
4845570
4845583
4845587
4845798
4846420
4846448
4846620
4846779
4846812
4846890
4847174
4847257
4847276
4847315
4847353
4847557
4847595
4847617
4847736
4847806
4847822
4847940
4847949
4848029
4848038
4848053
4848372
4848382
4848509
4848520
4848680
4848699
4848852
4848859
4848871
4848936
4849196
4849261
4849461
4849462
4849464
4849632
4849659
4849849
4849890
4849926
4850046
4850098
4850245
4850253
4850292
4850431
4850440
4850526
4850551
4850582
4850636
4850700
4850776
4850845
4850867
4850963
4851253
4851515
4851546
4851752
4851874
4851944
4851989
4852162
4852226
4852246
4852281
4852369
4852498
4852627
4852777
4852890
4853042
4853099
4853156
4853160
4853279
4853307
4853397
4853412
4853524
4853691
4854073
4854076
4854301
4854357
4854381
4854497
4854589
4854975
4855232
4855380
4855631
4855653
4855702
4855847
4855897
4856046
4856070
4856165
4856876
4857226
4857333
4857403
4857655
4857664
4857723
4857930
4858066
4858088
4858100
4858219
4858256
4858298
4858305
4858326
4858340
4858740
4858775
4858978
4859125
4859169
4859196
4859229
4859263
4859291
4859389
4859406
4859435
4859755
4859836
4859852
4859983
4860124
4860148
4860310
4860406
4860436
4860442
4860600
4860762
4860781
4860834
4860871
4860888
4860917
4861104
4861233
4861576
4861622
4861634
4861897
4862024
4862044
4862068
4862117
4862423
4862443
4862745
4862892
4862964
4863536
4863568
4863644
4863717
4863891
4863911
4864033
4864269
4864326
4864401
4864501
4864558
4864647
4864758
4864798
4864800
4864973
4865253
4865273
4865406
4865438
4865470
4865483
4865485
4865532
4865745
4865789
4866149
4866469
4866681
4866806
4866823
4866871
4866885
4866954
4867044
4867185
4867195
4867203
4867365
4867409
4867543
4867622
4867708
4867714
4867754
4867884
4867897
4867946
4868038
4868042
4868210
4868309
4868394
4868661
4868698
4868737
4868982
4869002
4869118
4869397
4869427
4869487
4869542
4869557
4869730
4869750
4869836
4870111
4870329
4870364
4870422
4870490
4870589
4870640
4870653
4870712
4870890
4870916
4871019
4871098
4871153
4871250
4871312
4871357
4871369
4871531
4871642
4871762
4871910
4871926
4872005
4872034
4872094
4872204
4872398
4872402
4872460
4872490
4872664
4872674
4872688
4872721
4872842
4872878
4872964
4873055
4873091
4873252
4873354
4873621
4873676
4873864
4874009
4874065
4874227
4874423
4874451
4874489
4874514
4874524
4874870
4875105
4875138
4875197
4875322
4875334
4875335
4875349
4875531
4875551
4875730
4875911
4875912
4876005
4876292
4876324
4876638
4876705
4876768
4876869
4876959
4876996
4877090
4877091
4877433
4877787
4877886
4878086
4878135
4878148
4878221
4878377
4878439
4878488
4878591
4878648
4878700
4878765
4878769
4878867
4878972
4879028
4879046
4879149
4879179
4879198
4879354
4879405
4879557
4879636
4879662
4879735
4879817
4879829
4880034
4880084
4880347
4880496
4880610
4880712
4880744
4880969
4881014
4881022
4881024
4881175
4881447
4881489
4881498
4881706
4881739
4881769
4881961
4882493
4882588
4882612
4882784
4882905
4883204
4883216
4883321
4883400
4883408
4883484
4883541
4883598
4883678
4883724
4883726
4883814
4884135
4884433
4884453
4884751
4884767
4884996
4885109
4885159
4885214
4885358
4885393
4885411
4885493
4885550
4885726
4885769
4885797
4885813
4885976
4886069
4886097
4886135
4886157
4886306
4886317
4886335
4886476
4886538
4886702
4886875
4886992
4887103
4887382
4887447
4887515
4887643
4887707
4887795
4887851
4887948
4887993
4888080
4888299
4888362
4888462
4888522
4888664
4888748
4888851
4888946
4889017
4889059
4889110
4889227
4889254
4889289
4889313
4889349
4889495
4889514
4889538
4889542
4889616
4889839
4889867
4889981
4889990
4890021
4890048
4890255
4890299
4890449
4890469
4890615
4890641
4890724
4890747
4890784
4890790
4890813
4890849
4890875
4891015
4891102
4891195
4891272
4891471
4891599
4891644
4891833
4891911
4892230
4892398
4892527
4892568
4892622
4893507
4893514
4893560
4893571
4893579
4893631
4893818
4893893
4893948
4894072
4894153
4894193
4894372
4894581
4894594
4894595
4894699
4894728
4894893
4894970
4895027
4895081
4895183
4895232
4895422
4895508
4895844
4895891
4895899
4895920
4896033
4896613
4896689
4897016
4897117
4897150
4897243
4897302
4897375
4897394
4897406
4897462
4897549
4897623
4897659
4897669
4897856
4897870
4898225
4898663
4898765
4898867
4898893
4898919
4898986
4899308
4899544
4899583
4899631
4899684
4899734
4900002
4900073
4900077
4900166
4900213
4900217
4900219
4900244
4900333
4900377
4900444
4900817
4900979
4901024
4901071
4901131
4901196
4901242
4901272
4901273
4901459
4901549
4901692
4902024
4902064
4902311
4902360
4902418
4902483
4902527
4902649
4902710
4902850
4902865
4902898
4903067
4903197
4903235
4903406
4903669
4903720
4904026
4904053
4904198
4904440
4904507
4904732
4904756
4905010
4905029
4905240
4905241
4905343
4905433
4905493
4905977
4905989
4906004
4906056
4906082
4906104
4906138
4906518
4906560
4906685
4906835
4907084
4907194
4907280
4907289
4907294
4907331
4907404
4907530
4907749
4907811
4907960
4908057
4908089
4908100
4908102
4908110
4908309
4908359
4908369
4908557
4908609
4908628
4908651
4908750
4908782
4908817
4908922
4908960
4909019
4909132
4909460
4909474
4909729
4909941
4910065
4910286
4910463
4910498
4910538
4910705
4910734
4910812
4910824
4910997
4911092
4911308
4911433
4911475
4911570
4911583
4911702
4911735
4911970
4912070
4912110
4912124
4912225
4912229
4912305
4912408
4912509
4912569
4912612
4912659
4912706
4912858
4912891
4912912
4913146
4913160
4913284
4913509
4913544
4913626
4913730
4913779
4914091
4914140
4914370
4914486
4914502
4915160
4915256
4915613
4915659
4915961
4915980
4916074
4916315
4916328
4916469
4916592
4916652
4916732
4916796
4916799
4916835
4916884
4916892
4916953
4916992
4917137
4917161
4917356
4917433
4917620
4917799
4917929
4917962
4918075
4918082
4918095
4918121
4918302
4918564
4918930
4919018
4919158
4919259
4919335
4919355
4919427
4919448
4919499
4919502
4919608
4919689
4919735
4919792
4919896
4919905
4920080
4920147
4920222
4920352
4920606
4920610
4920650
4920724
4920755
4921002
4921096
4921101
4921142
4921145
4921298
4921359
4921361
4921389
4921416
4921824
4922214
4922338
4922344
4922349
4922418
4922872
4922891
4923029
4923147
4923230
4923343
4923466
4923525
4923597
4923875
4923911
4923937
4923971
4924006
4924120
4924140
4924188
4924277
4924395
4924522
4924549
4924627
4924713
4924817
4924875
4924885
4924891
4925077
4925154
4925194
4925255
4925459
4925507
4925650
4925799
4925886
4926017
4926330
4926362
4926477
4926520
4926576
4926626
4926640
4926681
4927199
4927202
4927309
4927330
4927375
4927561
4927566
4927642
4927667
4927985
4928009
4928033
4928127
4928150
4928482
4928508
4928620
4929150
4929298
4929349
4929609
4929623
4929738
4929785
4929943
4930044
4930228
4930238
4930261
4930366
4930437
4930466
4930541
4930778
4930823
4930847
4931079
4931130
4931254
4931588
4931596
4931621
4931636
4931707
4931833
4931909
4932185
4932208
4932512
4932571
4932612
4932797
4932856
4933056
4933143
4933161
4933195
4933531
4933536
4933537
4933869
4934132
4934283
4934883
4935030
4935283
4935449
4935561
4935564
4935696
4935720
4935944
4935954
4936233
4936411
4936440
4936537
4936629
4936832
4936987
4937127
4937231
4937243
4937626
4937673
4937716
4937806
4937929
4938067
4938069
4938124
4938401
4938453
4938708
4938800
4938964
4938988
4938994
4939082
4939227
4939374
4939413
4939919
4939953
4940034
4940091
4940354
4940671
4940861
4940937
4940986
4941086
4941149
4941207
4941228
4941653
4941677
4941687
4941797
4941801
4941825
4942083
4942129
4942571
4942711
4942716
4942766
4942873
4942917
4942949
4943242
4943257
4943289
4943518
4943732
4943770
4943919
4943979
4944230
4944330
4944339
4944354
4944413
4944502
4944537
4944580
4944675
4944716
4944718
4944885
4944952
4944962
4945283
4945580
4945629
4945731
4945833
4945894
4946001
4946351
4946407
4946477
4946617
4946706
4946751
4946793
4946903
4946953
4947024
4947031
4947143
4947313
4947317
4947370
4947431
4947517
4947526
4947567
4947577
4947805
4947906
4948013
4948151
4948171
4948226
4948381
4948436
4948534
4948606
4948690
4948694
4948696
4948780
4949147
4949226
4949344
4949464
4949527
4949592
4949629
4949644
4949851
4950174
4950189
4950265
4950482
4950526
4950570
4950721
4950778
4950852
4951071
4951102
4951106
4951111
4951259
4951278
4951363
4951375
4951565
4951713
4951783
4951825
4951959
4952423
4952990
4952992
4953027
4953172
4953322
4953365
4953537
4953747
4953857
4953899
4953907
4954117
4954372
4954414
4954467
4954471
4954481
4954510
4954594
4954725
4954740
4954944
4955088
4955276
4955309
4955335
4955359
4955429
4955551
4955783
4955785
4955896
4955919
4956096
4956441
4956493
4956511
4956543
4956621
4956735
4957395
4957481
4957494
4957495
4957550
4957554
4957878
4957888
4957981
4958060
4958243
4958306
4958343
4958715
4958952
4958959
4958988
4959022
4959185
4959240
4959283
4959332
4959440
4959518
4959522
4959537
4959631
4959632
4959677
4959799
4959879
4959890
4959926
4960034
4960134
4960438
4960534
4960671
4960696
4960975
4961163
4961403
4961448
4961459
4961527
4961532
4961552
4961600
4961647
4961667
4961670
4961688
4961925
4961951
4962006
4962135
4962202
4962384
4962643
4962799
4962803
4962818
4962863
4962949
4963018
4963110
4963174
4963234
4963350
4963351
4963360
4963389
4963498
4963573
4963671
4963856
4964149
4964296
4964298
4964434
4964440
4964640
4964701
4964743
4964817
4964876
4964913
4964957
4965094
4965150
4965266
4965289
4965355
4965438
4965479
4965533
4965607
4965632
4965763
4965778
4966036
4966296
4966382
4966547
4966730
4966787
4967008
4967265
4967268
4967515
4967519
4967601
4967619
4967897
4967953
4968043
4968216
4968300
4968314
4968348
4968490
4968531
4968542
4968584
4968613
4968790
4968808
4968932
4969009
4969171
4969200
4969413
4969505
4969549
4969642
4969718
4969722
4969811
4969906
4969933
4970463
4970503
4970560
4970809
4970836
4970882
4971186
4971210
4971299
4971333
4971363
4971383
4971719
4971722
4971829
4971872
4971892
4971902
4971935
4972169
4972173
4972424
4972474
4972614
4973035
4973226
4973233
4973478
4973549
4973642
4973722
4973868
4974015
4974090
4974113
4974169
4974198
4974221
4974394
4974432
4974470
4974632
4974657
4974669
4974904
4975024
4975039
4975158
4975195
4975390
4975394
4975577
4975653
4975886
4975942
4975994
4975999
4976042
4976074
4976764
4976815
4976889
4976898
4977034
4977120
4977140
4977178
4977232
4977234
4977252
4977433
4977513
4977975
4978110
4978148
4978320
4978321
4978400
4978480
4978562
4978671
4979081
4979401
4979657
4980203
4980337
4980494
4980577
4980589
4980620
4980829
4980964
4980981
4980983
4981067
4981136
4981215
4981233
4981277
4981412
4981434
4981561
4981574
4981685
4981754
4981805
4981830
4981918
4982141
4982169
4982422
4982439
4982568
4982622
4982673
4982897
4982912
4983103
4983121
4983125
4983185
4983437
4983473
4983609
4983762
4983804
4983947
4983972
4984028
4984045
4984053
4984080
4984095
4984109
4984195
4984257
4984458
4984532
4984787
4985127
4985304
4985317
4985339
4985375
4985377
4985384
4985485
4985516
4985565
4985711
4985905
4986228
4986252
4986270
4986432
4986445
4986476
4986574
4986575
4986734
4986742
4986816
4986941
4987469
4987600
4987676
4987700
4987825
4987845
4987973
4988001
4988036
4988135
4988159
4988224
4988314
4988504
4988717
4988829
4988932
4989262
4989353
4989461
4989468
4989539
4989598
4989622
4989671
4989814
4990074
4990100
4990118
4990233
4990275
4990293
4990315
4990397
4990406
4990495
4990498
4990520
4990545
4990583
4990666
4990799
4990811
4990977
4991256
4991325
4991351
4991356
4991615
4991694
4991749
4991907
4991934
4992038
4992061
4992412
4992455
4992499
4992643
4992780
4992963
4993067
4993156
4993217
4993286
4993469
4993505
4993993
4994487
4994552
4994558
4994568
4994575
4994619
4994679
4994896
4994897
4995135
4995143
4995252
4995259
4995265
4995330
4995352
4995391
4995454
4995706
4995890
4995931
4995961
4996282
4996438
4996442
4996481
4996588
4996777
4996793
4996891
4996995
4997049
4997302
4997393
4997513
4997523
4997580
4997658
4997801
4997899
4997958
4998212
4998371
4998425
4998445
4998584
4998602
4998657
4998663
4998711
4998719
4998801
4998843
4998873
4999139
4999144
4999189
4999223
4999232
4999347
4999592
4999772
5000303
5000476
5000527
5000598
5000721
5000758
5000823
5000901
5001307
5001424
5001589
5001679
5001685
5001699
5001702
5001886
5002004
5002032
5002090
5002093
5002123
5002266
5002386
5002495
5002548
5002664
5002705
5002722
5002815
5003011
5003061
5003530
5003656
5003700
5003869
5004013
5004069
5004116
5004191
5004208
5004293
5004334
5004670
5005207
5005301
5005313
5005425
5005608
5005646
5005662
5005771
5006248
5006328
5006559
5006612
5006981
5007019
5007076
5007200
5007235
5007272
5007418
5007431
5007502
5007678
5007838
5008009
5008016
5008017
5008237
5008281
5008401
5008420
5008433
5008506
5008718
5008730
5008732
5008827
5008974
5009001
5009132
5009779
5009820
5009890
5009941
5010013
5010018
5010021
5010255
5010474
5010493
5010654
5010696
5010707
5010908
5010960
5011046
5011131
5011220
5011263
5011283
5011402
5011412
5011459
5011641
5011780
5011898
5011913
5012009
5012396
5012487
5012513
5012593
5012615
5012685
5012920
5012946
5013127
5013145
5013286
5013486
5013541
5013704
5013711
5013891
5013993
5014190
5014423
5014547
5014612
5014655
5014658
5015130
5015178
5015233
5015235
5015243
5015251
5015458
5015553
5015689
5016122
5016185
5016264
5016320
5016483
5016637
5017037
5017114
5017290
5017322
5017359
5017408
5017418
5017434
5017518
5017592
5017599
5017630
5017737
5017756
5017764
5017899
5018023
5018032
5018042
5018179
5018218
5018283
5018317
5018447
5018497
5018769
5019008
5019018
5019023
5019029
5019043
5019052
5019151
5019324
5019326
5019348
5019349
5019424
5019791
5019946
5020010
5020097
5020145
5020232
5020234
5020242
5020328
5020330
5020351
5020356
5020450
5020492
5020515
5020667
5020724
5020896
5020940
5020958
5021023
5021123
5021187
5021188
5021215
5021268
5021337
5021506
5021673
5021893
5021932
5021996
5022067
5022070
5022124
5022243
5022362
5022404
5022509
5022630
5022771
5022790
5022832
5022856
5022866
5022899
5022941
5023315
5023343
5023429
5023572
5023577
5023876
5023970
5024196
5024384
5024411
5024592
5024664
5024948
5025046
5025269
5025430
5025630
5025765
5025898
5026250
5026267
5026328
5026346
5026477
5026688
5026815
5026936
5027013
5027206
5027242
5027315
5027341
5027556
5027700
5027791
5027915
5027938
5028022
5028114
5028177
5028301
5028425
5028457
5028502
5028538
5028571
5028674
5028692
5028711
5028750
5028853
5028916
5028981
5029023
5029046
5029130
5029252
5029520
5029834
5029894
5029909
5030151
5030195
5030258
5030354
5030392
5030502
5030563
5030706
5030763
5030991
5031087
5031092
5031105
5031179
5031208
5031223
5031553
5031630
5031663
5031971
5032047
5032097
5032412
5032737
5032799
5032952
5033144
5033381
5033394
5033559
5033636
5033653
5033679
5033793
5034196
5034390
5034408
5034585
5034626
5034663
5034824
5035031
5035037
5035111
5035205
5035326
5035465
5035629
5035791
5035888
5035958
5036017
5036029
5036037
5036046
5036299
5036492
5036525
5036660
5036692
5036727
5036771
5036888
5036922
5037141
5037287
5037321
5037365
5037366
5037765
5037878
5037951
5038113
5038258
5038278
5038412
5038510
5038524
5038569
5038868
5038938
5039201
5039396
5039701
5039709
5039841
5039890
5039915
5039938
5040060
5040213
5040596
5040718
5040782
5041054
5041209
5041315
5041429
5041432
5041462
5041493
5041518
5041555
5041608
5041660
5041753
5041868
5042034
5042116
5042268
5042407
5042459
5042487
5042537
5042579
5042685
5042710
5042988
5043016
5043058
5043194
5043322
5043449
5043477
5043579
5043626
5043995
5043998
5044009
5044129
5044548
5044675
5044816
5044917
5044945
5044979
5044992
5045008
5045135
5045340
5045527
5045725
5045860
5045902
5045908
5046026
5046110
5046183
5046226
5046364
5046370
5046523
5046592
5046659
5046669
5046746
5046794
5046811
5047108
5047266
5047277
5047302
5047311
5047316
5047618
5047666
5047754
5047856
5048501
5048848
5048889
5049242
5049664
5049695
5049752
5049889
5050030
5050170
5050206
5050216
5050324
5050542
5050619
5050716
5050756
5050854
5050859
5050917
5051188
5051272
5051447
5051571
5051679
5051683
5051729
5051741
5051766
5051981
5052022
5052024
5052031
5052136
5052426
5052795
5052973
5052990
5052996
5053310
5053338
5053573
5053623
5053659
5053665
5053787
5053821
5053888
5054040
5054047
5054174
5054337
5054388
5054564
5054738
5054877
5055046
5055099
5055261
5055379
5055434
5055450
5055578
5055799
5055922
5055948
5056066
5056247
5056295
5056303
5056375
5056452
5056533
5056583
5056694
5056701
5056717
5056733
5056830
5056922
5057198
5057208
5057255
5057322
5057348
5057478
5057494
5057603
5057633
5057721
5057855
5057906
5058005
5058264
5058279
5058312
5058365
5058373
5058379
5058516
5058522
5058567
5058636
5058666
5058724
5058854
5058886
5059377
5059381
5059410
5059488
5059525
5059779
5059839
5059885
5059958
5060033
5060084
5060161
5060233
5060309
5060338
5060492
5060505
5060532
5060755
5060801
5060818
5060999
5061164
5061286
5061456
5061461
5061472
5061493
5061508
5061591
5061611
5061679
5061900
5062027
5062085
5062193
5062390
5062520
5062584
5062734
5062816
5062831
5062882
5063083
5063258
5063278
5063303
5063390
5063404
5063540
5063671
5063677
5063679
5063705
5063818
5064161
5064242
5064244
5064296
5064314
5064343
5064447
5064530
5064546
5064558
5064599
5064674
5064692
5064707
5064727
5064971
5065095
5065180
5065272
5065349
5065447
5065468
5065524
5065708
5066120
5066194
5066346
5066355
5066925
5066948
5067024
5067045
5067237
5067283
5067365
5067425
5067467
5067566
5067570
5067692
5067762
5067848
5067954
5067980
5068138
5068325
5068410
5068466
5068503
5068623
5068679
5068865
5068918
5069214
5069414
5069721
5069840
5069895
5069896
5070458
5070481
5070533
5070565
5070608
5070635
5070702
5070745
5070808
5070971
5071017
5071041
5071091
5071220
5071322
5071325
5071469
5071544
5071613
5072040
5072113
5072144
5072411
5072462
5072496
5072525
5072546
5072643
5072663
5072677
5072693
5072705
5072794
5072818
5072825
5072831
5072859
5072869
5072953
5073075
5073100
5073161
5073273
5073317
5073573
5073615
5073670
5073746
5073779
5073873
5074003
5074084
5074218
5074366
5074440
5074455
5074476
5074536
5074754
5074780
5074806
5074814
5074869
5075162
5075446
5075623
5075627
5075659
5075736
5075879
5075988
5076030
5076126
5076349
5076382
5076566
5076594
5077052
5077080
5077138
5077213
5077219
5077406
5077480
5077496
5077878
5077924
5078104
5078118
5078495
5078648
5078682
5078684
5078793
5078841
5079007
5079021
5079062
5079196
5079335
5079350
5079568
5079643
5079696
5079771
5079866
5079945
5080139
5080280
5080350
5080545
5080772
5081186
5081222
5081414
5081443
5081578
5081797
5082035
5082054
5082179
5082183
5082224
5082225
5082413
5082514
5082713
5082839
5082954
5082956
5082995
5083069
5083082
5083263
5083419
5083477
5083682
5083823
5083876
5083961
5084032
5084080
5084092
5084095
5084118
5084193
5084194
5084236
5084293
5084379
5084534
5084647
5084672
5084776
5084821
5084876
5084964
5085116
5085117
5085341
5085384
5085517
5085570
5085651
5085672
5085709
5085736
5085812
5085951
5085991
5086033
5086065
5086067
5086203
5086398
5086473
5086714
5086741
5086765
5086830
5086929
5087088
5087332
5087487
5087493
5087759
5087796
5087928
5087945
5087998
5088110
5088255
5088379
5088386
5088454
5088680
5088721
5089084
5089129
5089605
5089675
5089691
5089726
5089813
5089885
5089960
5089985
5089991
5090015
5090063
5090083
5090091
5090118
5090174
5090213
5090342
5090426
5090448
5090450
5090454
5090579
5090615
5090817
5090850
5091055
5091117
5091124
5091147
5092015
5092031
5092033
5092496
5092633
5092651
5092670
5092697
5092714
5092744
5092754
5092934
5093024
5093234
5093249
5093263
5093332
5093440
5093638
5093640
5093867
5094128
5094200
5094218
5094433
5094445
5094482
5094738
5095094
5095109
5095157
5095287
5095315
5095420
5095454
5095619
5095789
5095849
5095926
5095933
5095954
5095973
5096220
5096361
5096388
5096399
5096518
5096537
5097213
5097318
5097356
5097403
5097459
5097472
5097518
5097595
5097599
5097605
5097630
5097677
5097866
5097942
5098059
5098150
5098279
5098387
5098480
5098527
5098570
5098604
5098734
5098820
5099062
5099159
5099241
5099292
5099608
5099687
5099700
5099788
5099841
5099886
5099926
5100014
5100214
5100567
5100601
5100628
5100642
5100660
5100771
5100900
5101064
5101081
5101100
5101228
5101303
5101322
5101339
5101578
5101822
5101945
5102011
5102080
5102144
5102460
5102502
5102676
5102744
5102816
5102918
5103188
5103618
5103684
5103776
5103985
5104443
5104449
5104673
5104674
5104682
5104800
5104816
5104913
5105028
5105104
5105287
5105559
5105671
5105755
5105822
5105861
5106002
5106043
5106056
5106167
5106297
5106373
5106397
5106407
5106434
5106562
5106655
5106692
5106726
5106746
5106840
5106972
5107195
5107294
5107365
5107380
5107567
5107680
5107917
5107983
5108048
5108067
5108079
5108158
5108161
5108224
5108275
5108281
5108343
5108412
5108783
5108846
5108882
5109000
5109022
5109201
5109288
5109435
5109694
5109905
5109965
5110158
5110219
5110411
5110500
5110605
5110757
5110963
5110990
5111033
5111113
5111189
5111201
5111392
5111799
5111825
5111874
5112040
5112160
5112165
5112257
5112436
5112491
5112590
5112743
5113112
5113135
5113170
5113427
5113629
5113663
5113664
5113742
5113753
5114029
5114114
5114172
5114268
5114307
5114388
5114515
5114529
5114601
5114742
5114823
5114871
5114908
5114940
5115072
5115186
5115191
5115339
5115551
5115560
5115797
5115913
5116229
5116249
5116292
5116337
5116527
5116851
5116889
5116890
5116908
5117049
5117148
5117182
5117356
5117471
5117516
5117528
5117535
5117592
5117668
5117733
5117894
5117924
5118097
5118189
5118449
5118462
5118517
5118530
5118569
5118654
5118689
5118762
5118896
5119312
5119357
5119373
5119443
5119464
5119576
5119604
5119658
5119721
5119805
5119817
5119832
5119967
5120036
5120164
5120188
5120212
5120260
5120282
5120446
5120476
5120822
5121011
5121082
5121289
5121338
5121409
5121538
5121607
5121701
5121840
5122234
5122327
5122544
5122651
5122755
5122790
5122849
5122912
5122995
5123139
5123265
5123484
5123657
5123742
5123904
5123943
5123975
5124285
5124426
5124500
5124709
5124741
5124883
5124954
5124977
5125097
5125121
5125208
5125217
5125236
5125244
5125354
5125374
5125384
5125411
5125454
5125485
5125555
5125621
5125653
5125701
5125963
5126211
5126260
5126507
5126636
5126644
5126781
5126786
5126998
5127008
5127186
5127218
5127312
5127387
5127392
5127459
5127477
5127512
5127634
5127913
5128239
5128637
5128643
5128813
5128840
5128907
5128910
5129009
5129078
5129084
5129133
5129200
5129310
5129431
5129445
5129520
5129843
5129914
5130079
5130121
5130230
5130279
5130319
5130445
5130446
5130560
5130570
5130822
5131110
5131149
5131183
5131213
5131325
5131370
5131521
5131529
5131584
5131768
5131785
5131873
5132054
5132609
5132739
5132979
5133006
5133093
5133142
5133263
5133471
5133493
5133502
5133532
5133552
5133647
5133780
5133802
5133838
5133851
5134044
5134063
5134086
5134095
5134112
5134208
5134309
5134348
5134590
5134631
5134835
5134838
5135090
5135160
5135178
5135192
5135404
5135476
5135486
5135487
5135693
5135694
5135824
5135964
5136003
5136052
5136101
5136142
5136443
5136561
5136657
5136690
5136810
5136945
5136977
5137098
5137280
5137348
5137362
5137368
5137506
5137638
5137709
5137830
5138333
5138361
5138533
5138568
5138676
5138693
5138817
5138990
5138999
5139156
5139222
5139411
5139422
5139453
5139496
5139595
5139630
5139683
5139815
5139865
5139959
5140031
5140053
5140128
5140170
5140246
5140250
5140393
5140523
5140594
5141057
5141059
5141079
5141105
5141126
5141194
5141632
5141644
5141789
5141830
5141852
5141886
5141948
5142149
5142288
5142299
5142313
5142402
5142456
5142572
5142855
5142907
5142993
5143012
5143016
5143091
5143233
5143260
5143292
5143483
5143743
5143779
5143785
5143787
5143930
5143957
5144027
5144140
5144232
5144256
5144283
5144320
5144368
5144808
5144813
5144886
5144887
5144905
5144931
5145016
5145021
5145111
5145137
5145188
5145205
5145207
5145559
5145615
5145683
5145695
5145701
5145707
5145723
5145771
5145777
5145877
5145880
5145914
5145926
5145973
5145978
5146002
5146212
5146227
5146252
5146725
5146905
5146953
5147134
5147263
5147337
5147340
5147357
5147364
5147369
5147459
5147684
5147803
5147862
5147866
5148028
5148093
5148200
5148423
5148468
5148567
5148578
5148747
5148755
5148798
5149005
5149061
5149385
5149442
5149534
5149624
5149663
5149691
5149734
5149802
5149805
5149894
5149900
5149902
5149920
5150009
5150012
5150265
5150353
5150502
5150581
5150642
5150695
5150729
5150769
5150786
5151328
5151335
5151340
5151458
5151598
5151762
5151818
5152066
5152200
5152304
5152324
5152330
5152480
5152627
5152684
5152710
5152802
5152839
5153084
5153132
5153210
5153360
5153469
5153510
5153645
5153837
5154059
5154155
5154245
5154338
5154440
5154458
5154459
5154513
5154574
5154961
5155157
5155228
5155263
5155346
5155422
5155432
5155507
5155631
5155777
5155831
5155858
5156052
5156071
5156160
5156162
5156164
5156244
5156503
5156585
5156591
5156631
5156954
5157011
5157152
5157160
5157190
5157235
5157289
5157325
5157335
5157441
5157464
5157641
5157754
5157759
5157810
5157897
5157991
5158053
5158165
5158181
5158277
5158432
5158501
5158533
5158563
5158612
5158670
5158739
5159214
5159271
5159375
5159572
5159608
5159704
5159705
5159747
5159771
5159789
5160093
5160192
5160259
5160468
5160485
5160586
5160694
5160748
5161019
5161062
5161099
5161183
5161188
5161331
5161478
5161574
5161706
5162040
5162065
5162319
5162435
5162498
5162662
5162692
5162787
5162803
5162897
5163084
5163121
5163162
5163172
5163306
5163408
5163541
5164043
5164049
5164157
5164221
5164228
5164418
5164462
5164603
5164621
5164780
5164812
5164945
5165046
5165166
5165167
5165198
5165220
5165241
5165293
5165343
5165445
5165476
5165494
5165717
5165726
5165789
5165944
5165951
5166081
5166090
5166106
5166195
5166197
5166212
5166375
5166397
5166442
5166506
5166546
5166577
5166895
5166938
5166946
5167081
5167098
5167141
5167154
5167251
5167315
5167329
5167404
5167540
5167596
5167631
5167666
5167682
5167807
5168003
5168040
5168251
5168433
5168500
5168541
5168736
5168812
5168833
5168862
5168883
5169259
5169391
5169574
5169668
5169704
5169789
5169814
5169844
5169851
5169927
5170098
5170184
5170235
5170316
5170323
5170358
5170406
5170407
5170441
5170529
5170552
5171087
5171090
5171188
5171194
5171243
5171285
5171888
5171898
5171984
5172108
5172156
5172358
5172408
5172489
5172589
5172654
5172667
5172740
5172760
5172916
5173099
5173143
5173155
5173226
5173283
5173408
5173417
5173423
5173500
5173980
5174000
5174149
5174235
5174265
5174275
5174421
5174574
5174694
5174811
5174835
5174900
5175024
5175076
5175112
5175125
5175394
5175527
5175562
5175761
5175778
5175882
5176270
5176294
5176345
5176474
5176509
5176533
5176641
5176760
5176768
5176794
5176866
5176875
5176994
5177056
5177298
5177319
5177388
5177584
5177693
5177757
5177785
5177849
5177864
5177868
5177953
5178049
5178071
5178109
5178261
5178385
5178401
5178465
5178475
5178503
5178561
5178646
5178658
5178780
5179065
5179074
5179091
5179269
5179408
5179477
5179499
5179553
5179584
5179610
5179756
5179913
5179927
5179989
5180063
5180205
5180217
5180299
5180729
5180902
5180933
5180971
5181016
5181282
5181304
5181343
5181491
5181658
5181672
5181708
5181819
5181929
5182053
5182340
5182347
5182351
5182511
5182769
5182838
5183039
5183052
5183226
5183237
5183258
5183347
5183542
5183697
5183858
5183941
5183960
5184098
5184292
5184300
5184371
5184405
5184408
5184539
5184739
5184766
5184830
5184888
5184963
5185031
5185085
5185174
5185297
5185321
5185466
5185787
5185790
5185838
5185914
5185953
5185980
5186143
5186151
5186180
5186222
5186315
5186389
5186403
5186477
5186487
5186491
5186503
5186533
5186648
5186673
5186918
5187130
5187261
5187309
5187359
5187384
5187434
5187565
5187621
5187698
5187795
5187851
5188059
5188141
5188172
5188359
5188412
5188801
5189077
5189099
5189158
5189279
5189477
5189497
5189565
5189613
5189621
5189721
5189791
5189792
5189800
5189954
5189998
5190098
5190161
5190165
5190222
5190241
5190368
5190394
5190411
5190440
5190569
5190838
5190842
5191026
5191032
5191066
5191131
5191356
5191424
5191428
5191634
5191776
5191979
5192065
5192177
5192203
5192244
5192261
5192526
5192646
5192777
5192811
5193110
5193426
5193440
5193592
5193609
5193636
5193830
5193898
5193920
5194010
5194026
5194036
5194087
5194107
5194118
5194156
5194344
5194345
5194438
5194450
5194504
5194606
5194607
5194651
5194696
5194714
5194761
5194879
5195046
5195115
5195204
5195809
5195942
5196199
5196336
5196448
5196605
5196715
5196789
5196999
5197043
5197056
5197175
5197273
5197422
5197638
5197670
5197733
5197935
5197959
5198059
5198192
5198372
5198424
5198476
5198482
5198506
5198512
5198654
5198756
5198814
5199018
5199088
5199226
5199233
5199336
5199680
5199736
5199944
5199993
5200023
5200081
5200082
5200090
5200210
5200218
5200245
5200416
5200548
5200579
5200591
5200697
5200821
5200898
5200911
5200936
5200952
5201132
5201401
5201411
5201494
5201583
5201860
5202040
5202064
5202087
5202186
5202434
5202531
5202697
5202713
5202868
5203323
5203438
5203649
5203670
5203732
5203810
5203841
5203900
5204453
5204578
5204582
5204665
5204742
5204811
5204822
5204960
5204961
5205184
5205260
5205296
5205358
5205364
5205445
5205472
5205490
5205638
5205766
5205988
5206060
5206163
5206231
5206284
5206433
5206519
5206537
5206620
5206728
5206775
5206821
5206827
5206883
5206909
5207033
5207133
5207280
5207331
5207604
5208083
5208109
5208112
5208265
5208274
5208694
5208750
5209005
5209067
5209176
5209198
5209210
5209220
5209299
5209320
5209357
5209474
5209623
5209703
5209838
5209839
5209847
5209848
5209924
5209935
5210006
5210032
5210079
5210086
5210205
5210363
5210457
5210481
5210851
5210857
5210948
5210957
5211017
5211059
5211105
5211125
5211130
5211151
5211167
5211228
5211303
5211355
5211445
5211455
5211500
5211523
5211571
5211685
5211719
5211730
5211786
5211805
5211873
5211891
5211931
5212146
5212228
5212243
5212379
5212389
5212786
5212790
5212794
5212868
5212935
5212961
5213057
5213129
5213308
5213467
5213555
5213696
5213717
5213825
5214088
5214104
5214227
5214251
5214264
5214433
5214501
5214599
5214695
5214739
5214819
5215035
5215036
5215040
5215067
5215166
5215184
5215246
5215476
5215623
5215738
5215753
5215756
5215977
5216051
5216063
5216160
5216208
5216243
5216377
5216398
5216473
5216610
5216694
5216702
5216706
5217050
5217192
5217212
5217229
5217443
5217480
5217562
5217604
5217681
5217712
5217718
5217811
5217929
5217934
5217992
5218000
5218089
5218131
5218310
5218342
5218367
5218413
5218437
5218486
5218623
5218786
5218842
5219140
5219387
5219539
5219546
5219614
5219631
5219715
5219828
5219834
5220081
5220128
5220203
5220204
5220214
5220251
5220317
5220370
5220540
5220955
5221196
5221560
5221568
5221714
5221776
5221878
5221881
5222141
5222200
5222288
5222289
5222500
5222837
5222868
5222996
5223046
5223073
5223283
5223312
5223326
5223402
5223555
5223629
5223661
5223858
5223974
5224215
5224271
5224589
5224618
5224640
5224645
5224685
5224781
5224789
5224790
5224842
5225111
5225132
5225135
5225187
5225299
5225378
5225385
5225414
5225495
5225523
5225622
5225789
5225909
5226108
5226174
5226675
5226749
5226836
5226841
5226935
5226966
5226990
5226995
5227207
5227232
5227301
5227333
5227338
5227381
5227438
5227473
5227539
5227574
5227586
5227603
5228064
5228175
5228190
5228235
5228236
5228403
5228530
5228555
5228567
5228799
5228924
5229017
5229118
5229273
5229329
5229361
5229507
5229593
5229646
5229672
5229681
5229835
5229895
5230007
5230014
5230224
5230235
5230250
5230593
5230608
5230688
5230690
5230818
5231231
5231344
5231405
5231455
5231495
5231648
5231725
5231897
5232086
5232208
5232391
5232416
5232470
5232502
5232782
5232837
5232843
5232907
5232995
5233040
5233052
5233125
5233225
5233273
5233286
5233391
5233474
5233486
5233557
5233571
5233614
5233640
5233661
5233723
5233758
5233828
5233844
5234062
5234294
5234314
5234331
5234370
5234409
5234453
5234472
5234481
5234636
5234823
5234950
5235010
5235027
5235169
5235248
5235287
5235289
5235425
5235468
5236163
5236227
5236235
5236464
5236638
5236743
5236791
5236961
5236975
5237002
5237157
5237199
5237302
5237329
5237396
5237676
5237679
5237763
5237802
5237851
5237985
5237996
5238135
5238346
5238405
5238469
5238547
5238588
5238600
5238781
5238950
5238952
5239008
5239101
5239110
5239187
5239215
5239303
5239312
5239323
5239462
5239476
5239510
5239665
5239714
5239744
5239752
5240086
5240288
5240379
5240442
5240464
5240567
5240631
5240641
5240697
5240753
5240962
5241098
5241175
5241176
5241192
5241383
5241450
5241659
5241714
5241720
5241917
5242013
5242040
5242119
5242120
5242156
5242297
5242392
5242476
5242531
5242562
5242612
5242760
5242813
5242830
5242927
5243038
5243179
5243341
5243353
5243451
5243470
5243558
5243612
5244019
5244128
5244212
5244286
5244302
5244452
5244468
5244512
5244668
5244678
5244688
5244719
5244880
5244918
5245001
5245101
5245124
5245176
5245314
5245405
5245453
5245500
5245646
5245660
5245677
5245695
5245735
5245844
5245916
5246110
5246132
5246277
5246402
5246506
5246851
5246854
5247207
5247400
5247421
5247607
5247658
5248111
5248140
5248349
5248382
5248428
5248472
5248478
5248510
5248557
5248611
5248685
5249033
5249043
5249164
5249250
5249337
5249586
5249616
5249687
5249694
5249697
5249718
5249808
5249845
5249878
5249954
5249976
5250140
5250228
5250254
5250386
5250408
5250604
5250625
5250938
5251055
5251056
5251078
5251457
5251471
5251492
5251582
5251765
5251806
5251844
5251853
5251935
5252130
5252138
5252144
5252205
5252234
5252333
5252572
5252602
5252627
5252777
5252983
5253008
5253013
5253028
5253094
5253373
5253374
5253643
5253786
5253827
5253872
5253880
5253952
5254083
5254134
5254603
5254680
5254746
5254752
5254766
5255009
5255056
5255109
5255157
5255374
5255422
5255541
5255553
5255586
5255723
5255838
5255931
5255961
5255966
5256164
5256247
5256268
5256277
5256278
5256293
5256434
5256479
5256515
5256870
5257233
5257258
5257334
5257353
5257427
5257541
5257567
5257711
5257727
5257943
5258032
5258046
5258068
5258098
5258133
5258142
5258164
5258361
5258439
5258522
5258738
5258872
5258949
5259025
5259062
5259075
5259089
5259200
5259409
5259468
5259612
5259816
5259851
5259852
5259873
5260001
5260126
5260188
5260304
5260357
5260434
5260444
5260515
5260610
5260737
5261046
5261070
5261077
5261194
5261268
5261577
5261579
5261608
5261826
5261867
5261869
5261901
5261960
5262094
5262138
5262519
5262717
5262777
5262783
5262789
5262842
5262874
5262906
5262938
5262940
5263054
5263075
5263160
5263233
5263392
5263410
5263694
5263994
5264042
5264150
5264161
5264205
5264250
5264543
5264593
5264943
5264968
5264983
5265005
5265154
5265187
5265291
5265352
5265435
5265553
5265629
5265754
5265796
5265872
5265919
5265955
5265960
5266017
5266159
5266276
5266280
5266293
5266399
5266512
5266536
5266539
5266634
5266650
5266866
5266887
5266894
5266947
5267174
5267561
5267599
5267642
5267736
5268020
5268026
5268261
5268438
5268690
5268729
5268745
5268785
5268896
5268903
5268959
5268976
5269072
5269137
5269165
5269288
5269329
5269401
5269434
5269485
5269513
5269544
5269593
5269630
5269871
5270033
5270419
5270475
5270480
5270624
5270867
5271023
5271028
5271277
5271484
5271750
5271776
5271938
5272180
5272240
5272327
5272355
5272365
5272402
5272534
5272551
5272627
5272898
5272982
5273027
5273038
5273216
5273230
5273255
5273351
5273360
5273757
5273764
5273805
5273864
5274078
5274155
5274217
5274546
5274684
5274696
5274732
5274756
5274780
5274958
5275089
5275257
5275315
5275412
5275530
5275715
5275716
5275769
5276137
5276285
5276526
5276540
5276623
5276648
5276655
5276657
5276814
5277028
5277189
5277323
5277406
5277490
5277510
5277535
5277745
5277880
5277901
5278068
5278071
5278220
5278235
5278289
5278378
5278490
5278685
5278821
5279075
5279084
5279136
5279209
5279239
5279367
5279453
5279641
5279698
5280020
5280029
5280245
5280282
5280295
5280365
5280430
5280500
5280528
5280796
5281137
5281164
5281238
5281562
5281579
5281669
5281760
5281899
5282127
5282137
5282311
5282405
5282519
5282528
5282538
5282715
5282834
5283161
5283201
5283227
5283269
5283381
5283426
5283509
5283586
5283791
5283844
5283882
5283884
5283891
5283922
5284171
5284236
5284311
5284323
5284445
5284469
5284485
5284666
5284784
5284891
5284933
5284939
5285055
5285097
5285119
5285436
5285500
5285518
5285596
5285647
5285797
5285916
5285933
5285983
5286002
5286092
5286133
5286238
5286420
5286653
5286970
5287057
5287523
5287615
5287635
5287663
5287687
5288045
5288096
5288204
5288245
5288466
5288498
5288517
5288565
5288638
5288978
5289230
5289255
5289507
5289510
5289670
5289837
5289945
5289959
5289973
5289981
5290019
5290142
5290234
5290264
5290361
5290636
5290638
5290658
5290687
5290703
5291079
5291159
5291167
5291239
5291395
5291536
5291620
5291623
5291655
5291718
5291875
5291890
5291937
5292162
5292226
5292257
5292297
5292317
5292357
5292393
5292524
5292941
5292945
5292989
5293034
5293165
5293256
5293379
5293449
5293533
5293684
5294095
5294110
5294137
5294358
5294407
5294497
5294664
5294689
5294699
5294872
5294884
5294966
5294983
5295044
5295047
5295429
5295744
5295815
5295833
5295863
5295950
5295961
5295981
5296000
5296129
5296223
5296316
5296351
5296381
5296839
5296892
5296965
5297055
5297144
5297295
5297359
5297410
5297433
5297434
5297650
5297722
5297934
5298031
5298067
5298069
5298104
5298116
5298176
5298236
5298248
5298305
5298665
5298857
5298858
5298889
5298946
5298964
5299026
5299033
5299095
5299464
5299611
5299674
5299806
5299873
5299935
5300025
5300273
5300316
5300317
5300344
5300440
5300450
5300465
5300613
5300619
5300645
5300808
5300834
5301017
5301124
5301202
5301258
5301286
5301347
5301430
5301489
5301519
5301583
5301635
5301653
5301916
5302011
5302166
5302289
5302566
5302798
5302805
5302894
5303028
5303050
5303086
5303156
5303346
5303415
5303497
5303746
5303774
5303881
5304200
5304309
5304366
5304455
5304620
5304636
5304646
5304663
5304773
5304803
5304887
5304971
5305157
5305196
5305242
5305355
5305373
5305403
5305528
5305719
5305782
5305816
5305890
5305949
5306085
5306214
5306397
5306436
5306594
5306669
5306812
5306819
5306852
5306877
5306941
5307005
5307336
5307343
5307440
5307463
5307486
5307923
5307969
5308105
5308135
5308230
5308356
5308361
5308503
5308667
5308834
5308879
5308893
5308987
5308992
5309114
5309464
5309521
5309596
5309637
5309650
5309902
5310032
5310035
5310036
5310146
5310317
5310387
5310663
5310695
5310742
5310743
5310846
5310932
5310964
5310977
5311011
5311046
5311152
5311216
5311269
5311367
5311403
5311439
5311531
5311577
5311785
5311942
5312044
5312368
5312406
5312421
5312458
5312487
5312492
5312522
5312781
5312816
5312850
5312998
5313135
5313326
5313338
5313359
5313519
5313798
5313876
5313913
5313934
5314140
5314149
5314235
5314379
5314394
5314525
5314567
5314645
5314657
5314757
5314804
5314999
5315031
5315060
5315093
5315356
5315550
5315659
5316172
5316212
5316217
5316273
5316298
5316460
5316527
5316598
5316612
5316795
5316812
5316822
5316878
5316899
5316905
5317068
5317152
5317313
5317401
5317536
5317542
5317581
5317590
5317632
5317640
5317669
5317776
5317965
5318108
5318273
5318312
5318495
5318632
5318768
5318921
5318930
5318972
5319173
5319254
5319422
5319651
5319653
5319701
5319955
5319986
5320080
5320108
5320280
5320600
5320729
5320745
5320782
5320838
5320970
5321144
5321181
5321357
5321500
5321759
5321800
5321866
5321869
5321889
5321916
5322013
5322114
5322139
5322174
5322666
5322727
5322838
5322947
5323115
5323146
5323282
5323734
5323786
5323843
5324002
5324220
5324558
5324648
5324672
5324755
5324856
5325237
5325468
5325557
5325608
5325677
5325879
5325968
5325999
5326001
5326085
5326090
5326215
5326242
5326302
5326365
5326446
5326577
5326601
5326603
5326630
5326700
5326708
5326763
5326961
5327166
5327261
5327307
5327602
5327780
5327864
5327894
5328124
5328149
5328155
5328209
5328318
5328390
5328392
5328413
5328491
5328647
5328669
5328725
5328827
5329099
5329467
5329487
5329594
5329612
5329675
5329851
5329879
5329946
5329990
5329992
5330044
5330166
5330351
5330356
5330375
5330405
5330556
5330694
5330855
5330902
5330905
5330949
5331232
5331278
5331434
5331444
5331579
5331646
5331771
5331839
5331924
5331940
5332021
5332089
5332261
5332263
5332293
5332420
5332422
5332669
5332767
5332977
5333048
5333212
5333247
5333249
5333268
5333329
5333347
5333509
5333568
5333612
5333633
5333673
5333780
5334074
5334137
5334142
5334609
5334738
5334909
5335107
5335218
5335229
5335305
5335312
5335500
5335528
5335540
5335960
5336127
5336222
5336357
5336378
5336391
5336422
5336610
5336732
5336769
5336804
5336831
5336855
5336857
5336955
5337018
5337425
5337504
5337519
5337656
5337684
5337831
5337869
5338111
5338148
5338280
5338481
5338484
5338545
5338563
5338631
5338725
5338878
5338958
5339052
5339074
5339241
5339292
5339314
5339463
5339532
5339600
5339726
5339879
5339926
5340073
5340196
5340198
5340268
5340462
5340478
5340492
5340579
5340938
5341067
5341127
5341177
5341556
5341563
5341665
5341678
5341836
5341992
5342035
5342143
5342147
5342251
5342462
5342685
5342766
5342778
5342937
5342965
5343019
5343073
5343085
5343126
5343209
5343388
5343391
5343451
5343647
5343774
5343805
5343928
5343975
5344153
5344172
5344628
5344644
5344781
5344799
5344824
5344874
5344896
5344928
5345051
5345160
5345195
5345472
5345689
5345742
5345841
5345997
5346041
5346331
5346447
5346477
5346587
5346780
5346783
5346837
5346917
5347185
5347212
5347392
5347461
5347473
5347562
5347586
5347852
5347858
5347897
5348107
5348144
5348164
5348182
5348309
5348534
5348547
5348609
5348709
5348783
5348887
5349145
5349291
5349340
5349368
5349549
5349747
5349784
5349877
5349951
5349956
5350048
5350133
5350253
5350283
5350350
5350497
5350697
5350698
5350934
5351004
5351013
5351239
5351261
5351264
5351283
5351327
5351348
5351476
5351489
5351744
5351893
5352252
5352294
5352496
5352554
5352933
5352937
5353194
5353303
5353386
5353443
5353741
5353787
5353879
5353908
5353952
5354080
5354378
5354559
5354724
5354795
5355065
5355291
5355406
5355447
5355534
5355580
5355769
5356118
5356188
5356259
5356276
5356452
5356528
5356780
5356947
5357195
5357299
5357313
5357556
5357676
5357692
5357746
5357882
5357895
5358051
5358092
5358153
5358302
5358417
5358724
5358854
5358942
5358969
5359284
5359493
5359527
5359533
5359679
5359711
5359717
5359794
5359905
5360011
5360035
5360190
5360282
5360321
5360358
5360455
5360505
5360998
5361092
5361360
5361452
5361485
5361520
5361753
5361908
5361961
5361963
5361996
5362016
5362098
5362412
5362438
5362451
5362632
5362728
5363039
5363095
5363097
5363445
5363566
5363567
5363577
5363581
5363600
5363708
5363724
5363968
5363973
5364000
5364007
5364578
5364617
5364854
5365366
5365701
5365726
5365744
5365921
5365965
5366120
5366156
5366489
5366748
5366880
5366951
5367023
5367051
5367059
5367424
5367437
5367531
5367548
5367595
5367927
5367930
5367966
5368062
5368085
5368158
5368173
5368261
5368366
5368443
5368455
5368485
5368502
5368524
5368732
5368866
5368947
5369006
5369124
5369157
5369219
5369313
5369362
5369469
5369521
5369569
5369603
5369862
5369895
5369952
5370071
5370205
5370365
5370389
5370514
5370519
5370669
5370672
5371214
5371282
5371301
5371570
5371732
5371995
5372364
5372389
5372429
5372431
5372500
5372508
5372634
5372664
5372702
5373252
5373328
5373338
5373396
5373397
5373588
5373650
5373658
5373678
5373757
5374027
5374125
5374138
5374407
5374495
5374516
5374642
5374718
5374921
5375029
5375125
5375222
5375308
5375373
5375571
5375605
5375615
5375663
5375729
5375750
5375911
5376061
5376097
5376142
5376166
5376200
5376256
5376917
5376923
5376969
5377003
5377116
5377338
5377592
5377786
5378006
5378063
5378143
5378210
5378224
5378229
5378267
5378277
5378484
5378520
5378802
5378820
5378879
5378935
5379045
5379376
5379504
5379507
5379646
5379997
5380142
5380171
5380199
5380213
5380306
5380307
5380342
5380354
5380509
5380521
5380535
5381019
5381093
5381209
5381313
5381369
5381390
5381467
5381530
5381576
5381613
5381669
5381918
5382073
5382173
5382316
5382341
5382412
5382508
5382519
5382523
5382554
5382627
5382650
5382654
5382892
5382936
5382938
5383031
5383280
5383468
5383469
5383479
5383522
5383539
5383583
5383803
5384112
5384278
5384298
5384512
5384540
5384640
5384642
5384780
5384886
5385018
5385310
5385615
5385672
5385688
5385791
5385877
5385904
5385938
5386045
5386250
5386251
5386391
5386628
5386938
5387068
5387228
5387256
5387386
5387485
5387515
5387557
5387639
5387657
5387877
5387968
5388065
5388156
5388558
5388623
5388730
5388785
5388789
5388918
5388954
5389042
5389183
5389210
5389350
5389456
5389470
5389538
5389621
5389634
5389649
5389660
5389733
5389755
5389772
5389804
5389886
5389909
5390101
5390138
5390428
5390550
5390859
5390869
5390944
5390990
5391122
5391127
5391283
5391345
5391409
5391454
5391484
5391593
5391621
5391637
5391675
5391688
5391795
5391912
5392275
5392820
5392937
5392984
5392998
5393260
5393265
5393349
5393436
5393754
5393847
5393955
5393965
5394033
5394070
5394080
5394116
5394246
5394551
5394607
5394618
5394621
5394654
5394683
5394709
5394831
5394927
5395036
5395060
5395084
5395088
5395109
5395300
5395363
5395426
5395462
5395493
5395500
5395742
5395748
5395774
5395803
5396063
5396070
5396149
5396401
5396637
5396870
5396923
5397032
5397166
5397168
5397192
5397237
5397257
5397540
5397602
5397692
5398015
5398152
5398183
5398197
5398411
5398627
5398646
5398842
5399194
5399271
5399277
5399286
5399605
5399631
5399759
5399762
5399824
5399828
5400058
5400211
5400248
5400314
5400421
5400451
5400509
5400544
5400629
5400875
5400915
5400937
5400961
5401046
5401224
5401237
5401311
5401450
5401539
5401791
5401879
5401962
5402183
5402327
5402548
5402622
5402695
5402737
5402780
5402837
5403081
5403100
5403168
5403193
5403459
5403575
5403635
5403749
5403811
5403884
5404153
5404382
5404420
5404579
5404820
5405050
5405119
5405576
5405630
5405641
5405642
5405697
5405749
5405768
5405915
5405929
5405991
5406188
5406222
5406318
5406460
5406463
5406728
5406841
5406900
5407088
5407179
5407206
5407405
5407483
5407575
5407684
5407805
5407849
5407934
5407950
5408023
5408127
5408222
5408231
5408741
5408756
5408908
5409109
5409209
5409537
5409630
5409795
5409888
5409918
5410007
5410095
5410129
5410208
5410240
5410465
5410680
5410991
5411019
5411146
5411355
5411444
5411485
5411646
5411707
5411786
5411909
5411964
5411999
5412087
5412265
5412277
5412418
5412508
5412566
5412659
5412689
5412696
5412741
5412762
5412818
5412937
5412978
5413028
5413045
5413157
5413370
5413392
5413448
5413538
5413574
5413660
5413760
5413871
5413993
5414003
5414075
5414128
5414356
5414389
5414525
5414526
5414545
5414576
5414757
5414831
5414866
5415427
5415664
5415695
5415882
5415949
5416196
5416227
5416275
5416348
5416473
5416741
5416742
5416756
5416826
5416845
5416850
5416928
5416940
5417072
5417197
5417692
5417811
5417958
5417989
5418118
5418180
5418391
5418425
5418445
5418455
5418583
5418619
5418641
5418670
5418736
5418847
5418964
5419126
5419246
5419255
5419259
5419272
5419352
5419393
5419506
5419626
5419660
5420091
5420102
5420103
5420206
5420228
5420551
5420692
5420837
5420845
5420908
5421052
5421070
5421192
5421199
5421320
5421370
5421671
5421771
5421789
5421819
5421841
5421883
5421961
5422138
5422419
5422457
5422486
5422592
5422734
5422739
5422768
5422829
5422840
5422869
5423165
5423235
5423266
5423325
5423405
5423460
5423501
5423520
5423560
5423663
5423760
5423776
5423787
5423985
5424147
5424160
5424186
5424226
5424371
5424469
5424500
5424520
5424574
5424577
5424589
5424779
5424889
5424901
5424972
5424978
5425317
5425506
5425894
5425937
5426015
5426032
5426144
5426295
5426316
5426363
5426432
5426619
5427067
5427181
5427188
5427207
5427234
5427248
5427280
5427398
5427429
5427620
5427705
5427926
5428055
5428084
5428096
5428176
5428191
5428219
5428249
5428307
5428432
5428483
5428495
5428721
5428740
5428765
5428776
5429218
5429239
5429478
5429661
5429858
5430017
5430121
5430275
5430451
5430481
5430499
5430549
5430557
5430700
5430828
5430967
5431095
5431104
5431260
5431279
5431455
5431463
5431599
5431661
5431920
5432059
5432103
5432320
5432365
5432668
5432728
5432771
5432863
5432867
5433005
5433041
5433106
5433127
5433129
5433133
5433349
5433400
5433407
5433563
5433564
5433567
5433724
5433779
5433788
5433864
5433881
5434030
5434417
5434586
5434599
5434629
5434800
5435103
5435186
5435233
5435242
5435249
5435300
5435442
5435451
5435474
5435521
5435552
5435570
5435619
5435651
5435755
5435911
5436113
5436167
5436221
5436368
5436387
5436419
5436459
5436543
5436551
5436559
5436578
5436636
5436643
5436741
5436860
5436978
5437144
5437191
5437199
5437389
5437395
5437414
5437534
5437541
5437634
5437730
5437835
5437865
5437945
5438026
5438118
5438378
5438422
5438477
5438591
5438619
5438685
5438704
5438823
5438909
5438957
5439106
5439343
5439431
5439494
5439570
5439598
5439769
5439997
5440020
5440129
5440263
5440278
5440320
5440334
5440343
5440495
5440605
5440676
5440689
5440749
5441098
5441105
5441190
5441266
5441375
5441662
5441844
5441888
5442051
5442196
5442261
5442364
5442393
5442439
5442655
5442688
5442762
5442806
5442843
5442965
5443052
5443086
5443234
5443298
5443313
5443339
5443383
5443406
5443635
5443660
5443721
5443806
5443827
5444463
5444636
5444639
5444671
5444753
5444902
5445022
5445025
5445091
5445154
5445430
5445447
5445527
5445917
5445971
5446299
5446324
5446326
5446350
5446434
5446448
5446547
5446551
5446552
5446590
5446678
5446710
5446737
5446803
5446893
5446907
5447129
5447215
5447285
5447513
5447546
5447553
5447557
5447628
5447656
5447660
5447670
5448026
5448089
5448220
5448339
5448374
5448492
5448510
5449015
5449184
5449245
5449404
5449635
5449680
5449863
5450003
5450189
5450220
5450283
5450292
5450380
5450618
5451035
5451170
5451222
5451363
5451382
5451447
5451541
5451716
5451742
5451911
5451926
5452139
5452158
5452221
5452233
5452331
5452367
5452441
5452671
5452878
5452976
5453147
5453312
5453321
5453334
5453456
5453752
5453772
5454012
5454014
5454100
5454154
5454175
5454299
5454316
5454499
5454913
5454964
5455176
5455226
5455300
5455326
5455342
5455404
5455432
5455449
5455471
5455644
5455716
5455749
5455766
5455817
5455879
5455928
5456172
5456383
5456809
5456852
5456925
5456926
5457044
5457060
5457112
5457248
5457291
5457334
5457356
5457375
5457569
5457602
5457625
5457748
5457783
5457831
5457972
5458021
5458175
5458201
5458275
5458408
5458755
5458961
5459127
5459237
5459288
5459554
5459651
5459679
5459740
5459753
5460009
5460144
5460238
5460249
5460530
5460557
5460721
5460783
5460979
5460991
5461091
5461234
5461242
5461296
5461374
5461456
5461497
5461498
5461519
5461520
5461632
5461667
5461681
5461909
5461915
5461943
5461950
5462001
5462002
5462006
5462176
5462178
5462594
5462984
5463001
5463106
5463147
5463238
5463269
5463331
5463438
5463557
5463752
5463757
5463832
5463933
5463940
5464190
5464191
5464584
5464627
5464830
5464960
5465203
5465297
5465301
5465348
5465506
5465596
5465725
5465926
5466007
5466122
5466171
5466274
5466323
5466399
5466415
5466454
5466658
5466757
5466898
5466915
5466992
5466999
5467023
5467145
5467163
5467208
5467290
5467292
5467393
5467476
5467651
5467966
5468430
5468490
5468605
5468746
5469006
5469032
5469217
5469348
5469468
5469520
5469532
5469581
5469584
5469650
5469909
5470046
5470055
5470332
5470518
5470624
5470664
5470696
5470848
5470959
5471017
5471049
5471110
5471134
5471389
5471408
5471913
5472044
5472104
5472129
5472179
5472212
5472408
5472452
5472551
5472682
5472776
5472850
5472962
5473026
5473082
5473085
5473249
5473264
5473396
5473653
5473676
5473753
5474076
5474102
5474252
5474404
5474505
5474557
5474663
5474692
5474725
5474862
5474878
5474883
5474973
5475055
5475065
5475119
5475314
5475377
5475490
5475514
5475664
5475703
5475783
5475824
5475884
5475901
5475943
5475963
5476012
5476405
5476565
5476566
5476587
5476605
5476675
5476727
5476751
5476757
5476779
5476858
5476881
5477155
5477185
5477326
5477328
5477469
5477517
5477614
5477646
5477736
5477770
5477791
5478197
5478255
5478326
5478395
5478592
5478617
5478689
5478755
5479238
5479333
5479535
5479643
5479755
5480422
5480483
5480630
5480998
5481090
5481124
5481365
5481475
5481875
5481966
5482054
5482102
5482324
5482325
5482470
5482501
5482586
5482634
5483241
5483277
5483308
5483395
5483526
5483534
5483545
5483560
5483576
5484107
5484110
5484208
5484302
5484596
5484669
5484737
5485002
5485031
5485034
5485054
5485090
5485266
5485274
5485295
5485301
5485334
5485388
5485482
5485522
5485582
5485592
5485660
5485797
5485889
5486024
5486029
5486134
5486319
5486555
5486643
5486783
5486832
5486970
5486995
5487117
5487173
5487256
5487325
5487541
5487548
5487599
5487609
5487869
5487886
5487895
5488041
5488085
5488126
5488321
5488431
5488561
5488657
5488739
5488741
5488756
5488773
5488785
5488870
5488933
5489075
5489532
5489839
5489974
5489996
5490130
5490156
5490275
5490440
5490565
5490566
5490634
5490783
5490787
5490846
5491082
5491216
5491237
5491340
5491459
5491496
5491538
5491558
5491660
5491712
5491820
5491960
5491997
5492577
5492585
5492631
5492665
5492943
5493232
5493405
5493602
5493672
5493806
5493862
5493944
5493989
5494147
5494276
5494452
5494579
5494627
5494633
5494673
5494736
5494772
5494782
5494909
5494937
5495166
5495363
5495417
5495445
5495476
5495573
5495581
5495883
5495965
5496073
5496119
5496151
5496173
5496209
5496295
5496535
5496543
5496547
5496662
5496674
5496711
5496763
5496849
5496940
5496991
5496994
5497017
5497075
5497076
5497194
5497199
5497288
5497424
5497470
5497475
5497539
5497542
5497736
5497828
5497894
5497994
5498077
5498130
5498244
5498344
5498407
5498488
5498588
5498755
5498798
5498857
5498938
5498943
5499230
5499281
5499533
5499589
5499719
5499803
5500257
5500269
5500333
5500340
5500554
5500614
5500676
5500703
5500779
5500785
5500827
5500839
5500976
5500978
5500996
5501006
5501177
5501189
5501230
5501298
5501440
5501502
5501734
5501757
5501793
5502028
5502188
5502208
5502227
5502352
5502429
5502457
5502508
5502771
5503076
5503192
5503304
5503348
5503356
5503686
5503789
5503864
5503869
5504018
5504031
5504034
5504348
5504466
5504584
5504678
5504944
5505024
5505027
5505117
5505293
5505424
5505451
5505551
5505574
5505740
5505918
5506058
5506219
5506472
5506599
5506691
5506717
5506739
5506819
5506861
5506990
5507146
5507264
5507318
5507392
5507446
5507453
5507508
5507726
5507732
5507968
5507986
5508002
5508139
5508141
5508627
5508657
5508991
5509171
5509311
5509444
5509539
5509579
5509613
5509766
5509856
5509978
5510095
5510104
5510154
5510166
5510208
5510219
5510251
5510347
5510430
5510594
5510726
5510937
5511026
5511074
5511503
5511517
5511596
5511681
5511746
5511876
5511914
5512016
5512044
5512257
5512336
5512349
5512509
5512519
5512619
5512675
5512734
5512821
5512826
5512968
5512998
5513040
5513154
5513256
5513367
5513453
5513514
5513534
5513609
5513638
5513794
5513834
5514072
5514097
5514102
5514103
5514111
5514162
5514214
5514334
5514386
5514554
5514659
5514694
5514735
5514802
5515272
5515327
5515573
5515970
5516093
5516180
5516204
5516298
5516708
5516820
5516850
5516938
5516972
5517055
5517085
5517139
5517200
5517368
5517430
5517473
5517598
5517602
5517655
5517700
5517723
5517906
5518180
5518316
5518428
5518550
5518863
5518932
5518936
5518944
5518975
5519160
5519172
5519197
5519231
5519271
5519324
5519497
5519614
5519720
5519761
5519767
5519990
5520383
5520774
5520834
5521164
5521377
5521555
5521626
5521640
5521795
5521927
5521950
5522130
5522238
5522241
5522264
5522352
5522502
5522551
5522580
5522601
5522617
5522687
5522753
5522798
5523282
5523364
5523442
5523625
5523724
5523887
5524046
5524161
5524263
5524329
5524536
5524538
5524682
5524779
5524828
5524953
5524982
5525143
5525187
5525191
5525204
5525296
5525321
5525868
5525894
5526354
5526473
5526678
5526729
5526748
5526886
5526907
5526919
5527017
5527115
5527341
5527397
5527472
5527530
5527758
5527792
5527799
5527833
5527933
5528097
5528141
5528199
5528295
5528345
5528384
5528652
5528834
5528879
5529021
5529388
5529527
5529555
5529680
5529968
5530037
5530086
5530183
5530275
5530353
5530559
5530586
5530639
5530649
5530672
5530901
5531012
5531034
5531042
5531109
5531356
5531434
5531447
5531566
5531652
5531753
5531890
5532018
5532094
5532117
5532127
5532212
5532227
5532567
5532672
5532699
5532806
5532891
5532955
5533116
5533179
5533280
5533309
5533318
5533421
5533483
5533513
5533572
5533796
5533801
5533945
5534027
5534187
5534247
5534389
5534560
5534610
5534702
5534774
5534873
5534989
5535026
5535039
5535080
5535090
5535105
5535366
5535371
5535465
5535468
5535758
5535768
5535775
5535971
5536162
5536174
5536223
5536383
5536475
5536478
5536521
5536570
5536693
5536708
5536715
5536790
5536820
5536911
5537030
5537126
5537314
5537345
5537440
5537531
5537578
5537591
5537816
5537924
5537925
5538043
5538099
5538164
5538348
5538378
5538545
5538575
5538804
5538823
5538882
5538921
5539196
5539243
5539293
5539335
5539352
5539402
5539653
5539710
5539763
5539787
5539834
5539898
5540202
5540277
5540345
5540724
5540846
5540910
5540921
5541079
5541191
5541321
5541346
5541409
5541606
5541678
5541735
5541754
5542056
5542069
5542208
5542216
5542347
5542447
5542489
5542630
5542649
5542682
5542843
5542898
5542996
5543210
5543229
5543298
5543311
5543318
5543418
5543594
5543637
5543856
5543931
5543938
5543986
5544093
5544112
5544269
5544448
5544492
5544545
5544587
5544667
5544728
5544733
5544740
5544742
5544757
5544767
5545075
5545085
5545256
5545366
5545373
5545513
5545565
5545743
5545808
5545845
5545875
5545918
5545944
5546388
5546477
5546654
5546705
5546729
5546923
5546989
5547064
5547465
5547592
5547596
5547634
5547703
5548085
5548220
5548427
5548446
5548569
5548625
5548938
5548971
5549049
5549137
5549193
5549205
5549333
5549359
5549377
5549593
5549665
5549792
5549809
5549920
5549994
5550149
5550276
5550296
5550647
5550712
5550804
5550891
5550907
5551044
5551129
5551182
5551279
5551303
5551332
5551608
5551878
5551891
5552078
5552086
5552180
5552234
5552270
5552371
5552413
5552432
5552448
5552587
5552627
5552730
5552839
5552890
5553363
5553387
5553419
5553642
5553707
5554104
5554305
5554362
5554446
5554500
5554516
5554536
5554677
5554721
5554766
5554950
5554986
5554988
5555086
5555094
5555162
5555373
5555554
5555926
5555956
5556027
5556214
5556291
5556375
5556486
5556647
5556693
5556897
5557145
5557236
5557322
5557370
5557500
5557653
5557845
5557858
5557927
5557989
5558276
5558348
5558399
5558500
5558544
5558548
5558602
5558744
5558860
5558897
5558951
5559066
5559261
5559316
5559407
5559442
5559447
5559476
5559533
5559597
5559615
5559711
5559716
5559791
5559889
5559997
5560322
5560487
5560573
5560610
5560790
5560836
5560889
5561011
5561027
5561397
5561546
5561595
5561648
5561743
5561763
5561841
5562010
5562101
5562171
5562274
5562301
5562618
5562841
5562861
5562905
5562912
5563000
5563054
5563422
5563614
5563798
5563802
5564088
5564118
5564355
5564453
5564635
5564836
5564861
5565155
5565211
5565289
5565384
5565401
5565546
5565555
5565726
5565844
5566078
5566174
5566231
5566307
5566372
5566425
5566508
5566551
5566630
5566669
5566795
5566915
5567125
5567173
5567497
5567536
5567560
5567602
5567635
5567708
5567765
5567856
5567885
5567918
5568038
5568139
5568263
5568273
5568278
5568486
5568492
5568713
5568835
5568893
5568948
5568976
5569261
5569315
5569378
5569467
5569480
5569523
5569581
5569637
5569650
5569657
5569863
5569961
5570014
5570264
5570274
5570288
5570441
5570516
5570771
5570772
5570804
5571007
5571071
5571163
5571236
5571277
5571347
5571549
5571587
5571630
5571805
5571986
5571998
5572022
5572192
5572250
5572393
5572412
5572444
5572461
5572476
5572617
5572890
5573058
5573087
5573498
5573648
5573713
5573878
5574062
5574106
5574118
5574219
5574302
5574371
5574404
5574434
5574473
5574498
5574564
5574803
5574890
5574942
5575145
5575150
5575179
5575386
5575411
5575501
5575596
5575626
5575738
5575776
5575824
5576030
5576369
5576524
5576531
5576588
5576625
5576713
5576733
5576748
5576762
5576816
5576997
5577341
5577417
5577465
5577593
5577983
5578025
5578103
5578224
5578240
5578312
5578354
5578357
5578452
5578524
5578529
5578574
5578643
5578698
5578728
5578741
5578772
5578926
5578981
5579207
5579214
5579298
5579369
5579440
5579494
5579508
5579660
5579725
5579752
5579963
5579984
5580015
5580069
5580080
5580189
5580345
5580538
5580612
5580715
5580750
5580898
5581096
5581266
5581382
5581392
5581588
5581854
5581888
5582004
5582526
5582551
5582600
5582617
5582800
5582882
5582980
5583113
5583239
5583256
5583490
5583610
5583625
5583704
5583757
5583775
5583812
5583907
5583922
5584143
5584202
5584257
5584346
5584371
5584556
5584602
5584679
5584710
5584788
5584910
5585194
5585307
5585373
5585430
5585466
5585521
5585602
5585644
5585650
5585806
5585821
5586073
5586101
5586167
5586185
5586189
5586263
5586273
5586422
5586569
5586584
5586733
5586777
5586833
5586840
5586941
5586951
5587112
5587223
5587294
5587326
5587476
5587498
5587519
5587545
5587717
5587806
5587949
5588025
5588308
5588358
5588429
5588451
5588462
5588498
5588541
5588569
5588574
5588765
5588776
5588794
5588960
5589033
5589072
5589155
5589196
5589202
5589204
5589316
5589547
5589721
5589789
5589790
5589824
5589839
5589996
5590117
5590186
5590236
5590345
5590451
5590565
5590598
5590638
5590683
5590938
5591028
5591053
5591067
5591121
5591150
5591238
5591399
5591550
5591629
5591708
5591727
5591823
5591886
5592062
5592155
5592317
5592320
5592465
5592574
5592578
5592660
5592692
5592695
5592833
5593076
5593090
5593100
5593119
5593249
5593589
5593672
5593727
5593745
5593794
5593866
5593991
5594008
5594296
5594518
5594612
5594631
5594634
5594668
5594933
5594969
5594986
5595119
5595122
5595128
5595250
5595259
5595303
5595520
5595525
5595581
5595710
5595759
5595822
5595908
5595967
5596036
5596214
5596352
5596420
5596537
5596547
5596562
5596865
5597045
5597358
5597377
5597393
5597525
5597545
5597671
5597678
5597778
5597880
5598042
5598401
5598600
5598706
5598775
5598794
5598875
5599220
5599221
5599390
5599406
5599425
5599536
5599621
5599689
5599952
5600010
5600013
5600066
5600104
5600155
5600217
5600274
5600642
5600971
5601008
5601138
5601412
5601475
5601589
5601712
5601786
5601792
5602137
5602158
5602199
5602305
5602406
5602615
5602971
5603010
5603051
5603057
5603129
5603262
5603344
5603449
5603487
5603700
5603790
5604168
5604487
5604655
5604869
5604881
5605392
5605449
5605524
5605533
5605549
5605593
5605628
5605707
5605810
5605872
5605983
5606018
5606052
5606213
5606300
5606444
5606478
5606551
5606827
5606983
5607223
5607300
5607367
5607451
5607497
5607692
5607704
5607982
5608014
5608084
5608223
5608226
5608582
5608617
5608645
5608670
5608724
5608743
5609051
5609257
5609428
5609434
5609554
5609643
5609836
5609864
5609959
5610118
5610255
5610291
5610824
5610843
5610918
5610958
5611042
5611123
5611162
5611366
5611604
5611798
5611918
5612057
5612064
5612197
5612218
5612233
5612245
5612248
5612402
5612495
5612566
5612743
5612970
5612983
5613028
5613074
5613131
5613323
5613462
5613641
5613675
5613723
5613738
5613785
5613878
5614092
5614126
5614161
5614180
5614261
5614342
5614373
5614541
5614599
5614879
5615014
5615045
5615306
5615391
5615404
5615443
5615491
5615526
5615559
5615581
5615714
5615729
5615808
5615825
5615877
5615946
5616050
5616058
5616095
5616306
5616340
5616662
5616776
5616798
5616909
5616930
5617177
5617245
5617270
5617452
5617821
5618079
5618388
5618492
5618512
5618821
5618885
5618902
5619107
5619119
5619133
5619205
5619239
5619261
5619295
5619486
5619519
5619562
5619762
5619817
5619828
5619917
5620000
5620026
5620041
5620159
5620231
5620235
5620308
5620431
5620549
5620553
5620641
5620878
5621227
5621375
5621392
5621485
5621548
5621753
5621784
5621921
5621963
5621987
5622022
5622049
5622150
5622206
5622260
5622313
5622401
5622468
5622506
5622577
5622619
5622759
5622952
5623015
5623235
5623306
5623321
5623554
5623945
5623965
5624014
5624053
5624060
5624200
5624307
5624344
5624371
5624473
5624540
5624718
5624782
5624804
5624977
5624979
5624991
5624998
5625020
5625041
5625061
5625430
5625483
5625510
5625608
5625623
5625661
5625715
5625740
5625799
5625843
5625886
5626095
5626289
5626466
5626665
5626693
5626806
5626980
5627010
5627065
5627153
5627325
5627474
5627579
5627647
5627663
5627739
5627824
5627906
5627952
5628000
5628002
5628122
5628340
5628426
5628883
5629039
5629049
5629107
5629233
5629300
5629354
5629440
5629610
5629700
5629762
5629811
5629892
5629899
5629965
5630055
5630283
5630671
5630732
5630776
5630938
5630942
5630957
5631076
5631201
5631212
5631451
5631471
5631514
5631609
5631668
5631817
5631906
5632041
5632062
5632177
5632220
5632327
5632391
5632700
5632809
5632869
5633011
5633104
5633185
5633288
5633310
5633379
5633429
5633442
5633593
5633603
5633756
5633814
5633850
5634051
5634250
5634251
5634367
5634538
5634801
5634993
5635082
5635089
5635259
5635312
5635423
5635434
5635456
5635496
5635617
5635856
5635901
5635902
5636023
5636042
5636113
5636118
5636150
5636459
5636493
5636648
5636822
5637041
5637166
5637236
5637267
5637458
5637614
5637622
5637656
5637910
5638186
5638190
5638277
5638282
5638439
5638475
5638491
5638665
5638717
5638754
5638812
5638847
5638866
5639113
5639161
5639164
5639342
5639374
5639713
5639772
5639799
5639834
5639879
5639918
5640143
5640165
5640176
5640240
5640251
5640363
5640568
5640784
5640898
5640997
5641209
5641219
5641297
5641316
5641403
5641534
5641558
5641656
5641734
5641788
5641844
5641862
5642101
5642116
5642236
5642279
5642358
5642385
5642608
5642873
5642898
5642979
5643425
5643479
5643484
5643499
5643545
5643585
5643590
5643820
5643981
5644217
5644287
5644299
5644329
5644342
5644382
5644487
5644515
5644669
5644759
5645172
5645234
5645268
5645485
5646012
5646094
5646106
5646398
5646510
5646650
5646933
5646967
5647053
5647091
5647194
5647294
5647394
5647521
5647589
5647615
5647625
5647747
5647770
5647852
5648066
5648108
5648143
5648312
5648473
5648654
5648864
5648872
5648933
5648939
5648940
5649158
5649178
5649207
5649228
5649432
5649461
5649523
5649630
5649806
5650027
5650159
5650285
5650304
5650554
5650752
5650778
5650923
5650940
5651138
5651187
5651313
5651315
5651410
5651511
5651568
5651703
5651755
5651793
5651855
5652013
5652083
5652282
5652299
5652333
5652446
5652675
5652722
5652817
5652891
5652975
5653038
5653107
5653113
5653195
5653204
5653249
5653389
5653448
5653539
5653610
5653645
5653649
5654018
5654058
5654117
5654284
5654295
5654308
5654351
5654359
5654409
5654576
5654637
5654696
5654781
5655085
5655144
5655197
5655278
5655362
5655730
5655769
5655819
5655928
5655955
5656018
5656073
5656075
5656214
5656377
5656419
5656811
5656903
5656986
5657110
5657134
5657267
5657476
5657549
5657612
5657656
5657824
5657893
5658023
5658043
5658099
5658223
5658448
5658561
5658584
5658858
5658884
5658893
5659016
5659100
5659268
5659356
5659690
5659871
5659926
5660011
5660140
5660224
5660229
5660383
5660416
5660446
5660487
5660637
5660825
5660940
5660978
5661098
5661253
5661326
5661375
5661501
5661570
5661808
5661848
5662169
5662206
5662208
5662224
5662319
5662485
5662520
5662613
5662650
5662791
5662896
5662960
5663027
5663083
5663133
5663162
5663276
5663760
5663980
5663984
5664106
5664108
5664320
5664571
5664583
5664722
5664969
5665073
5665301
5665449
5665476
5665615
5665652
5665706
5665831
5665950
5665976
5666027
5666084
5666101
5666166
5666199
5666351
5666353
5666371
5666396
5666438
5666472
5666478
5666527
5666563
5666771
5666829
5666892
5666936
5666947
5667043
5667078
5667160
5667213
5667274
5667485
5667505
5667538
5667555
5667563
5667640
5667840
5667852
5667879
5668027
5668045
5668049
5668183
5668309
5668342
5668417
5668480
5668520
5668650
5668668
5668725
5668859
5668972
5669080
5669155
5669296
5669357
5669696
5669879
5670019
5670165
5670189
5670368
5670455
5670458
5670473
5670636
5670672
5670748
5671096
5671149
5671153
5671201
5671260
5671367
5671395
5671447
5671574
5671625
5671675
5671773
5671917
5671951
5672000
5672002
5672006
5672034
5672233
5672302
5672499
5672540
5672570
5672642
5672737
5672903
5672957
5673171
5673254
5673292
5673358
5673394
5673403
5673416
5673634
5673663
5673812
5673862
5673866
5673957
5673988
5674088
5674119
5674123
5674155
5674186
5674201
5674446
5674455
5674614
5674642
5674824
5674869
5675101
5675173
5675200
5675499
5675643
5675658
5675870
5675917
5676004
5676011
5676105
5676175
5676386
5676491
5676815
5676886
5677145
5677250
5677251
5677344
5677479
5677575
5677754
5677759
5677861
5677925
5678100
5678105
5678134
5678137
5678178
5678221
5678357
5678385
5678639
5678718
5678814
5678882
5679050
5679272
5679356
5679478
5679515
5679542
5679562
5680188
5680222
5680250
5680429
5680630
5680769
5681292
5681424
5681518
5681773
5681888
5681977
5681993
5682003
5682481
5682767
5683068
5683196
5683352
5683436
5683565
5683588
5683632
5683712
5683732
5683739
5683802
5683919
5683921
5683960
5683971
5683973
5684119
5684140
5684154
5684260
5684479
5684561
5684705
5684781
5684850
5685086
5685091
5685093
5685256
5685276
5685350
5685440
5685503
5685509
5685518
5685547
5685556
5685664
5685794
5685801
5685820
5685852
5685866
5685959
5686004
5686032
5686356
5686362
5686392
5686476
5686498
5686547
5686633
5686648
5686651
5686695
5686714
5686747
5686748
5686793
5686965
5687032
5687091
5687117
5687147
5687160
5687331
5687480
5687595
5687638
5687660
5687723
5687957
5688050
5688116
5688211
5688220
5688275
5688322
5688434
5688595
5688671
5688833
5688894
5689186
5689245
5689284
5689291
5689298
5689363
5689486
5689510
5689646
5689671
5689702
5689773
5689828
5689838
5689950
5690012
5690060
5690076
5690087
5690095
5690244
5690313
5690317
5690471
5690545
5690830
5690831
5690848
5690898
5690938
5690969
5691150
5691318
5691388
5691455
5691487
5691683
5691745
5691791
5691842
5691844
5691989
5692091
5692112
5692201
5692371
5692389
5692868
5692914
5692938
5692948
5693029
5693070
5693313
5693317
5693339
5693447
5693468
5693805
5693908
5693979
5694036
5694156
5694206
5694260
5694330
5694367
5694385
5694539
5694565
5694647
5694701
5694735
5694796
5694992
5695052
5695094
5695103
5695148
5695166
5695238
5695248
5695262
5695267
5695418
5695555
5695864
5695877
5696034
5696487
5696502
5696538
5696550
5696628
5696641
5697096
5697129
5697152
5697159
5697327
5697385
5697554
5697604
5697639
5697794
5698207
5698281
5698329
5698404
5698482
5698620
5698645
5698684
5698716
5698739
5698811
5698860
5699043
5699140
5699181
5699441
5699454
5699498
5699613
5699645
5699765
5699865
5699898
5699923
5700001
5700205
5700228
5700363
5700422
5700508
5701062
5701124
5701186
5701306
5701419
5701428
5701482
5701589
5701596
5701612
5701701
5701818
5701857
5701894
5702032
5702056
5702069
5702083
5702084
5702177
5702222
5702255
5702259
5702325
5702423
5702469
5702529
5702605
5702701
5702751
5702882
5702911
5703195
5703199
5703202
5703277
5703307
5703447
5703585
5703601
5703684
5703690
5703723
5703825
5703827
5703976
5704151
5704177
5704241
5704253
5704405
5704515
5704577
5704778
5704907
5704927
5704958
5705073
5705166
5705182
5705262
5705277
5705278
5705281
5705296
5705594
5705656
5705843
5705975
5705997
5706007
5706053
5706086
5706173
5706234
5706280
5706589
5706719
5706744
5706920
5707029
5707191
5707314
5707539
5707556
5707609
5707924
5708359
5708597
5708902
5708940
5709252
5709308
5709548
5709833
5709907
5709966
5710045
5710060
5710312
5710352
5710408
5710473
5710630
5710698
5710752
5710803
5710810
5710851
5711189
5711466
5711622
5711676
5711839
5711873
5711963
5712122
5712163
5712250
5712274
5712424
5712445
5712480
5712710
5712817
5712862
5712993
5713016
5713027
5713048
5713157
5713192
5713262
5713264
5713378
5713606
5713694
5713791
5713997
5714438
5714445
5714911
5714954
5715173
5715205
5715263
5715444
5715572
5715606
5715847
5715848
5715858
5715897
5716060
5716079
5716089
5716207
5716260
5716264
5716302
5716324
5716443
5716485
5716515
5716645
5716739
5716787
5716836
5716951
5717000
5717217
5717579
5717702
5717769
5717846
5717902
5717962
5717992
5718241
5718373
5718533
5718588
5718651
5718708
5718977
5718991
5719235
5719290
5719302
5719367
5719369
5719418
5719543
5719622
5719776
5719799
5719861
5720336
5720452
5720504
5720714
5720760
5720770
5720847
5720955
5720966
5721010
5721238
5721280
5721577
5721725
5721911
5722021
5722197
5722204
5722270
5722288
5722453
5722543
5722590
5722610
5722640
5722678
5722833
5722943
5722974
5723012
5723093
5723518
5723537
5723896
5723915
5723958
5724134
5724171
5724270
5724378
5724545
5724601
5724668
5724987
5725147
5725258
5725264
5725294
5725335
5725361
5725456
5725497
5725540
5725584
5725710
5725904
5725905
5725934
5726009
5726087
5726214
5726497
5726599
5726730
5726743
5726841
5726868
5726896
5727049
5727112
5727178
5727181
5727274
5727369
5727413
5727429
5727518
5727595
5727804
5727856
5727887
5727975
5727976
5727986
5728030
5728076
5728103
5728106
5728109
5728160
5728226
5728269
5728362
5728365
5728408
5728641
5728645
5728662
5728805
5728814
5728918
5729112
5729201
5729211
5729248
5729519
5729756
5729852
5729861
5729868
5730014
5730037
5730151
5730185
5730393
5730587
5730610
5730620
5730659
5730675
5730738
5730784
5731128
5731189
5731192
5731194
5731283
5731367
5731594
5731826
5731843
5731937
5732125
5732139
5732309
5732493
5732521
5732572
5732677
5732820
5733093
5733128
5733185
5733417
5733435
5733744
5733786
5733945
5734097
5734108
5734115
5734193
5734230
5734332
5734367
5734407
5734490
5734495
5734550
5734558
5734597
5734792
5734864
5734973
5734984
5735497
5735548
5735682
5735787
5735839
5735890
5735912
5735969
5736195
5736231
5736525
5736526
5736571
5736701
5736739
5736797
5736798
5736931
5737141
5737380
5737403
5737414
5737478
5737569
5737685
5737711
5737767
5737784
5737890
5737913
5737979
5738121
5738176
5738177
5738262
5738279
5738291
5738479
5738613
5738839
5738930
5739199
5739216
5739262
5739326
5739361
5739515
5739523
5739529
5739557
5739802
5739932
5740001
5740113
5740121
5740124
5740161
5740170
5740189
5740304
5740332
5740351
5740357
5740534
5741002
5741260
5741338
5741410
5741546
5741575
5741669
5741673
5741850
5741907
5742064
5742106
5742245
5742352
5742366
5742387
5742559
5742603
5742653
5742663
5742695
5742950
5742988
5743187
5743224
5743279
5743303
5743488
5743492
5743552
5743559
5743588
5743593
5743607
5743679
5743733
5743850
5743987
5744020
5744177
5744362
5744389
5744397
5744555
5744599
5744609
5744657
5744910
5744916
5744972
5744980
5745252
5745341
5745427
5745494
5745600
5745628
5745636
5745763
5745770
5745806
5745840
5745841
5746323
5746449
5746747
5746913
5746946
5747156
5747187
5747209
5747235
5747373
5747466
5747517
5747581
5747785
5747852
5747919
5747983
5748130
5748197
5748279
5748932
5749135
5749228
5749251
5749283
5749586
5749717
5749722
5749751
5749882
5749921
5749930
5750167
5750258
5750266
5750560
5750630
5750733
5750763
5750882
5750991
5751037
5751098
5751114
5751183
5751227
5751415
5751523
5751526
5751612
5751633
5751696
5751860
5751951
5751979
5752088
5752222
5752457
5752536
5752861
5752906
5752940
5753172
5753174
5753222
5753312
5753331
5753425
5753438
5753458
5753541
5753614
5753691
5753825
5753851
5753881
5754059
5754074
5754083
5754345
5754407
5754427
5754501
5754586
5754636
5754731
5754879
5755012
5755043
5755134
5755165
5755172
5755253
5755279
5755323
5755417
5755438
5755507
5755567
5755745
5755805
5755958
5755968
5756326
5756491
5756619
5756638
5756810
5756887
5757090
5757242
5757251
5757281
5757382
5757402
5757632
5757635
5757777
5757791
5757882
5758026
5758061
5758086
5758198
5758252
5758294
5758460
5758540
5758544
5758685
5758698
5758882
5758978
5759114
5759291
5759484
5760079
5760091
5760114
5760203
5760231
5760346
5760496
5760562
5760591
5760652
5760708
5760717
5760906
5761051
5761330
5761505
5761547
5761726
5761808
5762092
5762305
5762362
5762393
5762434
5762474
5762529
5762587
5762594
5762666
5762806
5762821
5762843
5762926
5762985
5763107
5763174
5763190
5763268
5763355
5763571
5764076
5764158
5764444
5764574
5764589
5764801
5764823
5765051
5765060
5765087
5765174
5765209
5765367
5765499
5765532
5765619
5765657
5766140
5766151
5766228
5766315
5766321
5766330
5766662
5766666
5766708
5766739
5766871
5766873
5766950
5766967
5767311
5767375
5767456
5767535
5767562
5767659
5767702
5767724
5767776
5767930
5768025
5768115
5768147
5768184
5768217
5768223
5768411
5768507
5768668
5768742
5768878
5769194
5769520
5769665
5770268
5770447
5770576
5770848
5770857
5771101
5771168
5771253
5771351
5771377
5771466
5771803
5771971
5771974
5771983
5772187
5772216
5772217
5772254
5772296
5772309
5772371
5772467
5772500
5772542
5772798
5772933
5772944
5773165
5773182
5773194
5773238
5773396
5773448
5773635
5774054
5774107
5774260
5774265
5774363
5774521
5774540
5774625
5774857
5774870
5774884
5774957
5774980
5775148
5775191
5775207
5775232
5775356
5775581
5775607
5775649
5775730
5775820
5775910
5775914
5775983
5776079
5776097
5776135
5776212
5776408
5776431
5776459
5776507
5776551
5777025
5777594
5777608
5777617
5777758
5777776
5777787
5777836
5777930
5778132
5778199
5778258
5778288
5778339
5778654
5778774
5778810
5779016
5779175
5779233
5779258
5779305
5779317
5779545
5779770
5779823
5779891
5779912
5780056
5780116
5780146
5780162
5780220
5780221
5780306
5780370
5780560
5780710
5780750
5780812
5780855
5780857
5780973
5781164
5781167
5781270
5781415
5781460
5781768
5781802
5781888
5781925
5781965
5782124
5782204
5782230
5782401
5782463
5782608
5782611
5782819
5782832
5782881
5782928
5783025
5783087
5783104
5783241
5783305
5783320
5783462
5783531
5783783
5783787
5783855
5784119
5784161
5784195
5784315
5784657
5784670
5784727
5784774
5785014
5785081
5785109
5785149
5785343
5785507
5785558
5785560
5785575
5785919
5785938
5786198
5786216
5786366
5786528
5786532
5786622
5786744
5786763
5786955
5787024
5787072
5787187
5787732
5787893
5788068
5788132
5788314
5788315
5788422
5788447
5788660
5788689
5788769
5788785
5788803
5788859
5788910
5788923
5789109
5789303
5789434
5789435
5789443
5789486
5789780
5790036
5790120
5790137
5790237
5790259
5790291
5790377
5790390
5790469
5790599
5790651
5790695
5790800
5790849
5790898
5791048
5791053
5791059
5791140
5791285
5791425
5791427
5791696
5791758
5792050
5792210
5792307
5792379
5792380
5792417
5792453
5792522
5792657
5792750
5792917
5793284
5793409
5793431
5793456
5793520
5793633
5793876
5793984
5794103
5794261
5794292
5794351
5794397
5794516
5794535
5794562
5794851
5794945
5795170
5795216
5795292
5795319
5795326
5795350
5795373
5795426
5795534
5795543
5795606
5795919
5796022
5796116
5796172
5796323
5796454
5796457
5796532
5796605
5796718
5796902
5796915
5796975
5796982
5797002
5797030
5797174
5797185
5797200
5797316
5797575
5797726
5797802
5797866
5797900
5798161
5798171
5798243
5798280
5798284
5798626
5798732
5798760
5798931
5799006
5799038
5799083
5799206
5799472
5799541
5799606
5799676
5799709
5799790
5800034
5800048
5800148
5800175
5800215
5800330
5800338
5800410
5800438
5800518
5800561
5800639
5800681
5800695
5800749
5800808
5800859
5800873
5800897
5800952
5800967
5801070
5801072
5801086
5801172
5801279
5801318
5801369
5801644
5801869
5801908
5802082
5802102
5802150
5802166
5802204
5802239
5802250
5802349
5802456
5802468
5802629
5802770
5803144
5803168
5803226
5803347
5803531
5803618
5803633
5803645
5803646
5803772
5803886
5803954
5804043
5804070
5804193
5804424
5804487
5804516
5804579
5804591
5804664
5804697
5804729
5804777
5805031
5805070
5805149
5805218
5805225
5805280
5805536
5805555
5805880
5805943
5806171
5806223
5806307
5806310
5806344
5806428
5806527
5806748
5806840
5806923
5806946
5807080
5807104
5807393
5807405
5807571
5807575
5807750
5807996
5808192
5808280
5808340
5808431
5808476
5808601
5808603
5808619
5808758
5808760
5808831
5808876
5808928
5809205
5809269
5809288
5809507
5809631
5809740
5809892
5810101
5810103
5810443
5810445
5810504
5810606
5810616
5811042
5811502
5811520
5811617
5811664
5811675
5811774
5811864
5811986
5812009
5812053
5812210
5812212
5812260
5812333
5812369
5812573
5812601
5812731
5812868
5812947
5812974
5813061
5813085
5813170
5813239
5813245
5813286
5813368
5813410
5813569
5813759
5813889
5813933
5813993
5814118
5814438
5814549
5814693
5814843
5814851
5815050
5815093
5815145
5815149
5815182
5815198
5815234
5815254
5815562
5815654
5815765
5815802
5815851
5815922
5816179
5816267
5816284
5816492
5816521
5816555
5816632
5816717
5816774
5816790
5816811
5816830
5816956
5817041
5817064
5817085
5817102
5817551
5817829
5817843
5817861
5818086
5818132
5818211
5818253
5818332
5818463
5818552
5818731
5818787
5818863
5819007
5819052
5819065
5819242
5819320
5819425
5819466
5819547
5819720
5819746
5819899
5819980
5820131
5820139
5820170
5820177
5820189
5820196
5820316
5820350
5820433
5820501
5820535
5820576
5820583
5820702
5820739
5820754
5820756
5820828
5820917
5821005
5821091
5821180
5821332
5821562
5821619
5821711
5821724
5821876
5821903
5821949
5822016
5822095
5822163
5822343
5822345
5822388
5822409
5822442
5822474
5822506
5822545
5822715
5822818
5822863
5822988
5823016
5823196
5823241
5823475
5823529
5823745
5823780
5823992
5824082
5824131
5824317
5824474
5824656
5824667
5824722
5824736
5824884
5824909
5824912
5825106
5825371
5825532
5825836
5825907
5825980
5825997
5826069
5826099
5826115
5826296
5826323
5826344
5826391
5826427
5826430
5826555
5826899
5826955
5826958
5827184
5827265
5827457
5827704
5827854
5827924
5827925
5827945
5828128
5828167
5828194
5828387
5828416
5828497
5828580
5828665
5828805
5828971
5829187
5829382
5829398
5829405
5829506
5829561
5829647
5829706
5829863
5830263
5830406
5830860
5831037
5831057
5831072
5831143
5831379
5831496
5831511
5831513
5831589
5831640
5831722
5831823
5832008
5832106
5832203
5832286
5832353
5832415
5832432
5832491
5832647
5832727
5832728
5832744
5832747
5832752
5832772
5832991
5833057
5833216
5833292
5833306
5833319
5833359
5833465
5833648
5833705
5833824
5833896
5833937
5834093
5834190
5834199
5834225
5834247
5834270
5834317
5834469
5834539
5834549
5834632
5834904
5834957
5834958
5835057
5835097
5835238
5835564
5835567
5835694
5835733
5835870
5835898
5835994
5836067
5836100
5836229
5836452
5836456
5836599
5836622
5836878
5836927
5837382
5837397
5837403
5837495
5837541
5837573
5837642
5837683
5837700
5837774
5837953
5837982
5838090
5838094
5838133
5838158
5838259
5838594
5838600
5838740
5838835
5838927
5838967
5839131
5839137
5839237
5839597
5839619
5839631
5839712
5839752
5839804
5839893
5839933
5839977
5840049
5840107
5840142
5840378
5840439
5840478
5840663
5840819
5840875
5840894
5840930
5840950
5841016
5841190
5841331
5841335
5841404
5841421
5841508
5842050
5842053
5842072
5842114
5842205
5842216
5842281
5842322
5842363
5842410
5842495
5842526
5842694
5842724
5843158
5843265
5843531
5843547
5843591
5843637
5843642
5843703
5843787
5843848
5843880
5843905
5844106
5844219
5844291
5844434
5844441
5844468
5844562
5844689
5844890
5844933
5844957
5845139
5845163
5845216
5845233
5845369
5845519
5845697
5845896
5845925
5845932
5845968
5846173
5846701
5846707
5846819
5847050
5847126
5847210
5847241
5847308
5847340
5847392
5847635
5847695
5847798
5847994
5848022
5848066
5848072
5848131
5848265
5848513
5848534
5848652
5848681
5848709
5848860
5848996
5849230
5849302
5849468
5849470
5849485
5849498
5849523
5849630
5849663
5849685
5849705
5849717
5849778
5850083
5850104
5850170
5850257
5850530
5850754
5850908
5850972
5851071
5851391
5851607
5851625
5851735
5851758
5851851
5852137
5852355
5852363
5852404
5852639
5852642
5852682
5852683
5852969
5852980
5853011
5853045
5853123
5853237
5853272
5853529
5853566
5853646
5853701
5853883
5853911
5853913
5854099
5854200
5854256
5854385
5854431
5854538
5854542
5854784
5854852
5854908
5854998
5855027
5855099
5855157
5855385
5855490
5855569
5855818
5855855
5855932
5855996
5856063
5856081
5856304
5856335
5856336
5856516
5856591
5856688
5856732
5856872
5857022
5857054
5857112
5857163
5857276
5857393
5857418
5857425
5857518
5857556
5857589
5857609
5857685
5857747
5857763
5857792
5857865
5857981
5858057
5858227
5858384
5858448
5858476
5858965
5858985
5859039
5859069
5859110
5859193
5859251
5859715
5859938
5860022
5860047
5860185
5860362
5860365
5860760
5860841
5860871
5860883
5861306
5861475
5861517
5861591
5861618
5861744
5861781
5861863
5861895
5861953
5861964
5862079
5862081
5862133
5862249
5862263
5862371
5862482
5862496
5862708
5862808
5862834
5862839
5862976
5863219
5863422
5863652
5863802
5864032
5864085
5864109
5864253
5864305
5864489
5864494
5864582
5864650
5864862
5864885
5865053
5865059
5865111
5865179
5865221
5865250
5865488
5865836
5865842
5865929
5866186
5866201
5866458
5866557
5866561
5866742
5866786
5866813
5867069
5867130
5867188
5867475
5867486
5867575
5867604
5867636
5867736
5867906
5868020
5868076
5868126
5868133
5868241
5868520
5868588
5868706
5868727
5868744
5869010
5869379
5869483
5869522
5869658
5869721
5869767
5869790
5869865
5869923
5870003
5870019
5870221
5870236
5870276
5870384
5870402
5870492
5870562
5870648
5870748
5870780
5870849
5870855
5870864
5870950
5870992
5871001
5871221
5871301
5871379
5871578
5871755
5871776
5872010
5872105
5872126
5872221
5872251
5872489
5872532
5872546
5872608
5872719
5872758
5872849
5873164
5873224
5873344
5873345
5873365
5873976
5874010
5874040
5874312
5874358
5874390
5874466
5874722
5874772
5874935
5875197
5875227
5875288
5875461
5875469
5875493
5875572
5875596
5875647
5875653
5875675
5875775
5875904
5875965
5876297
5876325
5876370
5876393
5876488
5876535
5876607
5876877
5876932
5877200
5877325
5877422
5877451
5877479
5877555
5877714
5877827
5877994
5878468
5878486
5878526
5878582
5878635
5878753
5878909
5879046
5879142
5879228
5879473
5879583
5879733
5879986
5880415
5880434
5880562
5880715
5880806
5880928
5880944
5881123
5881203
5881212
5881313
5881320
5881357
5881406
5881411
5881764
5881777
5881845
5881916
5882104
5882173
5882280
5882286
5882331
5882619
5882623
5882626
5882650
5882829
5882875
5882947
5882982
5883019
5883110
5883130
5883193
5883295
5883422
5883518
5883654
5883883
5884029
5884032
5884346
5884614
5884619
5884652
5884704
5884870
5884877
5884958
5885036
5885350
5885376
5885464
5885510
5885585
5885609
5885753
5885999
5886107
5886175
5886210
5886275
5886330
5886419
5886493
5886513
5886702
5886780
5886929
5886973
5887116
5887239
5887273
5887412
5887619
5887670
5887674
5887864
5888049
5888101
5888168
5888178
5888386
5888423
5888480
5888591
5888731
5889243
5889257
5889305
5889497
5889995
5890148
5890220
5890270
5890310
5890466
5890504
5890601
5890687
5890702
5890722
5890850
5891003
5891011
5891086
5891120
5891144
5891247
5891452
5891651
5891904
5892045
5892351
5892437
5892541
5892580
5892626
5892646
5892670
5893053
5893128
5893515
5893531
5893616
5893711
5893765
5893780
5893828
5893874
5894061
5894314
5894617
5894646
5894886
5895156
5895261
5895365
5895419
5895509
5895530
5895548
5895633
5895734
5895897
5895993
5896070
5896141
5896326
5896340
5896629
5896689
5896772
5896794
5896992
5897036
5897070
5897276
5897331
5897362
5897488
5897526
5897866
5898186
5898215
5898280
5898567
5898655
5898770
5898838
5898906
5899035
5899224
5899272
5899331
5899424
5899429
5899441
5899447
5899528
5899579
5899778
5899809
5899840
5899962
5900026
5900089
5900262
5900335
5900384
5900394
5900529
5900613
5900621
5900636
5900724
5900740
5900770
5900826
5900829
5901087
5901149
5901219
5901269
5901278
5901517
5901585
5901639
5901669
5901677
5901825
5901832
5902024
5902030
5902080
5902104
5902140
5902468
5902608
5902682
5902716
5902936
5903183
5903382
5903391
5903650
5903721
5903747
5903810
5903886
5903952
5904014
5904187
5904240
5904391
5904448
5904545
5904625
5904685
5904824
5904852
5905012
5905105
5905362
5905449
5905706
5905806
5905893
5905920
5905999
5906029
5906255
5906661
5906695
5906814
5906816
5906863
5906865
5906897
5907033
5907161
5907198
5907200
5907371
5907736
5907865
5907882
5908012
5908038
5908153
5908297
5908349
5908601
5908608
5908693
5908822
5909024
5909125
5909408
5909453
5909478
5909594
5909683
5909940
5909966
5910029
5910103
5910122
5910355
5910626
5910658
5910692
5910760
5910763
5910824
5910954
5910958
5910981
5911009
5911205
5911284
5911326
5911340
5911464
5911703
5911766
5911861
5911963
5912124
5912147
5912219
5912284
5912299
5912335
5912336
5912501
5912805
5912903
5912947
5912966
5913105
5913187
5913252
5913283
5913306
5913361
5913433
5913484
5913722
5913801
5913868
5913983
5914060
5914147
5914235
5914297
5914315
5914328
5914421
5914428
5914503
5914545
5914611
5914692
5914791
5914896
5915019
5915095
5915101
5915106
5915111
5915280
5915294
5915338
5915376
5915382
5915452
5915567
5915614
5915629
5915689
5915693
5915716
5915776
5915799
5915888
5915980
5916050
5916169
5916171
5916286
5916338
5916342
5916378
5916509
5916629
5916883
5916921
5916993
5917138
5917189
5917291
5917494
5917515
5917557
5917743
5917776
5917834
5918103
5918224
5918237
5918283
5918392
5918454
5918695
5918844
5919038
5919081
5919127
5919253
5919417
5919616
5919716
5919729
5919747
5919760
5919784
5919937
5919964
5919991
5920076
5920114
5920202
5920262
5920273
5920316
5920431
5920442
5920540
5920613
5920830
5920882
5920997
5921180
5921219
5921349
5921545
5921777
5921786
5922157
5922175
5922236
5922438
5922615
5922764
5923064
5923165
5923180
5923262
5923344
5923370
5923610
5923692
5923709
5923812
5923822
5923837
5923869
5923900
5924026
5924054
5924153
5924375
5924440
5924445
5924760
5924894
5925056
5925096
5925176
5925359
5925385
5925663
5925717
5925723
5925739
5925860
5925905
5925938
5926216
5926378
5926420
5926428
5926600
5926644
5926665
5926784
5926922
5927071
5927103
5927124
5927216
5927275
5927304
5927507
5927574
5927693
5927721
5927727
5927869
5927935
5927948
5928059
5928253
5928474
5928530
5928707
5928830
5928986
5929139
5929147
5929224
5929356
5929474
5929683
5929761
5929992
5930065
5930154
5930302
5930334
5930840
5931039
5931061
5931204
5931310
5931319
5931362
5931406
5931428
5931808
5932063
5932119
5932125
5932314
5932399
5932490
5932507
5933078
5933284
5933332
5933400
5933676
5933758
5933791
5933792
5934020
5934217
5934232
5934288
5934402
5934454
5934456
5934482
5934608
5934663
5934744
5934966
5934967
5935027
5935071
5935104
5935199
5935351
5935512
5935664
5935698
5935738
5935795
5935916
5936056
5936067
5936280
5936621
5936630
5936777
5936801
5936830
5936884
5936918
5937417
5937422
5937523
5937542
5937550
5937559
5937642
5937740
5937773
5937887
5937913
5937946
5938041
5938103
5938133
5938360
5938519
5938535
5938690
5938878
5938976
5939064
5939108
5939187
5939282
5939327
5939483
5939539
5939614
5939865
5939925
5939993
5940035
5940082
5940149
5940154
5940168
5940172
5940380
5940384
5940390
5940424
5940498
5940645
5940697
5940823
5940841
5941089
5941158
5941177
5941242
5941244
5941359
5941362
5941649
5941764
5941801
5941857
5941876
5941918
5942081
5942143
5942150
5942157
5942291
5942388
5942391
5942699
5942738
5942741
5942809
5942977
5943003
5943006
5943043
5943055
5943138
5943237
5943377
5943395
5943503
5943522
5943612
5943707
5943755
5943823
5943868
5943996
5944049
5944093
5944181
5944292
5944330
5944703
5944792
5944797
5944808
5945048
5945095
5945111
5945194
5945238
5945493
5945537
5945572
5945578
5945618
5946159
5946342
5946365
5946438
5946589
5946681
5946701
5946830
5946880
5946887
5946917
5946938
5946998
5947057
5947144
5947161
5947300
5947703
5947926
5948036
5948061
5948108
5948139
5948167
5948177
5948431
5948620
5948701
5948716
5948795
5948827
5948964
5949107
5949159
5949243
5949281
5949612
5949686
5949697
5949904
5950351
5950369
5950382
5950401
5950513
5950953
5951063
5951082
5951276
5951330
5951473
5951640
5951727
5951743
5951814
5951856
5951904
5951954
5951976
5952084
5952156
5952179
5952255
5952344
5952426
5952429
5952432
5952604
5952717
5952741
5952905
5952948
5952970
5952994
5953167
5953355
5953364
5953376
5953402
5953440
5953457
5953465
5953628
5953653
5953779
5953808
5953827
5953841
5953852
5953942
5954031
5954102
5954141
5954166
5954253
5954406
5954439
5954505
5954541
5954598
5954704
5954709
5954777
5954818
5954828
5954857
5954973
5955239
5955397
5955422
5955599
5955745
5955776
5955793
5955827
5955848
5955913
5955972
5955998
5956414
5956433
5956691
5956793
5956808
5956927
5956944
5956955
5956976
5957145
5957198
5957231
5957278
5957284
5957467
5957478
5957486
5957532
5957679
5957770
5958026
5958136
5958208
5958268
5958292
5958606
5958762
5958783
5958948
5959034
5959115
5959123
5959143
5959187
5959276
5959406
5959931
5960011
5960023
5960183
5960212
5960421
5960497
5960537
5960561
5960634
5960868
5960969
5961045
5961077
5961105
5961248
5961296
5961466
5961549
5961581
5961650
5961689
5961707
5961713
5962037
5962228
5962359
5962415
5962450
5962473
5962497
5962570
5962575
5962740
5962792
5963004
5963144
5963296
5963336
5963350
5963519
5963650
5963756
5963811
5963842
5963876
5964134
5964186
5964200
5964255
5964403
5964570
5964580
5964602
5964651
5964706
5964817
5964831
5965021
5965026
5965030
5965130
5965355
5965528
5965584
5965701
5965713
5965735
5965826
5965907
5965910
5965975
5966026
5966210
5966693
5966881
5966896
5966928
5966942
5967060
5967061
5967125
5967170
5967314
5967344
5967430
5967443
5967504
5967554
5967669
5967690
5967704
5967869
5968068
5968151
5968162
5968169
5968173
5968366
5968474
5968578
5968651
5968704
5968726
5968781
5968856
5968992
5969054
5969091
5969316
5969396
5969637
5969666
5969758
5969838
5969881
5969983
5970050
5970146
5970211
5970215
5970280
5970500
5970608
5970652
5970903
5971113
5971132
5971160
5971360
5971396
5971427
5971445
5971478
5971514
5971651
5971907
5971914
5971923
5972035
5972370
5972414
5972453
5972516
5972583
5972618
5972843
5973011
5973122
5973143
5973144
5973450
5973455
5973643
5973654
5974010
5974092
5974138
5974152
5974323
5974407
5974493
5974524
5974740
5974778
5974956
5975168
5975205
5975246
5975492
5975592
5975608
5975635
5975927
5976010
5976096
5976168
5976226
5976389
5976432
5976469
5976495
5976582
5976699
5976795
5976836
5976890
5976926
5976944
5977042
5977260
5977303
5977346
5977362
5977375
5977383
5977496
5977535
5977676
5977863
5977981
5978221
5978323
5978582
5978703
5978864
5978917
5978944
5979003
5979020
5979144
5979474
5979704
5979775
5979828
5979879
5979983
5980230
5980450
5980452
5980665
5980892
5981132
5981162
5981281
5981354
5981421
5981510
5981682
5981725
5981834
5981923
5981965
5981971
5982055
5982060
5982124
5982202
5982236
5982241
5982256
5982283
5982318
5982326
5982404
5982580
5982640
5982660
5982678
5982728
5982763
5982857
5982904
5982906
5982914
5983078
5983130
5983584
5983625
5983663
5983755
5983762
5983775
5983896
5984015
5984031
5984053
5984131
5984435
5984448
5984480
5984535
5984693
5984985
5984999
5985069
5985366
5985412
5985422
5985433
5985475
5985509
5985693
5985789
5985821
5985901
5985907
5986194
5986231
5986289
5986344
5986395
5986826
5986909
5987028
5987186
5987337
5987349
5987376
5987512
5987523
5987624
5987725
5987743
5987746
5987754
5987816
5987829
5987944
5987954
5987956
5988463
5988487
5988981
5988993
5988999
5989552
5989565
5989748
5989794
5989839
5989869
5989906
5990027
5990251
5990303
5990414
5990462
5990883
5990985
5991138
5991164
5991204
5991236
5991260
5991409
5991433
5991461
5991548
5991598
5991785
5991860
5991880
5991994
5992045
5992118
5992164
5992243
5992528
5992609
5992628
5992639
5992757
5992972
5993038
5993145
5993166
5993219
5993222
5993234
5993242
5993356
5993694
5993729
5993736
5993788
5994001
5994139
5994179
5994190
5994334
5994351
5994402
5994547
5994596
5995016
5995045
5995340
5995573
5995581
5995620
5996092
5996141
5996221
5996291
5996742
5997003
5997203
5997322
5997340
5997637
5997697
5997710
5997883
5997970
5998203
5998239
5998303
5998396
5998402
5998418
5998455
5998672
5998673
5998682
5998793
5998889
5999092
5999169
5999174
5999185
5999188
5999242
5999309
5999557
5999683
5999720
5999881
5999885
5999927
6000016
6000055
6000062
6000460
6000624
6000723
6000864
6000959
6001045
6001057
6001393
6001414
6001539
6001589
6001599
6001626
6001627
6001743
6001808
6001810
6002042
6002063
6002091
6002099
6002168
6002254
6003051
6003526
6003626
6003641
6003755
6003766
6003785
6003942
6004238
6004416
6004428
6004472
6004519
6004702
6004729
6004824
6005320
6005449
6005496
6005610
6005800
6005975
6006006
6006031
6006038
6006048
6006087
6006204
6006368
6006570
6006624
6006691
6006746
6006789
6006935
6006958
6007222
6007272
6007438
6007445
6007452
6007561
6007608
6007667
6007900
6007957
6008046
6008048
6008086
6008099
6008451
6008475
6008684
6008746
6008920
6009155
6009227
6009305
6009374
6009462
6009573
6009765
6009886
6010127
6010334
6010385
6010425
6010577
6010600
6010753
6010830
6010838
6011004
6011090
6011129
6011171
6011188
6011543
6011703
6011780
6011830
6011894
6012111
6012485
6012507
6012928
6013062
6013114
6013143
6013404
6013410
6013515
6013547
6013650
6013681
6013715
6013768
6013790
6013827
6013948
6014046
6014059
6014077
6014328
6014380
6014392
6014620
6014645
6014761
6014807
6014837
6014930
6014938
6014951
6015091
6015186
6015267
6015497
6015831
6015862
6015890
6015920
6015993
6016308
6016387
6016429
6016436
6016440
6016441
6016552
6016738
6017031
6017062
6017169
6017359
6017395
6017415
6017653
6017683
6017701
6017757
6017768
6017936
6017940
6017944
6017989
6018157
6018478
6018552
6018640
6018667
6018925
6018933
6019057
6019256
6019491
6019680
6019693
6019732
6019777
6019862
6019916
6020029
6020076
6020078
6020200
6020380
6020409
6020426
6020432
6020852
6020916
6020930
6021086
6021136
6021284
6021487
6021537
6021613
6021638
6021662
6021834
6021899
6021950
6022026
6022112
6022124
6022145
6022151
6022173
6022229
6022303
6022427
6022557
6022582
6022608
6022754
6022798
6022942
6022989
6023015
6023044
6023069
6023475
6023508
6023549
6023636
6023708
6023927
6023979
6024183
6024454
6024505
6024751
6024840
6024849
6024929
6025147
6025148
6025190
6025265
6025288
6025693
6025950
6026035
6026067
6026286
6026464
6026501
6026572
6026723
6026761
6026778
6026779
6026791
6026850
6026897
6027106
6027174
6027243
6027583
6027650
6027695
6027870
6027922
6027935
6028060
6028077
6028093
6028265
6028308
6028494
6028536
6028545
6028666
6028696
6028886
6029007
6029017
6029048
6029191
6029230
6029428
6029466
6029520
6029700
6029927
6029957
6030041
6030052
6030088
6030218
6030232
6030279
6030305
6030367
6030512
6030589
6030618
6030696
6030711
6030870
6030946
6031082
6031101
6031213
6031338
6031469
6031549
6031577
6031598
6031599
6031607
6031924
6032028
6032258
6032331
6032339
6032344
6032391
6032393
6032410
6032527
6032684
6032751
6032830
6032853
6033024
6033107
6033203
6033617
6033680
6033796
6033914
6033934
6033996
6034277
6034311
6034365
6034526
6034608
6034937
6035035
6035058
6035143
6035191
6035340
6035490
6035576
6035636
6035672
6035780
6035902
6036026
6036083
6036115
6036138
6036142
6036173
6036191
6036503
6036514
6036695
6036729
6036801
6036861
6037000
6037008
6037112
6037276
6037424
6037462
6037557
6037667
6037696
6037837
6037901
6038013
6038022
6038223
6038401
6038633
6038807
6038942
6038982
6039000
6039085
6039232
6039356
6039516
6039544
6039562
6039693
6039709
6039772
6039819
6039828
6039897
6040066
6040082
6040190
6040191
6040276
6040326
6040332
6040388
6040427
6040488
6040533
6040556
6040782
6040870
6040880
6040954
6040985
6041083
6041114
6041479
6041485
6041575
6041590
6041850
6041931
6041975
6042000
6042198
6042199
6042275
6042353
6042393
6042415
6042470
6042664
6042734
6042761
6042808
6042844
6042871
6043049
6043270
6043353
6043384
6043392
6043404
6043504
6043526
6043662
6043695
6043754
6043776
6043809
6044024
6044248
6044383
6044395
6044401
6044508
6044526
6044653
6044768
6044857
6044897
6045099
6045164
6045196
6045209
6045218
6045321
6045346
6045381
6045416
6045679
6046007
6046289
6046318
6046335
6046485
6046565
6046579
6046664
6046707
6046799
6046821
6047009
6047066
6047070
6047134
6047363
6047448
6047681
6047781
6047789
6047895
6048333
6048379
6048386
6048470
6049119
6049129
6049320
6049431
6049519
6049581
6049598
6049614
6049646
6049676
6049689
6049704
6049738
6049810
6049943
6050001
6050010
6050168
6050377
6050396
6050461
6050483
6050623
6050664
6050859
6050868
6051034
6051067
6051149
6051153
6051190
6051207
6051288
6051336
6051592
6051662
6051725
6051838
6051862
6051948
6051969
6051987
6052122
6052402
6052456
6052530
6052561
6052563
6052723
6052770
6052852
6053029
6053051
6053218
6053279
6053398
6053431
6053655
6053886
6053923
6053936
6054001
6054044
6054159
6054296
6054404
6054512
6054642
6054673
6054681
6054752
6054882
6055544
6055886
6055891
6055982
6056074
6056103
6056203
6056495
6056570
6056837
6056967
6057012
6057074
6057165
6057192
6057225
6057459
6057589
6057599
6057965
6058013
6058061
6058072
6058150
6058218
6058258
6058282
6058423
6058581
6058626
6058789
6059029
6059161
6059180
6059225
6059229
6059384
6059481
6059575
6059659
6059732
6059756
6059799
6060078
6060148
6060231
6060234
6060256
6060257
6060262
6060737
6060746
6060752
6060799
6060931
6061428
6061646
6061703
6061831
6061859
6062005
6062030
6062053
6062412
6062531
6062611
6062803
6062859
6062901
6062972
6063059
6063090
6063112
6063128
6063318
6063392
6063394
6063479
6063515
6063531
6063533
6063670
6063864
6063912
6063964
6064080
6064113
6064257
6064335
6064471
6064576
6064631
6064659
6064761
6064787
6064801
6064883
6065065
6065074
6065145
6065148
6065166
6065187
6065331
6065466
6065491
6065598
6065685
6065760
6065762
6065972
6066004
6066126
6066493
6066658
6066761
6066805
6066856
6066915
6066996
6067135
6067268
6067587
6067615
6067654
6067897
6068050
6068061
6068102
6068136
6068259
6068268
6068369
6068371
6068537
6068595
6068641
6068671
6068809
6068818
6068885
6068945
6068946
6068978
6068980
6069100
6069255
6069367
6069411
6069418
6069466
6069727
6069745
6069764
6069970
6070258
6070335
6070410
6070434
6070470
6070862
6070887
6070979
6071284
6071333
6071691
6071709
6071750
6071797
6071826
6071901
6071904
6071958
6072006
6072053
6072280
6072431
6072438
6072695
6072747
6072913
6072958
6073060
6073266
6073277
6073323
6073542
6073685
6074019
6074062
6074085
6074170
6074189
6074215
6074270
6074281
6074348
6074406
6074470
6074524
6074662
6074759
6074770
6074914
6074955
6074977
6074982
6075002
6075006
6075050
6075054
6075389
6075395
6075463
6075483
6075532
6075583
6075594
6075670
6075745
6075804
6075844
6075957
6076059
6076304
6076327
6076776
6076796
6076895
6076933
6077044
6077105
6077139
6077184
6077222
6077244
6077430
6077434
6077596
6077827
6078154
6078296
6078385
6078503
6078915
6078925
6078937
6079134
6079189
6079210
6079547
6079567
6079577
6079831
6079889
6079940
6080080
6080143
6080173
6080184
6080279
6080427
6080606
6080680
6080685
6080701
6080706
6080817
6080961
6081102
6081246
6081268
6081293
6081309
6081465
6082050
6082141
6082273
6082418
6082428
6082794
6082803
6082835
6082969
6082977
6083416
6083507
6083527
6083546
6083866
6083927
6084097
6084118
6084139
6084295
6084474
6084518
6084692
6084778
6084851
6084922
6084983
6085055
6085318
6085370
6085544
6085665
6085785
6085849
6085900
6086001
6086195
6086328
6086638
6086673
6086687
6086835
6086993
6087009
6087018
6087053
6087109
6087386
6087471
6087514
6087609
6087644
6087693
6087717
6087898
6088051
6088130
6088135
6088289
6088418
6088424
6088436
6088449
6088476
6088658
6088680
6088736
6088808
6089105
6089221
6089235
6089395
6089411
6089418
6089448
6089705
6090241
6090406
6090475
6090553
6090582
6090628
6090711
6090757
6090785
6090808
6090818
6091037
6091359
6091450
6091765
6091899
6091965
6092075
6092198
6092211
6092213
6092288
6092533
6092650
6092678
6092685
6092857
6092975
6092979
6093176
6093306
6093601
6093821
6093842
6093888
6093942
6093990
6094220
6094290
6094344
6094375
6094576
6094628
6094718
6094767
6094931
6094993
6095084
6095224
6095310
6095335
6095762
6095771
6095873
6095931
6095976
6096013
6096101
6096208
6096231
6096236
6096316
6096452
6096721
6096885
6096925
6096935
6097460
6097510
6097523
6097609
6097766
6097805
6097973
6097996
6098207
6098294
6098377
6098530
6099012
6099332
6099452
6099466
6099552
6099663
6099707
6099804
6099895
6099967
6100129
6100359
6100460
6100541
6100546
6100558
6100802
6100836
6100862
6100989
6101073
6101075
6101168
6101239
6101293
6101445
6101501
6101796
6101866
6101919
6102081
6102214
6102216
6102315
6102523
6102614
6102830
6102890
6103020
6103282
6103287
6103473
6103474
6103532
6103612
6103627
6104126
6104160
6104210
6104490
6104491
6104533
6104610
6104701
6104711
6104754
6104762
6104864
6104900
6104943
6104970
6105034
6105309
6105429
6105781
6105784
6105943
6106036
6106154
6106159
6106433
6106484
6106890
6106928
6106985
6107048
6107121
6107140
6107345
6107415
6107441
6107521
6107645
6107851
6107878
6107913
6108144
6108192
6108362
6108383
6108389
6108504
6108516
6108554
6108638
6108639
6108722
6108959
6109213
6109515
6109557
6109598
6109989
6110056
6110103
6110266
6110326
6110414
6110515
6110573
6110722
6110884
6110888
6110935
6110966
6111120
6111131
6111181
6111323
6111448
6111615
6111755
6111761
6111908
6111991
6111996
6112062
6112122
6112147
6112286
6112501
6112519
6112653
6112779
6112893
6112930
6112961
6112985
6113131
6113161
6113391
6113562
6113596
6113787
6113843
6113880
6114228
6114256
6114315
6114646
6114700
6114828
6115099
6115216
6115236
6115391
6115510
6115772
6115825
6115967
6116246
6116299
6116356
6116593
6116621
6116675
6116701
6116868
6116877
6116905
6116922
6117085
6117269
6117345
6117355
6117497
6117786
6117951
6117962
6118046
6118106
6118236
6118281
6118324
6118359
6118380
6118516
6118655
6118713
6119003
6119075
6119086
6119311
6119428
6119563
6119705
6120282
6120528
6120597
6120656
6120806
6120976
6120997
6121025
6121052
6121076
6121248
6121333
6121582
6121589
6121611
6121852
6121945
6121991
6122084
6122154
6122208
6122434
6122443
6122624
6122663
6122721
6122767
6123037
6123228
6123239
6123270
6123464
6123531
6123563
6123598
6123884
6123906
6124755
6124775
6124790
6124804
6124905
6125071
6125096
6125209
6125441
6125747
6126339
6126429
6126606
6126841
6126991
6127049
6127129
6127223
6127247
6127256
6127296
6127414
6127527
6127768
6127821
6128192
6128195
6128205
6128311
6128319
6128333
6128543
6128673
6128716
6128733
6128735
6128786
6128809
6129052
6129061
6129079
6129166
6129293
6129304
6129443
6129797
6129836
6129952
6130118
6130319
6130423
6130552
6130837
6130939
6130969
6131161
6131218
6131354
6131360
6131374
6131424
6131448
6131566
6131637
6131688
6131691
6131738
6131943
6132274
6132360
6132508
6132524
6132637
6132921
6132925
6133005
6133029
6133042
6133185
6133237
6133263
6133304
6133379
6133428
6133558
6133757
6133773
6133987
6134658
6134723
6134737
6134941
6134956
6135213
6135284
6135357
6135550
6135603
6135652
6135912
6136126
6136127
6136346
6136493
6136562
6136618
6136640
6136693
6136825
6136934
6136974
6137046
6137054
6137215
6137324
6137412
6137431
6137446
6137754
6137965
6137990
6138252
6138280
6138350
6138362
6138429
6138472
6138817
6138823
6138892
6138952
6138993
6139209
6139284
6139345
6139383
6139478
6139484
6139503
6139596
6139678
6139706
6139818
6140000
6140056
6140105
6140127
6140176
6140220
6140468
6140471
6140727
6140733
6140793
6140840
6140846
6140919
6141070
6141240
6141244
6141304
6141407
6141435
6141536
6141686
6141707
6141712
6141726
6141869
6142043
6142086
6142117
6142261
6142368
6142599
6142735
6142825
6143005
6143121
6143319
6143343
6143447
6143500
6143541
6143545
6143720
6143958
6143990
6144353
6144368
6144395
6144433
6144451
6144537
6144572
6144714
6144959
6145284
6145446
6145504
6146006
6146036
6146043
6146079
6146296
6146337
6146453
6146455
6146518
6146593
6146665
6146829
6146867
6146926
6146931
6146990
6147038
6147045
6147149
6147196
6147340
6147585
6147650
6147733
6147856
6147867
6148047
6148332
6148388
6148809
6148842
6148898
6148916
6148924
6149013
6149546
6149649
6149905
6149911
6149925
6149949
6150017
6150212
6150293
6150296
6150626
6150681
6150683
6151026
6151140
6151179
6151190
6151268
6151277
6151446
6151686
6151755
6151823
6151939
6151940
6152027
6152052
6152081
6152124
6152131
6152136
6152222
6152390
6152426
6152533
6152694
6152813
6152818
6153101
6153571
6153630
6153668
6153775
6153779
6153799
6153895
6153928
6153997
6154046
6154103
6154153
6154292
6154483
6154632
6154745
6154786
6154891
6154919
6154970
6155000
6155010
6155043
6155088
6155128
6155224
6155392
6155400
6155452
6155496
6155848
6156028
6156113
6156119
6156241
6156475
6156550
6156751
6156764
6156906
6156971
6156998
6157205
6157344
6157450
6157467
6157531
6157561
6157571
6157634
6157650
6157762
6157819
6157882
6157946
6157950
6158039
6158065
6158128
6158172
6158237
6158347
6158423
6158521
6158641
6158707
6158717
6158781
6158805
6158863
6158979
6159046
6159214
6159251
6159260
6159268
6159321
6159468
6159531
6159735
6160013
6160060
6160173
6160259
6160318
6160329
6160355
6160449
6160456
6160761
6160766
6160934
6161114
6161290
6161342
6161511
6161524
6161531
6161538
6161830
6161876
6161922
6162303
6162421
6162561
6162568
6162583
6162638
6162696
6162744
6162854
6162928
6163003
6163052
6163092
6163322
6163369
6163683
6163715
6163819
6163980
6163987
6163988
6164052
6164271
6164467
6164507
6164511
6164571
6164588
6165080
6165095
6165197
6165235
6165401
6165487
6165547
6165867
6165908
6165955
6166123
6166133
6166245
6166316
6166343
6166445
6166485
6166544
6166720
6166787
6166882
6166902
6166945
6167049
6167124
6167251
6167322
6167376
6167444
6167501
6167539
6167554
6167728
6167843
6167952
6167988
6168072
6168101
6168172
6168333
6168448
6168460
6168708
6168749
6168878
6168910
6168984
6169038
6169248
6169575
6169632
6169747
6170061
6170075
6170097
6170361
6170370
6170545
6170589
6170609
6170782
6170898
6170901
6170976
6170994
6171110
6171154
6171159
6171166
6171310
6171525
6171573
6171576
6171671
6171748
6171839
6171862
6171881
6171970
6172014
6172095
6172546
6172620
6172845
6172870
6173129
6173432
6173613
6173764
6174109
6174140
6174156
6174213
6174332
6174527
6174710
6174723
6174801
6174836
6174975
6175056
6175113
6175407
6175510
6175596
6175905
6176018
6176170
6176324
6176395
6176656
6176659
6176775
6176924
6176936
6177004
6177023
6177149
6177167
6177243
6177246
6177303
6177383
6177505
6177595
6177615
6177727
6177767
6178066
6178193
6178339
6178356
6178476
6178588
6178597
6178744
6178752
6178826
6178843
6178974
6179266
6179269
6179319
6179339
6179343
6179362
6179530
6179652
6179669
6179743
6179761
6179799
6179848
6179900
6179906
6180066
6180110
6180306
6180398
6180683
6180896
6180905
6180929
6181017
6181094
6181128
6181146
6181668
6181764
6182187
6182234
6182261
6182275
6182330
6182459
6182634
6182791
6182927
6183031
6183085
6183173
6183220
6183311
6183340
6183381
6183431
6183584
6183640
6183662
6183752
6183844
6183851
6183865
6183907
6183914
6184030
6184045
6184128
6184275
6184496
6184660
6184691
6184787
6184829
6184988
6185093
6185197
6185243
6185510
6185518
6185523
6185600
6185746
6185804
6185808
6185832
6186020
6186046
6186155
6186252
6186261
6186301
6186500
6186623
6186717
6186863
6186883
6186951
6187179
6187213
6187240
6187411
6187420
6187452
6187656
6187756
6188024
6188084
6188127
6188178
6188240
6188280
6188458
6188476
6188494
6188773
6188784
6189078
6189167
6189269
6189279
6189423
6189548
6189586
6189829
6189868
6189934
6190011
6190095
6190133
6190147
6190291
6190498
6190556
6190598
6190711
6190716
6190822
6190857
6190917
6190947
6191200
6191373
6191398
6191439
6191445
6191472
6191638
6191697
6191705
6191853
6192114
6192155
6192270
6192290
6192321
6192344
6192392
6192440
6192476
6192678
6192956
6192963
6193150
6193220
6193223
6193304
6193575
6193598
6193680
6193783
6193878
6193906
6194225
6194318
6194343
6194474
6194699
6194727
6195018
6195019
6195043
6195349
6195356
6195469
6195543
6195635
6195915
6196090
6196178
6196204
6196353
6196384
6196422
6196435
6196506
6196541
6196708
6196756
6196975
6197208
6197222
6197264
6197365
6197387
6197399
6197552
6197897
6197971
6198070
6198105
6198148
6198192
6198334
6198356
6198384
6198402
6198418
6198541
6198585
6198676
6198710
6198718
6198888
6199128
6199461
6199736
6199750
6199825
6199981
6200026
6200071
6200098
6200180
6200253
6200815
6200830
6201001
6201092
6201135
6201250
6201391
6201402
6201511
6201561
6201624
6201670
6201809
6201843
6201908
6202093
6202179
6202370
6202499
6202531
6202737
6202740
6202766
6202784
6202812
6202833
6203026
6203499
6203506
6203533
6203619
6203692
6203896
6203913
6203945
6203951
6203996
6204175
6204256
6204500
6204606
6204907
6204929
6205055
6205333
6205356
6205708
6205721
6205886
6206020
6206113
6206172
6206196
6206294
6206312
6206336
6206466
6206570
6206653
6206692
6206697
6207035
6207257
6207336
6207354
6207657
6207714
6207760
6207971
6208086
6208308
6208355
6208429
6208573
6208703
6208763
6208801
6208893
6209102
6209263
6209296
6209301
6209509
6209560
6209584
6209726
6209868
6209907
6210249
6210335
6210690
6211051
6211145
6211371
6211418
6211476
6211523
6211752
6211866
6212082
6212100
6212175
6212251
6212463
6212485
6212521
6212553
6212759
6212815
6212836
6212911
6213026
6213146
6213314
6213325
6213567
6213785
6213938
6214295
6214340
6214606
6214611
6214623
6215138
6215140
6215142
6215170
6215332
6215451
6215509
6215632
6215766
6215975
6216449
6216691
6216692
6216741
6216787
6216804
6216911
6216999
6217208
6217372
6217610
6218006
6218019
6218182
6218207
6218416
6218430
6218687
6218882
6218905
6219098
6219133
6219454
6219810
6219837
6219838
6220252
6220350
6220446
6220765
6220834
6220868
6220906
6221085
6221197
6221225
6221277
6221296
6221651
6221727
6221825
6221889
6221922
6222196
6222215
6222230
6222408
6222709
6222742
6222945
6222991
6223054
6223099
6223328
6223347
6223433
6223434
6223512
6223516
6223571
6223659
6223700
6223753
6223796
6224103
6224252
6224382
6224492
6224775
6224799
6224853
6224876
6225258
6225343
6225355
6225501
6225688
6225844
6225916
6226045
6226176
6226227
6226337
6226589
6226633
6226722
6226734
6226747
6226821
6226848
6226852
6226960
6227120
6227274
6227319
6227325
6227461
6227502
6227514
6227544
6227659
6227689
6227749
6227784
6227837
6227859
6227988
6228025
6228052
6228195
6228250
6228400
6228412
6228682
6228763
6229062
6229082
6229092
6229126
6229129
6229140
6229209
6229302
6229368
6229437
6229513
6229525
6229947
6230126
6230196
6230213
6230215
6230332
6230359
6230457
6230488
6230599
6231279
6231290
6231309
6231365
6231553
6231681
6231857
6231931
6231986
6232043
6232053
6232315
6232407
6232621
6232626
6232730
6232916
6233344
6233544
6233582
6233588
6233714
6233832
6233852
6233982
6233988
6234005
6234076
6234235
6234264
6234268
6234273
6234372
6234528
6234934
6234968
6235233
6235284
6235464
6235475
6235551
6235563
6235659
6235810
6235816
6235854
6235941
6235988
6235994
6236098
6236235
6236583
6236652
6236664
6236733
6236746
6236827
6236873
6236984
6236996
6237007
6237073
6237075
6237114
6237344
6237346
6237382
6237389
6237414
6237657
6237663
6237684
6237849
6237852
6238102
6238136
6238149
6238180
6238194
6238235
6238284
6238461
6238787
6238906
6239067
6239144
6239327
6239393
6239548
6239902
6240093
6240278
6240324
6240394
6240464
6240599
6240654
6240844
6240882
6240918
6240922
6240929
6241091
6241098
6241228
6241330
6241464
6241544
6241589
6241652
6241860
6241947
6241997
6242037
6242261
6242302
6242496
6242502
6242558
6242627
6242700
6242757
6242835
6242853
6243001
6243027
6243080
6243116
6243162
6243288
6243340
6243344
6243756
6243943
6243962
6243997
6244043
6244405
6244441
6244595
6244724
6244749
6244843
6244928
6245151
6245227
6245315
6245328
6245459
6245508
6245566
6245595
6245601
6245752
6245765
6245823
6245858
6246093
6246123
6246289
6246527
6246541
6246759
6246843
6246861
6246891
6246995
6247320
6247708
6247760
6247967
6248426
6248643
6249137
6249143
6249247
6249346
6249365
6249447
6249569
6249689
6249745
6249763
6249801
6249901
6249937
6250086
6250138
6250150
6250403
6250475
6250509
6250666
6250827
6250835
6250846
6250923
6251073
6251106
6251147
6251154
6251338
6251444
6251527
6251573
6251672
6251707
6251886
6251979
6252001
6252153
6252203
6252347
6252373
6252476
6252552
6252688
6252742
6252758
6252834
6252877
6253025
6253146
6253394
6253508
6253715
6253737
6253848
6253983
6254003
6254056
6254279
6254528
6254576
6254639
6254968
6254971
6254977
6255237
6255238
6255350
6255543
6255556
6255620
6255635
6255831
6255882
6255929
6255951
6255967
6256099
6256110
6256212
6256308
6256428
6256488
6256686
6256714
6256770
6256794
6256882
6256883
6256929
6257002
6257056
6257173
6257227
6257316
6257687
6257948
6257952
6257989
6258072
6258107
6258263
6258299
6258374
6258510
6258762
6258946
6259083
6259094
6259133
6259373
6259437
6259449
6259499
6259501
6259517
6260086
6260234
6260318
6260389
6260528
6260587
6260596
6260858
6260900
6260928
6261023
6261278
6261496
6261569
6261604
6261803
6261889
6261934
6261947
6262058
6262172
6262539
6262800
6262821
6263010
6263114
6263242
6263335
6263476
6263593
6263683
6263694
6263803
6263908
6264082
6264253
6264270
6264308
6264476
6264527
6264795
6264880
6264904
6265036
6265045
6265112
6265251
6265333
6265375
6265413
6265751
6265843
6266172
6266233
6266251
6266502
6266605
6266817
6267013
6267245
6267413
6267561
6267731
6268016
6268345
6268554
6268558
6268591
6268674
6268699
6268797
6268822
6269057
6269387
6269390
6269393
6269399
6269593
6269603
6269669
6269707
6269708
6269820
6269872
6269907
6269973
6269995
6269997
6270048
6270152
6270240
6270294
6270367
6270459
6270536
6270612
6270692
6271171
6271347
6271454
6271497
6271676
6271796
6271953
6271960
6271998
6272141
6272305
6272354
6272396
6272470
6272577
6272656
6272750
6272926
6272998
6273202
6273614
6273766
6273840
6273853
6273942
6273966
6274034
6274196
6274221
6274255
6274284
6274647
6274745
6274831
6274865
6274915
6275087
6275123
6275175
6275218
6275244
6275289
6275309
6275642
6275712
6275944
6276227
6276351
6276377
6276473
6276530
6276696
6276815
6276861
6276872
6276876
6276927
6277098
6277221
6277235
6277272
6277372
6277425
6277518
6277654
6277843
6277870
6277981
6278061
6278286
6278402
6278451
6278476
6278490
6278666
6278782
6278909
6278953
6279056
6279058
6279080
6279113
6279143
6279317
6279373
6279613
6279640
6279926
6279949
6280068
6280111
6280124
6280172
6280257
6280622
6280762
6280787
6280835
6280854
6280973
6280975
6281144
6281311
6281375
6281405
6281460
6281493
6281511
6281551
6281633
6281761
6281765
6281817
6281938
6281949
6282183
6282201
6282237
6282278
6282390
6282503
6282537
6282572
6282672
6282684
6282772
6282947
6283230
6283354
6283366
6283449
6283523
6283642
6283685
6283756
6283853
6283919
6284010
6284018
6284359
6284410
6284429
6284441
6284653
6284819
6284855
6285122
6285202
6285338
6285531
6285532
6285558
6285767
6285796
6285813
6285848
6285961
6285990
6286309
6286322
6286533
6286542
6286763
6286873
6286909
6287043
6287174
6287217
6287678
6287830
6287942
6288051
6288090
6288190
6288207
6288285
6288691
6288699
6288716
6288754
6288774
6288799
6288838
6288881
6288905
6288959
6289002
6289005
6289062
6289084
6289110
6289135
6289137
6289249
6289257
6289262
6289292
6289429
6289444
6289615
6289676
6289712
6289852
6289859
6289863
6289872
6290056
6290267
6290366
6290367
6290399
6290536
6290576
6290613
6290685
6290757
6291085
6291170
6291213
6291230
6291328
6291367
6291505
6291525
6291661
6291853
6291858
6291865
6291910
6291927
6291960
6292044
6292066
6292267
6292425
6292483
6292710
6292766
6292768
6292969
6293046
6293126
6293171
6293326
6293437
6293630
6293651
6293777
6293835
6293838
6293840
6294099
6294118
6294129
6294199
6294297
6294321
6294850
6295041
6295060
6295333
6295412
6295486
6295578
6295630
6295681
6295848
6295866
6296156
6296393
6296403
6296712
6296881
6297139
6297410
6297501
6297781
6297786
6297791
6297999
6298092
6298158
6298295
6298324
6298446
6298457
6298593
6298728
6298767
6298829
6298862
6298926
6298995
6299165
6299257
6299562
6299567
6299680
6299815
6299837
6299922
6299938
6300169
6300182
6300211
6300214
6300234
6300281
6300706
6300783
6300865
6301169
6301499
6301535
6301694
6302026
6302127
6302284
6302611
6302617
6302992
6303069
6303335
6303435
6303629
6303745
6304132
6304500
6304512
6304633
6305092
6305184
6305291
6305399
6305683
6305722
6305729
6305922
6305993
6306059
6306142
6306146
6306245
6306345
6306457
6306721
6306840
6306899
6306963
6307028
6307083
6307306
6307568
6307589
6307605
6307784
6307843
6308114
6308436
6308459
6308502
6308521
6308535
6308586
6308713
6308797
6309068
6309242
6309260
6309275
6309412
6309439
6309552
6309578
6309603
6309640
6309672
6309705
6309958
6310153
6310172
6310348
6310444
6310890
6310915
6310943
6311176
6311298
6311310
6311479
6311829
6311857
6311929
6311960
6311977
6312177
6312186
6312230
6312426
6312479
6312552
6312617
6312773
6312803
6313015
6313072
6313123
6313161
6313327
6313382
6313385
6313398
6313424
6313464
6313585
6313743
6313991
6314003
6314063
6314102
6314188
6314245
6314273
6314313
6314457
6314537
6314630
6314913
6314980
6315033
6315057
6315064
6315140
6315251
6315258
6315259
6315534
6315547
6315835
6316114
6316200
6316250
6316319
6316528
6316630
6316731
6316734
6316830
6316888
6316982
6317104
6317327
6317446
6317472
6317482
6317565
6317625
6317642
6317660
6317750
6317911
6317968
6317977
6317994
6318301
6318455
6318466
6318651
6318652
6318680
6318687
6318829
6318838
6318951
6318971
6319180
6319551
6319604
6319645
6319646
6319653
6319750
6320088
6320093
6320128
6320157
6320227
6320259
6320295
6320326
6320445
6320464
6320474
6320641
6320668
6320695
6320775
6320805
6320914
6321106
6321133
6321185
6321266
6321268
6321676
6321739
6321820
6321945
6322048
6322065
6322079
6322512
6322583
6322598
6322895
6322934
6323025
6323032
6323055
6323365
6323608
6323707
6323743
6323816
6323830
6323871
6323965
6324022
6324517
6324736
6324743
6325257
6325479
6325557
6325692
6325703
6325710
6325787
6325793
6325836
6325961
6326142
6326521
6326537
6326699
6326752
6326981
6327002
6327121
6327223
6327319
6327332
6327434
6327638
6327713
6327729
6327735
6327792
6327913
6328095
6328312
6328337
6328362
6328424
6328467
6328558
6328801
6329354
6329361
6329810
6329894
6329914
6330008
6330130
6330360
6330416
6330431
6330516
6330657
6330721
6330895
6331005
6331068
6331227
6331452
6331491
6331544
6331933
6332105
6332140
6332253
6332301
6332430
6332442
6332569
6332701
6332782
6332954
6332999
6333296
6333340
6333400
6333403
6333466
6333486
6333571
6333646
6333852
6333874
6334103
6334373
6334450
6334494
6334508
6334604
6334645
6334826
6334947
6334971
6334999
6335134
6335676
6335882
6336315
6336476
6336607
6336735
6336900
6337073
6337245
6337373
6337389
6337476
6337496
6337692
6337735
6338166
6338395
6338552
6338610
6338619
6338688
6338850
6338870
6339194
6339336
6339389
6339406
6339559
6339578
6339599
6339609
6339652
6339775
6339817
6339837
6339977
6340009
6340032
6340047
6340065
6340237
6340395
6340404
6340617
6340655
6340734
6340776
6340833
6340856
6340929
6340947
6341148
6341149
6341514
6341881
6342031
6342038
6342105
6342190
6342283
6342392
6342432
6342442
6342535
6342594
6342621
6342741
6342808
6343144
6343213
6343267
6343316
6343325
6343330
6343342
6343496
6343693
6344064
6344085
6344134
6344136
6344188
6344214
6344233
6344284
6344308
6344374
6344545
6344571
6344575
6344577
6344609
6344677
6344893
6345163
6345334
6345417
6345638
6345666
6345669
6345700
6345730
6345845
6345918
6346015
6346314
6346327
6346591
6346905
6346924
6347009
6347076
6347125
6347161
6347228
6347443
6347572
6347772
6347787
6347878
6347951
6347959
6348030
6348042
6348209
6348301
6348416
6348470
6348577
6348713
6348767
6348816
6349085
6349090
6349157
6349308
6349342
6349425
6349443
6349492
6349589
6349590
6349735
6349889
6349988
6350026
6350042
6350095
6350183
6350529
6350530
6350547
6350582
6350659
6350669
6350828
6350849
6350877
6350882
6351120
6351167
6351251
6351361
6351378
6351399
6351499
6351535
6351741
6351777
6351780
6351887
6351920
6352032
6352118
6352180
6352293
6352294
6352600
6352624
6352727
6352816
6352883
6352954
6353275
6353405
6353477
6353493
6353635
6353843
6353890
6353942
6354036
6354140
6354265
6354305
6354366
6354444
6354584
6354587
6354734
6354843
6354850
6354868
6354934
6355177
6355239
6355288
6355312
6355649
6355717
6355726
6356090
6356091
6356249
6356371
6356415
6356533
6356536
6356676
6356722
6356738
6356861
6356945
6356965
6357288
6357338
6357496
6357588
6357892
6357932
6357942
6357969
6358049
6358195
6358285
6358334
6358464
6358512
6358522
6358587
6358606
6358729
6359036
6359133
6359204
6359209
6359270
6359328
6359546
6359607
6359633
6359634
6359637
6359826
6359978
6360003
6360026
6360035
6360101
6360299
6360373
6360397
6360439
6360553
6360591
6360725
6361243
6361368
6361382
6361511
6361560
6361576
6361579
6361649
6361835
6361903
6362191
6362201
6362223
6362311
6362379
6362447
6362582
6362642
6362746
6362806
6362807
6362869
6362992
6363175
6363270
6363326
6363351
6363448
6363494
6363541
6363769
6363891
6363995
6364104
6364170
6364195
6364310
6364576
6364713
6364716
6364791
6364877
6364943
6365111
6365248
6365280
6365391
6365412
6365605
6365712
6365740
6365855
6365929
6366083
6366167
6366245
6366298
6366353
6366670
6366712
6366811
6367067
6367084
6367167
6367270
6367278
6367287
6367295
6367394
6367456
6368076
6368256
6368419
6368446
6368481
6368543
6368815
6368855
6369039
6369234
6369402
6369593
6369623
6369633
6369672
6369836
6369918
6370188
6370403
6370405
6370422
6370478
6370578
6370832
6370843
6370950
6371189
6371210
6371271
6371305
6371362
6371515
6371524
6371548
6371651
6371840
6372104
6372155
6372447
6372585
6372611
6372671
6372693
6372734
6372854
6372873
6372885
6373347
6373444
6373879
6373933
6374123
6374205
6374279
6374305
6374334
6374498
6374524
6374673
6374724
6374784
6374833
6374928
6374965
6375085
6375277
6375433
6375466
6375659
6375688
6375732
6375779
6375832
6376048
6376445
6376535
6376563
6376653
6376692
6377051
6377087
6377120
6377190
6377283
6377284
6377346
6377489
6377501
6377596
6377662
6377853
6377861
6377894
6377931
6378096
6378129
6378304
6378512
6378780
6379395
6379419
6379422
6379506
6379703
6380009
6380075
6380190
6380290
6380502
6380556
6380619
6380662
6380709
6380715
6380777
6381017
6381267
6381333
6381393
6381606
6381689
6381699
6381742
6381937
6382019
6382072
6382089
6382137
6382241
6382278
6382334
6382422
6382427
6382499
6382626
6382633
6382713
6382817
6382964
6383018
6383083
6383122
6383194
6383335
6383460
6383472
6383501
6383559
6383697
6383748
6383799
6383835
6383880
6383995
6384024
6384161
6384186
6384462
6384486
6384605
6384666
6384726
6384992
6385041
6385136
6385181
6385475
6385567
6385588
6386040
6386074
6386108
6386146
6386592
6386631
6386649
6386693
6386923
6387027
6387133
6387148
6387214
6387237
6387273
6387330
6387331
6387335
6387524
6388061
6388073
6388398
6388476
6388600
6388695
6388779
6388981
6388982
6389299
6389443
6389523
6389725
6389730
6389767
6389803
6389819
6389825
6389854
6390022
6390044
6390167
6390272
6390273
6390412
6390683
6390729
6390847
6390917
6390938
6391011
6391106
6391238
6391243
6391278
6391473
6391523
6391582
6391727
6391741
6391754
6391870
6391973
6392149
6392186
6392262
6392393
6392398
6392438
6392464
6392649
6392686
6392715
6392774
6393016
6393036
6393111
6393131
6393354
6393390
6393413
6393479
6393611
6393654
6393805
6393977
6393985
6394023
6394035
6394041
6394249
6394345
6394480
6394547
6394576
6394630
6394649
6394743
6394757
6394847
6395137
6395139
6395342
6395531
6395576
6395827
6396046
6396072
6396429
6396677
6396679
6396915
6396937
6396955
6396962
6397291
6397308
6397333
6397382
6397412
6397488
6397650
6397790
6397858
6397873
6397874
6397983
6398064
6398123
6398211
6398245
6398280
6398587
6398625
6398711
6398768
6398864
6398960
6399184
6399192
6399247
6399284
6399288
6399435
6399467
6399566
6399659
6399677
6399838
6399879
6399972
6400044
6400057
6400188
6400237
6400390
6400535
6400560
6400974
6400995
6401201
6401276
6401304
6401347
6401504
6401810
6401840
6401857
6402038
6402249
6402402
6402434
6402454
6402504
6402710
6402749
6402806
6402929
6403019
6403134
6403171
6403225
6403313
6403347
6403460
6403755
6403893
6403907
6404042
6404086
6404229
6404450
6404525
6404527
6404568
6404602
6404611
6404640
6404898
6405031
6405215
6405469
6405481
6405520
6405638
6405739
6405755
6405762
6405936
6406002
6406173
6406178
6406237
6406344
6406364
6406624
6406846
6407390
6407501
6407588
6407631
6407645
6407761
6407883
6407995
6408274
6408318
6408340
6408499
6408579
6408633
6408749
6409004
6409158
6409745
6409768
6409792
6409801
6409885
6410045
6410055
6410076
6410303
6410341
6410379
6410403
6410433
6410502
6410506
6410780
6410835
6410890
6411137
6411200
6411209
6411289
6411396
6411465
6411505
6411594
6411780
6411877
6412368
6412841
6412850
6412868
6412922
6412935
6412996
6413060
6413195
6413387
6413392
6413424
6413498
6413541
6413591
6413624
6413654
6413714
6413778
6413782
6413794
6413876
6414026
6414035
6414108
6414125
6414284
6414344
6414368
6414590
6414684
6414805
6414887
6414973
6415028
6415323
6415502
6415680
6415781
6415807
6415824
6416051
6416159
6416221
6416414
6416592
6416757
6416898
6417026
6417286
6417444
6417547
6417581
6417714
6417776
6417781
6417790
6417796
6417852
6417855
6417921
6417924
6417950
6418070
6418145
6418217
6418329
6418674
6418677
6418692
6418762
6418802
6418806
6418844
6418931
6418978
6419235
6419239
6419241
6419297
6419463
6419640
6419689
6419756
6419879
6419905
6419972
6419977
6420135
6420481
6420519
6420562
6420633
6420655
6420706
6421007
6421076
6421199
6421675
6421898
6421992
6422005
6422069
6422254
6422289
6422529
6422537
6423034
6423170
6423205
6423231
6423234
6423468
6423495
6423876
6423932
6424122
6424290
6424321
6424412
6424485
6424572
6424617
6424790
6424794
6424917
6424980
6425145
6425205
6425311
6425342
6425619
6425808
6425820
6425908
6425932
6425956
6426009
6426689
6426803
6426846
6426994
6427066
6427188
6427210
6427373
6427412
6427440
6427744
6427763
6427769
6427800
6427897
6428057
6428103
6428156
6428248
6428269
6428377
6428382
6428489
6428576
6428587
6428608
6428614
6428727
6428792
6428850
6428895
6428993
6429041
6429162
6429317
6429467
6429476
6429518
6429819
6429970
6429977
6430074
6430105
6430132
6430187
6430188
6430382
6430461
6430644
6431021
6431106
6431109
6431247
6431329
6431390
6431437
6431448
6431575
6431625
6431674
6431711
6431794
6432067
6432372
6432464
6432542
6432663
6432909
6432938
6433027
6433123
6433154
6433197
6433372
6433416
6433511
6433572
6433648
6433695
6433920
6433946
6434126
6434174
6434228
6434288
6434420
6434501
6434739
6434775
6434784
6434898
6434984
6435043
6435132
6435306
6435403
6435522
6435604
6435607
6435665
6435691
6435735
6435771
6435854
6435868
6435930
6435943
6436003
6436007
6436038
6436233
6436244
6436276
6436377
6436384
6436414
6436460
6436463
6436534
6436573
6436638
6436731
6436829
6436879
6436894
6436906
6436955
6437008
6437094
6437154
6437290
6437444
6437453
6437506
6437600
6437662
6437757
6437950
6438092
6438145
6438248
6438289
6438499
6438585
6438602
6438729
6438786
6438855
6438967
6439053
6439093
6439163
6439593
6439599
6439809
6439854
6439936
6440078
6440107
6440334
6440386
6440406
6440417
6440578
6440662
6440741
6440815
6440843
6440849
6440983
6441059
6441069
6441133
6441215
6441296
6441348
6441400
6441452
6441523
6441696
6441830
6442034
6442096
6442224
6442427
6442433
6442479
6442645
6442670
6442706
6442821
6443069
6443072
6443105
6443140
6443311
6443418
6443565
6443576
6444113
6444353
6444503
6444647
6444676
6444756
6445062
6445423
6445621
6445818
6446094
6446294
6446431
6446539
6446604
6446649
6446690
6446795
6446987
6447030
6447339
6447347
6447497
6447649
6447675
6447777
6447989
6448106
6448196
6448355
6448730
6448741
6448839
6448841
6448894
6448919
6449071
6449103
6449204
6449285
6449354
6449464
6449535
6449566
6449699
6449717
6449831
6450103
6450223
6450243
6450257
6450279
6450327
6450341
6450361
6450418
6450563
6450669
6450714
6450868
6450870
6451170
6451177
6451186
6451321
6451385
6451547
6451647
6451660
6451732
6451738
6451790
6451891
6451931
6451959
6452035
6452194
6452221
6452408
6452420
6452478
6452577
6452600
6452603
6452614
6452730
6452754
6452821
6452837
6452988
6453116
6453169
6453299
6453460
6453551
6453584
6453664
6453817
6453859
6453872
6454161
6454247
6454278
6454337
6454354
6454392
6454674
6455071
6455099
6455202
6455241
6455496
6455513
6455552
6455569
6455588
6455696
6455988
6456005
6456066
6456095
6456263
6456298
6456598
6456744
6457064
6457422
6457537
6457610
6457671
6458013
6458050
6458226
6458367
6458703
6458706
6458862
6458870
6458899
6458921
6458961
6459089
6459382
6459387
6459429
6459552
6459625
6459749
6459772
6459851
6459868
6459984
6460002
6460020
6460028
6460527
6460587
6460636
6460808
6460869
6460895
6461415
6461586
6461634
6461964
6462288
6462530
6462611
6462665
6462775
6463168
6463191
6463229
6463231
6463334
6463343
6463495
6463558
6463649
6463698
6463812
6463814
6463953
6463957
6464189
6464251
6464261
6464369
6464388
6464421
6464558
6464641
6464715
6464796
6465188
6465218
6465225
6465250
6465344
6465537
6465552
6465640
6465773
6465858
6465898
6465908
6465939
6465945
6466037
6466285
6466314
6466324
6466353
6466376
6466463
6466706
6466811
6466880
6467084
6467392
6467435
6467516
6467664
6467719
6467847
6467858
6467888
6467917
6467981
6468152
6468183
6468246
6468286
6468375
6468456
6468458
6468496
6468583
6468865
6468877
6468890
6468948
6469086
6469163
6469364
6469503
6469515
6469550
6469581
6469677
6469909
6470009
6470063
6470160
6470285
6470413
6470507
6470594
6470677
6470850
6470905
6471022
6471089
6471264
6471297
6471347
6471475
6471522
6471612
6471708
6471876
6471979
6472033
6472110
6472193
6472360
6472468
6472470
6472692
6472777
6472859
6473165
6473200
6473208
6473395
6473542
6473757
6473923
6474219
6474228
6474497
6474503
6474535
6474563
6474587
6474600
6474617
6474764
6474811
6474961
6475362
6475397
6475496
6475724
6475800
6475803
6475955
6476102
6476206
6476217
6476243
6476246
6476423
6476465
6476774
6476906
6477006
6477069
6477137
6477278
6477557
6477660
6477680
6477970
6477975
6477998
6478130
6478598
6478666
6478711
6478739
6478750
6479018
6479033
6479204
6479207
6479213
6479301
6479349
6479373
6479538
6479545
6479575
6479589
6479603
6479715
6479718
6479863
6479868
6480007
6480112
6480355
6480430
6480469
6480748
6480758
6480794
6480806
6480822
6480839
6481421
6481703
6481792
6481803
6481828
6482124
6482160
6482165
6482241
6482516
6482682
6482708
6482773
6482779
6482964
6482967
6483249
6483306
6483324
6483743
6483851
6483920
6483923
6483925
6484002
6484255
6484283
6484415
6484444
6484467
6484709
6484893
6484909
6485067
6485084
6485136
6485208
6485363
6485387
6485558
6485619
6486011
6486031
6486077
6486156
6486216
6486240
6486560
6486601
6486706
6486800
6487053
6487154
6487184
6487194
6487274
6487377
6487427
6487697
6487849
6488052
6488080
6488187
6488221
6488567
6488769
6488862
6489017
6489048
6489246
6489366
6489522
6489811
6489840
6489922
6489923
6489999
6490072
6490154
6490198
6490294
6490502
6490544
6490592
6490768
6490956
6491074
6491076
6491100
6491336
6491400
6491616
6491708
6491737
6491788
6491983
6492001
6492273
6492549
6492600
6492633
6492731
6492785
6492919
6493024
6493126
6493164
6493172
6493229
6493233
6493503
6493536
6493651
6493907
6493909
6494016
6494055
6494215
6494335
6494394
6494436
6494528
6494590
6494749
6494907
6494935
6494979
6495317
6495396
6495544
6495626
6495723
6495917
6495922
6495953
6496027
6496034
6496301
6496772
6496816
6497128
6497175
6497307
6497335
6497430
6497560
6497627
6497818
6497887
6497895
6498049
6498073
6498227
6498319
6498391
6498611
6498613
6498650
6498658
6498724
6498770
6498844
6498907
6498968
6499007
6499009
6499054
6499222
6499489
6499630
6499658
6499846
6499849
6500135
6500289
6500633
6500724
6500761
6500773
6500794
6500924
6500969
6501016
6501111
6501136
6501170
6501214
6501218
6501241
6501309
6501345
6501375
6501420
6501724
6501786
6501802
6501993
6502113
6502185
6502248
6502291
6502396
6502509
6502631
6502763
6502849
6502995
6503118
6503447
6503657
6503763
6503935
6504026
6504264
6504434
6504456
6504466
6504742
6504766
6504795
6504878
6504895
6504901
6504948
6505097
6505235
6505359
6505433
6505670
6505738
6505794
6505825
6506150
6506257
6506331
6506335
6506649
6506814
6506878
6507201
6507298
6507399
6507441
6507460
6507776
6507883
6508145
6508263
6508463
6508526
6508634
6508829
6508831
6508852
6509006
6509059
6509087
6509161
6509492
6509544
6509581
6509958
6510201
6510288
6510300
6510453
6510727
6510731
6510767
6510851
6510976
6510980
6511000
6511033
6511102
6511150
6511264
6511324
6511606
6511762
6511853
6512142
6512494
6512630
6512888
6513066
6513069
6513106
6513139
6513207
6513373
6513380
6513422
6513443
6513503
6513639
6513667
6513694
6513724
6513917
6514009
6514168
6514300
6514426
6514588
6514616
6514678
6514896
6514962
6515057
6515157
6515365
6515428
6515605
6515625
6515647
6515664
6515788
6515791
6515804
6515870
6515956
6516043
6516206
6516406
6516413
6516585
6516744
6516880
6516962
6516965
6517049
6517213
6517361
6517378
6517473
6517551
6517618
6517657
6517893
6518046
6518079
6518095
6518246
6518250
6518470
6518583
6518586
6518750
6518852
6518885
6518901
6519099
6519155
6519165
6519340
6519372
6519424
6519458
6519543
6519643
6520002
6520048
6520066
6520102
6520261
6520321
6520331
6520437
6520577
6520672
6520957
6521030
6521042
6521068
6521164
6521209
6521210
6521385
6521698
6521783
6521788
6521896
6522065
6522164
6522193
6522213
6522369
6522900
6522923
6522951
6522964
6523037
6523045
6523376
6523511
6523866
6524042
6524096
6524111
6524168
6524217
6524367
6524518
6524576
6524580
6524590
6524747
6524840
6524904
6525130
6525217
6525237
6525370
6525429
6525664
6525675
6525908
6526055
6526219
6526277
6526325
6526581
6526663
6526672
6526727
6526757
6526849
6526925
6527120
6527177
6527220
6527243
6527495
6527571
6527596
6527604
6527738
6527863
6527933
6527954
6528041
6528268
6528275
6528369
6528528
6528822
6528850
6528883
6528901
6529016
6529256
6529345
6529369
6529386
6529413
6529517
6529592
6529734
6529778
6529981
6530117
6530282
6530300
6530404
6530571
6530574
6530608
6530670
6530861
6530911
6530930
6530976
6531026
6531260
6531380
6531445
6531477
6531673
6531697
6531786
6531822
6532027
6532134
6532183
6532244
6532463
6532497
6532662
6532750
6532946
6533126
6533130
6533183
6533199
6533358
6533437
6533572
6533607
6533628
6533813
6533915
6533973
6534021
6534047
6534131
6534266
6534305
6534506
6534763
6534784
6535075
6535088
6535107
6535512
6535915
6535980
6536062
6536077
6536268
6536365
6536554
6536699
6536854
6537061
6537149
6537417
6537470
6537525
6537575
6537625
6537661
6537691
6537765
6537890
6538000
6538033
6538062
6538065
6538067
6538280
6538396
6538419
6538815
6538825
6538984
6539122
6539248
6539486
6539519
6539539
6539586
6539600
6539824
6540135
6540210
6540211
6540265
6540605
6540906
6540937
6541044
6541125
6541292
6541781
6541919
6541923
6542118
6542300
6542427
6542819
6543032
6543087
6543159
6543169
6543232
6543241
6543359
6543382
6543610
6543641
6543689
6543778
6543799
6543933
6543951
6544020
6544274
6544333
6544351
6544409
6544546
6544740
6544751
6544884
6544913
6544918
6544939
6545032
6545217
6545254
6545380
6545425
6545467
6545696
6545774
6545815
6545920
6545968
6545990
6546361
6546457
6546520
6546611
6546734
6546784
6546787
6546896
6546918
6547019
6547172
6547309
6547358
6547597
6547706
6547743
6547821
6548175
6548177
6548231
6548299
6548353
6548420
6548518
6548655
6548817
6549013
6549086
6549117
6549146
6549154
6549155
6549355
6549417
6549632
6549796
6549880
6549906
6549976
6550124
6550171
6550272
6550277
6550364
6550710
6550855
6550875
6550905
6550936
6550953
6551163
6551324
6551568
6551599
6551640
6551668
6551669
6551705
6551808
6551907
6551966
6552272
6552404
6552444
6552473
6552845
6552857
6552876
6552921
6552992
6553035
6553121
6553153
6553156
6553455
6553525
6553559
6553600
6553697
6553845
6553950
6553977
6553988
6554125
6554353
6554365
6554443
6554527
6554594
6554600
6554807
6554878
6555438
6555711
6555774
6555784
6555925
6556208
6556381
6556429
6556489
6556589
6556845
6557182
6557374
6557455
6557637
6557644
6557921
6557938
6557964
6558013
6558056
6558173
6558302
6558534
6558541
6558556
6558605
6559153
6559331
6559393
6559416
6559498
6559555
6559644
6559679
6559818
6559912
6560381
6560396
6560429
6560461
6560463
6560598
6560680
6560721
6560908
6560959
6561008
6561065
6561075
6561093
6561399
6561468
6561667
6561713
6561769
6562053
6562406
6562414
6562473
6562605
6562670
6562731
6562803
6562833
6562837
6562845
6562924
6563017
6563133
6563173
6563252
6563481
6563789
6563853
6563964
6563994
6564236
6564321
6564341
6564483
6564524
6564578
6564626
6564628
6564734
6564775
6564827
6564852
6565080
6565174
6565326
6565330
6565429
6565600
6565653
6565698
6565771
6566114
6566211
6566227
6566248
6566259
6566567
6566688
6566749
6566768
6566807
6566888
6567322
6567500
6567700
6567999
6568116
6568128
6568215
6568473
6568578
6568635
6568680
6568769
6568907
6568909
6569037
6569193
6569322
6569323
6569368
6569513
6569658
6569669
6569688
6569741
6569760
6569847
6569945
6570015
6570034
6570147
6570242
6570815
6571070
6571107
6571430
6571650
6571665
6571668
6571845
6571922
6571963
6571965
6572152
6572287
6572508
6572520
6572674
6572809
6572833
6572907
6573022
6573111
6573253
6573450
6573452
6573476
6573574
6573687
6573750
6573899
6574135
6574143
6574183
6574207
6574268
6574325
6574581
6574612
6574886
6574927
6575005
6575110
6575171
6575566
6575600
6575821
6575878
6576023
6576127
6576154
6576303
6576306
6576338
6576381
6576429
6576470
6576721
6576804
6576805
6576857
6577203
6577458
6577476
6577480
6577724
6577844
6577973
6578047
6578123
6578188
6578252
6578256
6578262
6578456
6578770
6578904
6578936
6578985
6579041
6579085
6579225
6579405
6579467
6579510
6579587
6579716
6579838
6580015
6580117
6580154
6580232
6580249
6580324
6580571
6580652
6580740
6580794
6580849
6580863
6580868
6581194
6581220
6581242
6581485
6581545
6581690
6581806
6581923
6581957
6582053
6582271
6582381
6582389
6582438
6582519
6582533
6582543
6582566
6582604
6582801
6582815
6583049
6583272
6583454
6583605
6583611
6583739
6583784
6583869
6584087
6584133
6584201
6584379
6584428
6584463
6584513
6584577
6584693
6584696
6584841
6584865
6584887
6585031
6585093
6585260
6585334
6585479
6585516
6585571
6585612
6585937
6585985
6586097
6586181
6586232
6586298
6586358
6586410
6586415
6586533
6586608
6586662
6586706
6586815
6586819
6586847
6587128
6587226
6587396
6587436
6587449
6587497
6587612
6587765
6587806
6587809
6587954
6588065
6588205
6588609
6588672
6588798
6588965
6589001
6589049
6589101
6589613
6589999
6590063
6590183
6590303
6590383
6590484
6590677
6590690
6590925
6591317
6591358
6591552
6591583
6591667
6591963
6592053
6592055
6592084
6592118
6592189
6592246
6592449
6592476
6592481
6592542
6592712
6592737
6592929
6592978
6592984
6593007
6593053
6593121
6593239
6593256
6593325
6593359
6593469
6593490
6593561
6593579
6593618
6593717
6593846
6593930
6594226
6594227
6594375
6594425
6594492
6594525
6594659
6594776
6594937
6595084
6595223
6595224
6595249
6595359
6595361
6595454
6595592
6595725
6595801
6595856
6595919
6595947
6595971
6596021
6596304
6596389
6596467
6596624
6596655
6596697
6596787
6596801
6596861
6596868
6596914
6597045
6597206
6597273
6597404
6597416
6597482
6597581
6597660
6597690
6597702
6597917
6597932
6597946
6597967
6597977
6598000
6598272
6598477
6598554
6598570
6598597
6598633
6598636
6598639
6598642
6598759
6598819
6598831
6599020
6599044
6599078
6599166
6599189
6599227
6599266
6599285
6599378
6599479
6599607
6599658
6599788
6599888
6599937
6599969
6600046
6600130
6600547
6600705
6600949
6601032
6601097
6601168
6601305
6601318
6601443
6601637
6601759
6601783
6602006
6602268
6602403
6602578
6602677
6602713
6602788
6602890
6602893
6602949
6603217
6603432
6603458
6603466
6603769
6603811
6603929
6604112
6604138
6604219
6604377
6604475
6604649
6605102
6605162
6605176
6605187
6605265
6605508
6605590
6605643
6605690
6605744
6605808
6605815
6605939
6605981
6606053
6606180
6606229
6606241
6606430
6606557
6606629
6606687
6606738
6606849
6606939
6607045
6607069
6607086
6607212
6607337
6607362
6607525
6607694
6607756
6607762
6607835
6607859
6607994
6608032
6608033
6608454
6608558
6608778
6608949
6608969
6609183
6609236
6609299
6609430
6609438
6609449
6609492
6609503
6609628
6609638
6609708
6609727
6609787
6609993
6610021
6610045
6610106
6610127
6610145
6610245
6610311
6610336
6610557
6610628
6610779
6610796
6610806
6610839
6611191
6611313
6611339
6611668
6611738
6611779
6611827
6611854
6612014
6612015
6612385
6612406
6612707
6612836
6613014
6613205
6613229
6613308
6613336
6613345
6613444
6613456
6613555
6613579
6613607
6613648
6613684
6613834
6613889
6613929
6614078
6614172
6614177
6614439
6614571
6614572
6614704
6614707
6614743
6614982
6615086
6615205
6615261
6615486
6615511
6615517
6615619
6615648
6615867
6615912
6616020
6616122
6616174
6616542
6616718
6616988
6617094
6617231
6617432
6617838
6617862
6618021
6618085
6618124
6618219
6618272
6618441
6618467
6618509
6618591
6618705
6618720
6618726
6618818
6619001
6619079
6619082
6619180
6619208
6619220
6619448
6619633
6619660
6619722
6619784
6619856
6619873
6619902
6620005
6620110
6620181
6620322
6620398
6620652
6620671
6620861
6620936
6620973
6621016
6621055
6621126
6621147
6621252
6621263
6621293
6621298
6621303
6621349
6621433
6621678
6621822
6621991
6622104
6622158
6622160
6622363
6622402
6622443
6622495
6622505
6622531
6622605
6622805
6622815
6622849
6622860
6622949
6622994
6623138
6623198
6623410
6623458
6623504
6623635
6623747
6624109
6624156
6624268
6624273
6624395
6624494
6624721
6624741
6624762
6624802
6624899
6625051
6625207
6625359
6625365
6625392
6625432
6625490
6625574
6625611
6625721
6625798
6625800
6625909
6626038
6626134
6626251
6626308
6626619
6626754
6626760
6626849
6627130
6627302
6627456
6627524
6627554
6627586
6627623
6627728
6627736
6627765
6627933
6628172
6628209
6628254
6628403
6628422
6628471
6628486
6628620
6628655
6628767
6628906
6628921
6628923
6629057
6629154
6629226
6629446
6629539
6629605
6629626
6629681
6629792
6629808
6629929
6630045
6630052
6630131
6630291
6630348
6630429
6630639
6630651
6630665
6630897
6631095
6631192
6631313
6631606
6631654
6631663
6631681
6631724
6631801
6631876
6631908
6632002
6632048
6632058
6632087
6632155
6632177
6632579
6632664
6632812
6632832
6633394
6633523
6633549
6633609
6633762
6633946
6634163
6634188
6634230
6634488
6634605
6634638
6634684
6634713
6634794
6634808
6634976
6635151
6635229
6635246
6635350
6635521
6635549
6635591
6635619
6635704
6635896
6635967
6636066
6636343
6636575
6636589
6636662
6636729
6636753
6636790
6636846
6637067
6637075
6637235
6637319
6637609
6637800
6637939
6638049
6638205
6638284
6638417
6638569
6638576
6638694
6638717
6638793
6638831
6638963
6639042
6639147
6639159
6639177
6639241
6639278
6639366
6639370
6639563
6639872
6639883
6639893
6640050
6640174
6640333
6640343
6640351
6640443
6640492
6640539
6640857
6641064
6641177
6641181
6641447
6641512
6641664
6641715
6641771
6641838
6641947
6641994
6642085
6642182
6642325
6642436
6642679
6642688
6642805
6642887
6643086
6643157
6643305
6643352
6643376
6643400
6643451
6643526
6643602
6643840
6643950
6644235
6644274
6644293
6644323
6644501
6644603
6644696
6644718
6644764
6644819
6644863
6644906
6644977
6644998
6645020
6645199
6645241
6645255
6645322
6645365
6645390
6645417
6645420
6645472
6645636
6645643
6646055
6646125
6646185
6646316
6646400
6646530
6646547
6646750
6646960
6646963
6647083
6647265
6647444
6647446
6647547
6647916
6647928
6648200
6648237
6648250
6648324
6648642
6648692
6648853
6648917
6648932
6648937
6649001
6649151
6649291
6649678
6649815
6649883
6649889
6649890
6649897
6650119
6650139
6650290
6650418
6650530
6650766
6650797
6651011
6651035
6651161
6651394
6651619
6651652
6651704
6651889
6651980
6652370
6652562
6652596
6652610
6652715
6652734
6653121
6653130
6653274
6653482
6653569
6653782
6653792
6653845
6653870
6653931
6654078
6654158
6654190
6654194
6654219
6654291
6654363
6654451
6654489
6654514
6654675
6654690
6654736
6654835
6654886
6654898
6655039
6655202
6655310
6655577
6655594
6655601
6655619
6655638
6655708
6655915
6656166
6656274
6656327
6656456
6656558
6656645
6656659
6656703
6656750
6656864
6656991
6657267
6657364
6657473
6657567
6657709
6658255
6658548
6658593
6658635
6658675
6658682
6658776
6658954
6658961
6659196
6659387
6659388
6659403
6659416
6659453
6659494
6659497
6659626
6659790
6659859
6659899
6660073
6660375
6660571
6660749
6660754
6660917
6661098
6661193
6661303
6661309
6661388
6661494
6661527
6661655
6661680
6661728
6661975
6662001
6662154
6662228
6662519
6662725
6662745
6662802
6662866
6662876
6663081
6663148
6663176
6663189
6663226
6663312
6663332
6663512
6663543
6663806
6663832
6664072
6664230
6664251
6664450
6664516
6664613
6664620
6664738
6664948
6664967
6665058
6665137
6665148
6665159
6665270
6665609
6665674
6665683
6665795
6665883
6665920
6665949
6666000
6666162
6666186
6666425
6666454
6666677
6666919
6667029
6667113
6667308
6667370
6667427
6667835
6667840
6667939
6668126
6668132
6668232
6668246
6668260
6668309
6668330
6668501
6669059
6669091
6669292
6669317
6669572
6669625
6669654
6670145
6670158
6670159
6670235
6670268
6670689
6670728
6670851
6670867
6670942
6671044
6671211
6671297
6671631
6671647
6671655
6671926
6672037
6672041
6672060
6672174
6672251
6672324
6672562
6672667
6673096
6673297
6673440
6673711
6673793
6673812
6673818
6673945
6674003
6674124
6674230
6674238
6674392
6674458
6674670
6675070
6675112
6675226
6675327
6675379
6675382
6675413
6675487
6675560
6675576
6675581
6675707
6675719
6675755
6675772
6675803
6675832
6676126
6676174
6676209
6676226
6676276
6676289
6676313
6676404
6676480
6676635
6676758
6676761
6676873
6677001
6677126
6677144
6677162
6677172
6677253
6677273
6677373
6677409
6677521
6677525
6677820
6677853
6677886
6677981
6678282
6678305
6678411
6678431
6678438
6678478
6678504
6678578
6678632
6678827
6678855
6678973
6679133
6679366
6679521
6679523
6679627
6679629
6679668
6679803
6679822
6679880
6679917
6680334
6680489
6680531
6680609
6680614
6680736
6680842
6680855
6680911
6681146
6681424
6681571
6681634
6681651
6681666
6681884
6682225
6682257
6682348
6682384
6682666
6682697
6682720
6682858
6682980
6683088
6683332
6683401
6683630
6683633
6683714
6683772
6683784
6683817
6683818
6683880
6684024
6684029
6684109
6684226
6684230
6684477
6684568
6684583
6684914
6684972
6685251
6685258
6685392
6685516
6685608
6685617
6685690
6685800
6685830
6685903
6685955
6686009
6686227
6686288
6686327
6686377
6686489
6686539
6686669
6686726
6686925
6686992
6687028
6687038
6687131
6687151
6687270
6687319
6687413
6687439
6687512
6687539
6687557
6687749
6687785
6687924
6688273
6688291
6688396
6688531
6688608
6688634
6688947
6688987
6689232
6689448
6689459
6689518
6689638
6689722
6689945
6690010
6690053
6690378
6690391
6690417
6690443
6690518
6690562
6690853
6690875
6690970
6691014
6691079
6691178
6691239
6691354
6691400
6691449
6691499
6691644
6691716
6691717
6691780
6692193
6692600
6692679
6692870
6692877
6692910
6692932
6693006
6693112
6693215
6693273
6693303
6693317
6693382
6693419
6693506
6693518
6693611
6693763
6693852
6693913
6694255
6694410
6694629
6694777
6694790
6694808
6695040
6695300
6695510
6695556
6695573
6695594
6695604
6695615
6695739
6696022
6696026
6696246
6696518
6696566
6696709
6696777
6696803
6696913
6696950
6696978
6697326
6697400
6697541
6697610
6697650
6697668
6697783
6697843
6697957
6698082
6698325
6698328
6698344
6698488
6698505
6698572
6698671
6698750
6698860
6698951
6699031
6699043
6699079
6699150
6699212
6699650
6699686
6700063
6700295
6700362
6700402
6700419
6700459
6700514
6700543
6700551
6700579
6700702
6700869
6700879
6700922
6700999
6701113
6701269
6701277
6701497
6701715
6701723
6702033
6702135
6702160
6702257
6702423
6702546
6702594
6702602
6702620
6702668
6702801
6702821
6702856
6702909
6703254
6703267
6703352
6703544
6703578
6703715
6703988
6704009
6704060
6704115
6704150
6704152
6704230
6704365
6704410
6704565
6704576
6704587
6704619
6704720
6704818
6705089
6705456
6705503
6705606
6705978
6706056
6706179
6706294
6706318
6706325
6706565
6706716
6706788
6706824
6706841
6706883
6707051
6707306
6707340
6707428
6707493
6707655
6707659
6707663
6707861
6707940
6708105
6708213
6708215
6708535
6708617
6708914
6709189
6709205
6709276
6709355
6709692
6709734
6709803
6709900
6709960
6710019
6710316
6710609
6711089
6711156
6711206
6711231
6711232
6711306
6711452
6711482
6711483
6711602
6711728
6711826
6711928
6712174
6712223
6712318
6712455
6712634
6712699
6712726
6712784
6712799
6712800
6712822
6712994
6713070
6713257
6713283
6713289
6713291
6713358
6713411
6713616
6713632
6713646
6713666
6714292
6714382
6714417
6714550
6714680
6714691
6714735
6714751
6714785
6714847
6714963
6715156
6715171
6715178
6715202
6715209
6715346
6715407
6715696
6715782
6715885
6715896
6716206
6716287
6716339
6716544
6716618
6716854
6716960
6716971
6717031
6717072
6717261
6717267
6717541
6717563
6717713
6717808
6717919
6718029
6718788
6718810
6719065
6719152
6719420
6719595
6719680
6719825
6719865
6719896
6719981
6720048
6720223
6720253
6720262
6720524
6720581
6720590
6720807
6720908
6721068
6721183
6721193
6721194
6721285
6721322
6721382
6721417
6721479
6721613
6721670
6721847
6721932
6722078
6722271
6722340
6722345
6722493
6722530
6722741
6722766
6722963
6723216
6723286
6723320
6723347
6723543
6723585
6723658
6723683
6723723
6723898
6724032
6724345
6724590
6724613
6724684
6724808
6724940
6724943
6724994
6725039
6725094
6725106
6725178
6725391
6725454
6725470
6725509
6725517
6725581
6725668
6725902
6725918
6725960
6725977
6726156
6726179
6726230
6726332
6726542
6726696
6726789
6726843
6726946
6727032
6727165
6727213
6727361
6727369
6727598
6727628
6727781
6727890
6727940
6728157
6728161
6728191
6728236
6728304
6728386
6728472
6728517
6728719
6728765
6728848
6728932
6728933
6729067
6729074
6729075
6729121
6729157
6729218
6729317
6729526
6729556
6729565
6729582
6729674
6729892
6729924
6729965
6730102
6730268
6730284
6730322
6730513
6730549
6730641
6730825
6731057
6731119
6731410
6731495
6731725
6731765
6731802
6731962
6732034
6732067
6732241
6732296
6732412
6732600
6732649
6732774
6732981
6733199
6733560
6733578
6733686
6733703
6733721
6733818
6734085
6734443
6734509
6734678
6734734
6734760
6734975
6734986
6734999
6735011
6735085
6735227
6735232
6735243
6735248
6735309
6735590
6735701
6735929
6736085
6736133
6736265
6736347
6736396
6736510
6736566
6736689
6736829
6737010
6737092
6737139
6737157
6737313
6737370
6737396
6738445
6738505
6738767
6738838
6738967
6739220
6739265
6739410
6739482
6739617
6739737
6739749
6739877
6739959
6740012
6740018
6740112
6740177
6740243
6740311
6740372
6740418
6740447
6740451
6740632
6740708
6740800
6740813
6740854
6741097
6741207
6741224
6741388
6741428
6741438
6741450
6741836
6742026
6742096
6742178
6742241
6742304
6742366
6742455
6742516
6742590
6742602
6742625
6742677
6742684
6742773
6742809
6742854
6742948
6743014
6743124
6743216
6743471
6743692
6744102
6744155
6744331
6744456
6744464
6744630
6744730
6744782
6744821
6744936
6745074
6745403
6745410
6745423
6745517
6745560
6745598
6745659
6745660
6745699
6745702
6745735
6745866
6745944
6746158
6746204
6746238
6746258
6746455
6746463
6746487
6746616
6746631
6746954
6747090
6747369
6747901
6747951
6748148
6748239
6748309
6748595
6748731
6748751
6749007
6749024
6749167
6749331
6749405
6749462
6749657
6749705
6749800
6749807
6749821
6750047
6750128
6750168
6750363
6750608
6750617
6750619
6750639
6750737
6750816
6750914
6750925
6751142
6751163
6751235
6751301
6751383
6751446
6751509
6752071
6752108
6752308
6752389
6752430
6752582
6752791
6752862
6752949
6752985
6752995
6753251
6753266
6753286
6753295
6753723
6753725
6753767
6753768
6753909
6754339
6754408
6754443
6754591
6754608
6754639
6754747
6754885
6754988
6754996
6755152
6755535
6755586
6755614
6755739
6755776
6755862
6755914
6755925
6755945
6756072
6756161
6756194
6756195
6756213
6756276
6756325
6756368
6756403
6756433
6756438
6756472
6756759
6756944
6756948
6757022
6757048
6757163
6757168
6757509
6757569
6757618
6757638
6757640
6757713
6757980
6758028
6758098
6758365
6758892
6758921
6758933
6759228
6759293
6759364
6759385
6759399
6759417
6759452
6759512
6759594
6759996
6760079
6760117
6760327
6760660
6760662
6760679
6760742
6760767
6760835
6761328
6761374
6761412
6761459
6761473
6761650
6761685
6761773
6762303
6762332
6762352
6762389
6762566
6762573
6762976
6763129
6763213
6763230
6763297
6763347
6763475
6763521
6763596
6763602
6763633
6763785
6763873
6763903
6763993
6764144
6764229
6764311
6764346
6764494
6764658
6764664
6764761
6764822
6764864
6764871
6765033
6765095
6765122
6765126
6765176
6765245
6765334
6765420
6765455
6765573
6765759
6765775
6765966
6765986
6766086
6766159
6766357
6766461
6766546
6766634
6767110
6767233
6767512
6767553
6767611
6767653
6767727
6767735
6767800
6767869
6768001
6768012
6768183
6768244
6768273
6768406
6768421
6768463
6768747
6769037
6769096
6769178
6769184
6769220
6769304
6769319
6769430
6769465
6769557
6769843
6769858
6770017
6770115
6770186
6770260
6770320
6770488
6770600
6770757
6770830
6771081
6771121
6771312
6771376
6771559
6771619
6771657
6771867
6771947
6771971
6771991
6772049
6772155
6772220
6772439
6772576
6772595
6772705
6772800
6772805
6772886
6772920
6772994
6773017
6773091
6773164
6773202
6773216
6773218
6773232
6773532
6773622
6773659
6773922
6773971
6773991
6774040
6774116
6774138
6774147
6774150
6774155
6774160
6774302
6774387
6774430
6774484
6774636
6774686
6774720
6774752
6774754
6774860
6774909
6774960
6775012
6775026
6775063
6775084
6775675
6775677
6775835
6775862
6775951
6776445
6776571
6776599
6776728
6776898
6777090
6777153
6777204
6777233
6777396
6777527
6777607
6777642
6777663
6777717
6777741
6777868
6777989
6778098
6778111
6778112
6778275
6778396
6778445
6778510
6778527
6778608
6778737
6779102
6779148
6779161
6779225
6779450
6779534
6779601
6779796
6779811
6779945
6779976
6780189
6780535
6780551
6780838
6780856
6780959
6781073
6781166
6781173
6781218
6781242
6781266
6781374
6781479
6781743
6781774
6781808
6781832
6781874
6782021
6782029
6782099
6782389
6782549
6782776
6782840
6782845
6782879
6782903
6783135
6783157
6783172
6783316
6783487
6783587
6783691
6784113
6784204
6784533
6784571
6784636
6784935
6784970
6785018
6785036
6785055
6785058
6785089
6785372
6785373
6785394
6785632
6785764
6785824
6785850
6786452
6786531
6786547
6786641
6786656
6786879
6786934
6786963
6786998
6787031
6787051
6787125
6787250
6787306
6787550
6787560
6787572
6787658
6787662
6787907
6788021
6788355
6788518
6788611
6788800
6788810
6788871
6789008
6789269
6789289
6789315
6789345
6789391
6789507
6789737
6790223
6790232
6790424
6790490
6790559
6790779
6790797
6790823
6791049
6791054
6791189
6791306
6791337
6791341
6791712
6791718
6791747
6791750
6791778
6791842
6791935
6792016
6792219
6792254
6792279
6792289
6792336
6792337
6792676
6792873
6792876
6793000
6793114
6793121
6793142
6793269
6793320
6793611
6793733
6793903
6793963
6794037
6794064
6794231
6794248
6794330
6794382
6794485
6794501
6794679
6794712
6794714
6794760
6794777
6794818
6794857
6794908
6795159
6795238
6795287
6795318
6795373
6795650
6795671
6795715
6795781
6795835
6795885
6796223
6796261
6796376
6796435
6796561
6796571
6796623
6796627
6796798
6796879
6797059
6797156
6797346
6797414
6797420
6797488
6797668
6797692
6797776
6797864
6797865
6797971
6797999
6798177
6798262
6798277
6798353
6798438
6798453
6798492
6798595
6798659
6798857
6798906
6798978
6799041
6799066
6799199
6799270
6799292
6799362
6799381
6799547
6799548
6799582
6799717
6799729
6799782
6799811
6799881
6800068
6800087
6800612
6800732
6801100
6801147
6801171
6801211
6801329
6801391
6801501
6801539
6801578
6801631
6801641
6801768
6801776
6801922
6801928
6801946
6802163
6802495
6802544
6802622
6802715
6802829
6802938
6802963
6803009
6803044
6803052
6803236
6803252
6803253
6803296
6803331
6803408
6803424
6803435
6803471
6803536
6803829
6804095
6804144
6804199
6804249
6804281
6804343
6804614
6804671
6804688
6804758
6804773
6804903
6804934
6804957
6805057
6805067
6805116
6805340
6805364
6805454
6805727
6805733
6805756
6805801
6805960
6806002
6806010
6806013
6806398
6806589
6806774
6806937
6806969
6807143
6807167
6807242
6807289
6807338
6807355
6807578
6807843
6807870
6807955
6808046
6808112
6808189
6808265
6808416
6808589
6808617
6808640
6808676
6808678
6808826
6809007
6809131
6809293
6809439
6809628
6809775
6809812
6810140
6810359
6810381
6810520
6810598
6810767
6810835
6810847
6810960
6811004
6811159
6811303
6811393
6811465
6811567
6811860
6811955
6812023
6812124
6812162
6812233
6812357
6812383
6812417
6812442
6812511
6812665
6812788
6812887
6812931
6813117
6813242
6813281
6813399
6813465
6813675
6813736
6813762
6813777
6814013
6814072
6814152
6814216
6814342
6814367
6814578
6814675
6814749
6814793
6814917
6814931
6815091
6815197
6815334
6815381
6815501
6815558
6815719
6816062
6816137
6816222
6816251
6816274
6816294
6816500
6816603
6816773
6816879
6816974
6817310
6817406
6817509
6817609
6817764
6817903
6818120
6818130
6818190
6818260
6818348
6818372
6818376
6818383
6818501
6818577
6818784
6818874
6818972
6819051
6819193
6819294
6819311
6819396
6819511
6819515
6819517
6819595
6819598
6820005
6820137
6820146
6820267
6820345
6820396
6820472
6820588
6820612
6820892
6820925
6820967
6821077
6821212
6821315
6821329
6821373
6821525
6821581
6821801
6821827
6821852
6821861
6822094
6822098
6822109
6822206
6822229
6822334
6822742
6822975
6823124
6823128
6823334
6823338
6823412
6823593
6823754
6823806
6823914
6823916
6823948
6824084
6824155
6824211
6824251
6824348
6824372
6824480
6824698
6824897
6825001
6825007
6825034
6825236
6825398
6825452
6825498
6825501
6825535
6825753
6825765
6825872
6826045
6826107
6826116
6826227
6826251
6826297
6826430
6826534
6826691
6826736
6826737
6827169
6827178
6827184
6827257
6827425
6827520
6828027
6828289
6828297
6828303
6828375
6828557
6828766
6828789
6828920
6828941
6829132
6829150
6829173
6829184
6829515
6829889
6829953
6830124
6830423
6830615
6830721
6830778
6830949
6830955
6831098
6831107
6831135
6831147
6831354
6831369
6831454
6831510
6831592
6831699
6831875
6832080
6832095
6832101
6832315
6832339
6832384
6832485
6832736
6832745
6832770
6832785
6832870
6833167
6833204
6833420
6833463
6833650
6833663
6833755
6833788
6834382
6834405
6834441
6834463
6834567
6834840
6834868
6834879
6835006
6835066
6835069
6835124
6835125
6835137
6835348
6835392
6835401
6835453
6835492
6835519
6835824
6835913
6835988
6836066
6836140
6836200
6836219
6836276
6836735
6836974
6837001
6837017
6837128
6837183
6837208
6837237
6837312
6837377
6837557
6837659
6838011
6838041
6838121
6838182
6838207
6838397
6838425
6838496
6838666
6838779
6838906
6839003
6839144
6839370
6839575
6839951
6839961
6840379
6840394
6840397
6840539
6840669
6840786
6840884
6841026
6841086
6841087
6841146
6841196
6841245
6841384
6841687
6841701
6841766
6841785
6841796
6841899
6842065
6842144
6842193
6842262
6842269
6842289
6842503
6842556
6842584
6842726
6842879
6842918
6843218
6843499
6843614
6843665
6843733
6843955
6844071
6844086
6844118
6844264
6844293
6844402
6844604
6844713
6844786
6845223
6845384
6845471
6845530
6845581
6845723
6845856
6846099
6846135
6846168
6846276
6846372
6846403
6846767
6847449
6847456
6847500
6847531
6847563
6847749
6847908
6847928
6847975
6848214
6848481
6848497
6848531
6848553
6848596
6848668
6849062
6849366
6849392
6849407
6849544
6849570
6849641
6849879
6849953
6850287
6850315
6850324
6850337
6850483
6850516
6850864
6850953
6851049
6851062
6851268
6851347
6851354
6851392
6851450
6851509
6851569
6851787
6851875
6851888
6852070
6852158
6852340
6852548
6852570
6852640
6852763
6852918
6852961
6852963
6853091
6853098
6853315
6853543
6853707
6853887
6853923
6854046
6854316
6854391
6854499
6854676
6854705
6854943
6854983
6855255
6855514
6855672
6855915
6855922
6856009
6856015
6856207
6856273
6856490
6856611
6856615
6856727
6856909
6857025
6857068
6857330
6857376
6857396
6857397
6857506
6857514
6857515
6857564
6857641
6857754
6857871
6857891
6858342
6858480
6858629
6858686
6858693
6858789
6858823
6859079
6859202
6859228
6859419
6859537
6859565
6859664
6859865
6859926
6860028
6860041
6860049
6860297
6860303
6860334
6860578
6860668
6860751
6860963
6861248
6861371
6861419
6861423
6861482
6861507
6861850
6861917
6861942
6861966
6861974
6862120
6862147
6862205
6862228
6862279
6862285
6862299
6862301
6862641
6862657
6862844
6862953
6862993
6863257
6863415
6863427
6863721
6863725
6864000
6864368
6864386
6864468
6864588
6865139
6865166
6865171
6865200
6865205
6865458
6865746
6865823
6865825
6865850
6865994
6866044
6866111
6866123
6866136
6866156
6866177
6866228
6866249
6866506
6866519
6866746
6866800
6866886
6867060
6867219
6867225
6867352
6867393
6867499
6867745
6867903
6868084
6868172
6868183
6868192
6868225
6868317
6868387
6868484
6868565
6868735
6868796
6868921
6869178
6869186
6869363
6869388
6869395
6869717
6869977
6870032
6870060
6870569
6870652
6870757
6870873
6870874
6870907
6871052
6871196
6871256
6871475
6871553
6871577
6871597
6871598
6871602
6871784
6871917
6872048
6872116
6872449
6872461
6872474
6872544
6872566
6872732
6873036
6873090
6873091
6873195
6873252
6873386
6873471
6873542
6873549
6873708
6873725
6873888
6874100
6874173
6874177
6874343
6874380
6874592
6874619
6874626
6874647
6874917
6874919
6874950
6875055
6875179
6875505
6875895
6875919
6875960
6876071
6876079
6876151
6876312
6876359
6876505
6876506
6876512
6876541
6876561
6876661
6876685
6876712
6876876
6877064
6877163
6877180
6877533
6877577
6877765
6877846
6877869
6877934
6878114
6878306
6878346
6878495
6878529
6878573
6878666
6878812
6878945
6878964
6879008
6879035
6879203
6879241
6879381
6879457
6879537
6879578
6879703
6880104
6880288
6880559
6880809
6880912
6881005
6881008
6881072
6881079
6881084
6881118
6881168
6881187
6881189
6881381
6881839
6881969
6882109
6882118
6882129
6882269
6882276
6882307
6882789
6882881
6883014
6883059
6883233
6883507
6883531
6883580
6883776
6883799
6883822
6883832
6884074
6884124
6884294
6884298
6884320
6884368
6884449
6884551
6884668
6884758
6885026
6885083
6885324
6885393
6885742
6885757
6885808
6886116
6886313
6886317
6886335
6886382
6886550
6886650
6886673
6886787
6886869
6886879
6886936
6886966
6886993
6887046
6887048
6887068
6887159
6887233
6887337
6887419
6887430
6887507
6887544
6887580
6887694
6887800
6887823
6887864
6887932
6888174
6888324
6888371
6888385
6888411
6888431
6888543
6888713
6888743
6888746
6888875
6888878
6888916
6889198
6889241
6889409
6889432
6889481
6889509
6889590
6889868
6889883
6889957
6890118
6890418
6890520
6890644
6891114
6891266
6891470
6891774
6891784
6891846
6892027
6892186
6892217
6892271
6892300
6892432
6892747
6892812
6892881
6893179
6893207
6893428
6893726
6893819
6893922
6894092
6894160
6894187
6894403
6894442
6894539
6894571
6894743
6894805
6894900
6895459
6895464
6895490
6895553
6895807
6895931
6895936
6896253
6896387
6896428
6896507
6896518
6896616
6896911
6897090
6897395
6897446
6897467
6897535
6897709
6897783
6897810
6897814
6897903
6897994
6898045
6898074
6898131
6898226
6898298
6898372
6898605
6898908
6898956
6899303
6899408
6899502
6899554
6899560
6899743
6899745
6899891
6899901
6900011
6900365
6900374
6900421
6900431
6900475
6900579
6900660
6900744
6900836
6900876
6900965
6901027
6901054
6901149
6901189
6901412
6901420
6901427
6901528
6901612
6901734
6901805
6901887
6901951
6901959
6902007
6902164
6902394
6902443
6902517
6902590
6902632
6902703
6902755
6902786
6902871
6902896
6903005
6903107
6903321
6903407
6903766
6903852
6903947
6903950
6904057
6904423
6904442
6904656
6904666
6904808
6904852
6904873
6904899
6904952
6904977
6905005
6905109
6905200
6905325
6905614
6905627
6905784
6905977
6906033
6906100
6906119
6906159
6906380
6906581
6906614
6906647
6907042
6907224
6907292
6907350
6907360
6907660
6907661
6907864
6908010
6908024
6908049
6908273
6908423
6908438
6908443
6908522
6908621
6908638
6908734
6908884
6909055
6909315
6909470
6909471
6909508
6909563
6909657
6909678
6909724
6909904
6909905
6909957
6909984
6910250
6910267
6910339
6910597
6910777
6911002
6911057
6911201
6911351
6911368
6911395
6911681
6911811
6912001
6912043
6912163
6912199
6912250
6912398
6912425
6912511
6912513
6912526
6912612
6912740
6913014
6913052
6913253
6913422
6913465
6913669
6913752
6913856
6913861
6914201
6914204
6914259
6914448
6914476
6914515
6914589
6914616
6914625
6914920
6914926
6914939
6915132
6915160
6915181
6915222
6915469
6915548
6915576
6915641
6915698
6916021
6916040
6916044
6916162
6916269
6916352
6916552
6916817
6916836
6916881
6916936
6916997
6917149
6917227
6917382
6917393
6917465
6917931
6917950
6918168
6918187
6918235
6918263
6918340
6918704
6918886
6918892
6918945
6919130
6919207
6919336
6919527
6919539
6919570
6919641
6919774
6919787
6919924
6920068
6920082
6920131
6920135
6920353
6920452
6920531
6920561
6920808
6920921
6921100
6921163
6921197
6921347
6921538
6921671
6921837
6921878
6922105
6922192
6922194
6922202
6922224
6922314
6922354
6922451
6922581
6922657
6922721
6922727
6922904
6922941
6923347
6923406
6923408
6923486
6923513
6923564
6923587
6923631
6923672
6923713
6923762
6923776
6923912
6924013
6924209
6924526
6924534
6924576
6924597
6924635
6924764
6924777
6924810
6924823
6924843
6924935
6925107
6925207
6925375
6925385
6925436
6925497
6925518
6925629
6925633
6925783
6925953
6926006
6926082
6926179
6926332
6926335
6926770
6926904
6927264
6927488
6927627
6927660
6927771
6927846
6927981
6927991
6928070
6928301
6928308
6928503
6928544
6928615
6928656
6928831
6928976
6928977
6929150
6929317
6929393
6929449
6929995
6930075
6930356
6930384
6930411
6930613
6930708
6930717
6930815
6930876
6930882
6930908
6930944
6931095
6931210
6931264
6931298
6931406
6931414
6931505
6931575
6931579
6931658
6931854
6931865
6931888
6932005
6932013
6932055
6932270
6932289
6932312
6932324
6932554
6932563
6932624
6933009
6933046
6933049
6933059
6933090
6933308
6933347
6933492
6933749
6933788
6933790
6933878
6933973
6934081
6934397
6934447
6934521
6934807
6934962
6934963
6935123
6935281
6935370
6935414
6935551
6935736
6935758
6935879
6935971
6936018
6936223
6936305
6936482
6936556
6936557
6936630
6936724
6936748
6936818
6936924
6936978
6937100
6937273
6937405
6937415
6937507
6937928
6937987
6938047
6938096
6938202
6938245
6938366
6938589
6938630
6938637
6938656
6938678
6938707
6938719
6938742
6938794
6938953
6939263
6939376
6939512
6939557
6939615
6939654
6939730
6939801
6939977
6940230
6940309
6940423
6940428
6940578
6940591
6940644
6940732
6940756
6940761
6941145
6941341
6941490
6941540
6941691
6941729
6941730
6941747
6941969
6942171
6942294
6942581
6942604
6942750
6942813
6942862
6943096
6943119
6943148
6943240
6943546
6943656
6943800
6943851
6943886
6944046
6944070
6944080
6944353
6944561
6944762
6944772
6944971
6945338
6945404
6945449
6945565
6945653
6945695
6945958
6946098
6946289
6946632
6946653
6946944
6947138
6947175
6947301
6947484
6947704
6947803
6947807
6947870
6948241
6948259
6948281
6948309
6948318
6948342
6948460
6948692
6948706
6948831
6948847
6948974
6949095
6949108
6949159
6949285
6949487
6949607
6949755
6949781
6949894
6949897
6950031
6950063
6950073
6950094
6950129
6950202
6950418
6950461
6950495
6950612
6950705
6950709
6950710
6950734
6950905
6950982
6951014
6951173
6951201
6951335
6951414
6951559
6951579
6951614
6952107
6952118
6952213
6952323
6952438
6952449
6952644
6952799
6952848
6952938
6953167
6953299
6953383
6953408
6953479
6953539
6953627
6953639
6953661
6953662
6953753
6953761
6953823
6953843
6953905
6954113
6954241
6954476
6954548
6954617
6954648
6954738
6954782
6954804
6954813
6954820
6954904
6954989
6955142
6955286
6955385
6955540
6955650
6955819
6955927
6955984
6956183
6956286
6956335
6956365
6956401
6956482
6956512
6956515
6956583
6956884
6957057
6957173
6957409
6957576
6957632
6957667
6957705
6957751
6957834
6957912
6957969
6958317
6958356
6958378
6958382
6958434
6958470
6958484
6958608
6958637
6958802
6959033
6959282
6959418
6959492
6959528
6959543
6959649
6959687
6959759
6959820
6960012
6960044
6960108
6960156
6960162
6960213
6960233
6960290
6960489
6960607
6960651
6960878
6960966
6961187
6961216
6961423
6961539
6961601
6961612
6961639
6961680
6961693
6961703
6961901
6962106
6962269
6962299
6962335
6962414
6962619
6962845
6962850
6962866
6962891
6962937
6963115
6963134
6963168
6963374
6963528
6963596
6963610
6963642
6963714
6963834
6964201
6964307
6964439
6964475
6964615
6964724
6964732
6964752
6964781
6964793
6964978
6965213
6965244
6965340
6965460
6965488
6965546
6965588
6965630
6965684
6965705
6965736
6965822
6965965
6966070
6966116
6966162
6966262
6966304
6966361
6966459
6966511
6966547
6966556
6966573
6966584
6966622
6966717
6966805
6966875
6967232
6967242
6967266
6967460
6967475
6967549
6967604
6967979
6968016
6968168
6968223
6968264
6968356
6968415
6968466
6968618
6968627
6968634
6968700
6968761
6968807
6968853
6968889
6969044
6969054
6969060
6969150
6969204
6969429
6969507
6969607
6969755
6969761
6969824
6969922
6970069
6970190
6970244
6970290
6970535
6970548
6970653
6970737
6970753
6970777
6971089
6971095
6971194
6971252
6971518
6971719
6971753
6971851
6971867
6971924
6971992
6972029
6972409
6972418
6972606
6972658
6972679
6972708
6972775
6972875
6972927
6973058
6973256
6973375
6973394
6973445
6973544
6973546
6973561
6973590
6973855
6973901
6974025
6974080
6974083
6974111
6974197
6974260
6974413
6974510
6974572
6974643
6974655
6974930
6975049
6975262
6975303
6975337
6975440
6975540
6975665
6975828
6976093
6976124
6976134
6976301
6976522
6976665
6976805
6976918
6976951
6976952
6976975
6977089
6977105
6977248
6977287
6977533
6977569
6977596
6977604
6977628
6977808
6977903
6977942
6978017
6978130
6978154
6978172
6978211
6978280
6978495
6978507
6978593
6978681
6978694
6978842
6978859
6978871
6978953
6979090
6979156
6979312
6979321
6979333
6979363
6979500
6979586
6979704
6979774
6979789
6979875
6979885
6979898
6979952
6980084
6980090
6980094
6980169
6980194
6980211
6980262
6980380
6980476
6980587
6980669
6980767
6980792
6980966
6980970
6980975
6981004
6981116
6981153
6981227
6981248
6981283
6981466
6981690
6982054
6982118
6982136
6982259
6982386
6982402
6982456
6982586
6982736
6982956
6983147
6983191
6983192
6983361
6983899
6984084
6984251
6984274
6984510
6984564
6984726
6984750
6984826
6984856
6984961
6985023
6985182
6985509
6985644
6985684
6986057
6986249
6986305
6986375
6986456
6986474
6986573
6986731
6986785
6986834
6986838
6986850
6986942
6986961
6987003
6987025
6987086
6987143
6987158
6987205
6987264
6987384
6987485
6987487
6987549
6987575
6987836
6987841
6988078
6988099
6988239
6988393
6988504
6988560
6988890
6988905
6989084
6989089
6989095
6989133
6989145
6989312
6989377
6989407
6989481
6989550
6989577
6989665
6989708
6989748
6989910
6989928
6989964
6990153
6990268
6990355
6990440
6990541
6990661
6990662
6990693
6990814
6990956
6991148
6991447
6991457
6991531
6991721
6991753
6992127
6992254
6992334
6992697
6992708
6992765
6992836
6993209
6993318
6993372
6993383
6993689
6993736
6993914
6993926
6993984
6994005
6994122
6994393
6994402
6994493
6994584
6994650
6994779
6994834
6994924
6995113
6995184
6995233
6995391
6995423
6995431
6995576
6995691
6995758
6995779
6995976
6996162
6996172
6996260
6996298
6996300
6996306
6996370
6996461
6996498
6996528
6996614
6996660
6996729
6996899
6996941
6997018
6997315
6997471
6997615
6997964
6997977
6998038
6998102
6998109
6998500
6998628
6998822
6998894
6998940
6998997
6999105
6999251
6999281
6999385
6999405
6999542
6999557
6999646
6999878
7000011
7000021
7000291
7000321
7000470
7000663
7000667
7000738
7000780
7000868
7001276
7001368
7001442
7001680
7001985
7002120
7002203
7002284
7002317
7002328
7002368
7002733
7002987
7003001
7003111
7003250
7003444
7003455
7003472
7003560
7003603
7003612
7003649
7003691
7003734
7003792
7004020
7004326
7004458
7004511
7004611
7004628
7005003
7005005
7005168
7005361
7005370
7005410
7005469
7005489
7005573
7005729
7005736
7005825
7005873
7006013
7006064
7006092
7006094
7006121
7006205
7006351
7006386
7006417
7006500
7006512
7006634
7006739
7006859
7006934
7007144
7007206
7007274
7007419
7007481
7007482
7007765
7007854
7008059
7008257
7008633
7008697
7008811
7008875
7009042
7009049
7009113
7009230
7009245
7009311
7009562
7009642
7009733
7009752
7009777
7009836
7009840
7009865
7009880
7009905
7009953
7009993
7010058
7010164
7010264
7010286
7010471
7010743
7010771
7010779
7010895
7010918
7011157
7011306
7011476
7011493
7011506
7011642
7011908
7012234
7012275
7012511
7012540
7012628
7012859
7013156
7013236
7013344
7013351
7013502
7013625
7013729
7013780
7013836
7013880
7013976
7014002
7014065
7014184
7014286
7014342
7014490
7014652
7014657
7014798
7014824
7014875
7014927
7015113
7015127
7015325
7015333
7015346
7015353
7015560
7015624
7015626
7015735
7015746
7015764
7015783
7015906
7015948
7016010
7016068
7016118
7016193
7016405
7016497
7016554
7016961
7017073
7017192
7017348
7017369
7017425
7017445
7017591
7017619
7017742
7017912
7017931
7018023
7018100
7018136
7018301
7018390
7018454
7018571
7018647
7019113
7019119
7019126
7019198
7019245
7019282
7019400
7019435
7019465
7019537
7019668
7019752
7019817
7019864
7019888
7019991
7020156
7020188
7020403
7020688
7021052
7021278
7021426
7021486
7021575
7022050
7022109
7022130
7022133
7022259
7022441
7022499
7022512
7022618
7022655
7022718
7022726
7022851
7022939
7023026
7023061
7023270
7023339
7023365
7023459
7023557
7023628
7023695
7023704
7023858
7024126
7024133
7024137
7024416
7024457
7024483
7024492
7024542
7024596
7024639
7024692
7024735
7024829
7025015
7025101
7025184
7025211
7025262
7025328
7025348
7025449
7025470
7025477
7025599
7025625
7025657
7025673
7025681
7026228
7026492
7026692
7026808
7026939
7026966
7027012
7027075
7027301
7027386
7027446
7027460
7027593
7027595
7027748
7027869
7028074
7028080
7028117
7028213
7028314
7028362
7028425
7028466
7028484
7028486
7028687
7028738
7028847
7028953
7029112
7029117
7029234
7029297
7029393
7029430
7029442
7029459
7029682
7029811
7029818
7029825
7030087
7030179
7030298
7030604
7030626
7030680
7030700
7030792
7030899
7031007
7031046
7031150
7031243
7031341
7031596
7031602
7031842
7032328
7032376
7032442
7032498
7032521
7032525
7032532
7032569
7032966
7032983
7033033
7033133
7033156
7033254
7033283
7033314
7033404
7033498
7033504
7033533
7033547
7033804
7033859
7034116
7034308
7034474
7034760
7034793
7034844
7034903
7035196
7035208
7035379
7035426
7035508
7035655
7035659
7036186
7036318
7036491
7036532
7036717
7036818
7036851
7036864
7037103
7037201
7037313
7037450
7037791
7037871
7038235
7038276
7038337
7038399
7038449
7038678
7038713
7038752
7038837
7038974
7039140
7039148
7039168
7039264
7039337
7039406
7039786
7039823
7040181
7040291
7040292
7040383
7040391
7040510
7040568
7040658
7040874
7041070
7041073
7041107
7041246
7041360
7041580
7041702
7041895
7041931
7041951
7042026
7042031
7042110
7042178
7042267
7042300
7042314
7042421
7042701
7042738
7042750
7042768
7042935
7043082
7043170
7043177
7043230
7043232
7043362
7043371
7043433
7043543
7043663
7043956
7043968
7043985
7044011
7044058
7044145
7044443
7044478
7044525
7044593
7044986
7044987
7045082
7045286
7045323
7045431
7045480
7045672
7045756
7045767
7045817
7046071
7046117
7046194
7046282
7046359
7046372
7046412
7046491
7046496
7046527
7046601
7046793
7046916
7046952
7046993
7047014
7047095
7047113
7047161
7047264
7047292
7047365
7047479
7047494
7047503
7047595
7047598
7047663
7047961
7048021
7048068
7048147
7048160
7048187
7048388
7048396
7048595
7048652
7048726
7048895
7048956
7048978
7049012
7049057
7049144
7049210
7049409
7049445
7049663
7049762
7049941
7050004
7050021
7050046
7050138
7050380
7050497
7050528
7050558
7050629
7050805
7051181
7051312
7051396
7051497
7051539
7051610
7051685
7051780
7051950
7052053
7052330
7052347
7052510
7052675
7052686
7052776
7052910
7053053
7053149
7053154
7053270
7053273
7053360
7053457
7053715
7053806
7053862
7054099
7054146
7054181
7054188
7054244
7054347
7054627
7054631
7054651
7054713
7054715
7054720
7054897
7055003
7055153
7055265
7055460
7055612
7055647
7055688
7055713
7055820
7055886
7055956
7056087
7056103
7056129
7056138
7056361
7056543
7056557
7056599
7056874
7057017
7057205
7057303
7057475
7057488
7057494
7057551
7057702
7057723
7057803
7057817
7057866
7057884
7057961
7058137
7058313
7058393
7058753
7058787
7058909
7059010
7059017
7059055
7059067
7059268
7059288
7059373
7059403
7059654
7059756
7059875
7060080
7060185
7060304
7060339
7060373
7060392
7060430
7060608
7060665
7060824
7060900
7060942
7060966
7061106
7061186
7061382
7061502
7061525
7061792
7061795
7061963
7061999
7062043
7062048
7062317
7062447
7062699
7062705
7062776
7062789
7062808
7062863
7062986
7063210
7063279
7063419
7063446
7063447
7063484
7063535
7063545
7063578
7063785
7063892
7063911
7063997
7064133
7064260
7064378
7064409
7064461
7064471
7064687
7064719
7064723
7064763
7065180
7065207
7065218
7065295
7065678
7065705
7065762
7065786
7065900
7065918
7065960
7066054
7066069
7066090
7066141
7066284
7066342
7066350
7066440
7066693
7066846
7067060
7067131
7067220
7067559
7067637
7067735
7067744
7067787
7067843
7067913
7067948
7068215
7068281
7068323
7068344
7068376
7068452
7068559
7068602
7068648
7068956
7068983
7069171
7069300
7069363
7069365
7069601
7069747
7069755
7070021
7070086
7070122
7070206
7070224
7070301
7070325
7070387
7070751
7070835
7070881
7070969
7071094
7071131
7071254
7071280
7071306
7071400
7071444
7071485
7071570
7071846
7071921
7071994
7072111
7072116
7072212
7072236
7072287
7072324
7072372
7072392
7072563
7072645
7072713
7072776
7072856
7072859
7073143
7073149
7073245
7073248
7073269
7073304
7073313
7073320
7073449
7073476
7073567
7073641
7073754
7073813
7073831
7073841
7073858
7073890
7073899
7074234
7074340
7074436
7074575
7074577
7074737
7074755
7074800
7075059
7075214
7075420
7075469
7075474
7075632
7075717
7075721
7075814
7075881
7076168
7076208
7076287
7076351
7076393
7076446
7076459
7076616
7076774
7076799
7076865
7076890
7076910
7076945
7076960
7077004
7077163
7077188
7077209
7077216
7077498
7077541
7077606
7077615
7077669
7077856
7077895
7078112
7078214
7078318
7078476
7078515
7078537
7078582
7078718
7078799
7078824
7078978
7079157
7079275
7079541
7079768
7079856
7080005
7080169
7080335
7080363
7080543
7080557
7080623
7080671
7080827
7080945
7081043
7081102
7081174
7081300
7081324
7081345
7081436
7081442
7081523
7081545
7081549
7081708
7081729
7081991
7082016
7082297
7082300
7082480
7082516
7082734
7082952
7083029
7083163
7083292
7083322
7083325
7083518
7083574
7083714
7083977
7084013
7084070
7084139
7084506
7084550
7084635
7084797
7084809
7084923
7085042
7085045
7085179
7085273
7085404
7085550
7085563
7085572
7085591
7085700
7085713
7085722
7085724
7085802
7086011
7086078
7086230
7086290
7086517
7086676
7086753
7086845
7087170
7087220
7087314
7087389
7087451
7087491
7087523
7087574
7087690
7087797
7088034
7088095
7088126
7088322
7088342
7088417
7088476
7088589
7088633
7088760
7088859
7088956
7089149
7089181
7089318
7089344
7089619
7089945
7090107
7090277
7090358
7090412
7090415
7090517
7090523
7091083
7091373
7091494
7091551
7091605
7091702
7091775
7091819
7091841
7092085
7092179
7092415
7092467
7092559
7092580
7092740
7092870
7092899
7093119
7093128
7093243
7093271
7093336
7093432
7093444
7093460
7093502
7093508
7093514
7093519
7093536
7093597
7093716
7093876
7094077
7094127
7094227
7094291
7094341
7094348
7094360
7094365
7094413
7094552
7094639
7095046
7095072
7095490
7095497
7095591
7095704
7095715
7095730
7095770
7096428
7096779
7096852
7096867
7097111
7097311
7097740
7097841
7097974
7097987
7098194
7098213
7098425
7098858
7098879
7098967
7099030
7099177
7099311
7099431
7099467
7099476
7099537
7099547
7099585
7099624
7100024
7100032
7100053
7100070
7100075
7100156
7100235
7100242
7100323
7100325
7100521
7100547
7100636
7100744
7100833
7101034
7101194
7101310
7101312
7101347
7101470
7101477
7101669
7102095
7102124
7102154
7102204
7102364
7102370
7102388
7102498
7102530
7102547
7102554
7102578
7102609
7102621
7102692
7102784
7102813
7102836
7102865
7102887
7103044
7103304
7103467
7103623
7103660
7103803
7103910
7103915
7104006
7104149
7104185
7104284
7104406
7104457
7104467
7104556
7104605
7104663
7104762
7104780
7104808
7104838
7104852
7104854
7104938
7105038
7105099
7105322
7105483
7105567
7105620
7105870
7105886
7105933
7105971
7106107
7106220
7106322
7106420
7106735
7106757
7106768
7106771
7106814
7107137
7107235
7107299
7107324
7107462
7107470
7107711
7107898
7107908
7107942
7107944
7108030
7108132
7108145
7108237
7108238
7108371
7108390
7108423
7108532
7108584
7108691
7108828
7108863
7108913
7109043
7109053
7109073
7109182
7109428
7109722
7109800
7109806
7109832
7109839
7109995
7110077
7110113
7110252
7110467
7110487
7110610
7110621
7110769
7110901
7110906
7110945
7111192
7111283
7111518
7111643
7111727
7111837
7111857
7111962
7111999
7112070
7112131
7112366
7112384
7112455
7112475
7112518
7112534
7112629
7112633
7112698
7113003
7113023
7113158
7113166
7113173
7113307
7113325
7113580
7113598
7113689
7113945
7113982
7114004
7114049
7114103
7114357
7114366
7114382
7114439
7114493
7114504
7114991
7115018
7115033
7115094
7115151
7115222
7115280
7115315
7115380
7115496
7115612
7115643
7115726
7115872
7116163
7116208
7116305
7116318
7116411
7116448
7116562
7116665
7116773
7116884
7117121
7117138
7117139
7117153
7117184
7117260
7117358
7117436
7117590
7117901
7117937
7118197
7118265
7118506
7118572
7118694
7118751
7118774
7118899
7118947
7119174
7119204
7119377
7119395
7119583
7119733
7119787
7120036
7120095
7120126
7120534
7120622
7120760
7120767
7120941
7120961
7120996
7121070
7121243
7121441
7121446
7121454
7121619
7121646
7121865
7121934
7121937
7122143
7122351
7122383
7122402
7122426
7122435
7122441
7122596
7122726
7122768
7122933
7123012
7123092
7123117
7123120
7123421
7123470
7123603
7123625
7123647
7124129
7124170
7124247
7124483
7124830
7125043
7125112
7125135
7125147
7125280
7125357
7125462
7125464
7125493
7125522
7126091
7126097
7126405
7126446
7126558
7126597
7126646
7126810
7126939
7127341
7127344
7127560
7127566
7127725
7127884
7128292
7128562
7128565
7128890
7128915
7128967
7128996
7129014
7129020
7129142
7129146
7129174
7129285
7129531
7129726
7129756
7129801
7129904
7130154
7130155
7130225
7130239
7130393
7130656
7130673
7130674
7130786
7130790
7130830
7130852
7131100
7131125
7131310
7131363
7131592
7131741
7131785
7132059
7132168
7132222
7132370
7132422
7132607
7132859
7132861
7133560
7133578
7133920
7134110
7134126
7134147
7134281
7134387
7134838
7134859
7134884
7134958
7134984
7135060
7135109
7135121
7135161
7135234
7135363
7135465
7135520
7135532
7136102
7136136
7136334
7136426
7136649
7136848
7136948
7136953
7137006
7137125
7137139
7137252
7137270
7137347
7137479
7137560
7137602
7137612
7137831
7137896
7137902
7137905
7138060
7138221
7138507
7138670
7138712
7138836
7138875
7139066
7139079
7139088
7139160
7139409
7139412
7139433
7139437
7139451
7139658
7139679
7139814
7140137
7140183
7140223
7140382
7140392
7140476
7140689
7140858
7141043
7141111
7141175
7141289
7141407
7141555
7141733
7141744
7141909
7141927
7141934
7142176
7142384
7142418
7142469
7142513
7142545
7142661
7142850
7142898
7142918
7143093
7143182
7143296
7143353
7143519
7144096
7144206
7144386
7144469
7144734
7144881
7145025
7145056
7145096
7145097
7145221
7145352
7145425
7145600
7145668
7145812
7146172
7146183
7146248
7146297
7146329
7146396
7146580
7146771
7146829
7146846
7146850
7147138
7147203
7147297
7147331
7147394
7147566
7147588
7147670
7147694
7147886
7147939
7147967
7147971
7148038
7148062
7148094
7148118
7148395
7148403
7148585
7148690
7148736
7148821
7148945
7148993
7149272
7149309
7149391
7149403
7149501
7149905
7149916
7149946
7150002
7150065
7150575
7150581
7150634
7150758
7150983
7151024
7151130
7151331
7151477
7151586
7151587
7151696
7151860
7151883
7151895
7152015
7152092
7152304
7152309
7152382
7152497
7152505
7152542
7152562
7152738
7152794
7153105
7153182
7153213
7153240
7153496
7153649
7153686
7153722
7153871
7153943
7153949
7154218
7154519
7154590
7154874
7155231
7155338
7155361
7155533
7155659
7155894
7156119
7156498
7156561
7156569
7156571
7156631
7157041
7157475
7157558
7157643
7157651
7157686
7157735
7157996
7158098
7158125
7158175
7158219
7158547
7158670
7158712
7158755
7158779
7158969
7159187
7159257
7159276
7159379
7159427
7159482
7159484
7159803
7159868
7159901
7159938
7160119
7160131
7160166
7160397
7160747
7160752
7160775
7160781
7160862
7161122
7161125
7161185
7161280
7161300
7161330
7161411
7161478
7161503
7161769
7161865
7161874
7161877
7161897
7162081
7162100
7162114
7162166
7162194
7162290
7162376
7162449
7162533
7162811
7163053
7163231
7163474
7163889
7163890
7164249
7164262
7164265
7164267
7164270
7164300
7164304
7164337
7164517
7164525
7164528
7164644
7164762
7164799
7164911
7164952
7164981
7165091
7165211
7165244
7165471
7165562
7165629
7165808
7165981
7165986
7166066
7166270
7166373
7166476
7166521
7166555
7166574
7166598
7166605
7166777
7166924
7167292
7167295
7167383
7167385
7167424
7167505
7167549
7167774
7167793
7167824
7168157
7168430
7168477
7168514
7168577
7168618
7168626
7168629
7168729
7168987
7169101
7169153
7169158
7169249
7169427
7169558
7169654
7169656
7169690
7169898
7170068
7170106
7170148
7170216
7170320
7170360
7170510
7170546
7170582
7171025
7171209
7171220
7171222
7171268
7171337
7171537
7171585
7171661
7171724
7171780
7171823
7172396
7172484
7172580
7172622
7172732
7172773
7172892
7173136
7173323
7173357
7173441
7173601
7173651
7173878
7173904
7173977
7173986
7174102
7174189
7174252
7174409
7174540
7174664
7174692
7174903
7174921
7175050
7175134
7175193
7175336
7175547
7175703
7175797
7176079
7176381
7176541
7176829
7176830
7176845
7176877
7177101
7177257
7177274
7177335
7177362
7177380
7177476
7177562
7177617
7177620
7177747
7177790
7177813
7177947
7177963
7178005
7178033
7178106
7178112
7178149
7178168
7178363
7178405
7178574
7178643
7178845
7178949
7178996
7179009
7179033
7179285
7179338
7179360
7179506
7179608
7179841
7180117
7180168
7180201
7180250
7180313
7180342
7180416
7180538
7180795
7180836
7180932
7181129
7181138
7181268
7181497
7181595
7181629
7181925
7181929
7181976
7182001
7182128
7182569
7182731
7182774
7182856
7183274
7183330
7183500
7183567
7183779
7183858
7183992
7184367
7184431
7184441
7184704
7184720
7184934
7185019
7185084
7185309
7185367
7185647
7185718
7185982
7186095
7186216
7186538
7186636
7186683
7186730
7186963
7187230
7187247
7187260
7187396
7187567
7187601
7187692
7187733
7187823
7187948
7188041
7188063
7188138
7188218
7188221
7188247
7188300
7188322
7188524
7188608
7188609
7188655
7188682
7188757
7188774
7188800
7188827
7188831
7188841
7188982
7189048
7189141
7189373
7189607
7189782
7189795
7189855
7189967
7190134
7190198
7190252
7190254
7190327
7190378
7190407
7190414
7190544
7190553
7190615
7191144
7191197
7191291
7191341
7191356
7191622
7191692
7191713
7191765
7192029
7192031
7192083
7192093
7192368
7192392
7192403
7192409
7192448
7192498
7192511
7192523
7192535
7192577
7192630
7192808
7192824
7192870
7192992
7193094
7193131
7193317
7193423
7193813
7194078
7194091
7194093
7194159
7194290
7194371
7194522
7194563
7194588
7194602
7194618
7194634
7194753
7194881
7195036
7195179
7195253
7195464
7195608
7195627
7195664
7195700
7195924
7195932
7195978
7196101
7196194
7196205
7196350
7196406
7196435
7196631
7196725
7196752
7196808
7196933
7196990
7197061
7197496
7197869
7197948
7198052
7198113
7198228
7198296
7198519
7198610
7198717
7198753
7198861
7198958
7199059
7199198
7199269
7199382
7199487
7199900
7199959
7200018
7200101
7200140
7200331
7200407
7200869
7200926
7201235
7201236
7201249
7201341
7201352
7201404
7201406
7201407
7201452
7201549
7201635
7201966
7201967
7202318
7202396
7202583
7202616
7202648
7202716
7202776
7202783
7202824
7202869
7202929
7202985
7203016
7203041
7203061
7203193
7203257
7203314
7203352
7203363
7203394
7203467
7203574
7203627
7203672
7203763
7203820
7203968
7204016
7204263
7204439
7204444
7204562
7204578
7204673
7204686
7204718
7204721
7204905
7205039
7205100
7205108
7205179
7205278
7205292
7205299
7205416
7205417
7205472
7205488
7205536
7205614
7206422
7206441
7206524
7206559
7206604
7206647
7206677
7206820
7206843
7206855
7206882
7206976
7207056
7207133
7207225
7207299
7207458
7207529
7207572
7207758
7207881
7208002
7208084
7208121
7208372
7208584
7208591
7208664
7208743
7208844
7208868
7208877
7208992
7209039
7209081
7209111
7209158
7209216
7209238
7209347
7209385
7209426
7209589
7209593
7209609
7209647
7209823
7209868
7209887
7209921
7209946
7210479
7210759
7211152
7211501
7211590
7211826
7211876
7211976
7212003
7212108
7212500
7212536
7212586
7212655
7212692
7212814
7212823
7212836
7213244
7213365
7213472
7213500
7213596
7213678
7214039
7214300
7214455
7214528
7214554
7214630
7214671
7214677
7214686
7215207
7215249
7215492
7215559
7215628
7215634
7215838
7215898
7215901
7216031
7216165
7216265
7216396
7216501
7216516
7216566
7216663
7216758
7216945
7217037
7217355
7217456
7217652
7217659
7217725
7217747
7217832
7217845
7217946
7217950
7217955
7218048
7218083
7218113
7218360
7218524
7219149
7219177
7219237
7219288
7219308
7219400
7219484
7219667
7219724
7219935
7219944
7220054
7220238
7220283
7220325
7220392
7220403
7220458
7220624
7220752
7220788
7220916
7220976
7221248
7221252
7221261
7221440
7221617
7221728
7221763
7221892
7222024
7222203
7222723
7222791
7222937
7222983
7223013
7223050
7223143
7223176
7223196
7223218
7223301
7223588
7223597
7223677
7223853
7223973
7224096
7224115
7224131
7224135
7224177
7224348
7224417
7224422
7224427
7224888
7225112
7225124
7225201
7225232
7225272
7225481
7225485
7225514
7225591
7225613
7225882
7225962
7225980
7226148
7226210
7226227
7226332
7226461
7226484
7226535
7226550
7226640
7226822
7226955
7226987
7227071
7227335
7227574
7227693
7228036
7228056
7228464
7228520
7228867
7228965
7229220
7229404
7229478
7229696
7229922
7229940
7229963
7230246
7230327
7230333
7230404
7230412
7230468
7230662
7230716
7230791
7230828
7230866
7231004
7231029
7231173
7231251
7231288
7231377
7231488
7231669
7231810
7231819
7231918
7232029
7232038
7232063
7232144
7232146
7232194
7232297
7232427
7232448
7232465
7232765
7232766
7232843
7232862
7233052
7233078
7233231
7233299
7233348
7233374
7233380
7233381
7233407
7233546
7233592
7233764
7233778
7233995
7234344
7234360
7234374
7234543
7234591
7234648
7234687
7234773
7234937
7234938
7234959
7235083
7235122
7235126
7235739
7235743
7235792
7235930
7235952
7236061
7236124
7236133
7236170
7236195
7236216
7236297
7236438
7236493
7236533
7236592
7236607
7236833
7237234
7237250
7237448
7237782
7237799
7237806
7237868
7238009
7238049
7238055
7238082
7238136
7238238
7238339
7238342
7238433
7238511
7238554
7238593
7238756
7238818
7238892
7238909
7239111
7239149
7239189
7239191
7239240
7239270
7239336
7239383
7239387
7239446
7239551
7239702
7239795
7239805
7239896
7239962
7240049
7240157
7240168
7240251
7240304
7240350
7240479
7240495
7240766
7240869
7240898
7240917
7240972
7241025
7241047
7241111
7241322
7241352
7241548
7241583
7241657
7241837
7241894
7241963
7242134
7242261
7242446
7242778
7243029
7243035
7243190
7243232
7243366
7243378
7243386
7243393
7243518
7243612
7243697
7243745
7243750
7243857
7243938
7244128
7244159
7244220
7244251
7244376
7244559
7244699
7245013
7245021
7245138
7245171
7245321
7245324
7245360
7245397
7245480
7245576
7245618
7245731
7245775
7245841
7245842
7245873
7246226
7246339
7246359
7246574
7246795
7246805
7246840
7246854
7246856
7246866
7246982
7247024
7247263
7247350
7247370
7247490
7247492
7247539
7247561
7247563
7247631
7247707
7247781
7247794
7247799
7247888
7247928
7247965
7248009
7248182
7248438
7248649
7248828
7248843
7248854
7248926
7248948
7248977
7249147
7249272
7249352
7249413
7249461
7249743
7249886
7249929
7250064
7250256
7250346
7250374
7250454
7250558
7250603
7250722
7250740
7250847
7250904
7250927
7250947
7251039
7251041
7251043
7251225
7251312
7251379
7251411
7251463
7251557
7251682
7251842
7252025
7252202
7252231
7252277
7252436
7252704
7252719
7252834
7252875
7252939
7253185
7253272
7253347
7253379
7253454
7253481
7253571
7253660
7253668
7253673
7253701
7253828
7253868
7253923
7253929
7253959
7254055
7254056
7254241
7254248
7254310
7254518
7254593
7254611
7254711
7254895
7255032
7255309
7255343
7255676
7255751
7255809
7255851
7255875
7255902
7256249
7256268
7256287
7256437
7256566
7256577
7256598
7256747
7256764
7256778
7256823
7256845
7256875
7257183
7257220
7257226
7257525
7257722
7257765
7257766
7257810
7257843
7257868
7257870
7257998
7258006
7258103
7258106
7258275
7258340
7258523
7258576
7258624
7258633
7258646
7258667
7258715
7258847
7258911
7258926
7258965
7258971
7259036
7259152
7259232
7259396
7259572
7259600
7259654
7259703
7259730
7259800
7260054
7260123
7260126
7260142
7260168
7260241
7260285
7260506
7260642
7260663
7260925
7261553
7261580
7261618
7261849
7261908
7262136
7262338
7262350
7262656
7262892
7262985
7263154
7263223
7263240
7263442
7263485
7263516
7263658
7263692
7263979
7263992
7264016
7264075
7264103
7264626
7264717
7264961
7265047
7265555
7265752
7265772
7265914
7265940
7265973
7266035
7266203
7266317
7266436
7266444
7266478
7266662
7266729
7266810
7266930
7267057
7267277
7267525
7267558
7267597
7267799
7267855
7267898
7267925
7267943
7267953
7268035
7268083
7268189
7268511
7268521
7268532
7268581
7268678
7268699
7268758
7268898
7268966
7269029
7269090
7269136
7269248
7269263
7269524
7269725
7270013
7270107
7270324
7270373
7270544
7270731
7270752
7270767
7270775
7270999
7271088
7271155
7271201
7271380
7271537
7271583
7271593
7271681
7271818
7271899
7271974
7272010
7272082
7272220
7272254
7272285
7272419
7272474
7272569
7272715
7272754
7273078
7273100
7273182
7273214
7273265
7273270
7273281
7273512
7273792
7273920
7274066
7274175
7274224
7274407
7274409
7274411
7274475
7274515
7274518
7274685
7274693
7275180
7275184
7275250
7275369
7275375
7275443
7275500
7275553
7275675
7275703
7275731
7275739
7275838
7276001
7276067
7276199
7276379
7276443
7276523
7276541
7276700
7276724
7276800
7276828
7276908
7276929
7277045
7277152
7277174
7277428
7277494
7277508
7277592
7277647
7277684
7277697
7277833
7277847
7277896
7278098
7278189
7278366
7278503
7278523
7278544
7278621
7278632
7278868
7278871
7278909
7278975
7279107
7279302
7279405
7279433
7279548
7279731
7279864
7279876
7279884
7279896
7280103
7280155
7280380
7280476
7280544
7280707
7280747
7280788
7280820
7280912
7281061
7281095
7281155
7281173
7281400
7281502
7281676
7281784
7281835
7281992
7281994
7282024
7282050
7282066
7282245
7282294
7282348
7282623
7282675
7282705
7282826
7282876
7282881
7282903
7282915
7283037
7283087
7283366
7283449
7283546
7283642
7283691
7284103
7284160
7284486
7284575
7284584
7284658
7284817
7284863
7285115
7285237
7285438
7285471
7285504
7285563
7285740
7285803
7285806
7285953
7286319
7286474
7286482
7286587
7286667
7286900
7287008
7287040
7287153
7287193
7287277
7287288
7287292
7287928
7287933
7288132
7288146
7288225
7288263
7288330
7288417
7288480
7288593
7288667
7288816
7288826
7289119
7289123
7289175
7289179
7289287
7289302
7289430
7289583
7289635
7289764
7289779
7290112
7290202
7290430
7290541
7290621
7290696
7290821
7290840
7290855
7290876
7290902
7290911
7290972
7291008
7291128
7291401
7291439
7291496
7291516
7291647
7291971
7292053
7292089
7292098
7292172
7292232
7292244
7292299
7292405
7292412
7292443
7292585
7292596
7292834
7292878
7292892
7292899
7292909
7292914
7293005
7293212
7293415
7293473
7293581
7293635
7293694
7293747
7293754
7293785
7293834
7293969
7293975
7294039
7294072
7294083
7294118
7294138
7294199
7294271
7294272
7294293
7294435
7294540
7294553
7294717
7294845
7294902
7295054
7295321
7295441
7295539
7295579
7295771
7295960
7295967
7295999
7296027
7296041
7296066
7296212
7296266
7296342
7296382
7296503
7296523
7296660
7296684
7296798
7296846
7296996
7297094
7297223
7297251
7297274
7297429
7297446
7298049
7298051
7298337
7298485
7298521
7298604
7298638
7298716
7298726
7298769
7298944
7299024
7299066
7299323
7299348
7299372
7299407
7299578
7299627
7299681
7299855
7300129
7300137
7300146
7300291
7300335
7300384
7300454
7300480
7300510
7300547
7300717
7300872
7300915
7300974
7301003
7301104
7301244
7301268
7301271
7301378
7301418
7301616
7301636
7301688
7301871
7302040
7302170
7302323
7302326
7302330
7302411
7302418
7302516
7302918
7303418
7303602
7303616
7303777
7303802
7303806
7304033
7304209
7304332
7304685
7305355
7305554
7305874
7305930
7306192
7306246
7306348
7306379
7306502
7306504
7306510
7306531
7306628
7306670
7306806
7307013
7307014
7307043
7307113
7307487
7307571
7307651
7308014
7308084
7308163
7308238
7308732
7308758
7308859
7309049
7309079
7309098
7309185
7309240
7309255
7309375
7309514
7309574
7309639
7309674
7309769
7309780
7309929
7310012
7310103
7310151
7310172
7310246
7310252
7310339
7310351
7310374
7310503
7310534
7310540
7310574
7310729
7310843
7311256
7311357
7311419
7311439
7311473
7311568
7311570
7311822
7311898
7311922
7311966
7312021
7312022
7312088
7312171
7312259
7312696
7312961
7312997
7313001
7313012
7313027
7313156
7313236
7313249
7313369
7313389
7313414
7313602
7313715
7313745
7313898
7314140
7314249
7314250
7314309
7314349
7314352
7314478
7314479
7314513
7314591
7314809
7314925
7314945
7314987
7315095
7315202
7315267
7315312
7315313
7315664
7315772
7316037
7316195
7316213
7316549
7316561
7316581
7316601
7316627
7316697
7316804
7316909
7316918
7317050
7317095
7317188
7317289
7317464
7317483
7317670
7317677
7317918
7317927
7317992
7318279
7318356
7318365
7318444
7318446
7318580
7318659
7318830
7318938
7319075
7319092
7319094
7319126
7319397
7319400
7319558
7319657
7319753
7319831
7320014
7320147
7320234
7320248
7320526
7320815
7321000
7321032
7321136
7321243
7321477
7321663
7322073
7322083
7322309
7322331
7322334
7322383
7322669
7322852
7322882
7322886
7322953
7322975
7322987
7323240
7323527
7323610
7323679
7323757
7323782
7323812
7323819
7323823
7323849
7323942
7324009
7324352
7324482
7324574
7324612
7324631
7324706
7324734
7324968
7325122
7325173
7325291
7325554
7325637
7325988
7326007
7326102
7326171
7326184
7326254
7326285
7326331
7326416
7326455
7326479
7326480
7326665
7326926
7326977
7327015
7327273
7327360
7327561
7327683
7327890
7327989
7328347
7328349
7328579
7328621
7328647
7328815
7328912
7329124
7329183
7329190
7329306
7329444
7329463
7329479
7329578
7329881
7329901
7329994
7329998
7330297
7330401
7330564
7330724
7330749
7330807
7330819
7330899
7331070
7331087
7331117
7331186
7331427
7331512
7331538
7331640
7331661
7331722
7331806
7332016
7332064
7332072
7332091
7332127
7332303
7332363
7332405
7332417
7332525
7332627
7332659
7332790
7332800
7332930
7332944
7333132
7333136
7333144
7333162
7333229
7333250
7333300
7333457
7333479
7333489
7333533
7333680
7333771
7333814
7334021
7334045
7334050
7334077
7334115
7334216
7334236
7334368
7334479
7334768
7334914
7334977
7334986
7335102
7335104
7335285
7335576
7335597
7335604
7335616
7335652
7335666
7335724
7335788
7335795
7335804
7335881
7335932
7335949
7336099
7336112
7336117
7336183
7336340
7336366
7336489
7336536
7336571
7336611
7336661
7336722
7336898
7336920
7336962
7337022
7337026
7337028
7337038
7337319
7337327
7337757
7337853
7337868
7338010
7338041
7338102
7338165
7338340
7338379
7338924
7338967
7338975
7339094
7339188
7339297
7339430
7339507
7339923
7339957
7340023
7340159
7340198
7340250
7340357
7340372
7340561
7340584
7340729
7340732
7340789
7340822
7340925
7341033
7341065
7341099
7341110
7341398
7341604
7341772
7341932
7341947
7342189
7342228
7342334
7342526
7342560
7342717
7342866
7342981
7343045
7343061
7343354
7343392
7343570
7343591
7343820
7343881
7343897
7343910
7344149
7344208
7344268
7344308
7344332
7344342
7344388
7344456
7344618
7344722
7345086
7345253
7345389
7345428
7345490
7345519
7345520
7345677
7345692
7345930
7346112
7346268
7346580
7346643
7346705
7346873
7346974
7347044
7347062
7347071
7347081
7347089
7347111
7347177
7347394
7347589
7347639
7347740
7347854
7347893
7347903
7347960
7348006
7348069
7348239
7348253
7348453
7348463
7348588
7348867
7349126
7349271
7349320
7349327
7349358
7349512
7349529
7349657
7349683
7349855
7350230
7350267
7350622
7350676
7350782
7350899
7350901
7351196
7351228
7351593
7351597
7351621
7351647
7351925
7352057
7352079
7352171
7352208
7352400
7352428
7352490
7352681
7352710
7352813
7352931
7352983
7353091
7353505
7353617
7353719
7353825
7353945
7353973
7353981
7354068
7354325
7354621
7354625
7354644
7355043
7355153
7355345
7355492
7355724
7355755
7355763
7355811
7355919
7355976
7356121
7356159
7356200
7356274
7356366
7356438
7356633
7356763
7356968
7357217
7357223
7357451
7357578
7358195
7358292
7358433
7358516
7358906
7359005
7359127
7359128
7359130
7359432
7359755
7359772
7360069
7360198
7360221
7360250
7360342
7360555
7360606
7360667
7360693
7360722
7360774
7360891
7361063
7361077
7361842
7361881
7361995
7362018
7362029
7362041
7362085
7362129
7362162
7362226
7362401
7362432
7362482
7362710
7362773
7362822
7362952
7363048
7363149
7363221
7363257
7363346
7363432
7363533
7363558
7363609
7363635
7363750
7363799
7363876
7363931
7364005
7364042
7364113
7364125
7364206
7364215
7364289
7364488
7364491
7364495
7364507
7364592
7364611
7364761
7364827
7364874
7365102
7365164
7365364
7365473
7365500
7365590
7365724
7365739
7365846
7365856
7365907
7365958
7366083
7366090
7366102
7366248
7366252
7366409
7366568
7366691
7366723
7366760
7366812
7366818
7366842
7366866
7366898
7366967
7367023
7367089
7367090
7367364
7367466
7367551
7367704
7367772
7367785
7367787
7367956
7367995
7368039
7368157
7368284
7368300
7368333
7368406
7368542
7368659
7368673
7368695
7368740
7368766
7368815
7368930
7368942
7369033
7369046
7369141
7369146
7369160
7369192
7369203
7369448
7369479
7369624
7369661
7369769
7369838
7369879
7369887
7369916
7369949
7370002
7370302
7370387
7370536
7370543
7370574
7370629
7370664
7370882
7370909
7370942
7371114
7371241
7371264
7371284
7371326
7371513
7371522
7371597
7371612
7371696
7371844
7371904
7371906
7371907
7371921
7372335
7372443
7372475
7372667
7372697
7372789
7372819
7372861
7372932
7373028
7373084
7373092
7373181
7373289
7373309
7373326
7373377
7373614
7373669
7373686
7373876
7373887
7373937
7373940
7373991
7374045
7374212
7374213
7374259
7374456
7374540
7374647
7374747
7374803
7374898
7374965
7375063
7375087
7375088
7375299
7375304
7375476
7375487
7375558
7375576
7375630
7375697
7375823
7375839
7375900
7375975
7376075
7376232
7376383
7376411
7376657
7376666
7376755
7376924
7377003
7377098
7377522
7377542
7377629
7377634
7377878
7378065
7378225
7378326
7378792
7378859
7378902
7378941
7378942
7379081
7379273
7379384
7379414
7379439
7379451
7379617
7379770
7379828
7379864
7379883
7379975
7379987
7380013
7380128
7380343
7380452
7380513
7380552
7380617
7380743
7380965
7381250
7381498
7381506
7381524
7381635
7382209
7382308
7382362
7382522
7382558
7382627
7382645
7382902
7382949
7383169
7383291
7383334
7383352
7383427
7383455
7383506
7383868
7383957
7384055
7384428
7384457
7384693
7384734
7384900
7384937
7384951
7384971
7385267
7385389
7385646
7385660
7385851
7385941
7385944
7386040
7386197
7386216
7386227
7386358
7386612
7386679
7386782
7386847
7387073
7387134
7387138
7387140
7387243
7387252
7387290
7387567
7387955
7388091
7388175
7388338
7388404
7388452
7388845
7388897
7388909
7388919
7389120
7389127
7389243
7389264
7389488
7389500
7389527
7389570
7389623
7389716
7389777
7389849
7389873
7389897
7389907
7389930
7390119
7390181
7390208
7390388
7390591
7390649
7390744
7390748
7390826
7390911
7390939
7391044
7391419
7391470
7391502
7391646
7391663
7391850
7392116
7392252
7392405
7392459
7392468
7392488
7392659
7392719
7392795
7392940
7392999
7393038
7393091
7393147
7393182
7393262
7393357
7393408
7393503
7393616
7393627
7393688
7393749
7393824
7393853
7393889
7393957
7394173
7394271
7394354
7394402
7394480
7394617
7394666
7394869
7394954
7394956
7395004
7395088
7395127
7395155
7395301
7395377
7395512
7395581
7395614
7395677
7395739
7395776
7395780
7395829
7395872
7395891
7395927
7395992
7396053
7396096
7396153
7396526
7396720
7396735
7396786
7396895
7396901
7396948
7397019
7397074
7397076
7397250
7397256
7397260
7397428
7397597
7397604
7397686
7397842
7397865
7397896
7398023
7398035
7398117
7398161
7398196
7398331
7398345
7398423
7398491
7398542
7398682
7398713
7398753
7398890
7399016
7399217
7399243
7399334
7399372
7399624
7399658
7399664
7399817
7399862
7400034
7400165
7400405
7400571
7400600
7400613
7400784
7400793
7400940
7401109
7401170
7401190
7401263
7401317
7401371
7401461
7401492
7401679
7401705
7401810
7402170
7402179
7402257
7402263
7402307
7402678
7402700
7402701
7402932
7402958
7403119
7403190
7403260
7403330
7403590
7403747
7403913
7404093
7404170
7404304
7404477
7404521
7404558
7404703
7404792
7404953
7405035
7405037
7405085
7405206
7405207
7405257
7405262
7405390
7405533
7405720
7405741
7405776
7405954
7406205
7406301
7406321
7406364
7406568
7406722
7406758
7406897
7406904
7406924
7407024
7407122
7407150
7407264
7407275
7407309
7407412
7407534
7407556
7407561
7407703
7407769
7407825
7407917
7407930
7407982
7407999
7408061
7408134
7408243
7408397
7408475
7408570
7408605
7408625
7408896
7409181
7409246
7409270
7409350
7409394
7409401
7409615
7409619
7409788
7409804
7410028
7410085
7410101
7410295
7410470
7410664
7410677
7410683
7410809
7411077
7411180
7411280
7411338
7411492
7411765
7411823
7412003
7412075
7412369
7412554
7412585
7412749
7412886
7412958
7413094
7413209
7413448
7413481
7413576
7413578
7413595
7414003
7414438
7414458
7414503
7414599
7414748
7414838
7414853
7414938
7415045
7415064
7415138
7415194
7415271
7415296
7415404
7415483
7415487
7415637
7415674
7415711
7415716
7415729
7415824
7415830
7415976
7415997
7416187
7416208
7416230
7416276
7416386
7416493
7416499
7416618
7416883
7416937
7416941
7417185
7417250
7417303
7417328
7417344
7417347
7417352
7417486
7417557
7417686
7417743
7417922
7417994
7418017
7418096
7418117
7418152
7418185
7418211
7418938
7418957
7418980
7419048
7419132
7419211
7419328
7419430
7419607
7419660
7419735
7419882
7419892
7419941
7420233
7420460
7420557
7420801
7420839
7420903
7420922
7421042
7421054
7421594
7421675
7421707
7422026
7422083
7422306
7422326
7422367
7422462
7422560
7422626
7422734
7423009
7423018
7423223
7423380
7423453
7423517
7423597
7423613
7423642
7423725
7423787
7423817
7424048
7424069
7424106
7424310
7424391
7424489
7424538
7424540
7424573
7424699
7424788
7424886
7424948
7425365
7425541
7425560
7425829
7425908
7425977
7426082
7426213
7426272
7426395
7426524
7426560
7426561
7426661
7427081
7427082
7427197
7427274
7427297
7427419
7427444
7427647
7427681
7428015
7428046
7428077
7428135
7428237
7428247
7428488
7428543
7428611
7428694
7428792
7428869
7428982
7429153
7429191
7429268
7429739
7429801
7429888
7429910
7429956
7429984
7430064
7430129
7430169
7430328
7430616
7430791
7430845
7430932
7430986
7431076
7431149
7431160
7431171
7431280
7431423
7431480
7431761
7431781
7432193
7432270
7432379
7432448
7432549
7432662
7432775
7432803
7432874
7433212
7433622
7433723
7433944
7433996
7434241
7434493
7434658
7434736
7434807
7434854
7434869
7434992
7435121
7435151
7435166
7435176
7435231
7435247
7435312
7435313
7435509
7435539
7435541
7435543
7436014
7436053
7436098
7436457
7436718
7436885
7437156
7437182
7437747
7437752
7437820
7437827
7438156
7438204
7438473
7438476
7438619
7438659
7438677
7438825
7438959
7438988
7439018
7439050
7439070
7439291
7439296
7439438
7439508
7439528
7439756
7439778
7439827
7439844
7439854
7439913
7439948
7439962
7440107
7440349
7440393
7440498
7440513
7440569
7440643
7440702
7440824
7440828
7440871
7441142
7441165
7441257
7441333
7441338
7441356
7441474
7441479
7441623
7441647
7441797
7441983
7442255
7442282
7442284
7442399
7442445
7442598
7442615
7442825
7442852
7442877
7442885
7442889
7442972
7442979
7443076
7443105
7443146
7443168
7443183
7443287
7443535
7443646
7443650
7443893
7444010
7444050
7444208
7444270
7444316
7444439
7444532
7444682
7444702
7444724
7444736
7444966
7444994
7445036
7445088
7445421
7445632
7445639
7445697
7446016
7446051
7446396
7446483
7446557
7446637
7446655
7446689
7446695
7446830
7446926
7447472
7447509
7447540
7447598
7447613
7447691
7447704
7447731
7447811
7447875
7448129
7448136
7448143
7448228
7448555
7448576
7448729
7448753
7448832
7448979
7449055
7449424
7449621
7449655
7449674
7450006
7450091
7450198
7450209
7450362
7450368
7450402
7450583
7450625
7450828
7450862
7450883
7450965
7451116
7451182
7451251
7451738
7451940
7451952
7452077
7452140
7452175
7452245
7452339
7452396
7452558
7452574
7452693
7452714
7452741
7452761
7452798
7452860
7452954
7452959
7453143
7453316
7453383
7453394
7453409
7453440
7453621
7453701
7453709
7453740
7453747
7453865
7454089
7454150
7454318
7454517
7454547
7454577
7454774
7454956
7455173
7455265
7455488
7455522
7455625
7455684
7455922
7456161
7456269
7456409
7456508
7456605
7456680
7456980
7457016
7457165
7457277
7457491
7457631
7457736
7457774
7457972
7458227
7458304
7458496
7458511
7458528
7458862
7459110
7459131
7459234
7459268
7459352
7459486
7459532
7459596
7459852
7459862
7460147
7460180
7460303
7460396
7460586
7460667
7460681
7460738
7460766
7460929
7461182
7461269
7461282
7461462
7461623
7461705
7461798
7461812
7461889
7462028
7462201
7462260
7462262
7462608
7462656
7462704
7462743
7462924
7463014
7463071
7463294
7463319
7463469
7463497
7463502
7463509
7463751
7463757
7463837
7464244
7464292
7464371
7464411
7464418
7464426
7464562
7464626
7464985
7465070
7465166
7465301
7465305
7465337
7465509
7465629
7465704
7465737
7465790
7465813
7465882
7466045
7466184
7466267
7466275
7466425
7466490
7466512
7466554
7466808
7466915
7467020
7467021
7467214
7467338
7467362
7467427
7467466
7467484
7467494
7467510
7467514
7467530
7467535
7467540
7467917
7468049
7468105
7468408
7468540
7468596
7468629
7468655
7468755
7468849
7468956
7468964
7469130
7469148
7469178
7469352
7469411
7469437
7469558
7469799
7469820
7469873
7470065
7470093
7470175
7470214
7470261
7470281
7470310
7470394
7470429
7470557
7470596
7470648
7470908
7470973
7471013
7471215
7471246
7471295
7471301
7471354
7471408
7471448
7471484
7471896
7472069
7472264
7472438
7472620
7472626
7472807
7472964
7473159
7473259
7473331
7473607
7473755
7473766
7473933
7473948
7473977
7474004
7474217
7474361
7474713
7474740
7474772
7474835
7475133
7475202
7475239
7475284
7475297
7475525
7475645
7475784
7476072
7476158
7476192
7476202
7476284
7476688
7476891
7477027
7477063
7477188
7477291
7477334
7477342
7477444
7477530
7477589
7477738
7477929
7478033
7478236
7478254
7478333
7478422
7478583
7478773
7478895
7478920
7479290
7479340
7479394
7479410
7479618
7479628
7479656
7479721
7480126
7480222
7480315
7480324
7480463
7480496
7480774
7480899
7480905
7481049
7481065
7481228
7481256
7481460
7481588
7481618
7481720
7481829
7481891
7482242
7482351
7482427
7482474
7482495
7482516
7482566
7482714
7482734
7482739
7482764
7482808
7482849
7482963
7483208
7483333
7483690
7483701
7483907
7483976
7484229
7484511
7484651
7484683
7485696
7485891
7486057
7486155
7486382
7486567
7486873
7487436
7487460
7487486
7487554
7487601
7487617
7487713
7487804
7488083
7488095
7488180
7488220
7488361
7488445
7488581
7488598
7488653
7488784
7489211
7489265
7489382
7489474
7489535
7489555
7489588
7489617
7489639
7489772
7489849
7489853
7489857
7489965
7490044
7490360
7490373
7490581
7490901
7490944
7490973
7491362
7491415
7491763
7491862
7491875
7491925
7492152
7492293
7492570
7492598
7492793
7492926
7493328
7493426
7493507
7493552
7493588
7493601
7493777
7493880
7494234
7494243
7494329
7494568
7494595
7494660
7494673
7494869
7494883
7494887
7494890
7494900
7495076
7495125
7495412
7495453
7495521
7495696
7495705
7495718
7495874
7495931
7495943
7495957
7496002
7496041
7496131
7496309
7496395
7496398
7496579
7496580
7496626
7496658
7496835
7496853
7496917
7496948
7497032
7497035
7497243
7497704
7497708
7497823
7497961
7498019
7498103
7498183
7498199
7498309
7498345
7498368
7498374
7498441
7498523
7498550
7498624
7498695
7498758
7498818
7498965
7498984
7499221
7499719
7499749
7500032
7500271
7500288
7500521
7500542
7500613
7500669
7500755
7500780
7500806
7500908
7500910
7501094
7501154
7501155
7501389
7501639
7501739
7501883
7501929
7502013
7502068
7502090
7502335
7502351
7502380
7502524
7502543
7502622
7502659
7502732
7502748
7502781
7502884
7502924
7503049
7503171
7503186
7503215
7503288
7503289
7503302
7503334
7503867
7503948
7503962
7504026
7504234
7504299
7504339
7504621
7504711
7504713
7505173
7505294
7505482
7505735
7505905
7505932
7506041
7506048
7506101
7506199
7506272
7506368
7506595
7506615
7506702
7507136
7507169
7507287
7507356
7507367
7507596
7507714
7507780
7507785
7508189
7508288
7508603
7508680
7508734
7508776
7509393
7509510
7509636
7509709
7509858
7510043
7510075
7510244
7510409
7510538
7510572
7510752
7510847
7510901
7510928
7511052
7511055
7511161
7511164
7511317
7511344
7511378
7511562
7511648
7511703
7511706
7511947
7511991
7512071
7512181
7512202
7512253
7512379
7512570
7512582
7512699
7512813
7512825
7512906
7512971
7513162
7513213
7513245
7513251
7513433
7513456
7513532
7513703
7513836
7513854
7513882
7513918
7513956
7514304
7514344
7514367
7514574
7514791
7515103
7515163
7515432
7515436
7515555
7515581
7515608
7515762
7515891
7515978
7516007
7516332
7516373
7516468
7516566
7516614
7516678
7516723
7517421
7517481
7517617
7517630
7517660
7518012
7518122
7518167
7518250
7518267
7518348
7518404
7518737
7518770
7518853
7519081
7519097
7519243
7519247
7519266
7519325
7519381
7519386
7519458
7519508
7519674
7519786
7519852
7519860
7520113
7520179
7520278
7520279
7520466
7520635
7520756
7520922
7520945
7521093
7521137
7521446
7521566
7521567
7521672
7521917
7521934
7522139
7522543
7522605
7522798
7522815
7522916
7522925
7523082
7523126
7523246
7523272
7523310
7523397
7523500
7523676
7523769
7523852
7523860
7523886
7523922
7524104
7524156
7524268
7524299
7524405
7524483
7524520
7524532
7524794
7524947
7525025
7525134
7525291
7525542
7525555
7525664
7525722
7525843
7525961
7525969
7526202
7526433
7526643
7526820
7526970
7527026
7527050
7527055
7527073
7527092
7527132
7527311
7527387
7527453
7527919
7528089
7528094
7528352
7528367
7528401
7528517
7528579
7528724
7528749
7528839
7528861
7528899
7528963
7529487
7529518
7529586
7529799
7529875
7529939
7530004
7530088
7530095
7530241
7530298
7530458
7530598
7530599
7530642
7530705
7530859
7531037
7531049
7531062
7531150
7531275
7531572
7531637
7532271
7532333
7532419
7532470
7532890
7533145
7533320
7533400
7533453
7533572
7533583
7533637
7533732
7533847
7533850
7533999
7534035
7534082
7534086
7534093
7534096
7534197
7534285
7534651
7534860
7534992
7535021
7535168
7535358
7535392
7535421
7535460
7535468
7535542
7535697
7536014
7536236
7536522
7536633
7537142
7537147
7537181
7537237
7537380
7537549
7537599
7537640
7537667
7537782
7537883
7537888
7538171
7538214
7538390
7538427
7538507
7538796
7539004
7539048
7539064
7539101
7539234
7539346
7539389
7539398
7539552
7539596
7539701
7539858
7539911
7539987
7540013
7540227
7540256
7540279
7540376
7540382
7540564
7540612
7540874
7540942
7541072
7541109
7541136
7541160
7541212
7541306
7541434
7541453
7541505
7541509
7541604
7541736
7541777
7541834
7541859
7541879
7541971
7542048
7542236
7542291
7542308
7542328
7542384
7542406
7542439
7542458
7542589
7542657
7542820
7542952
7542965
7543022
7543166
7543250
7543274
7543281
7543309
7543388
7543423
7543672
7543692
7543832
7543867
7543879
7544060
7544188
7544217
7544222
7544264
7544431
7544519
7544725
7544896
7545000
7545066
7545267
7545287
7545294
7545339
7545582
7545819
7546013
7546130
7546410
7546468
7546601
7546631
7546678
7546885
7546967
7547239
7547263
7547404
7547461
7547496
7547564
7547751
7547818
7548032
7548121
7548134
7548198
7548204
7548310
7548543
7548575
7548591
7548610
7548734
7548775
7548784
7548899
7549120
7549485
7549628
7549822
7549934
7550158
7550735
7550858
7550880
7550900
7550918
7551186
7551318
7551386
7551448
7551488
7551586
7551609
7551708
7551792
7551819
7551888
7551960
7552012
7552101
7552216
7552227
7552333
7552360
7552447
7552487
7552490
7552587
7552694
7552985
7553096
7553117
7553824
7553886
7553918
7554032
7554071
7554299
7554341
7554503
7554592
7554790
7554797
7554866
7554869
7555042
7555117
7555198
7555284
7555459
7555624
7555653
7555662
7555689
7555809
7555882
7555891
7555964
7556012
7556167
7556183
7556462
7556592
7556673
7556883
7556952
7557085
7557126
7557647
7557918
7558303
7558431
7558475
7558527
7558549
7558606
7558674
7558708
7558846
7558909
7559245
7559292
7559361
7559411
7559413
7559532
7559542
7559585
7559653
7559756
7559800
7559858
7560219
7560222
7560341
7560453
7560519
7560651
7561278
7561350
7561530
7561578
7561704
7561709
7561945
7562037
7562146
7562333
7562432
7562528
7562644
7562700
7562749
7562952
7562999
7563037
7563069
7563154
7563206
7563348
7563353
7563433
7563581
7563922
7563955
7564030
7564185
7564417
7564491
7564555
7564658
7564750
7564781
7564825
7564843
7564844
7564941
7565091
7565108
7565199
7565249
7565356
7565412
7565599
7565755
7565877
7565923
7565945
7566039
7566132
7566148
7566293
7566358
7566365
7566503
7566511
7566522
7566747
7566851
7566873
7566993
7567002
7567015
7567040
7567129
7567194
7567307
7567697
7567840
7568015
7568040
7568147
7568180
7568592
7568806
7568835
7568969
7568991
7569044
7569303
7569327
7569347
7569501
7569591
7569692
7569785
7569875
7569918
7569949
7570222
7570244
7570267
7570295
7570306
7570521
7570587
7570736
7570746
7571012
7571327
7571434
7571455
7571550
7571607
7571709
7571716
7571734
7571812
7571846
7571906
7571972
7571990
7571995
7572077
7572105
7572155
7572174
7572198
7572467
7572491
7572551
7572589
7572598
7572740
7572773
7572783
7572957
7572976
7573007
7573034
7573145
7573163
7573358
7573417
7573480
7573616
7573693
7574004
7574361
7574397
7574399
7574685
7574708
7574727
7574787
7574954
7575157
7575239
7575626
7575864
7575975
7576300
7576360
7576409
7576483
7576568
7576571
7576601
7576681
7576690
7576777
7576928
7577193
7577228
7577418
7577757
7577903
7577963
7578027
7578038
7578060
7578171
7578227
7578243
7578309
7578636
7578752
7578959
7579015
7579075
7579162
7579282
7579299
7579396
7579411
7579486
7579596
7579703
7579735
7579753
7579865
7579900
7579942
7579992
7580161
7580194
7580220
7580277
7580303
7580324
7580524
7580543
7580821
7581114
7581134
7581156
7581840
7581848
7582007
7582086
7582135
7582506
7582548
7582612
7582812
7582831
7582878
7582902
7583054
7583093
7583098
7583209
7583787
7583794
7583990
7584256
7584338
7584342
7584509
7584523
7584597
7584637
7584640
7584670
7584752
7584775
7584915
7584976
7585007
7585026
7585076
7585237
7585284
7585361
7585368
7585557
7585683
7585724
7585745
7585789
7585971
7586140
7586208
7586311
7586350
7586479
7586606
7586625
7586719
7586746
7586937
7586947
7587230
7587597
7587642
7587656
7587742
7588023
7588056
7588143
7588220
7588250
7588536
7588631
7588704
7588869
7588883
7588947
7588978
7588994
7589121
7589192
7589296
7589305
7589633
7589642
7589758
7590030
7590075
7590094
7590103
7590134
7590154
7590220
7590251
7590385
7590495
7590804
7590953
7590966
7591031
7591036
7591208
7591559
7591614
7591704
7591918
7591951
7591966
7591981
7592219
7592364
7592387
7592467
7592840
7592847
7592944
7593006
7593017
7593039
7593077
7593102
7593242
7593467
7593469
7593600
7593636
7593798
7593853
7593877
7593924
7594124
7594269
7594427
7594476
7594533
7594640
7594652
7594686
7595035
7595701
7595702
7595754
7595769
7595851
7595897
7595907
7596064
7596132
7596188
7596221
7596587
7596858
7597039
7597057
7597116
7597210
7597237
7597593
7597809
7597857
7597928
7597970
7598098
7598191
7598246
7598449
7598539
7598646
7598754
7598796
7599263
7599402
7599509
7599573
7599592
7599662
7599755
7599787
7600021
7600062
7600067
7600078
7600097
7600112
7600117
7600165
7600212
7600239
7600390
7600458
7600597
7600598
7600854
7600919
7600948
7600966
7601082
7601276
7601308
7601344
7601433
7601613
7601974
7602014
7602028
7602072
7602090
7602189
7602191
7602293
7602508
7602511
7602874
7602912
7603271
7603299
7603471
7603539
7603617
7603752
7603828
7603851
7603941
7603955
7604054
7604113
7604765
7604809
7604906
7605096
7605157
7605534
7605645
7605714
7605738
7605749
7605948
7605975
7606360
7606454
7606765
7606825
7607280
7607523
7607602
7607607
7607682
7607744
7607844
7607958
7608086
7608157
7608258
7608344
7608354
7608537
7608567
7608841
7608855
7608867
7608868
7608925
7608961
7609007
7609283
7609526
7609703
7609774
7609932
7610065
7610280
7610345
7610420
7610510
7610535
7610636
7610722
7610740
7610888
7611015
7611029
7611051
7611065
7611113
7611189
7611193
7611238
7611328
7611372
7611391
7611403
7611410
7611431
7611471
7611522
7611595
7611805
7611954
7611958
7611970
7612075
7612082
7612142
7612283
7612462
7612469
7612864
7612932
7612953
7613021
7613069
7613399
7613554
7613691
7613771
7614054
7614063
7614069
7614071
7614116
7614151
7614183
7614195
7614523
7614547
7614658
7614709
7614836
7615260
7615369
7615382
7615388
7615647
7615665
7615670
7615712
7615857
7615867
7615877
7616147
7616177
7616229
7616231
7616404
7616617
7616741
7616845
7616945
7617027
7617077
7617129
7617523
7617717
7617880
7617893
7617939
7618071
7618146
7618360
7618374
7618497
7618695
7618812
7618860
7618997
7619155
7619179
7619455
7619508
7619665
7619669
7619709
7619787
7619991
7620064
7620151
7620188
7620364
7620370
7620436
7620470
7620475
7620514
7620530
7620608
7620624
7620992
7621085
7621155
7621247
7621276
7621309
7621429
7621518
7621537
7621775
7621891
7622008
7622182
7622221
7622430
7622433
7622446
7622566
7622604
7622667
7622858
7623024
7623116
7623323
7623421
7623432
7623446
7623450
7623655
7623815
7623825
7623979
7623998
7624187
7624436
7624896
7625066
7625072
7625095
7625143
7625184
7625203
7625290
7625343
7625452
7625489
7625688
7625689
7625882
7625970
7626107
7626180
7626206
7626233
7626387
7626995
7627145
7627151
7627281
7627316
7627370
7627381
7627605
7627746
7627934
7627957
7628064
7628320
7628389
7628535
7628549
7628847
7628962
7629025
7629134
7629387
7629389
7629392
7629535
7629552
7629601
7629732
7629771
7629844
7629875
7629976
7629993
7630102
7630145
7630177
7630212
7630220
7630250
7630286
7630455
7630690
7630962
7631070
7631075
7631116
7631340
7631883
7632094
7632293
7632319
7632460
7632509
7632828
7632875
7632935
7633107
7633120
7633198
7633268
7633756
7633775
7633889
7634047
7634068
7634093
7634136
7634212
7634277
7634336
7634435
7634508
7634528
7634530
7634629
7634683
7634832
7634877
7634891
7635140
7635284
7635509
7635552
7635656
7635735
7635737
7635743
7635825
7635857
7635868
7636418
7636622
7636706
7636708
7636744
7636816
7636982
7637105
7637148
7637339
7637350
7637361
7637403
7637509
7637565
7637724
7637769
7637771
7637831
7637903
7638020
7638254
7638364
7638391
7638446
7638497
7638744
7639106
7639143
7639275
7639400
7639471
7639492
7639675
7639950
7640030
7640146
7640195
7640509
7640569
7640652
7640948
7641049
7641125
7641364
7641374
7641536
7641549
7641573
7641639
7641800
7641822
7642135
7642156
7642225
7642265
7642305
7642356
7642480
7642493
7642574
7642620
7642731
7643072
7643188
7643273
7643310
7643724
7643970
7644175
7644275
7644302
7644309
7644383
7644998
7645273
7645282
7645324
7645422
7645460
7645481
7645486
7645507
7645519
7645589
7645596
7645626
7645659
7645789
7645800
7645819
7645837
7645935
7646054
7646125
7646181
7646276
7646369
7646424
7646627
7646761
7646787
7646830
7646847
7647083
7647227
7647401
7647530
7647654
7647657
7647681
7647700
7647709
7647842
7647846
7647932
7647937
7647996
7648052
7648061
7648199
7648365
7648379
7648514
7648650
7648688
7648743
7649096
7649361
7649423
7649541
7649558
7649570
7649583
7649618
7649757
7649822
7650159
7650232
7650351
7650382
7650464
7650676
7650680
7650774
7650837
7650909
7650918
7651071
7651153
7651159
7651234
7651252
7651356
7651543
7651570
7651632
7651776
7651815
7651944
7652037
7652082
7652127
7652157
7652186
7652402
7652431
7652600
7652626
7652660
7652661
7652690
7652710
7652729
7652854
7652949
7652993
7653018
7653046
7653064
7653296
7653330
7653364
7653604
7653643
7653782
7653901
7653919
7654033
7654048
7654068
7654458
7654535
7654585
7654635
7654702
7654739
7654776
7654861
7654932
7655072
7655087
7655094
7655240
7655304
7655740
7655797
7655842
7655867
7655872
7655908
7656354
7656464
7656645
7656662
7656696
7656713
7656725
7656785
7656961
7657062
7657154
7657266
7657268
7657320
7657390
7657677
7657856
7657917
7658013
7658060
7658416
7658483
7658552
7658782
7658852
7658860
7658991
7659056
7659151
7659359
7659492
7659530
7659552
7659618
7659664
7659723
7659726
7659780
7659915
7659930
7660021
7660025
7660105
7660248
7660400
7660477
7660507
7660618
7660620
7660684
7660739
7660758
7660797
7660799
7661204
7661356
7661407
7661422
7661560
7661664
7662019
7662188
7662205
7662442
7662550
7662571
7662775
7662785
7662908
7662991
7663052
7663083
7663151
7663301
7663302
7663358
7663615
7663630
7663679
7663685
7663755
7663836
7663938
7664201
7664280
7664391
7664467
7664492
7664615
7664689
7664848
7664968
7664991
7665148
7665425
7665447
7665593
7665644
7665704
7665909
7666141
7666311
7666328
7666654
7666662
7666836
7666887
7666963
7666965
7667117
7667288
7667422
7667653
7667707
7667829
7667990
7668021
7668109
7668206
7668245
7668266
7668307
7668566
7668692
7668734
7668768
7668853
7669008
7669102
7669201
7669208
7669224
7669431
7669461
7669464
7669518
7669533
7669615
7669623
7669655
7669836
7669965
7670054
7670291
7670406
7670427
7670457
7670514
7670526
7670681
7670712
7670713
7670884
7670984
7671020
7671095
7671148
7671404
7671501
7671608
7671803
7672089
7672270
7672392
7672531
7672568
7672672
7672698
7672715
7672809
7672972
7672989
7673025
7673073
7673105
7673123
7673182
7673476
7673484
7673492
7673706
7673771
7673831
7673867
7674001
7674076
7674177
7674250
7674351
7674395
7674570
7674583
7674834
7674839
7674850
7675072
7675083
7675357
7675444
7675559
7675572
7675742
7675773
7675835
7675848
7675975
7676019
7676074
7676109
7676219
7676312
7676460
7676503
7676550
7676697
7677076
7677078
7677117
7677346
7677402
7677520
7677681
7677840
7677977
7678027
7678080
7678111
7678205
7678291
7678398
7678447
7678474
7678490
7678542
7678588
7678612
7678776
7678854
7678867
7678877
7678911
7679134
7679348
7679420
7679507
7679688
7679747
7679818
7679936
7680516
7680694
7680830
7680970
7681265
7681436
7681477
7681741
7681756
7681772
7681973
7682116
7682250
7682406
7682477
7682480
7682516
7682573
7682703
7682809
7683153
7683197
7683268
7683354
7683438
7683490
7683592
7683688
7683837
7684142
7684153
7684301
7684361
7684406
7684425
7684464
7684894
7685070
7685158
7685440
7685580
7685617
7686021
7686240
7686324
7686472
7686528
7686605
7686943
7686970
7686975
7687021
7687433
7687636
7687646
7687864
7687999
7688093
7688370
7688585
7688679
7688836
7688903
7689171
7689266
7689311
7689325
7689898
7690018
7690045
7690080
7690112
7690147
7690240
7690375
7690472
7690492
7690525
7690555
7690605
7690677
7690719
7690835
7690837
7690968
7691021
7691161
7691236
7691325
7691449
7691529
7691811
7691927
7691950
7692021
7692056
7692077
7692122
7692146
7692169
7692437
7692567
7692665
7692693
7692753
7692767
7692957
7692986
7693176
7693181
7693199
7693210
7693376
7693379
7693506
7693577
7693673
7693782
7693786
7693952
7694045
7694186
7694205
7694298
7694498
7694571
7694896
7694922
7694978
7695039
7695084
7695091
7695227
7695337
7695354
7695425
7695465
7695534
7695832
7695871
7696039
7696092
7696511
7696943
7696981
7696982
7697157
7697158
7697259
7697314
7697359
7697593
7697727
7697792
7697916
7697933
7698066
7698097
7698146
7698173
7698206
7698211
7698217
7698343
7698513
7698550
7698588
7698692
7699200
7699249
7699402
7699434
7699570
7699719
7699796
7700085
7700118
7700211
7700427
7700777
7700795
7700914
7701117
7701134
7701218
7701244
7701245
7701250
7701338
7701506
7701556
7701590
7701599
7701867
7702100
7702181
7702336
7702547
7702636
7702697
7702972
7703040
7703287
7703365
7703398
7703414
7703429
7703541
7703961
7704081
7704272
7704334
7704380
7704441
7704523
7704555
7704675
7704693
7704838
7705260
7705284
7705331
7705490
7705549
7705738
7706077
7706096
7706131
7706322
7706415
7706421
7706575
7706849
7706968
7706975
7707006
7707266
7707326
7707383
7707445
7707474
7707665
7707743
7707744
7707914
7707938
7707962
7707976
7708275
7708297
7708314
7708382
7708545
7708563
7708699
7708753
7708866
7708986
7709004
7709013
7709266
7709296
7709319
7709473
7709759
7709813
7710002
7710058
7710086
7710121
7710184
7710439
7710476
7710493
7710643
7710736
7710756
7710897
7711097
7711221
7711291
7711652
7711694
7711766
7711910
7711986
7712174
7712483
7712529
7712530
7712636
7712642
7712721
7712902
7712955
7712979
7713087
7713190
7713266
7713437
7713542
7713593
7713614
7713931
7713949
7714524
7714827
7714961
7715068
7715160
7715191
7715222
7715419
7715432
7715516
7715556
7715572
7715622
7715850
7716015
7716142
7716388
7716495
7716707
7716725
7716746
7716795
7716855
7717101
7717361
7717398
7717597
7717783
7717861
7718073
7718502
7718526
7718727
7718859
7719055
7719056
7719135
7719147
7719239
7719519
7719708
7719748
7719759
7720015
7720016
7720031
7720143
7720155
7720543
7720562
7720564
7720681
7720734
7720746
7720802
7720900
7721027
7721063
7721169
7721387
7721642
7721759
7721827
7721902
7721924
7721957
7722118
7722161
7722216
7722254
7722312
7722426
7722550
7722567
7722752
7722767
7722799
7722802
7722968
7723017
7723338
7723653
7723709
7723720
7723725
7723879
7724070
7724236
7724268
7724359
7724389
7724393
7724409
7724437
7724440
7724464
7724475
7724513
7724522
7724743
7724752
7724837
7725033
7725066
7725087
7725255
7725374
7725408
7725586
7725651
7725848
7725905
7726017
7726200
7726334
7726525
7726663
7726715
7726797
7726828
7726849
7726913
7726997
7727038
7727050
7727137
7727175
7727231
7727233
7727414
7727500
7727532
7727566
7727588
7727639
7727702
7727755
7727875
7728235
7728334
7728346
7728353
7728406
7728624
7728747
7729357
7729564
7729697
7729749
7729786
7729799
7729820
7730175
7730234
7730272
7730288
7730439
7730450
7730584
7730710
7730777
7730792
7730951
7731184
7731265
7731323
7731367
7731434
7731472
7731628
7731721
7731821
7731909
7731912
7731998
7732100
7732172
7732252
7732759
7733158
7733189
7733471
7734175
7734398
7734483
7734484
7734649
7734944
7734999
7735108
7735118
7735168
7735169
7735357
7735359
7735377
7735443
7735627
7735692
7735802
7735871
7735875
7735919
7736191
7736258
7736320
7736391
7736448
7736544
7736640
7736695
7736734
7736789
7736846
7736994
7737076
7737212
7737256
7737339
7737421
7737429
7737497
7737555
7737582
7737631
7737818
7737864
7737885
7738049
7738143
7738436
7738456
7738508
7738625
7738683
7738713
7738749
7738750
7739011
7739183
7739188
7739284
7739344
7739526
7739574
7739776
7739907
7740070
7740229
7740236
7740295
7740484
7740534
7740616
7740652
7740938
7740941
7741093
7741465
7741551
7741900
7741907
7741952
7742124
7742148
7742189
7742211
7742277
7742278
7742288
7742547
7742571
7742783
7742896
7743087
7743092
7743331
7743762
7743828
7743900
7744011
7744044
7744120
7744138
7744381
7744553
7744555
7744613
7744631
7744666
7744698
7744710
7744887
7744970
7745012
7745109
7745129
7745298
7745475
7745577
7745600
7745729
7745766
7745823
7745866
7745909
7745934
7745975
7745992
7746168
7746235
7746317
7746390
7746450
7746478
7746636
7746797
7746873
7746900
7747016
7747073
7747090
7747183
7747304
7747432
7747433
7747584
7747647
7747674
7747799
7747971
7748013
7748083
7748098
7748151
7748157
7748239
7748503
7748517
7748528
7748693
7748734
7748740
7748926
7748984
7749205
7749442
7749495
7749611
7749618
7749737
7749783
7749800
7749880
7749894
7749976
7750072
7750119
7750215
7750337
7750552
7750603
7750716
7750730
7750738
7750772
7750869
7750916
7751382
7751386
7751716
7751823
7752042
7752048
7752055
7752143
7752390
7752411
7752451
7752687
7752810
7752811
7753077
7753092
7753184
7753697
7754061
7754187
7754305
7754335
7754387
7754399
7754421
7754505
7754719
7754788
7754790
7754819
7754830
7755359
7755428
7755452
7755513
7755696
7755700
7755763
7755863
7756019
7756039
7756114
7756163
7756323
7756376
7756545
7756583
7756633
7756637
7756870
7756990
7757075
7757267
7757281
7757386
7757458
7757611
7757619
7757763
7757809
7757835
7758092
7758236
7758642
7758900
7758971
7758995
7759139
7759199
7759344
7759486
7759725
7759800
7759928
7759942
7760046
7760056
7760109
7760113
7760124
7760145
7760171
7760173
7760356
7760532
7760595
7760600
7760664
7760722
7760902
7760906
7761011
7761037
7761056
7761169
7761214
7761313
7761407
7761512
7761560
7761615
7761668
7761904
7761931
7761932
7762065
7762276
7762394
7762460
7762644
7762726
7762951
7762982
7763069
7763090
7763542
7763806
7763914
7763970
7764106
7764137
7764214
7764500
7764755
7764880
7765037
7765087
7765239
7765321
7765475
7765510
7765577
7765655
7765846
7765871
7766217
7766361
7766435
7766629
7766663
7766818
7767144
7767324
7767459
7767673
7767688
7767881
7768116
7768126
7768179
7768258
7768733
7768809
7768869
7768890
7768955
7769189
7769465
7769528
7769534
7769610
7769618
7769732
7769764
7769919
7769966
7770138
7770192
7770468
7770508
7770564
7770736
7770963
7771042
7771067
7771299
7771352
7771462
7771465
7771473
7771535
7771635
7771740
7771742
7771846
7772089
7772260
7772358
7772553
7772763
7772797
7772963
7773103
7773306
7773312
7773409
7773432
7773441
7773462
7773859
7774055
7774114
7774267
7774468
7774501
7774612
7774757
7774786
7775080
7775083
7775190
7775209
7775551
7775563
7775620
7775664
7775716
7775737
7775792
7775888
7775919
7775985
7776072
7776091
7776232
7776560
7776603
7776897
7776985
7776990
7777062
7777143
7777225
7777304
7777540
7777637
7777679
7777838
7778026
7778041
7778242
7778323
7778645
7778659
7778975
7779043
7779329
7779512
7779578
7779595
7779670
7779714
7779802
7779855
7779868
7779966
7780057
7780433
7780737
7780816
7780822
7780867
7780891
7780894
7781154
7781299
7781309
7781358
7781383
7781412
7781437
7781664
7781724
7781789
7781874
7781925
7781996
7782138
7782195
7782248
7782280
7782339
7782399
7782432
7782663
7782677
7782801
7782851
7782880
7782884
7783199
7783263
7783297
7783365
7783449
7783555
7783563
7783652
7783802
7783861
7784142
7784752
7784888
7784890
7784955
7785222
7785352
7785568
7785765
7785844
7785936
7785947
7786150
7786328
7786417
7786422
7786519
7786694
7786750
7786780
7787097
7787228
7787252
7787294
7787348
7787448
7787514
7787663
7787934
7788186
7788222
7788644
7788904
7788970
7788976
7789055
7789162
7789410
7789482
7789511
7789552
7789671
7789778
7789878
7790062
7790207
7790382
7790390
7790412
7790638
7790773
7790816
7791044
7791218
7791470
7791504
7791521
7791525
7791542
7791583
7791602
7791721
7791898
7791964
7791996
7792012
7792143
7792194
7792235
7792283
7792383
7792578
7792636
7792905
7793005
7793061
7793077
7793144
7793158
7793188
7793217
7793342
7793614
7793619
7793731
7793856
7793876
7793895
7793937
7794058
7794206
7794218
7794221
7794392
7794449
7794518
7794619
7794631
7794632
7794667
7794749
7794806
7794828
7794964
7795029
7795187
7795292
7795349
7795420
7795447
7795521
7795621
7795638
7796022
7796192
7796278
7796339
7796440
7796607
7796616
7796628
7796780
7796838
7796957
7797243
7797334
7797347
7797391
7797412
7797589
7797713
7797729
7797776
7797786
7797813
7798248
7798407
7798440
7798589
7798661
7798707
7798727
7798735
7798879
7799015
7799539
7799596
7799682
7799759
7799786
7799789
7799989
7800008
7800114
7800128
7800361
7800370
7800532
7800589
7800649
7800678
7800815
7800861
7800879
7800901
7800904
7800934
7800985
7800993
7801070
7801158
7801180
7801299
7801318
7801392
7801571
7801903
7802072
7802142
7802217
7802324
7802376
7802439
7802490
7802515
7802639
7802898
7803004
7803141
7803179
7803363
7803557
7803686
7803803
7804076
7804432
7804527
7804582
7804683
7804924
7804989
7805081
7805127
7805153
7805192
7805194
7805198
7805209
7805324
7805438
7805602
7805719
7805727
7805774
7805895
7805946
7806095
7806292
7806319
7806417
7806465
7806467
7806500
7806663
7806730
7806743
7807261
7807299
7807322
7807338
7807493
7807786
7807827
7807903
7807905
7808034
7808064
7808137
7808220
7808375
7808482
7808549
7808703
7808792
7808865
7808922
7808924
7808946
7808984
7808996
7809109
7809259
7809454
7809607
7809678
7809715
7809824
7809870
7809876
7809899
7809901
7810080
7810103
7810120
7810192
7810237
7810340
7810429
7810454
7810524
7810552
7810652
7810941
7810989
7811101
7811290
7811338
7811464
7811495
7811500
7812061
7812091
7812233
7812297
7812338
7812355
7812359
7812379
7812493
7812611
7812617
7812648
7812811
7813021
7813273
7813347
7813360
7813477
7813542
7813670
7813736
7813787
7813941
7814096
7814109
7814143
7814189
7814413
7814431
7814475
7814866
7814924
7815068
7815097
7815250
7815361
7815470
7815529
7815658
7815828
7815878
7815934
7816039
7816169
7816171
7816229
7816264
7816550
7816580
7816583
7816596
7816739
7816760
7816874
7816932
7817035
7817069
7817285
7817372
7817399
7817489
7817670
7817776
7817779
7817780
7817843
7817901
7817915
7817963
7817998
7817999
7818161
7818170
7818342
7818356
7818372
7818634
7818644
7818779
7819064
7819079
7819199
7819231
7819278
7819286
7819415
7819545
7819611
7819781
7819990
7820457
7820641
7820717
7820759
7820881
7820928
7820988
7821012
7821281
7821585
7821766
7821789
7821794
7822044
7822239
7822248
7822303
7822402
7822561
7822640
7822778
7822898
7822939
7822980
7822981
7823037
7823150
7823175
7823465
7823693
7823723
7823832
7823869
7823884
7823934
7823937
7824077
7824130
7824233
7824400
7824436
7824451
7824572
7824722
7824869
7825136
7825207
7825325
7825536
7825719
7825754
7825774
7825853
7825904
7826167
7826195
7826215
7826494
7826612
7826632
7826665
7826726
7826754
7826822
7826828
7826842
7826871
7827082
7827134
7827164
7827182
7827230
7827303
7827348
7827488
7827719
7827729
7827745
7828127
7828152
7828195
7828247
7828385
7828439
7828442
7828445
7828574
7829052
7829087
7829278
7829381
7829404
7829469
7829746
7829772
7829790
7829793
7829857
7830009
7830167
7830282
7830287
7830374
7830472
7830571
7830764
7830777
7830827
7830888
7830896
7831029
7831066
7831087
7831170
7831173
7831203
7831307
7831414
7831453
7831719
7831880
7832152
7832255
7832298
7832745
7832817
7832884
7832966
7832982
7833000
7833028
7833047
7833099
7833266
7833334
7833388
7833469
7833652
7833668
7833743
7833745
7833890
7833928
7834074
7834253
7834442
7834540
7834553
7834590
7834682
7834740
7834747
7834802
7834974
7835098
7835303
7835312
7835551
7835655
7835819
7835848
7835921
7836042
7836319
7836406
7836515
7836633
7836645
7836806
7836905
7837048
7837544
7837555
7837617
7837760
7837792
7838309
7838403
7838511
7838693
7839125
7839151
7839289
7839315
7839556
7839572
7839621
7839730
7839816
7839825
7839846
7840047
7840089
7840169
7840316
7840402
7840482
7840551
7840652
7840683
7840727
7840831
7840853
7841070
7841193
7841203
7841353
7841359
7841427
7841562
7841651
7841747
7841759
7841880
7841885
7842219
7842291
7842480
7842824
7842832
7843115
7843117
7843155
7843307
7843769
7843869
7843940
7843942
7844192
7844203
7844210
7844255
7844435
7844572
7844687
7844703
7844727
7844803
7844941
7844964
7845125
7845144
7845298
7845362
7845440
7845612
7845683
7845730
7845912
7845920
7845952
7846174
7846208
7846278
7846327
7846657
7846730
7846738
7846744
7846745
7846868
7847015
7847029
7847095
7847100
7847132
7847143
7847259
7847283
7847373
7847483
7847665
7847934
7848116
7848232
7848293
7848362
7848373
7848424
7848474
7848487
7848587
7848614
7848770
7848790
7848847
7848857
7848983
7849191
7849217
7849230
7849312
7849367
7849471
7849497
7849765
7849869
7850111
7850192
7850328
7850483
7850491
7850550
7850866
7850948
7851095
7851145
7851165
7851183
7851387
7851496
7851508
7851588
7851620
7851974
7852008
7852010
7852077
7852184
7852297
7852345
7852522
7852747
7853080
7853107
7853167
7853288
7853345
7853385
7853401
7853448
7853577
7853656
7853690
7853844
7853952
7854118
7854132
7854189
7854275
7854556
7854596
7854622
7854807
7855029
7855100
7855347
7855398
7855421
7855641
7855655
7855726
7855756
7855796
7855856
7855956
7856020
7856117
7856356
7856386
7856506
7856665
7856694
7856853
7856884
7857145
7857453
7857557
7857612
7857692
7857793
7857798
7857886
7857907
7858021
7858543
7858650
7858812
7858835
7858861
7858915
7858971
7858982
7859105
7859181
7859282
7859405
7859483
7859492
7859550
7859636
7859654
7859958
7859973
7860029
7860130
7860218
7860384
7860544
7860671
7860715
7860899
7860975
7861016
7861123
7861205
7861208
7861222
7861294
7861341
7861498
7861514
7861897
7862260
7862543
7862575
7863045
7863172
7863200
7863263
7863453
7863543
7863546
7863626
7863659
7863723
7863725
7863792
7863795
7863812
7863859
7863913
7863947
7864060
7864067
7864069
7864349
7864416
7864514
7864644
7864668
7864763
7865067
7865254
7865265
7865320
7865331
7865436
7865462
7865524
7865596
7865602
7865849
7865935
7866145
7866208
7866252
7866434
7866482
7866602
7866668
7866777
7866908
7866929
7867122
7867186
7867219
7867269
7867326
7867361
7867542
7867768
7867864
7867866
7867886
7867977
7867993
7868041
7868293
7868352
7868594
7868660
7868665
7868955
7869007
7869044
7869166
7869246
7869452
7869522
7869666
7869735
7869803
7869830
7869848
7869957
7870014
7870233
7870399
7870432
7870570
7870721
7870833
7870849
7871000
7871264
7871487
7871539
7872194
7872291
7872437
7872537
7872707
7872728
7872796
7872811
7872813
7872826
7873061
7873115
7873124
7873162
7873178
7873227
7873338
7873452
7873482
7873582
7873647
7873654
7874097
7874135
7874146
7874149
7874163
7874228
7874444
7874454
7874500
7874509
7874530
7874642
7874645
7874653
7874681
7874685
7874718
7874937
7874992
7875042
7875120
7875195
7875218
7875275
7875306
7875351
7875674
7875688
7875741
7875752
7875776
7875782
7875788
7875793
7875818
7875822
7875869
7875971
7876005
7876035
7876044
7876478
7876562
7876567
7876644
7876801
7877006
7877021
7877043
7877056
7877060
7877156
7877328
7877371
7877435
7877498
7877651
7877813
7877959
7877963
7877992
7878021
7878167
7878352
7878418
7878452
7878508
7878553
7878729
7879087
7879202
7879235
7879246
7879254
7879312
7879317
7879448
7879467
7879541
7879559
7879562
7879614
7879730
7879817
7879979
7880022
7880056
7880061
7880141
7880194
7880586
7880595
7880668
7880760
7880787
7880931
7880977
7881120
7881241
7881260
7881283
7881319
7881753
7881755
7881790
7881808
7881908
7881978
7882013
7882147
7882252
7882297
7882407
7882473
7882671
7882748
7882777
7882813
7882968
7883109
7883233
7883470
7883503
7883581
7883601
7883646
7883896
7883909
7884058
7884269
7884339
7884391
7884399
7884484
7884565
7884608
7884636
7884693
7884694
7884770
7885034
7885101
7885152
7885173
7885194
7885692
7885706
7885715
7885853
7885891
7885904
7886065
7886113
7886355
7886412
7886535
7886555
7886761
7886762
7886983
7886992
7887010
7887149
7887245
7887259
7887262
7887451
7887460
7887481
7887551
7887570
7887773
7887843
7887851
7887863
7887915
7887937
7887946
7887998
7888113
7888330
7888463
7888577
7888967
7889012
7889052
7889072
7889177
7889222
7889536
7889708
7889739
7889832
7889855
7889994
7890156
7890219
7890372
7890466
7890513
7890770
7890791
7890826
7890877
7891034
7891063
7891116
7891154
7891305
7891356
7891464
7891625
7891644
7891806
7891991
7892083
7892238
7892293
7892315
7892421
7892452
7892548
7892909
7892925
7893013
7893149
7893259
7893268
7893349
7893420
7893513
7893620
7893641
7893733
7893741
7893810
7893836
7893958
7893969
7893979
7894036
7894044
7894223
7894430
7894754
7894965
7894997
7895044
7895218
7895348
7895392
7895690
7895703
7895731
7895756
7895760
7895914
7896093
7896287
7896317
7896353
7896485
7896842
7896990
7897098
7897227
7897266
7897299
7897524
7897526
7897548
7897732
7897883
7898091
7898105
7898161
7898271
7898562
7898572
7898578
7898752
7898772
7898817
7899050
7899118
7899161
7899236
7899277
7899312
7899313
7899405
7899441
7899485
7899725
7899865
7899985
7900119
7900292
7900317
7900384
7900392
7900559
7900617
7900634
7900801
7900866
7901086
7901202
7901355
7901404
7901551
7901571
7901713
7901790
7901825
7901859
7901993
7902184
7902186
7902244
7902256
7902309
7902713
7902775
7903005
7903414
7903446
7903462
7903507
7903524
7903550
7903735
7903896
7904161
7904199
7904538
7904661
7904688
7904878
7904999
7905274
7905294
7905342
7905395
7905684
7905801
7905808
7905990
7906002
7906009
7906121
7906194
7906284
7906440
7906464
7906497
7906776
7906818
7906823
7906843
7906925
7907831
7907929
7907966
7907998
7908128
7908161
7908241
7908313
7908484
7908486
7908732
7908782
7908888
7908960
7909000
7909058
7909189
7909219
7909277
7909391
7909410
7909509
7909580
7909792
7909929
7910080
7910158
7910159
7910175
7910275
7910342
7910559
7910649
7910962
7911019
7911036
7911098
7911451
7911472
7911489
7911525
7911634
7911714
7911723
7911800
7911894
7911924
7911930
7911932
7911984
7912071
7912197
7912207
7912424
7912456
7912467
7912557
7912558
7912635
7912683
7912728
7912864
7912882
7912942
7913177
7913298
7913305
7913525
7913551
7913579
7913778
7913832
7913875
7913892
7913906
7913936
7913951
7914081
7914492
7915157
7915321
7915435
7915562
7915763
7915855
7915869
7916242
7916440
7916465
7916509
7916595
7916714
7916716
7916770
7916800
7916956
7917047
7917066
7917342
7917472
7917579
7917861
7917987
7917995
7918060
7918123
7918328
7918417
7918587
7918616
7918737
7918781
7919294
7919299
7919460
7919500
7919596
7919625
7919768
7919905
7919924
7919950
7919958
7919983
7919994
7920046
7920147
7920248
7920368
7920842
7920937
7920956
7920968
7920969
7921006
7921022
7921210
7921452
7921505
7921610
7921698
7921865
7922009
7922187
7922263
7922340
7922455
7922457
7922529
7922777
7922836
7922911
7923250
7923360
7923427
7923439
7923510
7924009
7924092
7924340
7924360
7924524
7924633
7924782
7924785
7924853
7924879
7924952
7925176
7925300
7925340
7925516
7925625
7925844
7925997
7926129
7926163
7926176
7926185
7926215
7926279
7926620
7926637
7926667
7926723
7926799
7926808
7926944
7927135
7927338
7927418
7927438
7927557
7927711
7927892
7928140
7928178
7928380
7928409
7928621
7928706
7929045
7929064
7929263
7929303
7929306
7929313
7929318
7929329
7929387
7929468
7929633
7929691
7929841
7929853
7929909
7929938
7929945
7929950
7930111
7930151
7930735
7930834
7930968
7931005
7931071
7931459
7931468
7931475
7931701
7931921
7931964
7932142
7932203
7932226
7932313
7932322
7932495
7932499
7932667
7932718
7933218
7933236
7933538
7933584
7933715
7933745
7933906
7933923
7934057
7934152
7934384
7934440
7934453
7934889
7935045
7935138
7935179
7935313
7935362
7935703
7935733
7935746
7935771
7935846
7935883
7936053
7936155
7936221
7936456
7936545
7936613
7936629
7936689
7936765
7936780
7936807
7937118
7937265
7937294
7937312
7937335
7937491
7937587
7937588
7937660
7937676
7937703
7937813
7937877
7937962
7938064
7938180
7938488
7938610
7938695
7939033
7939141
7939195
7939197
7939590
7939927
7940009
7940017
7940054
7940135
7940211
7940249
7940447
7940521
7940573
7940886
7940970
7941135
7941208
7941310
7941435
7941483
7941662
7941830
7941879
7942052
7942150
7942221
7942627
7942674
7942681
7942719
7942720
7942924
7942981
7943017
7943188
7943283
7943338
7943413
7943653
7943734
7943746
7943828
7943834
7943848
7943873
7943959
7944097
7944207
7944219
7944301
7944381
7944487
7944718
7945035
7945057
7945111
7945145
7945161
7945257
7945319
7945347
7945448
7945499
7945606
7945625
7945694
7945861
7945942
7946264
7946291
7946420
7946437
7946800
7946947
7946950
7946964
7947004
7947032
7947112
7947144
7947163
7947262
7947297
7947444
7947457
7947459
7947681
7947714
7947996
7948004
7948199
7948228
7948301
7948364
7948610
7948656
7948827
7948908
7949205
7949270
7949361
7949444
7949503
7949510
7949729
7949868
7949884
7949966
7950025
7950204
7950539
7950745
7950813
7951063
7951212
7951261
7951286
7951305
7951414
7951423
7951583
7951751
7951896
7951909
7951913
7952065
7952160
7952276
7952361
7952476
7952490
7952823
7952841
7952864
7952980
7953052
7953174
7953202
7953291
7953318
7953361
7953394
7953638
7953727
7953906
7954075
7954104
7954212
7954222
7954228
7954266
7954278
7954287
7954289
7954575
7954604
7954623
7954758
7954824
7955057
7955104
7955229
7955234
7955237
7955348
7955435
7955560
7955573
7955745
7955789
7955884
7955913
7955942
7956107
7956200
7956211
7956264
7956375
7956419
7956547
7956562
7956732
7956747
7956802
7957176
7957289
7957427
7957564
7957594
7957720
7957829
7957969
7957973
7958335
7958421
7958485
7958568
7958639
7958668
7958761
7958778
7958921
7959177
7959278
7959386
7959436
7959477
7959716
7959846
7959847
7959931
7959963
7960072
7960094
7960119
7960181
7960209
7960244
7960327
7960533
7960547
7960563
7960568
7960612
7960696
7960703
7960710
7960755
7960762
7960887
7960923
7961071
7961092
7961393
7961438
7961439
7961446
7961586
7961617
7961620
7961699
7961915
7961950
7962006
7962075
7962111
7962176
7962215
7962267
7962631
7962685
7962762
7962848
7962934
7962967
7963251
7963254
7963295
7963359
7963704
7963852
7963869
7963909
7964041
7964220
7964324
7964477
7964493
7964567
7964692
7964719
7964887
7964911
7964964
7965085
7965218
7965394
7965602
7965637
7965678
7965700
7965710
7965733
7965752
7966116
7966207
7966404
7966451
7966502
7966504
7966684
7966685
7966701
7966762
7966768
7966861
7966874
7966885
7966926
7967110
7967211
7967253
7967401
7967416
7967580
7967668
7967772
7967800
7967812
7967928
7968029
7968129
7968291
7968501
7968607
7968717
7969018
7969030
7969223
7969392
7969592
7969901
7969928
7970268
7970311
7970360
7970427
7970923
7971100
7971182
7971328
7971390
7971545
7971648
7971665
7971822
7971925
7972128
7972134
7972141
7972278
7972513
7972622
7972743
7972872
7972885
7972921
7972924
7972992
7973065
7973293
7973296
7973414
7973498
7973527
7973534
7973554
7973600
7973619
7973816
7973828
7973871
7973892
7974038
7974147
7974340
7974366
7974397
7974467
7974547
7974582
7974586
7974695
7974756
7974896
7974930
7974966
7975055
7975293
7975322
7975429
7975517
7975569
7975595
7975806
7976029
7976037
7976071
7976182
7976219
7976483
7976569
7976821
7976840
7977003
7977027
7977042
7977061
7977137
7977276
7977344
7977378
7977426
7977432
7977647
7977714
7977855
7977921
7978054
7978196
7978236
7978270
7978339
7978431
7978605
7978620
7978783
7978815
7978971
7979023
7979084
7979112
7979153
7979170
7979319
7979444
7979485
7979673
7979738
7979992
7980214
7980290
7980302
7980434
7980584
7980786
7980898
7980923
7981028
7981072
7981187
7981191
7981424
7981471
7981489
7981520
7981624
7981727
7981763
7981826
7982431
7982453
7982504
7982701
7982806
7982902
7983309
7983352
7983442
7983458
7983558
7983643
7983742
7983801
7983932
7983964
7984279
7984352
7984367
7984430
7984684
7984748
7984794
7984850
7984971
7985132
7985347
7985396
7985448
7985465
7985499
7985506
7985548
7985578
7985830
7985892
7986374
7986738
7986791
7986930
7986969
7987274
7987425
7987510
7987589
7987726
7987872
7987996
7988143
7988279
7988615
7988843
7988860
7988969
7988971
7989114
7989228
7989289
7989339
7989427
7989433
7989440
7989452
7989468
7989477
7989608
7989703
7990001
7990003
7990094
7990195
7990268
7990278
7990345
7990403
7990411
7990516
7990577
7990764
7991028
7991147
7991177
7991188
7991208
7991381
7991527
7991545
7991882
7991934
7992256
7992258
7992281
7992366
7992466
7992520
7992558
7992646
7992756
7992949
7992994
7993414
7993592
7993605
7993683
7993787
7993969
7994081
7994190
7994233
7994297
7994309
7994399
7994410
7994415
7994516
7994574
7994602
7994816
7994880
7994969
7994987
7994990
7995032
7995167
7995224
7995339
7995356
7995594
7995763
7995766
7996082
7996348
7996431
7996468
7996516
7996700
7996726
7996745
7996873
7997027
7997028
7997033
7997136
7997221
7997267
7997291
7997748
7997956
7998189
7998301
7998429
7998437
7998709
7998784
7998832
7998956
7999380
7999415
7999462
7999639
8000280
8000311
8000446
8000475
8000553
8000612
8000616
8000657
8000770
8000846
8000914
8000993
8001129
8001207
8001216
8001233
8001295
8001329
8001338
8001355
8001395
8001458
8001514
8001577
8001580
8001896
8001971
8001980
8002028
8002060
8002079
8002119
8002216
8002234
8002324
8002338
8002416
8002476
8002654
8002692
8002920
8003175
8003285
8003351
8003434
8003495
8003626
8003705
8003831
8003838
8003974
8004102
8004138
8004152
8004195
8004247
8004329
8004396
8004510
8004521
8004553
8004801
8004824
8004938
8005136
8005220
8005323
8005334
8005541
8005650
8005657
8005676
8005754
8005977
8005994
8006002
8006228
8006330
8006358
8006383
8006406
8006662
8006722
8006784
8006795
8006892
8006893
8006937
8006972
8007131
8007242
8007468
8007513
8007602
8007605
8007899
8007929
8007945
8008080
8008143
8008191
8008199
8008242
8008299
8008559
8008625
8008698
8008740
8008915
8008952
8009152
8009306
8009314
8009341
8009368
8009371
8009396
8009491
8009538
8009545
8009607
8009668
8009693
8009704
8009737
8009852
8009857
8009907
8010086
8010173
8010175
8010331
8010416
8010497
8010564
8010584
8010606
8010709
8010732
8010736
8010784
8010889
8010993
8010997
8011020
8011149
8011212
8011232
8011268
8011669
8011836
8011837
8012083
8012243
8012331
8012364
8012388
8012509
8012554
8012561
8012815
8013015
8013062
8013077
8013093
8013166
8013173
8013309
8013645
8013651
8013833
8014119
8014136
8014359
8014416
8014586
8014744
8014762
8015019
8015043
8015064
8015278
8015382
8015396
8015753
8015925
8015973
8016207
8016381
8016408
8016584
8016585
8016603
8016830
8016850
8016970
8017100
8017170
8017186
8017294
8017307
8017309
8017413
8017462
8017601
8017698
8017702
8017729
8017809
8017831
8017982
8018191
8018303
8018467
8018507
8018637
8018699
8018798
8019107
8019137
8019229
8019383
8019425
8019519
8019700
8019706
8019732
8019739
8019811
8019908
8020015
8020252
8020378
8020531
8020618
8020638
8020749
8020809
8020845
8021019
8021059
8021079
8021292
8021386
8021541
8021618
8021805
8021806
8021920
8022182
8022184
8022259
8022294
8022404
8022419
8022510
8022581
8022717
8022758
8022827
8022978
8023162
8023177
8023286
8023327
8023339
8023383
8023540
8023545
8023590
8023711
8023743
8023870
8023938
8024204
8024233
8024245
8024390
8024399
8024429
8024451
8024453
8024520
8024563
8024582
8024820
8024894
8024912
8024913
8024935
8025120
8025220
8025289
8025367
8025389
8025455
8025538
8025826
8025962
8025986
8026178
8026277
8026333
8026566
8026809
8026871
8026979
8026989
8027007
8027075
8027150
8027162
8027253
8027287
8027367
8027548
8027570
8027752
8027964
8028011
8028031
8028248
8028345
8028421
8028449
8028555
8028756
8028771
8028787
8028818
8028873
8028885
8028982
8029050
8029102
8029324
8029409
8029422
8029429
8029513
8029690
8029765
8029825
8029857
8029865
8029963
8029973
8030143
8030428
8030536
8030891
8030987
8031052
8031150
8031181
8031248
8031286
8031384
8031398
8031538
8031652
8031702
8031727
8031791
8031792
8031805
8031872
8031915
8031953
8031994
8032066
8032225
8032238
8032505
8032522
8032637
8032658
8032736
8032879
8032884
8032991
8033031
8033063
8033219
8033274
8033358
8033540
8033549
8033555
8033640
8033877
8033946
8034009
8034243
8034350
8034540
8034758
8034802
8034811
8034847
8034875
8035119
8035323
8035326
8035455
8035972
8035989
8036081
8036096
8036321
8036390
8036409
8036743
8036941
8036946
8036966
8037224
8037297
8037380
8037418
8037573
8037612
8037898
8038054
8038187
8038278
8038378
8038549
8038582
8038644
8038681
8038823
8038920
8038921
8038988
8039010
8039066
8039152
8039252
8039343
8039428
8039449
8039484
8039492
8039573
8039924
8040044
8040226
8040229
8040259
8040271
8040289
8040313
8040365
8040411
8040728
8040830
8040942
8041033
8041048
8041077
8041163
8041230
8041307
8041480
8041538
8041549
8041598
8041616
8041682
8041711
8041777
8041798
8042286
8042439
8042472
8042479
8042754
8042841
8042884
8042900
8042919
8043041
8043139
8043347
8043429
8043485
8043541
8043576
8043596
8043637
8043698
8043764
8043821
8043852
8044052
8044097
8044289
8044694
8044834
8045038
8045048
8045054
8045409
8045584
8045669
8046167
8046181
8046249
8046318
8046416
8046473
8046517
8046692
8046711
8046734
8047072
8047237
8047265
8047278
8047405
8047451
8047560
8047808
8047814
8047832
8047950
8048004
8048036
8048054
8048257
8048264
8048421
8048522
8048883
8049086
8049093
8049196
8049206
8049340
8049363
8049370
8049510
8049632
8049648
8049736
8049822
8049841
8049928
8049937
8049978
8050026
8050078
8050094
8050432
8050455
8050703
8050933
8051069
8051191
8051246
8051356
8051628
8051633
8051876
8051948
8052185
8052195
8052213
8052390
8052403
8052506
8052543
8052586
8052763
8052776
8052780
8052807
8052835
8053067
8053086
8053249
8053313
8053368
8053555
8053607
8053619
8053647
8053655
8053767
8053771
8053906
8054007
8054043
8054090
8054092
8054147
8054214
8054224
8054257
8054329
8054443
8054553
8054595
8054637
8054838
8055000
8055213
8055294
8055612
8055725
8056076
8056179
8056223
8056264
8056582
8056799
8056890
8057049
8057167
8057200
8057284
8057489
8057569
8057682
8057949
8057981
8058007
8058233
8058440
8058449
8058522
8058537
8058763
8058795
8058896
8058978
8058996
8059575
8059715
8059716
8059726
8060131
8060166
8060567
8060690
8060841
8060895
8060933
8060982
8061017
8061066
8061093
8061099
8061293
8061365
8061397
8061466
8061561
8061665
8061791
8061861
8061873
8061959
8062194
8062198
8062227
8062543
8062556
8062649
8062809
8062918
8063262
8063351
8063495
8063734
8063742
8063899
8063987
8064110
8064168
8064232
8064434
8064476
8064511
8064614
8064904
8064906
8064958
8065005
8065017
8065082
8065187
8065201
8065454
8065550
8065634
8065645
8065658
8065664
8065691
8065830
8065902
8065945
8065981
8066043
8066050
8066357
8066611
8066684
8066752
8066936
8066982
8067032
8067193
8067507
8067728
8067833
8067871
8068005
8068032
8068227
8068279
8068326
8068436
8068800
8068820
8068851
8068856
8068922
8068931
8069032
8069043
8069120
8069131
8069274
8069367
8069369
8069410
8069708
8069723
8069844
8069870
8069919
8070049
8070344
8070415
8070431
8070525
8070561
8070773
8070826
8070943
8071066
8071488
8071897
8071936
8072003
8072168
8072280
8072397
8072445
8072448
8072658
8072903
8072913
8072951
8072967
8073016
8073072
8073280
8073284
8073338
8073543
8073555
8073765
8073824
8074046
8074312
8074398
8074476
8074630
8074755
8074819
8074940
8075137
8075360
8075428
8075433
8075477
8075549
8075776
8075780
8075991
8076070
8076083
8076131
8076227
8076299
8076388
8076407
8076548
8076612
8076637
8076904
8077192
8077231
8077257
8077304
8077591
8077608
8077641
8077658
8077724
8077900
8078087
8078091
8078102
8078135
8078321
8078344
8078364
8078381
8078415
8078425
8078844
8078904
8078985
8079018
8079072
8079095
8079300
8079360
8079461
8079772
8079795
8079979
8080084
8080537
8080562
8080690
8080698
8080772
8080782
8080884
8081056
8081063
8081366
8081461
8081553
8081611
8081873
8081901
8081934
8081939
8081986
8082030
8082049
8082147
8082172
8082182
8082195
8082268
8082351
8082464
8082521
8082652
8082735
8082832
8082896
8083053
8083144
8083233
8083290
8083442
8083594
8083701
8083720
8083792
8083876
8083879
8083975
8084006
8084105
8084237
8084281
8084533
8084584
8084682
8084718
8084785
8084808
8085057
8085180
8085502
8085520
8085568
8085642
8085647
8085686
8085691
8085718
8085843
8086137
8086356
8086775
8086799
8086877
8086889
8087022
8087114
8087576
8087664
8087813
8087864
8087942
8088016
8088203
8088207
8088273
8088373
8088380
8088738
8088887
8088889
8088971
8089059
8089064
8089267
8089327
8089367
8089446
8089581
8089585
8089637
8089653
8089769
8089902
8089903
8089957
8089992
8090122
8090277
8090752
8090798
8090802
8090879
8090881
8091058
8091104
8091308
8091469
8091527
8091578
8091776
8091893
8091915
8091952
8091988
8092225
8092509
8092529
8092566
8092758
8092998
8093005
8093157
8093162
8093165
8093607
8093706
8093797
8093990
8094005
8094156
8094183
8094428
8094546
8094630
8094696
8094713
8094831
8094869
8094917
8095040
8095177
8095484
8095559
8095600
8095620
8095995
8096008
8096129
8096146
8096186
8096225
8096281
8096290
8096321
8096324
8096418
8096513
8096566
8096725
8096928
8097065
8097177
8097355
8097470
8097600
8097681
8097683
8097722
8097733
8098102
8098111
8098315
8098359
8098397
8098419
8098420
8098463
8098512
8098540
8098542
8098664
8098766
8098768
8098770
8098794
8098820
8099005
8099161
8099240
8099291
8099329
8099356
8099516
8099672
8099953
8100003
8100075
8100121
8100247
8100282
8100450
8100458
8100495
8100499
8100712
8100724
8100838
8100863
8100984
8101092
8101120
8101320
8101322
8101427
8101431
8101439
8101500
8101516
8101750
8101962
8102020
8102058
8102262
8102280
8102350
8102434
8102435
8102667
8102671
8102682
8102688
8102722
8102818
8102837
8102842
8102878
8102908
8102967
8103059
8103077
8103179
8103232
8103292
8103717
8103720
8103734
8103772
8103821
8103927
8104008
8104086
8104114
8104170
8104184
8104337
8104359
8104373
8104486
8104527
8104614
8104670
8104724
8104750
8104772
8104872
8104895
8104911
8104963
8104992
8105043
8105067
8105084
8105108
8105141
8105196
8105304
8105393
8105452
8105597
8105634
8105723
8105825
8105838
8105842
8106074
8106117
8106128
8106191
8106197
8106213
8106318
8106337
8106368
8106787
8106788
8106828
8106833
8107011
8107071
8107136
8107237
8107301
8107357
8107477
8107521
8107540
8107544
8107581
8107713
8107738
8107761
8107961
8108077
8108102
8108137
8108145
8108327
8108360
8108568
8108614
8108989
8108990
8108995
8109029
8109131
8109135
8109203
8109278
8109333
8109531
8109575
8109607
8109708
8109786
8109975
8110175
8110307
8110671
8110713
8110744
8110780
8110834
8110872
8110874
8110989
8111086
8111223
8111252
8111307
8111484
8111506
8111553
8111641
8111803
8112122
8112153
8112159
8112247
8112266
8112290
8112339
8112510
8112552
8112675
8112742
8112780
8112810
8112818
8112870
8112913
8112926
8113274
8113534
8113554
8113731
8113837
8113932
8113993
8114063
8114360
8114395
8114482
8114548
8114578
8114917
8115066
8115069
8115297
8115339
8115342
8115383
8115683
8115861
8115887
8116259
8116373
8116661
8116714
8116991
8117001
8117004
8117108
8117368
8117455
8117458
8117544
8117618
8117626
8117808
8117876
8117910
8117932
8118032
8118091
8118176
8118262
8118342
8118363
8118429
8118512
8118634
8118732
8118826
8118911
8118942
8119053
8119118
8119130
8119234
8119377
8119531
8119575
8119626
8119941
8119957
8119985
8120065
8120115
8120122
8120200
8120275
8120287
8120370
8120378
8120675
8120721
8120932
8121011
8121086
8121147
8121187
8121330
8121498
8121532
8121580
8121717
8121720
8121811
8121959
8122261
8122307
8122340
8122437
8122443
8122754
8122769
8122840
8123008
8123013
8123020
8123132
8123314
8123326
8123351
8123396
8123643
8123791
8124056
8124112
8124148
8124181
8124231
8124246
8124275
8124276
8124596
8124715
8124760
8124851
8125091
8125172
8125366
8125408
8125432
8125446
8125516
8125611
8125642
8125670
8125756
8126004
8126011
8126064
8126388
8126514
8126639
8126653
8126998
8127005
8127051
8127069
8127076
8127170
8127204
8127232
8127328
8127377
8127664
8127690
8127734
8127849
8127862
8128031
8128382
8128430
8128479
8128511
8128550
8128565
8128770
8128772
8128833
8128834
8129025
8129103
8129104
8129155
8129162
8129347
8129396
8129476
8129553
8129584
8129594
8129817
8129880
8129958
8129959
8129976
8130016
8130186
8130255
8130268
8130470
8130838
8130888
8130889
8131024
8131081
8131108
8131403
8131526
8131594
8131757
8131950
8132114
8132199
8132248
8132336
8132553
8132702
8132752
8132758
8132846
8133030
8133142
8133258
8133649
8133720
8133923
8134012
8134129
8134171
8134239
8134757
8134835
8134870
8134931
8135022
8135060
8135115
8135130
8135172
8135252
8135329
8135441
8135465
8135579
8135618
8135690
8135709
8135729
8135830
8136016
8136058
8136061
8136088
8136360
8136362
8136552
8136636
8136757
8136931
8136976
8137030
8137172
8137282
8137301
8137480
8137525
8137605
8137655
8137887
8138034
8138042
8138157
8138205
8138486
8138554
8138650
8138688
8138693
8138746
8138750
8138854
8138902
8139010
8139030
8139171
8139180
8139193
8139220
8139238
8139293
8139482
8139489
8139608
8139800
8139843
8139905
8139939
8139956
8140027
8140074
8140173
8140401
8140427
8140529
8140614
8140974
8141004
8141044
8141076
8141281
8141306
8141367
8141389
8141404
8141500
8141504
8141621
8141690
8141851
8141863
8142173
8142196
8142667
8142793
8142935
8143128
8143230
8143619
8143660
8143754
8143950
8144045
8144122
8144267
8144285
8144334
8144615
8144940
8145173
8145313
8145415
8145480
8145712
8145719
8145786
8145788
8145832
8145881
8145888
8145989
8146343
8146431
8146501
8146519
8146535
8146722
8147101
8147248
8147381
8147433
8147476
8147492
8147569
8147643
8147668
8147730
8148242
8148291
8148305
8148474
8148522
8148565
8148683
8148738
8148772
8148895
8148907
8148924
8149087
8149157
8149231
8149426
8149568
8149678
8149685
8149996
8150020
8150030
8150186
8150231
8150235
8150271
8150285
8150321
8150539
8150612
8150758
8150784
8150908
8150927
8151042
8151084
8151107
8151340
8151432
8151459
8151497
8151542
8151646
8151682
8151834
8151897
8152188
8152328
8152358
8152410
8152434
8152462
8152507
8152710
8152771
8152869
8152883
8152931
8152953
8153091
8153369
8153420
8153498
8153518
8153605
8153822
8154014
8154032
8154111
8154137
8154252
8154359
8154737
8154946
8155007
8155022
8155072
8155078
8155087
8155217
8155379
8155438
8155525
8155551
8155609
8155721
8155753
8155869
8155908
8156123
8156579
8156645
8156839
8156954
8157001
8157091
8157110
8157150
8157277
8157451
8157478
8157482
8157813
8157860
8157951
8158089
8158233
8158294
8158301
8158336
8158389
8158391
8158404
8158637
8158951
8159004
8159050
8159052
8159294
8159319
8159551
8159556
8159571
8159763
8159771
8159787
8160023
8160040
8160161
8160239
8160290
8160609
8160687
8160698
8160705
8160767
8160808
8160925
8160942
8161000
8161054
8161079
8161135
8161171
8161228
8161249
8161295
8161338
8161361
8161633
8162161
8162185
8162193
8162357
8162433
8162535
8162800
8162906
8163139
8163182
8163216
8163241
8163333
8163352
8163737
8163743
8163747
8163823
8163874
8163909
8164013
8164016
8164057
8164336
8164339
8164421
8164445
8164550
8164629
8164654
8164725
8164776
8164790
8164910
8164929
8164956
8165013
8165033
8165180
8165207
8165233
8165365
8165386
8165489
8165737
8165807
8165921
8165968
8166111
8166224
8166470
8166551
8166560
8166679
8166780
8166890
8166897
8166971
8167201
8167205
8167210
8167365
8167403
8167499
8167565
8167672
8167708
8167747
8167835
8167900
8167908
8168004
8168022
8168181
8168254
8168552
8168635
8168655
8168817
8168837
8168970
8169166
8169229
8169399
8169533
8169620
8169696
8169758
8169760
8169855
8169863
8169997
8170131
8170464
8170695
8170717
8170846
8171083
8171462
8171522
8171685
8171746
8171814
8171822
8171839
8171936
8171966
8172003
8172083
8172111
8172126
8172304
8172387
8172504
8172572
8172584
8172619
8172652
8172913
8172920
8172998
8173178
8173197
8173278
8173531
8173753
8173782
8173858
8174005
8174064
8174072
8174133
8174391
8174455
8174608
8174780
8174804
8174956
8175044
8175304
8175640
8175715
8175862
8176099
8176242
8176267
8176377
8176416
8176690
8176710
8176839
8176870
8176878
8176958
8177180
8177199
8177531
8177689
8177700
8177759
8177828
8177943
8177997
8178055
8178094
8178126
8178170
8178216
8178246
8178299
8178485
8178596
8178748
8178762
8179189
8179287
8179740
8179849
8179892
8180016
8180115
8180317
8180323
8180606
8180662
8180716
8180745
8180881
8180900
8181113
8181153
8181162
8181288
8181352
8181428
8181491
8181524
8181536
8181786
8181992
8182057
8182144
8182222
8182258
8182417
8182446
8182518
8182526
8182549
8182729
8182778
8182852
8182926
8182944
8183105
8183577
8183686
8183777
8183930
8184007
8184025
8184041
8184136
8184138
8184189
8184272
8184386
8184414
8184669
8184931
8185089
8185213
8185342
8185685
8185746
8185832
8185873
8185990
8186097
8186138
8186300
8186322
8186592
8187078
8187183
8187331
8187367
8187391
8187443
8187477
8187733
8187818
8187880
8188140
8188191
8188210
8188248
8188411
8188672
8188674
8188840
8188855
8188872
8189155
8189321
8189345
8189577
8189731
8189996
8190033
8190115
8190139
8190165
8190257
8190355
8190600
8190660
8190820
8190847
8190966
8190978
8191246
8191471
8191508
8191754
8191794
8192030
8192113
8192185
8192223
8192346
8192413
8192419
8192433
8192588
8192603
8192638
8192778
8192870
8192874
8192898
8192939
8192949
8193031
8193090
8193158
8193232
8193310
8193329
8193614
8193641
8193703
8193732
8193750
8194201
8194268
8194351
8194559
8194764
8194850
8194860
8194865
8194971
8195004
8195039
8195094
8195117
8195208
8195346
8195416
8195588
8195595
8195736
8195950
8196101
8196163
8196258
8196266
8196281
8196552
8196602
8196639
8196742
8196956
8197019
8197059
8197072
8197102
8197221
8197293
8197326
8197486
8197633
8197774
8197804
8197831
8197876
8198539
8198599
8198626
8198675
8198762
8198887
8198937
8198967
8199046
8199090
8199628
8199859
8199973
8200108
8200119
8200222
8200428
8200473
8200495
8200607
8200630
8200718
8200852
8200868
8200987
8201073
8201079
8201348
8201526
8201556
8201664
8201687
8201746
8201791
8201848
8201906
8202036
8202511
8202532
8202576
8202609
8202631
8203094
8203157
8203198
8203282
8203337
8203399
8203438
8203445
8203459
8203565
8203638
8203778
8203929
8203939
8204034
8204220
8204273
8204381
8204421
8204438
8204496
8204571
8204574
8204673
8204824
8204843
8204873
8204909
8204954
8204975
8205155
8205278
8205340
8205753
8205822
8205882
8205913
8206030
8206099
8206200
8206378
8206382
8206424
8206592
8206866
8207089
8207094
8207097
8207128
8207146
8207211
8207321
8207340
8207483
8207513
8207822
8207840
8207986
8208009
8208123
8208199
8208267
8208409
8208631
8208674
8208711
8208814
8209144
8209245
8209476
8209479
8209587
8209622
8209709
8209917
8209997
8210134
8210135
8210364
8210430
8210630
8210764
8210778
8210813
8210815
8210892
8210981
8211247
8211268
8211293
8211295
8211303
8211381
8211538
8211658
8211677
8211719
8211769
8211783
8211849
8212029
8212186
8212321
8212330
8212386
8212441
8212455
8212678
8212707
8212812
8212895
8212913
8212924
8213023
8213029
8213139
8213264
8213391
8213729
8213838
8213858
8213940
8214138
8214179
8214301
8214445
8214485
8214495
8214587
8214866
8214917
8215046
8215159
8215289
8215391
8215415
8215658
8215701
8215800
8215840
8215942
8215991
8216016
8216045
8216084
8216108
8216166
8216167
8216171
8216359
8216396
8216414
8216753
8216900
8217037
8217045
8217061
8217081
8217239
8217243
8217289
8217424
8217427
8217517
8217520
8217684
8217713
8217851
8217877
8217888
8218006
8218043
8218218
8218342
8218486
8218641
8218651
8218697
8218789
8218819
8218893
8218995
8219049
8219053
8219066
8219185
8219224
8219415
8219456
8219670
8219732
8219999
8220024
8220184
8220475
8220569
8220680
8220820
8220832
8220895
8220994
8221037
8221196
8221203
8221233
8221254
8221292
8221333
8221357
8221526
8221722
8221747
8221797
8221868
8221984
8222141
8222318
8222359
8222450
8222494
8222682
8222964
8223179
8223214
8223283
8223296
8223297
8223413
8223417
8223477
8223639
8223643
8223710
8223714
8223754
8223776
8223812
8223871
8223876
8223984
8224061
8224144
8224212
8224264
8224369
8224478
8224524
8224606
8224649
8224767
8224959
8225082
8225229
8225250
8225421
8225497
8225547
8225626
8225629
8225661
8225758
8225770
8225774
8225783
8225894
8225913
8225990
8226032
8226103
8226195
8226508
8226584
8226627
8226723
8226768
8226832
8226846
8226870
8226883
8226951
8227000
8227196
8227215
8227238
8227307
8227856
8227893
8227914
8227989
8227998
8228061
8228382
8228442
8228535
8228588
8228622
8228702
8228808
8229156
8229204
8229207
8229255
8229300
8229510
8229727
8229797
8229863
8229935
8229937
8229975
8229977
8229995
8230030
8230236
8230497
8230660
8230900
8230973
8231243
8231261
8231322
8231481
8231512
8231513
8231610
8231664
8231744
8231795
8231803
8231820
8231855
8231899
8231974
8232248
8232270
8232346
8232579
8232657
8232664
8232776
8233014
8233058
8233224
8233323
8233763
8234010
8234022
8234036
8234204
8234218
8234251
8234262
8234355
8234667
8234740
8235043
8235127
8235223
8235237
8235247
8235336
8235347
8235407
8235476
8235509
8235700
8235816
8235835
8235988
8236221
8236381
8236578
8236583
8236603
8236636
8236777
8236780
8236790
8236844
8236845
8236898
8236931
8237085
8237106
8237134
8237216
8237438
8237455
8237695
8237803
8237837
8237854
8237863
8238005
8238117
8238139
8238159
8238246
8238293
8238378
8238470
8238536
8238544
8238667
8238713
8238724
8238776
8238779
8238872
8238889
8238983
8239054
8239118
8239213
8239259
8239470
8239600
8239653
8240168
8240246
8240293
8240301
8240360
8240401
8240487
8240533
8240801
8240995
8241176
8241182
8241294
8241335
8241427
8241434
8241616
8241691
8241717
8241721
8241723
8241906
8241910
8242062
8242067
8242081
8242088
8242094
8242391
8242515
8242531
8242536
8242631
8242720
8242814
8242835
8242912
8243217
8243428
8243476
8243990
8244022
8244173
8244218
8244354
8244575
8244652
8244745
8244924
8244945
8244950
8245203
8245206
8245420
8245485
8245539
8245578
8245894
8246247
8246343
8246565
8246669
8246675
8246751
8246860
8246979
8246995
8247053
8247224
8247326
8247329
8247336
8247392
8247496
8247598
8247750
8247810
8247928
8248014
8248077
8248271
8248273
8248308
8248430
8248435
8248783
8248850
8249062
8249369
8249536
8249709
8249715
8249743
8249824
8249834
8249969
8250317
8250590
8250597
8250732
8250856
8250940
8251196
8251238
8251241
8251300
8251561
8251707
8251973
8251978
8251992
8252003
8252016
8252234
8252294
8252367
8252471
8252787
8252802
8253066
8253363
8253431
8253528
8253632
8253680
8253878
8253932
8253997
8254013
8254151
8254325
8254525
8254699
8254816
8254934
8255181
8255247
8255386
8255442
8255598
8255626
8255822
8256044
8256077
8256136
8256218
8256239
8256258
8256314
8256439
8256579
8256657
8256689
8256748
8256773
8256850
8256881
8256976
8256983
8257093
8257209
8257329
8257331
8257336
8257349
8257706
8257732
8257787
8258092
8258204
8258389
8258700
8259035
8259043
8259081
8259125
8259304
8259478
8259759
8259774
8259790
8260011
8260020
8260226
8260302
8260358
8260499
8260592
8260695
8260704
8260710
8260774
8260776
8260893
8260915
8260921
8260947
8261005
8261029
8261172
8261281
8261583
8261708
8261867
8261924
8261972
8262024
8262044
8262118
8262147
8262403
8262509
8262767
8262799
8263009
8263090
8263120
8263288
8263397
8263595
8263752
8263761
8263772
8263841
8263873
8263915
8263969
8264039
8264046
8264146
8264244
8264264
8264483
8264942
8264951
8264972
8264982
8265091
8265196
8265470
8265559
8265644
8265702
8265707
8265723
8265800
8265836
8265999
8266051
8266288
8266351
8266410
8266477
8266484
8266526
8266564
8266701
8266789
8266826
8266859
8266916
8266936
8266947
8267063
8267148
8267303
8267310
8267363
8267549
8267582
8267607
8267729
8268012
8268022
8268382
8268395
8268525
8268553
8268594
8268678
8268845
8268858
8268901
8268981
8269131
8269329
8269376
8269603
8269677
8269740
8269854
8269974
8270261
8270379
8270386
8270576
8270594
8270643
8270826
8270873
8270910
8271027
8271050
8271124
8271380
8271748
8271765
8271777
8271825
8271852
8271911
8271942
8271953
8272183
8272205
8272233
8272237
8272273
8272298
8272326
8272401
8272515
8272534
8272546
8272768
8272793
8272831
8272863
8272950
8273118
8273231
8273252
8273358
8273534
8273618
8273628
8273702
8273796
8273922
8273955
8273991
8274152
8274177
8274247
8274452
8274478
8274885
8274952
8275071
8275285
8275447
8275540
8275574
8275619
8275672
8275673
8275679
8275713
8275807
8275873
8275924
8275967
8276065
8276341
8276584
8276871
8276877
8277023
8277027
8277152
8277620
8277799
8277922
8278012
8278197
8278323
8278352
8278419
8278464
8278796
8279006
8279071
8279199
8279232
8279277
8279313
8279353
8279441
8279569
8279590
8279659
8279683
8279691
8279740
8279770
8279929
8279965
8280059
8280180
8280282
8280363
8280433
8280487
8280588
8280634
8281082
8281083
8281086
8281101
8281131
8281246
8281263
8281306
8281401
8281633
8281773
8281846
8281941
8281950
8282157
8282390
8282790
8283001
8283067
8283265
8283336
8283400
8283446
8283497
8283568
8283677
8283753
8283775
8283779
8284284
8284415
8284457
8284512
8284536
8284564
8284643
8284877
8284935
8285187
8285251
8285280
8285321
8285388
8285536
8285596
8285736
8285933
8285982
8285985
8286083
8286180
8286442
8286499
8286582
8286725
8286795
8286846
8286861
8286884
8287099
8287138
8287197
8287274
8287573
8287609
8287711
8287820
8287939
8288039
8288058
8288114
8288228
8288253
8288334
8288473
8288650
8288747
8288879
8288929
8289245
8289303
8289309
8289343
8289412
8289434
8289606
8289773
8289840
8289995
8290053
8290105
8290274
8290295
8290300
8290311
8290460
8290501
8290523
8290600
8290744
8290828
8290999
8291201
8291404
8291412
8291514
8291603
8291621
8291636
8291749
8291758
8291858
8291905
8291992
8292056
8292113
8292226
8292227
8292381
8292464
8292571
8292704
8292717
8292770
8292771
8292796
8292856
8292936
8293132
8293145
8293163
8293295
8293297
8293569
8293699
8293749
8293831
8294044
8294085
8294128
8294163
8294223
8294273
8294483
8294699
8294764
8294814
8294920
8295160
8295176
8295309
8295376
8295379
8295409
8295423
8295751
8295917
8296085
8296100
8296119
8296179
8296251
8296497
8296519
8296539
8296694
8296789
8296957
8297064
8297224
8297378
8297488
8297527
8297532
8297598
8297790
8297791
8297961
8298013
8298052
8298089
8298105
8298116
8298291
8298317
8298444
8298481
8298505
8298518
8298647
8298766
8298801
8298822
8298898
8298913
8299029
8299188
8299358
8299372
8299685
8299761
8299801
8299805
8299853
8300259
8300325
8300487
8300777
8300869
8300941
8300944
8300992
8301007
8301033
8301296
8301429
8301710
8301788
8301855
8302111
8302179
8302467
8302599
8302636
8302722
8303018
8303190
8303482
8303614
8303752
8303855
8303898
8303911
8304007
8304018
8304108
8304133
8304367
8304411
8304473
8304517
8304582
8304586
8304603
8304621
8304842
8304892
8304966
8305172
8305193
8305297
8305338
8305388
8305393
8305454
8305628
8305879
8305924
8305983
8306050
8306144
8306208
8306221
8306234
8306382
8306616
8306733
8306776
8306939
8306974
8306976
8306984
8307009
8307013
8307021
8307098
8307551
8307746
8307784
8307830
8307999
8308169
8308264
8308350
8308392
8308501
8308595
8308605
8308702
8308718
8308746
8308857
8309009
8309088
8309150
8309197
8309224
8309507
8309824
8310360
8310420
8310734
8310793
8310901
8310989
8311191
8311260
8311314
8311342
8311528
8311760
8311803
8312049
8312223
8312586
8312646
8312716
8312763
8312781
8312829
8312835
8312973
8313095
8313278
8313358
8313480
8313607
8313736
8313798
8313860
8313908
8313919
8314009
8314538
8314583
8314711
8314726
8314924
8314932
8314943
8314982
8315047
8315090
8315282
8315399
8315495
8315530
8315533
8315547
8315678
8315728
8315926
8316043
8316121
8316183
8316229
8316232
8316257
8316352
8316458
8316496
8317291
8317382
8317412
8317594
8317617
8317677
8317734
8318108
8318208
8318628
8318824
8318859
8319085
8319092
8319132
8319270
8319508
8319562
8319632
8319692
8319727
8319834
8319883
8319978
8319980
8320041
8320236
8320254
8320509
8320514
8320638
8320650
8320710
8320720
8320969
8321033
8321120
8321145
8321318
8321330
8321662
8321665
8321809
8321816
8321817
8322262
8322464
8322534
8322659
8322850
8322974
8323095
8323165
8323283
8323360
8323457
8323492
8323562
8323626
8323790
8323917
8323945
8324371
8324456
8324481
8324581
8324751
8324785
8324949
8324996
8325013
8325495
8325647
8325697
8325923
8325943
8325947
8325991
8326074
8326160
8326162
8326259
8326268
8326319
8326497
8326528
8326783
8327153
8327232
8327318
8327328
8327358
8327551
8327577
8327638
8327691
8327694
8327783
8327787
8327838
8328050
8328092
8328099
8328203
8328296
8328417
8328435
8328494
8328756
8328846
8329171
8329317
8329321
8329359
8329523
8329667
8329734
8329822
8329917
8330037
8330215
8330262
8330319
8330354
8330392
8330522
8330579
8330584
8330623
8330626
8330645
8330828
8330995
8331196
8331414
8331437
8331447
8331481
8331504
8331696
8331834
8332072
8332091
8332109
8332120
8332175
8332181
8332375
8332475
8332497
8332535
8332685
8332726
8332805
8332821
8332855
8332862
8332879
8332893
8332956
8333366
8333568
8333645
8333738
8333776
8333901
8333978
8333992
8334057
8334073
8334143
8334200
8334230
8334856
8334971
8335047
8335086
8335218
8335220
8335276
8335439
8335468
8335481
8335528
8335594
8335611
8335674
8335696
8335720
8335768
8335817
8335900
8336123
8336212
8336398
8336401
8336453
8336464
8336467
8336511
8336603
8336641
8336767
8336860
8336880
8336912
8336980
8336983
8336993
8337198
8337228
8337395
8337643
8337783
8337816
8337839
8337886
8338213
8338223
8338229
8338316
8338350
8338507
8338605
8338622
8338850
8339118
8339270
8339390
8339517
8339541
8339598
8339708
8339781
8339879
8340091
8340153
8340162
8340206
8340346
8340397
8340410
8340457
8340461
8340564
8340655
8340713
8340833
8341164
8341190
8341272
8341300
8341309
8341391
8341536
8341988
8342036
8342055
8342233
8342350
8342378
8342504
8342556
8342585
8342773
8342871
8342992
8343076
8343446
8343591
8343819
8343834
8343906
8344116
8344208
8344212
8344263
8344288
8344293
8344392
8344394
8344438
8344628
8344769
8344851
8344949
8345114
8345119
8345335
8345387
8345444
8345454
8345473
8345520
8345977
8346221
8346371
8346777
8346796
8346811
8346818
8346993
8347050
8347170
8347257
8347281
8347549
8347574
8347642
8347654
8348016
8348260
8348491
8348496
8348660
8348677
8348699
8348720
8348791
8348901
8349032
8349047
8349188
8349470
8349500
8349668
8349793
8349849
8350120
8350130
8350216
8350218
8350262
8350492
8350601
8350765
8350813
8350925
8350936
8350972
8351046
8351111
8351129
8351167
8351279
8351309
8351708
8351874
8351993
8352126
8352201
8352418
8352451
8352529
8352669
8352728
8352754
8352801
8352817
8352903
8353092
8353296
8353521
8353627
8353653
8353719
8353801
8353919
8353922
8354314
8354348
8354351
8354352
8354356
8354564
8354590
8354921
8354959
8355008
8355299
8355323
8355482
8355579
8355585
8355638
8355801
8355836
8355858
8355865
8355887
8355897
8355972
8356144
8356235
8356245
8356360
8356663
8356909
8356973
8357014
8357165
8357247
8357391
8357396
8357410
8357453
8357484
8357544
8358177
8358289
8358557
8358584
8358801
8358892
8358915
8358941
8359038
8359063
8359272
8359541
8359613
8359669
8359682
8359913
8359921
8359971
8360024
8360042
8360076
8360104
8360148
8360353
8360486
8360495
8360498
8360513
8360668
8360800
8361162
8361373
8361393
8361570
8361686
8361764
8361797
8361823
8361903
8362017
8362031
8362142
8362303
8362515
8362826
8362985
8363208
8363286
8363515
8363550
8363571
8363611
8363706
8363836
8363878
8364131
8364313
8364651
8364708
8364727
8364943
8364977
8365004
8365081
8365143
8365157
8365213
8365237
8365486
8365512
8365534
8365597
8365730
8365803
8366037
8366096
8366175
8366407
8366437
8366692
8366785
8366786
8366887
8366914
8367022
8367194
8367295
8367331
8367398
8367490
8367534
8367567
8367767
8367858
8368183
8368202
8368283
8368715
8368946
8369037
8369298
8369319
8369445
8369531
8369697
8369798
8369820
8370158
8370169
8370198
8370479
8370496
8370549
8370625
8370731
8370736
8370767
8370870
8371057
8371131
8371132
8371241
8371391
8371456
8371741
8371742
8371769
8371886
8371992
8372024
8372026
8372227
8372259
8372383
8372386
8372413
8372700
8372847
8373298
8373310
8373381
8373418
8373439
8373534
8373568
8373575
8373594
8373614
8373767
8373908
8374400
8374525
8374701
8374846
8375019
8375029
8375057
8375065
8375144
8375336
8375372
8375612
8375643
8375674
8375744
8375795
8375973
8376079
8376201
8376241
8376461
8376584
8376699
8376744
8376773
8376895
8377131
8377313
8377326
8377383
8377426
8377455
8377556
8377588
8377690
8377725
8377803
8377955
8378091
8378102
8378214
8378431
8378490
8378498
8378761
8378978
8379054
8379313
8379412
8379493
8379496
8379581
8379817
8379868
8380111
8380125
8380167
8380270
8380566
8380606
8380676
8380760
8380841
8380857
8381009
8381087
8381183
8381462
8381582
8381715
8381751
8381923
8381927
8381945
8381961
8381987
8382004
8382082
8382147
8382221
8382571
8382640
8382668
8382824
8382976
8383064
8383136
8383186
8383228
8383357
8383674
8383712
8383736
8383855
8383920
8383954
8383958
8384073
8384281
8384546
8384654
8384948
8384960
8385061
8385085
8385209
8385291
8385308
8385318
8385331
8385444
8385533
8385550
8385622
8385732
8385847
8385852
8385871
8385911
8386002
8386020
8386114
8386204
8386301
8386334
8386485
8386505
8386606
8386613
8386654
8386681
8386685
8386741
8386886
8386918
8386927
8386958
8387058
8387067
8387092
8387102
8387145
8387456
8387530
8387619
8387724
8387780
8387850
8388008
8388174
8388195
8388202
8388284
8388289
8388427
8388462
8388616
8388768
8388927
8388996
8389078
8389197
8389369
8389437
8389593
8389666
8389687
8389703
8389705
8389956
8390182
8390277
8390297
8390322
8390338
8390387
8390530
8390564
8390579
8390713
8390815
8390847
8390884
8390935
8390998
8391104
8391107
8391153
8391233
8391563
8391584
8391669
8391677
8391706
8391762
8391796
8391994
8392140
8392317
8392585
8392722
8392923
8392928
8392997
8393127
8393471
8393552
8393578
8393618
8393799
8393815
8393881
8393923
8393925
8394204
8394210
8394361
8394370
8394411
8394468
8394549
8394669
8394700
8394776
8394913
8394985
8395078
8395245
8395257
8395287
8395302
8395338
8395424
8395757
8395960
8396060
8396089
8396133
8396179
8396480
8396546
8396552
8396702
8396733
8396769
8396819
8396928
8397051
8397231
8397254
8397307
8397532
8397605
8398136
8398215
8398286
8398287
8398361
8398432
8399166
8399270
8399374
8399456
8399622
8399711
8399846
8399930
8400212
8400282
8400316
8400405
8400587
8400787
8400854
8400882
8400916
8400955
8401017
8401077
8401151
8401217
8401353
8401375
8401395
8401440
8401536
8401622
8401760
8401790
8401958
8402081
8402445
8402670
8402671
8402703
8402797
8402925
8403155
8403180
8403219
8403470
8403549
8403655
8403731
8403737
8403775
8403833
8403983
8403985
8404013
8404061
8404067
8404223
8404518
8404593
8404685
8404850
8404898
8404990
8405047
8405364
8405535
8405538
8405581
8405619
8406033
8406119
8406310
8406400
8406493
8406521
8406525
8406657
8406666
8406750
8406755
8406790
8406921
8407011
8407072
8407165
8407347
8407409
8407473
8407498
8407532
8407649
8408016
8408052
8408121
8408230
8408361
8408425
8408765
8408766
8408773
8408810
8408904
8408964
8409062
8409083
8409088
8409265
8409356
8409413
8409436
8409474
8409476
8409619
8409702
8409763
8409768
8409772
8410051
8410153
8410408
8411056
8411233
8411243
8411376
8411448
8411771
8411959
8412018
8412038
8412238
8412239
8412241
8412287
8412299
8412350
8412354
8412407
8412429
8412531
8412550
8412718
8412936
8412972
8413118
8413264
8413368
8413395
8413408
8413461
8413567
8413826
8413892
8413914
8413948
8414027
8414084
8414136
8414299
8414331
8414367
8414388
8414460
8414506
8414664
8414751
8414906
8414913
8414982
8415041
8415206
8415322
8415324
8415391
8415472
8415532
8415872
8415930
8415934
8416267
8416399
8416431
8416453
8416499
8416560
8416578
8416635
8416743
8416879
8416969
8417000
8417161
8417181
8417297
8417358
8417403
8417571
8417621
8417782
8417921
8417989
8418125
8418364
8418462
8418872
8418942
8418979
8419079
8419261
8419673
8419683
8419767
8419776
8419837
8420056
8420289
8420358
8420383
8420446
8420548
8420719
8420851
8420942
8421056
8421404
8421467
8421546
8421656
8421879
8421947
8422114
8422197
8422244
8422329
8422348
8422353
8422382
8422467
8422636
8422647
8422816
8422911
8423070
8423129
8423198
8423200
8423243
8423441
8423651
8423694
8423802
8423857
8424103
8424107
8424137
8424246
8424309
8424657
8424694
8424870
8424958
8424966
8425083
8425179
8425217
8425223
8425240
8425252
8425365
8425622
8426197
8426227
8426243
8426276
8426285
8426299
8426336
8426345
8426395
8426451
8426475
8426499
8426583
8426590
8426674
8426744
8426753
8426847
8426861
8426878
8426886
8426907
8427125
8427126
8427288
8427338
8427356
8427398
8427450
8427859
8427886
8427992
8428059
8428389
8428404
8428406
8428479
8428821
8429052
8429203
8429249
8429329
8429388
8429486
8429705
8429734
8429888
8429948
8429968
8430025
8430210
8430265
8430276
8430287
8430480
8430512
8430631
8430826
8430900
8430903
8430925
8431071
8431076
8431301
8431338
8431343
8431349
8431436
8431492
8431510
8431719
8431892
8432094
8432153
8432455
8432458
8432484
8432560
8432890
8432896
8433122
8433138
8433275
8433282
8433334
8433527
8433540
8433647
8433667
8433771
8433773
8433885
8434162
8434237
8434738
8434787
8434797
8434894
8435003
8435060
8435115
8435354
8435457
8435575
8435651
8435710
8435805
8435913
8435996
8436051
8436103
8436146
8436189
8436232
8436426
8436479
8436701
8437027
8437198
8437335
8437349
8437366
8437461
8437470
8437484
8437704
8437717
8437916
8438252
8438361
8438369
8438410
8438510
8438811
8438848
8438912
8439024
8439028
8439087
8439227
8439331
8439410
8439518
8439578
8439624
8439732
8439888
8439939
8440068
8440168
8440229
8440249
8440659
8440691
8440798
8440876
8441006
8441090
8441172
8441238
8441486
8441544
8441659
8441704
8441760
8441817
8441915
8441973
8441975
8442246
8442371
8442396
8442425
8442428
8442515
8442558
8442901
8442970
8442990
8443070
8443269
8443417
8443470
8443661
8443716
8443728
8443774
8443796
8443955
8444069
8444200
8444672
8444988
8445153
8445212
8445257
8445533
8445579
8445598
8445669
8445744
8446041
8446098
8446152
8446182
8446197
8446227
8446291
8446329
8446347
8446403
8446434
8446613
8446730
8446741
8446749
8446812
8446930
8447039
8447065
8447107
8447320
8447365
8447373
8447549
8447657
8447673
8447749
8447753
8447754
8447910
8447918
8447945
8448206
8448392
8448462
8448470
8448551
8448619
8448705
8448766
8448998
8449272
8449273
8449278
8449674
8449708
8449721
8449758
8449805
8450070
8450183
8450284
8450291
8450298
8450456
8450658
8450714
8450758
8450846
8451035
8451259
8451595
8451630
8451678
8451777
8451837
8451849
8451956
8452026
8452090
8452144
8452250
8452285
8452386
8452442
8452566
8452666
8452873
8452924
8452943
8452961
8453057
8453559
8453622
8453773
8453800
8453816
8453957
8453964
8453977
8454071
8454162
8454224
8454244
8454334
8454506
8454541
8455048
8455117
8455161
8455188
8455206
8455289
8455353
8455405
8455579
8455608
8455643
8455655
8455658
8455689
8455703
8455740
8455749
8455832
8456093
8456255
8456298
8456658
8456718
8456819
8456852
8456877
8457003
8457023
8457076
8457136
8457151
8457490
8457645
8457686
8457960
8457998
8458087
8458173
8458295
8458305
8458311
8458338
8458653
8458858
8459230
8459396
8459688
8459771
8459847
8459865
8459991
8460178
8460458
8460484
8460487
8460645
8460713
8460762
8460763
8461063
8461113
8461190
8461279
8461406
8461416
8461838
8461944
8462001
8462082
8462216
8462388
8462480
8462546
8462547
8462851
8462866
8462894
8463100
8463552
8463670
8463719
8463891
8463931
8464081
8464087
8464123
8464294
8464333
8464334
8464465
8464535
8464544
8464545
8464563
8464623
8464631
8464761
8464947
8464949
8464953
8465221
8465264
8465340
8465414
8465532
8465671
8465913
8466213
8466256
8466282
8466296
8466351
8466570
8466827
8466859
8466956
8467143
8467313
8467388
8467496
8467579
8467680
8467756
8467803
8467855
8467963
8468068
8468428
8469005
8469035
8469066
8469068
8469178
8469476
8469479
8469545
8469564
8469565
8469579
8470047
8470058
8470331
8470461
8470825
8470944
8470985
8471223
8471272
8471286
8471425
8471437
8471591
8471742
8471947
8471985
8472075
8472083
8472313
8472824
8472873
8472997
8473097
8473164
8473258
8473304
8473348
8473472
8473588
8473729
8473742
8474213
8474369
8474382
8474401
8474477
8474609
8474629
8474661
8474710
8474713
8474749
8474751
8474824
8474841
8475230
8475315
8475339
8475392
8475741
8475772
8475802
8475847
8475850
8475885
8476010
8476133
8476262
8476296
8476349
8476350
8476355
8476395
8476405
8476474
8476657
8476746
8477165
8477180
8477255
8477285
8477391
8477541
8477547
8477686
8477726
8477774
8477936
8478264
8478370
8478460
8478540
8478541
8478585
8478617
8478672
8478731
8478821
8478951
8479164
8479316
8479609
8479864
8479881
8479955
8479969
8480011
8480128
8480323
8480357
8480393
8480414
8480456
8480568
8480625
8480704
8480758
8480791
8480913
8481000
8481113
8481268
8481343
8481380
8481404
8481464
8481606
8481726
8481864
8481933
8482131
8482413
8482800
8482824
8482849
8482952
8483062
8483217
8483364
8483542
8483740
8483750
8483820
8483947
8484106
8484128
8484369
8484421
8484458
8485056
8485139
8485230
8485249
8485409
8485455
8485484
8485795
8485798
8485884
8486191
8486255
8486271
8486374
8486487
8486490
8486758
8486971
8487091
8487113
8487138
8487275
8487373
8487517
8487536
8487556
8487641
8487677
8487804
8488040
8488057
8488111
8488178
8488233
8488381
8488431
8488435
8488614
8488865
8489143
8489197
8489366
8489449
8489561
8489664
8489681
8489717
8489829
8489915
8489962
8489984
8490146
8490148
8490624
8490777
8491109
8491160
8491314
8491377
8491443
8491463
8491484
8491523
8491592
8491594
8491649
8491853
8492199
8492201
8492213
8492539
8492668
8492931
8493013
8493139
8493157
8493162
8493394
8493660
8494073
8494201
8494350
8494615
8494630
8494734
8494742
8494819
8494989
8495243
8495294
8495295
8495416
8495591
8495644
8495811
8495859
8495905
8495923
8495929
8496057
8496091
8496105
8496260
8496368
8496420
8496473
8496479
8496626
8496627
8496683
8496713
8496741
8496762
8496948
8497014
8497085
8497121
8497128
8497152
8497156
8497173
8497239
8497410
8497639
8497717
8497787
8497828
8497946
8497950
8497980
8497990
8498227
8498236
8498259
8498263
8498560
8498578
8498653
8498788
8498790
8498919
8498941
8498982
8499079
8499122
8499145
8499234
8499464
8499585
8499691
8499766
8499996
8500031
8500204
8500216
8500290
8500508
8500592
8500645
8500762
8500891
8501021
8501073
8501278
8501368
8501446
8501655
8501686
8502106
8502299
8502319
8502521
8502640
8502690
8502836
8502884
8502950
8503005
8503272
8503292
8503391
8503426
8503497
8503530
8503662
8503678
8503757
8503804
8503831
8503845
8503973
8504138
8504165
8504284
8504396
8504415
8504546
8504819
8504860
8505115
8505171
8505199
8505247
8505299
8505348
8505476
8505545
8505608
8505621
8505650
8505788
8505942
8506046
8506178
8506334
8506357
8506513
8506566
8506643
8506648
8506705
8506864
8506875
8506880
8507164
8507239
8507316
8507798
8507816
8507947
8508057
8508371
8508406
8508426
8508670
8508730
8508857
8509023
8509111
8509200
8509236
8509239
8509273
8509330
8509357
8509436
8509447
8509489
8509571
8510018
8510078
8510229
8510313
8510475
8510586
8510802
8511004
8511198
8511279
8511440
8511517
8511665
8511689
8511703
8511710
8511763
8511861
8511895
8511911
8511999
8512086
8512138
8512143
8512203
8512236
8512489
8512528
8512543
8512672
8512781
8512797
8512823
8512926
8512991
8513000
8513042
8513250
8513270
8513312
8513433
8513447
8513478
8513491
8513692
8513848
8514090
8514249
8514327
8514436
8514445
8514514
8514537
8514597
8514718
8514721
8515030
8515051
8515164
8515166
8515319
8515524
8515742
8515842
8516284
8516300
8516314
8516337
8516360
8516400
8516860
8517103
8517354
8517407
8517455
8517568
8517829
8517840
8517917
8517976
8518046
8518064
8518082
8518205
8518473
8518765
8518803
8518930
8518995
8519270
8519445
8519493
8519727
8519995
8520122
8520374
8520390
8520439
8520750
8520759
8520787
8520960
8521087
8521162
8521178
8521356
8521431
8521461
8521523
8521574
8521588
8521639
8521648
8521711
8521760
8521763
8521880
8521960
8522009
8522038
8522066
8522179
8522196
8522221
8522238
8522286
8522451
8522737
8522903
8522982
8523024
8523224
8523334
8523512
8523561
8523618
8523687
8523757
8523770
8523794
8523848
8523874
8523977
8524104
8524158
8524292
8524392
8524466
8524520
8524699
8524727
8524829
8524942
8525111
8525131
8525161
8525215
8525250
8525293
8525389
8525435
8525566
8525598
8525822
8526078
8526235
8526308
8526369
8526508
8526645
8526871
8527035
8527172
8527216
8527374
8527396
8527440
8527533
8527728
8527813
8527849
8528053
8528066
8528092
8528176
8528717
8528764
8528772
8528816
8528868
8529161
8529268
8529270
8529453
8529533
8529622
8529644
8529739
8529896
8529958
8530084
8530221
8530585
8530677
8530746
8530832
8531008
8531183
8531279
8531422
8531583
8531907
8531946
8532003
8532103
8532216
8532342
8532397
8532451
8532531
8532545
8532721
8532825
8532898
8532931
8532950
8533006
8533174
8533611
8533686
8533893
8534143
8534147
8534209
8534213
8534229
8534269
8534337
8534366
8534538
8534658
8534757
8534775
8534786
8534899
8534931
8535209
8535409
8535511
8535675
8535770
8535803
8536119
8536308
8536365
8536371
8536397
8536531
8536542
8536550
8536648
8536714
8536916
8537010
8537012
8537307
8537358
8537550
8537715
8537724
8538015
8538540
8538571
8538674
8538688
8538958
8539063
8539318
8539385
8539576
8539635
8539679
8539690
8539733
8539834
8539869
8539952
8540123
8540221
8540260
8540263
8540271
8540466
8540488
8540530
8540771
8540781
8541016
8541039
8541077
8541176
8541177
8541203
8541228
8541281
8541373
8541610
8541624
8541652
8541834
8541862
8541907
8541958
8542090
8542179
8542212
8542380
8542409
8542412
8542459
8542495
8542644
8542770
8542778
8542785
8542918
8543061
8543125
8543277
8543291
8543442
8543481
8543574
8543594
8543755
8543841
8543844
8543870
8543905
8544077
8544095
8544116
8544348
8544424
8544436
8544495
8544614
8544625
8544676
8544876
8544950
8544974
8545189
8545368
8545405
8545474
8545656
8545834
8546010
8546069
8546203
8546226
8546247
8546324
8546556
8546655
8546687
8546723
8546880
8546974
8547278
8547305
8547460
8547478
8547615
8547684
8547748
8548174
8548371
8548392
8548485
8548521
8548578
8548883
8548895
8549060
8549120
8549137
8549234
8549248
8549250
8549253
8549359
8549401
8549421
8549429
8549571
8549665
8549756
8549886
8549922
8549972
8549985
8550194
8550360
8550385
8550549
8550671
8550718
8550734
8550927
8551183
8551419
8551573
8551749
8551755
8552056
8552126
8552283
8552294
8552298
8552431
8552590
8552799
8552938
8552982
8552983
8553114
8553206
8553221
8553363
8553419
8553422
8553501
8553831
8553874
8554082
8554210
8554478
8554646
8554669
8554725
8554760
8554868
8554928
8554993
8555054
8555091
8555405
8555438
8555550
8555777
8555949
8556056
8556109
8556255
8556307
8556310
8556392
8556505
8556585
8556751
8556762
8556918
8556938
8556975
8556982
8557176
8557231
8557256
8557323
8557386
8557925
8558087
8558094
8558534
8558544
8558550
8558566
8558615
8558663
8558673
8558852
8558874
8558912
8558930
8558936
8559106
8559124
8559202
8559370
8559557
8559593
8559600
8559686
8559750
8560012
8560021
8560323
8560388
8560427
8560499
8560504
8560522
8560711
8560845
8560861
8560885
8560991
8561060
8561383
8561405
8561577
8561865
8562037
8562078
8562085
8562126
8562180
8562428
8562789
8562813
8562819
8562872
8562983
8563030
8563089
8563394
8563539
8563544
8563600
8563904
8563924
8564092
8564227
8564259
8564314
8564436
8564476
8564580
8564691
8564719
8564969
8565039
8565119
8565132
8565369
8565390
8565446
8565534
8565597
8565598
8565785
8565899
8565904
8565945
8565979
8566028
8566042
8566201
8566365
8566533
8566851
8567023
8567046
8567095
8567102
8567160
8567173
8567317
8567366
8567555
8567637
8567823
8568065
8568131
8568133
8568229
8568310
8568512
8568558
8568564
8568625
8568687
8568858
8568964
8568989
8569103
8569215
8569218
8569260
8569262
8569301
8569495
8569733
8569941
8569959
8570199
8570263
8570282
8570851
8570891
8570929
8570935
8571177
8571246
8571309
8571416
8571560
8571750
8571957
8571994
8572158
8572172
8572263
8572526
8572549
8572614
8572858
8572871
8572956
8573254
8573572
8573663
8573665
8573781
8573803
8573944
8574141
8574182
8574400
8574461
8574508
8574549
8574818
8574873
8575062
8575100
8575175
8575413
8575638
8575777
8575925
8576087
8576095
8576134
8576256
8576408
8576422
8576440
8576471
8576633
8576705
8576947
8577040
8577141
8577149
8577359
8577406
8577527
8577539
8577744
8577764
8577878
8577905
8577998
8578119
8578152
8578248
8578320
8578656
8578732
8578794
8578807
8578816
8578954
8578982
8578998
8579044
8579096
8579371
8579388
8579506
8579540
8579756
8579759
8579828
8579899
8580208
8580262
8580275
8580314
8580417
8580545
8580624
8580847
8580854
8580855
8580861
8580933
8581252
8581651
8581673
8581801
8581881
8581911
8582088
8582183
8582193
8582411
8582436
8582487
8582688
8583026
8583358
8583408
8583449
8583568
8583584
8583624
8583648
8583704
8583812
8583821
8583862
8583869
8584136
8584148
8584258
8584345
8584353
8584727
8584953
8584965
8585100
8585138
8585220
8585324
8585399
8585410
8585421
8585435
8585523
8585569
8585620
8586231
8586254
8586273
8586278
8586312
8586518
8586797
8586993
8587031
8587123
8587160
8587326
8587362
8587385
8587524
8587680
8587728
8587801
8587876
8587996
8588008
8588069
8588130
8588280
8588445
8588454
8588505
8588547
8588806
8588901
8588970
8589042
8589173
8589611
8589708
8589881
8590042
8590055
8590138
8590155
8590257
8590405
8590579
8590839
8590864
8590879
8590925
8590998
8591010
8591033
8591049
8591235
8591264
8591308
8591331
8591387
8591517
8591630
8591757
8591935
8592025
8592155
8592266
8592365
8592581
8592588
8592686
8592828
8592864
8593086
8593461
8593481
8593488
8593489
8593609
8593756
8593761
8593808
8593860
8594210
8594244
8594445
8594494
8594509
8594605
8594742
8594816
8594829
8595046
8595253
8595378
8595411
8595628
8595651
8595712
8595757
8595994
8596374
8596439
8596758
8596922
8597057
8597174
8597271
8597446
8597494
8597509
8597565
8597641
8597770
8597867
8598096
8598229
8598430
8598440
8598686
8598731
8598818
8599043
8599153
8599159
8599176
8599360
8599444
8599555
8599593
8599614
8599660
8599675
8599911
8600049
8600065
8600111
8600504
8600527
8600619
8600828
8600902
8600921
8600945
8600997
8601173
8601226
8601545
8601563
8601748
8601829
8601836
8601887
8601908
8601975
8602069
8602114
8602138
8602177
8602194
8602305
8602310
8602359
8602527
8602541
8602647
8602681
8602793
8602871
8602986
8603039
8603085
8603109
8603291
8603302
8603313
8603343
8603421
8603666
8603719
8603745
8603784
8603843
8603846
8603860
8603992
8604116
8604195
8604196
8604474
8604487
8604504
8604579
8604690
8604860
8604973
8605244
8605283
8605312
8605320
8605406
8605531
8605607
8605863
8605959
8605967
8606231
8606576
8606848
8606926
8607001
8607109
8607355
8607392
8607598
8607627
8607631
8607774
8607799
8607810
8607875
8608046
8608085
8608092
8608216
8608359
8608452
8608575
8608646
8608696
8608834
8608864
8608881
8608937
8609180
8609213
8609455
8609542
8609618
8609629
8609683
8609777
8609820
8609861
8609989
8610047
8610096
8610110
8610298
8610319
8610457
8610593
8610699
8610768
8610962
8611091
8611157
8611211
8611249
8611599
8611798
8611818
8612066
8612080
8612213
8612412
8612563
8612621
8612705
8612956
8613276
8613344
8613377
8613527
8613903
8613964
8613997
8614014
8614342
8614423
8614433
8614524
8614710
8614748
8614800
8614810
8614834
8614951
8615069
8615115
8615141
8615522
8615607
8615632
8615704
8615918
8616074
8616258
8616454
8616832
8616881
8617055
8617076
8617241
8617309
8617378
8617421
8617423
8617604
8617705
8617849
8618000
8618088
8618110
8618475
8618645
8618685
8618709
8618839
8619216
8619256
8619346
8619386
8619468
8619483
8619680
8619768
8619839
8619990
8620518
8620609
8620697
8620721
8620764
8620802
8620845
8620929
8620981
8621064
8621097
8621318
8621383
8621412
8621455
8621468
8621738
8621878
8621892
8622012
8622172
8622199
8622263
8622288
8622466
8622469
8622484
8622513
8622633
8622691
8622896
8623030
8623094
8623492
8623681
8623878
8624119
8624379
8624426
8624458
8624871
8625051
8625153
8625197
8625222
8625340
8625431
8625678
8625894
8626220
8626340
8626474
8626654
8626713
8626814
8626918
8627269
8627468
8627470
8627477
8627579
8627619
8627621
8627857
8627875
8627876
8627900
8628016
8628018
8628026
8628064
8628250
8628494
8628504
8628549
8628620
8628660
8628783
8628864
8629045
8629257
8629318
8629347
8629783
8629795
8629853
8629896
8630011
8630069
8630215
8630235
8630392
8630468
8630601
8630684
8630928
8630980
8630990
8631258
8631331
8631399
8631405
8631470
8631552
8631600
8631638
8631673
8631685
8631884
8632171
8632184
8632320
8632406
8632421
8632756
8632833
8632910
8632929
8633075
8633116
8633386
8633560
8633612
8633742
8633805
8633836
8633856
8634048
8634150
8634310
8634312
8634573
8634690
8634716
8634849
8634859
8634875
8634877
8634946
8635057
8635145
8635294
8635360
8635394
8635478
8635695
8635824
8635860
8636185
8636227
8636317
8636738
8636971
8636982
8637015
8637070
8637147
8637168
8637252
8637314
8637334
8637399
8637401
8637822
8637841
8637887
8637911
8637986
8638038
8638074
8638106
8638114
8638148
8638174
8638252
8638389
8638630
8638851
8638918
8639122
8639165
8639204
8639240
8639363
8639374
8639458
8639586
8639709
8639813
8639858
8640044
8640188
8640497
8640526
8640665
8640732
8640771
8640829
8641193
8641409
8641459
8641521
8641583
8641605
8641641
8641757
8641798
8641871
8641967
8642169
8642347
8642438
8642792
8642822
8642830
8642856
8642899
8642957
8643023
8643066
8643258
8643448
8643976
8644025
8644186
8644197
8644327
8644368
8644431
8644442
8644565
8644703
8644922
8645007
8645147
8645196
8645225
8645285
8645352
8645375
8645441
8645660
8645687
8645702
8645709
8645830
8645851
8645911
8645986
8646378
8646415
8646462
8646474
8646574
8646592
8646645
8646674
8646704
8646823
8646851
8646916
8647015
8647022
8647135
8647170
8647338
8647512
8647867
8648345
8648432
8648490
8648501
8648815
8648844
8649326
8649510
8649604
8649708
8649710
8649859
8649883
8650339
8650389
8650539
8650691
8651040
8651099
8651118
8651153
8651216
8651365
8651377
8651427
8651573
8651641
8651642
8651698
8651821
8651908
8651988
8652293
8652363
8652840
8652928
8653240
8653369
8653383
8653422
8653512
8653669
8654308
8654315
8654338
8654510
8654692
8654773
8654854
8654911
8654940
8654947
8655216
8655314
8655380
8655522
8655607
8655616
8655634
8655695
8655756
8655980
8656034
8656070
8656089
8656329
8656337
8656555
8656650
8656653
8656703
8656753
8656839
8656962
8656975
8657093
8657447
8657457
8657529
8657667
8657826
8657935
8657940
8657980
8658203
8658223
8658232
8658272
8658306
8658879
8658883
8658894
8658977
8659202
8659238
8659499
8659696
8659863
8659982
8659988
8659993
8660027
8660046
8660221
8660236
8660458
8660579
8660691
8660896
8661039
8661091
8661701
8661764
8661828
8661877
8661982
8662178
8662283
8662334
8662628
8662670
8662693
8662731
8662774
8663020
8663299
8663354
8663464
8663466
8663825
8664084
8664124
8664135
8664155
8664226
8664546
8664606
8664710
8664751
8664918
8665069
8665081
8665117
8665213
8665365
8665418
8665429
8665467
8665482
8665616
8665676
8665720
8665743
8666054
8666100
8666205
8666285
8666400
8666404
8666480
8666694
8666895
8666950
8667060
8667203
8667209
8667344
8667347
8667348
8667359
8667510
8667538
8667608
8667729
8667809
8667841
8667957
8667972
8668278
8668407
8668445
8668486
8668564
8668587
8668674
8668836
8668989
8669144
8669177
8669329
8669440
8669553
8669688
8669827
8669934
8669994
8669997
8670039
8670276
8670290
8670309
8670420
8670554
8670603
8670696
8670712
8670781
8670798
8670913
8670953
8671064
8671299
8671314
8671542
8671659
8671832
8671871
8671884
8671900
8671940
8671949
8671993
8672175
8672357
8672570
8672619
8672629
8672656
8672706
8672886
8672968
8673277
8673282
8673366
8673752
8673775
8673807
8674084
8674133
8674215
8674323
8674364
8674910
8674966
8675002
8675043
8675123
8675208
8675227
8675531
8675852
8676036
8676125
8676135
8676215
8676221
8676462
8676508
8676518
8676531
8676538
8676564
8676872
8676934
8677061
8677071
8677130
8677162
8677211
8677241
8677287
8677365
8677373
8677410
8677419
8677538
8678204
8678271
8678327
8678429
8678460
8678495
8678516
8678576
8678587
8678878
8678887
8678921
8678944
8678971
8678978
8679093
8679116
8679122
8679198
8679222
8679237
8679328
8679336
8679482
8679499
8679691
8679726
8679730
8679774
8679811
8679869
8679971
8680054
8680069
8680152
8680159
8680270
8680446
8680503
8680742
8680747
8680972
8681057
8681061
8681093
8681632
8681755
8681816
8681837
8681946
8681958
8681959
8682069
8682072
8682236
8682430
8682569
8683027
8683061
8683148
8683399
8683428
8683514
8683640
8683669
8683702
8683742
8683795
8683891
8684056
8684151
8684184
8684291
8684320
8684345
8684509
8684783
8684900
8684913
8685049
8685055
8685200
8685335
8685354
8685404
8685442
8685527
8685681
8685739
8685797
8686005
8686015
8686075
8686093
8686195
8686201
8686237
8686257
8686346
8686376
8686468
8686537
8686653
8686740
8686858
8687099
8687299
8687396
8687466
8687765
8687804
8687968
8688427
8688467
8688553
8688570
8688886
8688903
8688928
8689021
8689029
8689160
8689331
8689446
8689464
8689532
8689774
8690014
8690161
8690258
8690345
8690795
8690855
8690860
8691029
8691099
8691161
8691225
8691406
8691408
8691434
8691438
8691943
8691995
8692315
8692384
8692692
8692711
8692792
8692881
8692927
8693057
8693151
8693226
8693301
8693381
8693632
8693657
8693714
8693935
8694065
8694120
8694122
8694216
8694369
8694403
8694646
8694710
8694723
8694769
8694834
8694918
8694963
8694976
8695034
8695228
8695240
8695390
8695471
8695478
8695547
8695696
8695718
8695903
8695916
8695962
8696057
8696075
8696078
8696149
8696158
8696199
8696279
8696699
8696878
8696929
8696954
8697053
8697092
8697453
8697526
8697681
8697938
8698000
8698129
8698166
8698241
8698259
8698277
8698344
8698449
8698736
8698766
8698836
8698882
8698932
8698963
8698994
8699115
8699153
8699246
8699326
8699520
8699779
8699915
8699980
8700042
8700101
8700220
8700233
8700455
8700553
8700554
8700623
8700670
8700985
8701068
8701212
8701298
8701760
8701870
8702054
8702107
8702133
8702389
8702404
8702601
8702695
8702827
8703047
8703085
8703568
8703650
8704011
8704074
8704089
8704134
8704172
8704279
8704362
8704604
8704722
8704815
8704852
8704895
8705110
8705185
8705324
8705422
8705511
8705817
8705836
8705850
8705926
8705928
8706069
8706072
8706078
8706228
8706470
8706623
8706721
8706913
8707003
8707048
8707115
8707170
8707264
8707307
8707574
8707588
8707621
8707683
8707758
8707836
8707894
8707912
8708039
8708044
8708074
8708150
8708355
8708356
8708474
8708528
8708750
8709004
8709005
8709284
8709311
8709359
8709558
8709677
8709747
8709771
8710168
8710185
8710224
8710547
8710614
8710729
8710786
8710872
8711310
8711377
8711475
8711699
8711760
8711781
8712199
8712303
8712330
8712448
8712531
8712696
8712746
8712900
8713055
8713078
8713511
8713539
8713594
8713765
8713799
8714056
8714247
8714401
8714499
8714568
8714595
8714808
8714825
8714894
8715041
8715157
8715183
8715237
8715430
8715501
8715523
8715565
8715751
8715851
8715877
8715925
8716060
8716068
8716244
8716340
8716458
8716780
8716894
8717062
8717477
8717548
8717598
8717880
8718065
8718094
8718194
8718198
8718263
8718266
8718291
8718437
8718496
8718572
8718611
8718686
8718703
8718819
8718834
8718911
8718958
8719126
8719135
8719146
8719292
8719520
8719721
8719926
8720083
8720218
8720297
8720529
8720571
8720612
8720650
8720697
8720707
8720869
8720872
8721114
8721291
8721309
8721642
8721650
8721915
8722115
8722183
8722224
8722289
8722518
8722599
8722626
8722676
8722841
8722847
8722923
8723045
8723064
8723141
8723300
8723377
8723393
8723419
8723444
8723544
8723688
8723691
8723705
8723742
8723831
8723909
8723975
8724122
8724281
8724484
8724489
8724524
8724685
8724767
8724772
8724897
8724965
8725006
8725075
8725191
8725444
8725462
8725652
8725879
8725939
8725965
8726097
8726193
8726384
8726403
8726447
8726619
8726700
8726783
8726795
8726800
8726858
8726881
8726953
8726989
8727082
8727190
8727204
8727247
8727341
8727563
8727720
8727723
8728005
8728057
8728145
8728177
8728188
8728223
8728315
8728341
8728367
8728398
8728465
8728730
8728787
8728839
8729181
8729250
8729501
8729523
8729577
8729961
8729970
8730023
8730537
8730723
8730792
8731467
8731551
8731741
8731786
8731878
8731924
8732008
8732173
8732232
8732257
8732302
8732359
8732511
8732566
8732759
8732777
8732811
8732839
8732879
8733171
8733193
8733228
8733375
8733532
8733685
8733747
8734134
8734148
8734186
8734321
8734324
8734351
8734435
8734517
8734590
8734833
8734874
8735187
8735302
8735305
8735322
8735361
8735532
8735646
8735695
8735777
8735876
8735916
8735952
8735986
8736028
8736271
8736321
8736344
8736566
8736591
8736672
8736695
8736711
8736953
8737141
8737362
8737444
8737539
8737542
8737797
8737986
8738064
8738094
8738542
8738592
8738622
8738788
8739088
8739214
8739238
8739276
8739453
8739626
8739843
8739904
8740170
8740317
8740337
8740356
8740413
8740418
8740439
8740558
8740559
8740744
8740746
8740885
8740887
8740912
8741026
8741048
8741082
8741156
8741300
8741369
8741443
8741577
8741683
8741693
8741743
8741855
8741947
8741993
8742271
8742319
8742388
8742515
8742629
8742674
8742788
8742957
8743266
8743275
8743311
8743329
8743365
8743434
8743571
8743755
8743907
8743959
8744024
8744070
8744666
8744822
8744873
8745092
8745136
8745166
8745174
8745252
8745298
8745350
8745502
8745503
8745692
8745744
8745792
8745824
8745852
8745860
8745918
8745929
8746047
8746121
8746164
8746177
8746190
8746290
8746574
8746663
8746709
8746755
8746774
8746783
8746889
8746909
8747082
8747108
8747111
8747324
8747356
8747365
8747396
8747510
8747713
8747939
8747986
8748005
8748213
8748224
8748297
8748340
8748452
8748623
8748853
8748915
8749100
8749208
8749226
8749349
8749465
8749505
8749507
8749558
8749563
8749565
8749670
8749763
8749789
8749824
8750105
8750120
8750236
8750276
8750310
8750352
8750395
8750495
8750856
8750877
8750985
8751068
8751121
8751198
8751212
8751213
8751297
8751475
8751478
8751542
8751726
8751767
8751868
8751884
8751946
8752060
8752094
8752190
8752297
8752310
8752318
8752720
8752783
8752812
8752867
8752914
8753094
8753171
8753348
8753373
8753625
8753721
8753733
8753796
8753836
8753864
8753887
8753927
8753987
8754040
8754043
8754098
8754197
8754321
8754637
8754642
8754664
8754759
8754998
8755018
8755070
8755093
8755423
8755468
8755476
8755538
8755614
8755631
8755740
8755782
8755801
8756084
8756214
8756234
8756485
8756807
8756900
8757003
8757009
8757219
8757231
8757327
8757341
8757395
8757432
8757437
8757569
8757591
8757726
8757798
8758108
8758164
8758226
8758263
8758311
8758470
8758477
8758481
8758548
8758635
8758661
8758729
8758850
8759180
8759494
8759627
8759633
8759641
8759721
8759783
8759787
8759967
8760379
8760546
8760558
8760673
8760836
8760979
8761151
8761178
8761273
8761395
8761596
8761762
8761805
8761852
8761951
8761977
8761985
8762154
8762197
8762381
8762823
8762826
8762846
8762907
8762954
8763172
8763293
8763399
8763476
8763552
8763555
8763824
8763966
8764016
8764410
8764606
8764614
8764706
8764769
8764956
8765045
8765246
8765280
8765314
8765435
8765480
8765769
8765773
8765910
8765991
8766008
8766228
8766302
8766416
8766573
8766581
8766875
8766966
8766968
8767149
8767175
8767432
8767535
8767548
8767551
8767581
8767664
8768012
8768110
8768141
8768399
8768574
8768589
8768745
8768850
8769008
8769029
8769574
8769629
8769815
8769853
8769996
8770017
8770088
8770258
8770285
8770329
8770613
8770635
8770706
8770850
8771105
8771144
8771192
8771303
8771457
8771472
8771688
8771699
8771720
8772107
8772152
8772157
8772239
8772349
8772459
8772469
8772693
8772778
8773225
8773252
8773423
8773570
8773668
8773830
8773876
8773907
8774058
8774157
8774241
8774290
8774315
8774348
8774357
8774392
8774521
8774531
8774597
8774961
8775069
8775336
8775367
8775402
8775413
8775423
8775504
8775507
8775567
8775675
8775698
8775827
8775906
8775940
8775971
8776161
8776219
8776312
8776524
8776546
8776611
8776614
8776862
8776937
8776967
8777148
8777179
8777216
8777268
8777363
8777493
8777756
8778132
8778275
8778529
8778624
8778653
8778720
8778864
8778973
8779068
8779214
8779238
8779323
8779526
8779615
8779725
8779874
8779886
8780020
8780042
8780135
8780175
8780177
8780199
8780415
8780425
8780433
8780479
8780545
8780745
8780751
8780758
8780800
8780892
8780898
8780917
8781072
8781481
8781789
8781887
8782079
8782344
8782368
8782670
8782718
8782719
8782740
8782788
8782823
8782859
8782865
8783156
8783307
8783650
8783726
8783752
8783793
8783875
8784156
8784176
8784371
8784435
8784546
8784548
8784552
8784642
8784791
8784798
8784836
8785003
8785047
8785140
8785285
8785375
8785394
8785602
8785612
8785634
8785689
8785793
8786034
8786111
8786116
8786158
8786212
8786334
8786406
8786456
8786612
8786797
8786905
8786933
8786962
8787005
8787052
8787268
8787299
8787311
8787347
8787398
8787490
8787523
8787543
8787662
8787935
8787985
8787990
8788013
8788068
8788090
8788103
8788170
8788250
8788281
8788323
8788444
8788464
8788562
8788583
8788826
8789245
8789387
8789545
8789627
8789671
8789709
8789740
8789809
8789832
8789890
8790049
8790102
8790267
8790625
8790758
8790809
8790811
8790956
8791152
8791170
8791215
8791415
8791516
8791570
8791624
8791632
8791661
8791711
8791867
8791965
8791989
8792048
8792235
8792238
8792250
8792253
8792275
8792296
8792387
8792411
8792506
8792694
8792836
8792858
8792885
8793241
8793326
8793328
8793825
8793836
8793860
8794039
8794047
8794350
8794372
8794533
8794545
8794606
8794722
8794748
8794749
8794961
8795141
8795260
8795300
8795319
8795387
8795396
8795475
8795539
8795611
8795769
8795940
8795961
8796112
8796191
8796467
8796514
8796525
8796585
8796619
8796915
8797112
8797153
8797249
8797272
8797464
8797653
8797661
8797840
8797858
8797907
8798103
8798125
8798133
8798200
8798235
8798270
8798353
8798391
8798416
8798464
8798527
8798741
8798769
8798795
8799019
8799069
8799351
8799364
8799372
8799508
8799509
8799610
8799994
8800123
8800125
8800248
8800339
8800432
8800448
8801128
8801134
8801268
8801290
8801293
8801484
8801581
8801601
8801626
8801799
8801802
8801934
8802005
8802091
8802170
8802350
8802789
8802916
8802936
8803028
8803255
8803282
8803337
8803415
8803459
8803507
8803815
8803959
8803971
8804056
8804271
8804534
8804744
8804806
8804871
8804873
8805029
8805128
8805163
8805580
8805589
8805727
8805849
8805906
8805907
8806002
8806320
8806572
8806596
8806638
8806671
8806731
8806812
8806894
8806902
8806933
8806961
8807031
8807047
8807075
8807095
8807157
8807257
8807456
8807528
8807546
8807635
8807654
8807796
8808069
8808160
8808323
8808329
8808541
8808552
8808662
8808800
8808851
8808879
8808996
8809051
8809196
8809453
8809524
8809528
8809552
8809668
8809722
8809803
8809926
8810040
8810121
8810302
8810327
8810369
8810528
8810537
8810696
8810746
8810799
8810822
8810895
8811012
8811107
8811149
8811160
8811164
8811334
8811367
8811405
8811420
8811551
8811596
8811630
8811762
8811821
8811906
8812033
8812096
8812244
8812332
8812369
8812410
8812477
8812615
8812685
8812760
8812786
8812927
8812988
8813005
8813079
8813081
8813214
8813320
8813358
8813382
8813402
8813427
8813508
8813589
8813691
8813707
8813843
8813881
8814011
8814038
8814236
8814253
8814284
8814322
8814614
8814895
8814924
8815030
8815125
8815174
8815277
8815473
8815655
8815656
8815776
8815807
8815850
8815999
8816028
8816149
8816163
8816439
8816551
8816796
8816801
8816865
8816870
8816987
8817116
8817150
8817572
8817612
8817827
8817904
8817940
8818021
8818070
8818117
8818295
8818334
8818370
8818517
8818567
8818786
8818791
8819036
8819115
8819241
8819248
8819315
8819341
8819371
8819405
8819462
8819567
8819604
8819641
8819784
8819801
8819936
8820129
8820327
8820433
8820466
8820475
8820482
8820577
8820582
8820734
8820995
8821045
8821285
8821288
8821292
8821303
8821313
8821407
8821477
8821545
8821680
8821900
8821944
8822031
8822170
8822220
8822222
8822369
8822455
8822588
8822613
8822614
8822872
8822922
8823025
8823164
8823346
8823412
8823515
8823574
8823593
8823612
8823652
8823822
8823869
8823886
8823975
8824045
8824092
8824128
8824591
8824650
8824839
8824881
8824902
8824968
8824980
8825074
8825243
8825261
8825609
8825660
8825662
8825671
8826219
8826350
8826387
8826436
8826548
8826939
8827043
8827093
8827459
8827523
8827567
8827723
8827782
8827894
8828089
8828125
8828357
8828404
8828887
8828996
8829113
8829274
8829290
8829341
8829360
8829625
8829647
8829675
8829712
8829760
8829764
8829858
8829923
8830052
8830118
8830371
8830425
8830444
8830497
8830808
8830837
8830881
8830911
8830936
8830976
8831010
8831035
8831073
8831269
8831476
8831492
8831571
8831581
8831599
8831915
8832004
8832060
8832320
8832343
8832521
8832560
8832610
8832710
8832920
8833052
8833056
8833482
8833542
8833582
8833690
8833741
8833807
8833860
8833936
8834018
8834069
8834196
8834369
8834413
8834463
8834502
8834565
8834732
8834737
8834754
8834909
8834984
8835005
8835177
8835460
8835625
8835781
8835797
8835830
8835960
8835971
8836149
8836364
8836366
8836510
8836520
8836544
8836726
8836740
8836752
8836757
8836761
8836954
8837011
8837019
8837310
8837321
8837354
8837433
8837487
8837774
8837805
8837992
8838119
8838144
8838189
8838340
8838359
8838396
8838474
8838475
8838489
8838545
8838546
8838666
8838677
8838718
8838747
8838928
8838982
8839005
8839140
8839150
8839176
8839459
8839530
8839763
8839889
8840036
8840149
8840223
8840292
8840467
8840534
8840616
8840809
8840817
8840835
8840955
8841028
8841063
8841159
8841200
8841213
8841424
8841509
8841523
8841532
8841549
8841609
8841698
8841881
8842184
8842430
8842736
8842789
8842800
8842815
8842918
8843025
8843143
8843156
8843443
8843587
8843635
8843760
8843863
8843921
8843958
8844102
8844118
8844121
8844303
8844409
8844813
8844859
8844880
8844947
8844951
8845129
8845336
8845604
8845818
8845988
8846039
8846100
8846303
8846498
8846518
8846538
8846558
8846626
8846772
8846818
8847024
8847028
8847093
8847665
8847902
8847938
8848004
8848298
8848391
8848453
8848567
8848639
8848643
8848662
8848784
8849050
8849137
8849239
8849294
8849387
8849593
8849821
8849832
8849903
8849936
8849945
8850121
8850126
8850132
8850461
8850505
8850521
8850610
8850833
8850884
8850934
8850973
8851307
8851312
8851349
8851464
8851495
8851514
8851560
8851672
8851784
8851923
8852116
8852149
8852191
8852211
8852317
8852374
8852600
8852614
8852833
8852921
8853158
8853195
8853536
8853660
8853835
8853856
8854001
8854096
8854098
8854160
8854171
8854256
8854421
8854576
8854646
8854972
8854976
8855053
8855075
8855315
8855420
8855481
8855565
8855604
8855657
8855669
8855854
8855898
8855930
8856069
8856109
8856145
8856315
8856434
8856543
8856650
8856656
8856678
8856778
8856834
8856921
8856932
8857227
8857249
8857364
8857481
8857561
8857568
8857605
8857945
8858239
8858248
8858265
8858368
8858402
8858406
8858714
8858818
8858926
8858949
8859120
8859125
8859160
8859209
8859236
8859427
8859472
8859511
8859630
8859685
8859753
8859775
8859843
8859891
8859994
8860135
8860347
8860372
8860415
8860427
8860435
8860701
8860864
8860887
8860922
8861011
8861221
8861345
8861348
8861431
8861497
8861707
8861761
8861807
8861912
8861927
8862033
8862082
8862093
8862096
8862157
8862213
8862214
8862288
8862421
8862444
8862520
8862667
8862676
8862685
8862788
8862834
8862976
8863112
8863188
8863302
8863348
8863351
8863475
8863503
8863539
8863579
8863606
8863749
8863754
8863783
8863788
8863900
8863980
8864195
8864358
8864741
8864747
8864755
8864922
8864992
8865054
8865183
8865278
8865362
8865446
8865462
8865485
8865514
8865549
8865787
8865971
8866032
8866118
8866193
8866243
8866255
8866324
8866587
8866638
8866667
8866710
8867102
8867161
8867200
8867340
8867621
8867647
8867755
8867784
8867869
8867882
8867954
8868005
8868355
8868368
8868398
8868467
8868602
8868628
8868656
8868687
8868706
8868756
8868777
8868827
8869036
8869248
8869250
8869279
8869297
8869369
8869384
8869422
8869484
8869530
8869609
8869652
8869671
8869724
8869732
8869741
8869771
8869849
8870025
8870052
8870056
8870082
8870215
8870254
8870266
8870281
8870559
8870593
8870910
8870921
8870947
8871017
8871095
8871292
8871380
8871402
8871543
8871621
8871693
8871694
8871872
8871946
8871982
8872107
8872150
8872156
8872174
8872279
8872284
8872403
8872419
8872437
8872568
8872668
8872820
8872842
8872859
8873007
8873020
8873205
8873222
8873419
8873450
8873787
8873802
8873839
8873900
8873972
8874135
8874226
8874317
8874480
8874526
8874555
8874613
8874747
8874798
8874830
8874926
8874965
8875032
8875115
8875244
8875410
8875418
8875434
8875449
8875686
8875986
8876014
8876112
8876224
8876257
8876484
8876617
8876637
8876720
8877033
8877080
8877156
8877233
8877241
8877262
8877276
8877296
8877330
8877615
8877631
8877778
8878027
8878061
8878152
8878210
8878218
8878543
8878643
8878847
8878871
8878915
8879457
8879537
8879617
8879727
8879876
8879986
8880173
8880257
8880481
8880507
8880512
8880523
8880564
8880680
8880835
8880842
8880957
8881028
8881080
8881102
8881133
8881270
8881276
8881409
8881493
8881552
8881588
8881600
8881678
8881716
8881732
8881791
8881841
8881954
8882003
8882233
8882238
8882241
8882266
8882294
8882469
8882636
8882733
8882827
8882924
8882982
8883112
8883150
8883389
8883396
8883498
8883522
8883680
8883783
8883930
8883992
8884164
8884374
8884514
8884661
8884867
8884944
8885059
8885100
8885109
8885314
8885389
8885596
8885657
8885692
8885739
8885780
8886090
8886117
8886164
8886261
8886289
8886435
8886601
8886624
8886672
8886945
8886948
8887034
8887137
8887183
8887471
8887491
8887603
8888012
8888031
8888043
8888080
8888175
8888271
8888283
8888322
8888395
8888471
8888625
8888787
8888902
8888903
8888990
8889037
8889081
8889137
8889223
8889260
8889288
8889509
8889639
8889810
8889866
8890035
8890255
8890292
8890485
8890734
8890785
8890799
8890996
8891046
8891226
8891281
8891338
8891350
8891740
8891794
8891858
8891967
8892071
8892135
8892402
8892434
8892619
8892712
8892798
8892844
8892903
8893173
8893256
8893415
8893466
8893515
8893616
8893839
8893905
8894226
8894487
8894628
8894633
8894654
8894920
8894943
8894949
8895011
8895025
8895198
8895324
8895374
8895685
8895730
8895873
8895923
8896006
8896017
8896134
8896138
8896250
8896260
8896354
8896372
8896391
8896592
8896610
8896711
8896757
8896949
8897160
8897172
8897253
8897335
8897512
8897531
8897706
8897783
8897902
8897986
8898052
8898118
8898231
8898340
8898489
8898862
8898873
8898900
8898955
8899052
8899085
8899092
8899298
8899357
8899520
8899613
8899729
8899741
8899762
8899769
8899941
8899944
8900048
8900064
8900065
8900205
8900524
8900526
8900543
8900657
8900664
8900691
8900847
8901136
8901210
8901368
8901378
8901401
8901515
8901552
8901936
8902116
8902216
8902284
8902366
8902372
8902396
8902416
8902470
8902536
8902666
8903062
8903065
8903081
8903263
8903357
8903436
8903560
8903588
8903694
8903723
8903762
8903825
8903895
8904136
8904287
8904502
8904521
8905159
8905209
8905377
8905380
8905413
8905458
8905580
8905582
8905841
8905880
8905933
8905972
8905986
8906010
8906252
8906323
8906702
8906830
8906836
8906884
8906922
8906957
8906979
8907251
8907355
8907443
8907603
8907675
8907878
8907891
8907892
8907910
8907946
8907971
8908083
8908329
8908335
8908425
8908426
8908642
8908649
8908848
8908943
8909059
8909349
8909528
8909624
8909763
8909818
8909859
8910126
8910283
8910380
8910434
8910696
8910799
8910859
8910880
8910911
8910991
8911029
8911085
8911089
8911307
8911328
8911595
8911655
8911744
8911767
8911975
8912009
8912013
8912066
8912170
8912418
8912514
8912552
8912619
8912848
8912852
8912876
8912966
8913137
8913441
8913705
8913706
8913755
8913794
8913831
8913987
8914141
8914163
8914173
8914292
8914412
8914868
8914959
8915192
8915411
8915448
8916152
8916460
8916657
8916726
8916729
8916858
8917049
8917121
8917144
8917209
8917350
8917656
8917660
8917760
8917860
8917890
8918087
8918099
8918173
8918321
8918363
8918395
8918541
8918558
8918591
8918625
8918836
8918846
8918913
8919095
8919256
8919350
8919475
8919549
8919575
8919691
8919704
8919815
8919988
8920034
8920050
8920091
8920156
8920255
8920279
8920394
8920583
8920686
8920710
8920762
8920898
8920956
8921020
8921313
8921425
8921491
8921550
8921555
8921678
8922142
8922735
8923037
8923167
8923556
8923864
8923904
8923968
8923983
8924030
8924036
8924125
8924151
8924183
8924529
8924683
8924833
8924838
8924926
8925067
8925202
8925317
8925391
8925474
8925650
8925743
8925844
8925912
8926003
8926080
8926246
8926262
8926434
8926518
8926866
8926977
8927286
8927298
8927346
8927353
8927506
8927541
8927619
8927712
8927852
8927958
8928085
8928183
8928338
8928412
8928438
8928523
8928526
8928652
8928658
8928706
8928770
8928796
8928825
8928842
8928926
8928943
8929360
8929386
8929400
8929413
8929492
8929825
8930114
8930127
8930134
8930433
8930495
8930552
8930647
8930721
8930774
8930779
8930875
8931418
8931538
8931601
8931687
8931873
8931902
8931957
8932107
8932244
8932337
8932350
8932537
8932651
8932792
8932864
8932893
8933021
8933142
8933334
8933335
8933402
8933482
8933538
8933824
8933840
8933909
8933953
8934048
8934125
8934133
8934159
8934323
8934388
8934771
8934911
8935017
8935105
8935128
8935138
8935175
8935245
8935444
8935496
8935556
8935568
8935739
8936094
8936147
8936162
8936278
8936387
8936405
8936688
8936925
8936990
8936998
8937311
8937347
8937387
8937497
8937647
8937716
8937844
8938118
8938144
8938203
8938262
8938365
8938444
8938616
8938751
8938974
8939031
8939161
8939240
8939459
8939639
8939681
8939787
8939942
8940276
8940426
8940427
8940834
8940908
8940959
8940977
8941269
8941299
8941304
8941311
8941321
8941341
8941452
8941733
8941766
8941835
8941838
8941854
8941905
8941977
8942009
8942078
8942253
8942356
8942365
8942407
8942471
8942523
8942653
8942880
8942931
8942984
8943127
8943162
8943190
8943206
8943236
8943245
8943309
8943336
8943668
8943683
8943756
8943850
8943863
8943888
8943963
8944104
8944236
8944300
8944308
8944458
8944525
8944558
8944791
8944823
8944888
8945160
8945362
8945491
8945583
8945731
8945906
8945941
8946001
8946033
8946257
8946284
8946332
8946414
8946675
8946739
8946887
8946989
8947069
8947095
8947159
8947173
8947307
8947809
8948345
8948457
8948563
8948685
8948841
8948926
8949018
8949176
8949193
8949198
8949387
8949394
8949434
8949499
8949520
8949531
8949651
8949854
8949991
8950109
8950117
8950264
8950296
8950508
8950680
8950912
8950959
8951358
8951380
8951564
8951667
8951711
8951867
8952333
8952414
8952425
8952446
8952615
8952663
8952722
8952807
8952817
8952907
8952987
8953071
8953095
8953109
8953126
8953225
8953228
8953279
8953288
8953403
8953508
8953753
8953802
8953809
8953817
8953915
8954049
8954178
8954484
8954644
8954678
8954817
8954920
8954924
8954939
8955103
8955285
8955317
8955332
8955579
8955740
8955832
8955980
8956553
8956611
8956625
8956718
8956723
8956959
8957115
8957161
8957662
8957789
8958018
8958057
8958071
8958081
8958142
8958175
8958233
8958296
8958421
8958682
8958783
8958994
8959089
8959094
8959124
8959177
8959315
8959334
8959602
8959864
8959929
8960020
8960127
8960303
8960445
8960647
8960648
8960738
8960765
8960849
8960857
8960918
8960928
8961156
8961216
8961243
8961311
8961417
8961422
8961427
8961489
8961696
8961768
8961794
8961811
8961992
8962060
8962076
8962086
8962120
8962204
8962244
8962348
8962402
8962564
8962575
8962764
8962910
8962946
8963024
8963038
8963055
8963238
8963398
8963452
8963598
8963674
8963725
8963743
8963759
8964208
8964324
8964330
8964552
8964625
8964875
8964924
8964930
8965032
8965076
8965222
8965463
8965490
8965583
8965851
8966128
8966249
8966307
8966390
8966417
8966446
8966462
8966806
8967002
8967078
8967128
8967213
8967350
8967662
8967687
8967879
8968180
8968226
8968268
8968325
8968408
8968411
8968604
8968633
8968652
8968711
8968794
8968827
8969151
8969729
8969966
8970011
8970043
8970282
8970466
8970845
8970911
8970981
8971230
8971272
8971309
8971319
8971512
8971514
8971661
8971688
8971792
8971827
8971994
8972137
8972344
8972350
8972368
8972525
8972657
8972709
8972715
8972751
8972796
8972822
8972874
8972929
8972934
8973029
8973076
8973240
8973263
8973267
8973433
8973451
8973592
8973673
8973703
8973713
8973722
8973823
8974101
8974103
8974128
8974211
8974532
8974593
8974647
8974751
8974923
8974930
8974938
8975161
8975251
8975285
8975494
8975609
8975617
8975651
8975658
8975867
8976001
8976035
8976064
8976072
8976181
8976258
8976281
8976411
8976561
8976643
8976756
8976861
8976862
8976932
8976933
8977003
8977008
8977059
8977161
8977184
8977242
8977304
8977376
8977391
8977392
8977592
8977613
8977825
8977834
8977881
8978170
8978183
8978197
8978256
8978262
8978379
8978421
8978682
8978727
8978756
8978770
8978844
8978917
8979169
8979437
8979613
8979615
8979626
8979749
8979771
8979949
8980031
8980137
8980180
8980212
8980261
8980311
8980352
8980373
8980447
8980486
8980631
8980642
8980643
8980653
8980729
8980809
8980912
8980936
8980941
8980970
8981038
8981175
8981434
8981576
8981646
8981907
8982137
8982146
8982230
8982294
8982348
8982438
8982513
8982700
8982984
8983092
8983148
8983219
8983285
8983287
8983406
8983461
8983695
8983724
8983777
8984127
8984154
8984342
8984360
8984377
8984404
8984422
8984452
8984588
8984663
8984923
8985102
8985128
8985265
8985448
8985536
8985596
8985627
8985632
8985644
8985839
8985963
8986162
8986207
8986227
8986348
8986447
8986555
8986658
8986684
8986801
8986853
8986915
8986978
8986989
8987128
8987213
8987287
8987351
8987373
8987400
8987421
8987447
8987458
8987509
8987521
8987569
8987817
8987918
8988793
8989124
8989199
8989398
8989468
8989488
8989664
8989703
8989820
8989839
8989872
8989889
8989977
8989998
8990001
8990122
8990123
8990246
8990437
8990493
8990577
8990581
8990619
8990691
8990716
8990771
8990828
8990865
8990899
8990921
8991022
8991044
8991589
8991617
8991620
8991651
8991910
8991927
8992036
8992054
8992108
8992114
8992201
8992387
8992457
8992557
8992614
8992753
8992820
8992946
8993000
8993079
8993166
8993171
8993173
8993184
8993233
8993271
8993411
8993426
8993531
8993737
8993897
8993936
8994110
8994291
8994332
8994428
8994435
8994533
8994666
8994889
8995103
8995220
8995248
8995303
8995308
8995420
8995422
8995515
8995516
8995548
8995618
8995661
8995670
8995728
8995806
8995963
8995976
8996032
8996075
8996102
8996420
8996552
8996712
8996809
8996842
8996897
8996998
8997548
8997582
8997592
8997647
8997695
8997910
8997961
8997990
8997992
8998042
8998045
8998084
8998188
8998197
8998250
8998423
8998455
8998495
8998512
8998517
8998597
8998711
8998884
8998999
8999295
8999325
8999351
8999446
8999459
8999639
8999781
8999922
9000006
9000028
9000069
9000178
9000227
9000249
9000326
9000352
9000360
9000497
9000518
9000680
9000826
9000842
9000872
9000941
9000988
9001064
9001065
9001159
9001212
9001287
9001439
9001443
9001470
9001487
9001646
9001979
9002028
9002084
9002174
9002184
9002345
9002461
9002593
9002600
9002613
9002730
9002843
9002869
9002902
9002942
9003221
9003247
9003279
9003347
9003512
9003555
9003569
9003581
9003664
9003691
9003731
9004055
9004370
9004467
9004477
9004676
9004696
9004810
9004902
9004904
9005058
9005061
9005206
9005275
9005306
9005373
9005392
9005466
9005523
9005765
9005783
9005816
9005935
9006165
9006177
9006193
9006200
9006252
9006295
9006377
9006404
9006499
9006854
9007005
9007453
9007460
9007646
9007739
9007786
9007822
9007829
9007937
9008045
9008209
9008371
9008376
9008437
9008567
9008577
9008648
9008747
9008995
9009126
9009215
9009229
9009247
9009288
9009301
9009681
9009786
9009795
9009932
9009988
9010096
9010237
9010258
9010296
9010425
9010439
9010717
9010762
9010831
9010913
9010977
9011035
9011221
9011229
9011348
9011362
9011369
9011463
9011475
9011610
9011616
9011685
9011795
9012037
9012161
9012171
9012174
9012282
9012284
9012314
9012389
9012439
9012723
9012901
9012999
9013021
9013067
9013085
9013225
9013526
9013631
9013637
9013743
9013762
9013945
9014002
9014014
9014073
9014198
9014327
9014435
9014527
9014681
9014717
9014907
9015007
9015104
9015295
9015328
9015399
9015452
9015485
9015542
9015695
9015758
9015777
9015938
9016113
9016156
9016164
9016186
9016418
9017067
9017133
9017268
9017343
9017501
9017644
9017651
9017667
9017984
9018038
9018182
9018261
9018369
9018504
9018529
9018931
9019016
9019247
9019258
9019354
9019395
9019449
9019503
9019508
9019622
9019660
9019752
9019894
9019904
9020160
9020340
9020366
9020418
9020420
9020445
9020455
9020565
9020697
9021035
9021038
9021257
9021445
9021496
9021527
9021851
9021862
9021884
9021918
9021944
9022006
9022056
9022269
9022444
9022581
9022608
9022766
9022798
9022816
9022861
9023085
9023338
9023618
9023650
9023656
9024056
9024063
9024726
9024894
9025030
9025094
9025145
9025386
9025446
9025478
9025851
9025890
9026037
9026066
9026214
9026333
9026405
9026530
9026853
9026858
9026875
9026905
9026910
9027030
9027150
9027312
9027455
9027679
9027705
9027967
9028131
9028207
9028217
9028643
9028790
9028876
9028942
9028965
9028970
9028972
9029089
9029140
9029214
9029237
9029439
9029602
9029751
9029853
9029872
9029939
9030039
9030087
9030308
9030371
9030474
9030563
9030570
9030705
9030968
9031040
9031138
9031657
9031779
9031822
9031973
9032011
9032063
9032127
9032218
9032311
9032322
9032327
9032506
9032563
9032574
9032827
9032872
9033237
9033421
9033472
9033483
9033518
9033534
9033684
9033729
9033867
9033906
9033965
9033987
9034041
9034070
9034191
9034284
9034434
9034489
9034832
9034991
9035008
9035131
9035157
9035199
9035284
9035408
9035515
9035635
9035725
9035747
9035752
9035773
9035823
9035845
9035857
9036057
9036067
9036176
9036206
9036211
9036400
9036501
9036607
9036642
9036808
9036841
9036884
9036911
9037016
9037184
9037274
9037377
9037501
9037576
9037585
9037792
9038127
9038544
9038641
9038831
9038882
9038944
9039007
9039132
9039299
9039446
9039458
9039648
9039854
9040137
9040378
9040828
9040833
9040930
9041118
9041320
9041490
9041540
9041632
9041743
9041832
9041883
9042293
9042419
9042714
9042943
9042957
9043053
9043142
9043230
9043399
9043438
9043454
9043579
9043603
9043642
9043654
9043778
9043844
9043856
9043882
9044058
9044231
9044260
9044353
9044375
9044382
9044446
9044469
9044479
9044502
9044533
9044974
9045088
9045228
9045235
9045441
9045527
9045573
9045581
9045631
9045698
9045721
9045734
9045831
9045964
9046055
9046115
9046376
9046416
9046623
9046774
9046913
9046937
9047126
9047160
9047166
9047289
9047314
9047524
9047667
9047705
9047800
9047943
9048289
9048369
9048530
9048635
9048832
9048934
9049020
9049129
9049265
9049290
9049315
9049445
9049569
9049973
9049989
9050053
9050401
9050576
9050779
9050849
9051115
9051144
9051258
9051295
9051377
9051402
9051456
9051581
9051629
9051649
9051846
9051899
9051990
9052019
9052053
9052085
9052108
9052161
9052183
9052271
9052282
9052322
9052587
9052595
9052708
9052709
9052749
9052757
9052923
9053143
9053305
9053468
9053469
9053699
9053701
9053716
9053867
9054074
9054154
9054190
9054233
9054390
9054398
9054420
9054461
9054501
9054603
9054691
9054785
9054969
9054977
9055021
9055133
9055145
9055200
9055281
9055310
9055408
9055458
9056080
9056130
9056234
9056253
9056571
9056655
9056666
9056816
9057005
9057010
9057049
9057185
9057293
9057435
9057500
9057604
9057608
9057707
9057713
9057714
9058061
9058198
9058363
9058533
9058611
9058639
9058689
9058735
9058737
9058811
9058914
9058956
9058996
9059053
9059231
9059268
9059332
9059335
9059413
9059487
9059521
9059646
9060051
9060148
9060159
9060214
9060220
9060237
9060420
9060465
9060508
9060608
9060706
9060725
9060859
9061010
9061033
9061435
9061836
9061844
9062165
9062317
9062548
9062608
9062611
9062813
9062964
9062982
9063058
9063348
9063367
9063508
9063584
9063633
9063830
9063970
9064154
9064314
9064470
9064506
9064515
9064549
9064561
9064641
9064733
9064773
9064779
9065041
9065118
9065126
9065141
9065196
9065405
9065618
9065651
9066068
9066106
9066267
9066369
9066443
9066464
9066655
9066700
9066820
9066845
9066853
9066860
9066933
9066942
9066954
9067029
9067112
9067211
9067213
9067281
9067303
9067316
9067401
9067442
9067464
9067469
9067796
9067808
9067892
9067930
9068008
9068162
9068190
9068265
9068294
9068299
9068393
9068521
9068544
9068580
9068726
9068809
9068834
9069033
9069060
9069092
9069106
9069110
9069152
9069208
9069454
9069540
9069788
9069838
9069920
9069985
9070279
9070375
9070390
9070479
9070605
9070618
9070786
9070931
9071013
9071076
9071316
9071561
9071616
9071746
9071748
9071820
9072146
9072147
9072201
9072355
9072467
9072547
9072667
9072674
9072696
9072846
9073013
9073137
9073212
9073302
9073308
9073321
9073336
9073337
9073501
9073524
9073616
9073683
9073843
9073949
9073953
9073972
9074216
9074218
9074237
9074567
9074682
9074770
9074810
9074951
9075057
9075103
9075206
9075207
9075280
9075436
9076026
9076087
9076126
9076753
9077049
9077358
9077421
9077582
9077712
9077939
9078038
9078060
9078245
9078415
9078532
9078585
9078618
9078777
9079055
9079254
9079740
9079764
9079795
9079852
9080269
9080285
9080373
9080433
9080516
9080581
9080786
9080842
9080860
9080911
9081057
9081074
9081093
9081191
9081264
9081287
9081313
9081372
9081611
9082083
9082487
9082570
9082598
9082637
9082651
9083135
9083273
9083560
9083690
9084000
9084188
9084366
9084494
9084519
9084656
9084696
9084823
9084836
9084877
9085058
9085354
9085357
9085453
9085486
9085647
9085898
9086116
9086279
9086284
9086484
9086522
9086543
9086614
9086661
9086705
9086784
9086878
9087017
9087047
9087301
9087319
9087620
9087871
9087926
9088017
9088022
9088209
9088335
9088707
9088796
9088821
9088875
9088922
9088959
9089186
9089254
9089333
9089548
9089564
9089669
9089679
9089696
9089753
9090035
9090066
9090094
9090148
9090157
9090267
9090535
9090616
9090889
9090921
9090923
9090928
9090980
9091202
9091208
9091321
9091326
9091386
9091423
9091438
9091527
9091658
9091835
9092008
9092024
9092128
9092327
9092742
9093030
9093174
9093336
9093368
9093418
9093706
9093797
9093830
9094058
9094570
9094627
9094792
9094909
9095029
9095300
9095421
9095422
9095579
9095704
9095792
9095853
9095902
9095931
9096004
9096030
9096130
9096330
9096475
9096705
9096737
9096802
9096961
9097146
9097152
9097325
9097588
9097677
9097771
9097978
9097996
9098433
9098532
9098787
9098829
9098984
9099001
9099053
9099081
9099127
9099131
9099289
9099338
9099423
9099427
9099434
9099471
9099564
9099591
9099671
9099739
9099767
9099824
9099832
9099995
9100195
9100290
9100559
9100609
9100702
9100746
9100925
9100994
9101063
9101079
9101162
9101236
9101246
9101396
9101573
9101650
9101662
9101910
9102096
9102112
9102126
9102139
9102142
9102186
9102195
9102339
9102460
9102516
9102560
9102624
9102644
9102681
9102938
9103023
9103095
9103102
9103349
9103373
9103406
9103596
9103721
9103736
9103749
9104073
9104099
9104136
9104147
9104233
9104242
9104363
9104557
9104580
9104710
9104765
9105063
9105243
9105284
9105365
9105492
9105555
9105624
9105876
9105919
9106049
9106157
9106491
9106845
9106861
9106909
9107048
9107148
9107213
9107253
9107410
9107418
9107426
9107872
9107913
9107954
9108062
9108112
9108184
9108400
9108410
9108508
9108739
9108759
9108763
9109213
9109385
9109463
9109739
9109862
9110048
9110157
9110178
9110258
9110366
9110377
9110409
9110530
9110550
9110698
9110794
9110866
9110889
9110931
9111097
9111464
9111467
9111532
9111593
9111660
9111801
9111828
9112204
9112346
9112387
9112586
9112594
9112650
9112705
9113026
9113065
9113094
9113315
9113318
9113345
9113391
9113544
9113687
9113755
9113776
9114148
9114335
9114352
9114424
9114440
9114445
9114525
9114531
9114686
9114776
9114793
9114941
9115103
9115399
9115400
9115482
9115491
9115624
9115649
9115652
9115702
9115823
9115861
9115891
9115901
9116101
9116165
9116348
9116365
9116506
9116517
9116544
9116655
9116658
9116693
9116806
9116836
9117002
9117013
9117063
9117152
9117287
9117360
9117405
9117427
9117615
9117681
9117740
9117785
9117867
9118027
9118029
9118100
9118436
9118447
9118466
9118792
9118867
9118885
9119104
9119247
9119290
9119355
9119385
9119558
9119652
9119657
9119693
9119799
9120226
9120240
9120436
9120493
9120600
9120905
9120940
9121246
9121343
9121430
9121578
9121655
9121766
9122008
9122069
9122112
9122138
9122218
9122256
9122299
9122370
9122451
9122584
9122804
9122908
9122928
9123109
9123157
9123159
9123225
9123246
9123310
9123327
9123747
9123873
9123894
9123931
9123933
9124051
9124052
9124108
9124220
9124418
9124438
9124444
9124514
9124838
9124865
9124993
9125044
9125111
9125127
9125182
9125189
9125295
9125426
9125514
9125530
9125603
9125639
9125740
9125951
9125971
9126097
9126102
9126109
9126501
9126588
9127085
9127232
9127399
9127461
9127494
9127663
9127788
9127859
9128110
9128131
9128153
9128167
9128184
9128255
9128287
9128330
9128382
9128433
9128572
9128723
9128789
9128831
9129021
9129172
9129200
9129229
9129259
9129660
9129785
9129801
9130010
9130011
9130078
9130082
9130092
9130161
9130177
9130278
9130297
9130391
9130589
9130720
9131069
9131333
9131496
9131558
9131568
9131607
9131625
9131841
9131969
9132068
9132164
9132197
9132203
9132399
9132475
9132599
9132653
9132661
9132698
9132764
9132770
9132786
9132913
9132966
9133046
9133099
9133130
9133299
9133317
9133325
9133382
9133397
9133410
9133481
9133581
9133701
9133819
9133878
9133930
9134118
9134201
9134307
9134376
9134431
9134493
9134763
9134811
9134956
9134959
9135262
9135404
9135482
9135759
9135961
9135967
9135978
9135997
9136051
9136110
9136166
9136496
9136610
9136647
9136677
9136780
9136807
9136852
9137082
9137301
9137317
9137380
9137409
9137414
9137430
9137619
9137766
9137803
9137836
9137867
9137880
9137958
9138002
9138069
9138152
9138355
9138622
9138702
9138753
9138758
9138788
9138839
9138903
9139135
9139200
9139201
9139217
9139262
9139300
9139439
9139451
9139457
9139465
9139545
9139679
9139780
9139809
9139909
9140011
9140053
9140063
9140075
9140266
9140395
9140401
9140686
9140716
9140724
9140812
9140846
9140918
9140931
9140953
9140964
9141359
9141529
9141539
9141584
9141616
9141638
9141686
9141827
9141835
9141997
9142053
9142074
9142091
9142123
9142213
9142425
9142515
9142693
9142706
9143011
9143185
9143191
9143226
9143338
9143368
9143401
9143462
9143464
9143582
9143631
9143663
9143666
9143726
9143756
9143957
9143986
9144121
9144197
9144210
9144220
9144227
9144231
9144309
9144431
9144580
9144588
9144594
9144697
9144702
9144787
9144805
9144818
9144822
9145050
9145421
9145433
9145524
9145572
9145690
9145812
9145848
9145853
9145862
9145866
9145994
9146083
9146161
9146172
9146330
9146345
9146350
9146822
9147224
9147253
9147332
9147396
9147565
9147569
9147582
9147588
9147875
9147884
9147889
9147942
9147978
9147993
9148334
9148362
9148572
9148641
9148668
9148748
9148778
9148882
9148902
9148910
9148952
9149043
9149064
9149124
9149155
9149209
9149228
9149276
9149372
9149731
9149850
9150092
9150205
9150229
9150248
9150335
9150501
9150548
9150690
9150708
9150749
9150819
9151486
9151527
9151706
9151735
9151855
9152027
9152075
9152084
9152202
9152331
9152409
9152460
9152629
9152749
9152963
9153066
9153098
9153105
9153170
9153173
9153289
9153372
9153391
9153435
9153523
9153534
9153579
9153628
9153742
9153900
9154044
9154097
9154264
9154292
9154316
9154478
9154492
9154495
9154578
9154616
9154655
9154715
9154727
9154889
9154969
9154992
9155013
9155042
9155062
9155091
9155155
9155267
9155275
9155283
9155363
9155457
9155502
9155605
9155802
9155883
9155930
9155975
9156012
9156033
9156319
9156364
9156596
9156634
9156709
9156736
9156810
9156917
9156948
9156983
9156996
9157015
9157030
9157044
9157081
9157126
9157144
9157185
9157221
9157271
9157684
9157789
9157850
9157887
9158068
9158171
9158506
9158542
9158555
9158661
9158821
9158912
9159228
9159260
9159366
9159418
9159497
9159552
9159558
9159722
9160013
9160040
9160091
9160103
9160358
9160672
9160869
9160956
9161141
9161210
9161250
9161371
9161384
9161394
9161421
9161443
9162256
9162492
9162605
9162884
9162937
9163011
9163255
9163289
9163351
9163421
9163437
9163452
9163493
9163545
9163650
9163684
9163699
9163879
9163934
9164003
9164098
9164121
9164122
9164166
9164420
9164461
9164676
9164682
9164733
9164765
9164778
9164923
9164972
9164981
9165042
9165138
9165371
9165412
9165420
9165438
9165762
9165846
9165877
9165982
9166111
9166196
9166570
9166623
9166788
9166867
9166997
9167029
9167067
9167304
9167316
9167327
9167413
9167507
9167630
9167711
9167789
9167875
9167877
9167910
9167911
9167953
9167971
9168141
9168158
9168372
9168789
9169039
9169066
9169125
9169213
9169289
9169547
9169577
9169583
9169604
9169650
9169785
9169935
9170162
9170189
9170197
9170311
9170533
9170830
9171157
9171229
9171276
9171306
9171425
9171502
9171585
9171854
9171996
9172120
9172160
9172173
9172275
9172311
9172323
9172337
9172361
9172433
9172456
9172506
9172557
9172741
9172778
9172800
9172813
9172920
9173023
9173059
9173112
9173180
9173422
9173449
9173524
9173542
9173584
9173606
9173731
9173755
9174060
9174130
9174259
9174370
9174531
9174543
9174667
9174829
9174983
9175005
9175039
9175092
9175202
9175292
9175458
9175482
9175608
9175903
9176112
9176121
9176175
9176228
9176424
9176454
9176486
9176676
9176691
9176762
9176777
9176900
9176966
9177325
9177499
9177561
9177582
9177657
9177718
9177725
9177773
9177907
9178025
9178160
9178188
9178226
9178251
9178282
9178308
9178309
9178340
9178623
9178800
9178987
9179077
9179144
9179296
9179466
9179479
9179596
9179622
9179727
9179847
9179875
9180078
9180095
9180122
9180175
9180227
9180335
9180405
9180429
9180471
9180480
9180633
9180995
9181047
9181091
9181253
9181402
9181445
9181481
9181723
9181744
9181818
9181888
9181912
9181977
9182073
9182077
9182199
9182390
9182547
9182812
9182846
9182970
9183043
9183149
9183168
9183217
9183336
9183572
9183656
9183782
9184335
9184378
9184511
9184596
9184680
9184709
9184814
9184853
9184956
9185065
9185082
9185350
9185551
9185556
9185678
9185724
9186121
9186306
9186339
9186347
9186425
9186453
9186510
9186585
9186681
9186692
9186846
9186866
9186888
9186972
9187051
9187207
9187257
9187261
9187296
9187529
9187646
9187804
9187940
9187968
9187979
9187990
9187994
9188256
9188384
9188438
9188480
9188543
9188704
9188874
9189004
9189077
9189160
9189387
9189459
9189501
9189596
9189796
9189823
9189847
9190042
9190070
9190177
9190207
9190457
9190507
9190553
9190726
9190911
9191173
9191221
9191270
9191394
9191401
9191414
9191445
9191457
9191773
9191816
9191845
9191864
9191927
9191952
9191976
9192305
9192353
9192582
9192640
9192660
9192684
9192717
9193152
9193164
9193212
9193238
9193341
9193421
9193532
9193544
9193589
9193624
9193668
9193669
9193769
9193794
9193804
9193851
9193994
9194029
9194053
9194063
9194170
9194398
9194581
9194621
9194692
9194695
9194937
9194993
9195036
9195077
9195153
9195176
9195207
9195287
9195304
9195327
9195448
9195555
9195649
9195676
9195698
9195747
9195804
9195920
9195948
9196059
9196183
9196217
9196267
9196800
9196816
9196861
9196879
9196929
9196963
9196974
9197018
9197036
9197113
9197376
9197439
9197475
9197627
9197628
9197758
9198029
9198120
9198167
9198409
9198481
9198510
9198515
9198527
9198638
9198833
9198857
9199346
9199411
9199477
9199582
9199586
9199661
9199723
9199870
9199917
9199977
9200004
9200006
9200011
9200079
9200200
9200260
9200335
9200351
9200370
9200461
9200540
9200551
9200583
9200672
9200775
9200785
9200832
9200882
9201112
9201200
9201247
9201320
9201681
9201860
9201870
9201934
9202024
9202074
9202104
9202289
9202408
9202414
9202647
9202803
9202883
9202939
9203053
9203068
9203084
9203187
9203275
9203277
9203312
9203345
9203481
9203507
9203569
9203853
9203903
9203920
9204153
9204171
9204186
9204231
9204303
9204335
9204656
9204715
9204740
9204889
9204926
9204954
9205244
9205253
9205297
9205381
9205456
9205590
9205688
9205785
9205832
9205891
9205940
9205971
9205976
9206050
9206190
9206229
9206298
9206368
9206415
9206441
9206547
9206718
9206732
9206840
9206873
9206874
9206876
9206887
9207204
9207222
9207399
9207455
9207460
9207599
9207616
9207701
9207841
9208155
9208230
9208459
9208496
9208553
9208588
9208630
9208690
9208757
9208793
9208976
9209091
9209186
9209206
9209229
9209352
9209403
9209542
9209570
9209887
9209966
9209982
9210041
9210170
9210204
9210462
9210591
9210960
9210987
9211085
9211211
9211252
9211351
9211423
9211616
9211762
9211824
9211866
9211923
9212124
9212402
9212407
9212416
9212428
9212440
9212549
9212568
9212579
9212816
9212832
9212942
9212949
9213111
9213113
9213124
9213222
9213302
9213321
9213396
9213465
9213535
9213542
9213565
9213574
9213599
9213765
9213805
9213889
9213939
9214115
9214132
9214307
9214464
9214476
9214614
9214656
9214699
9214800
9214823
9215044
9215061
9215067
9215324
9215469
9215488
9215501
9215554
9215688
9215723
9216056
9216135
9216336
9216381
9216555
9216777
9216788
9216830
9216844
9216929
9216958
9216971
9217215
9217359
9217376
9217429
9217531
9217601
9217920
9218012
9218034
9218131
9218190
9218405
9218418
9218431
9218656
9218699
9218847
9219041
9219087
9219879
9219939
9220103
9220118
9220249
9220302
9220351
9220532
9220560
9220564
9220834
9220865
9221002
9221233
9221312
9221336
9221453
9221540
9221549
9221678
9221796
9221833
9221860
9222293
9222514
9222577
9223227
9223392
9223646
9223759
9223793
9223816
9223899
9224020
9224053
9224082
9224224
9224292
9224384
9224399
9224542
9224767
9224774
9224842
9225174
9225222
9225256
9225606
9225922
9225960
9225998
9226019
9226083
9226220
9226222
9226312
9226344
9226417
9226498
9226682
9226793
9226835
9226838
9227079
9227117
9227148
9227171
9227184
9227343
9227443
9227581
9227634
9227635
9227687
9227762
9227866
9227929
9227985
9228032
9228073
9228202
9228290
9228432
9228549
9228597
9228634
9228758
9228769
9229083
9229107
9229156
9229215
9229564
9229885
9229906
9230067
9230137
9230397
9230427
9230732
9230817
9230997
9231074
9231252
9231303
9231500
9231507
9231515
9231615
9231689
9231694
9232002
9232078
9232269
9232295
9232372
9232622
9232650
9232700
9232996
9232997
9233028
9233031
9233245
9233370
9233384
9233495
9233500
9233614
9233717
9233935
9234022
9234032
9234062
9234202
9234249
9234360
9234907
9235070
9235138
9235241
9235257
9235446
9235462
9235474
9235544
9235587
9235677
9235953
9235984
9236046
9236204
9236313
9236352
9236370
9236398
9236450
9236777
9237054
9237109
9237196
9237201
9237324
9237342
9237473
9237502
9237852
9237910
9238046
9238289
9238578
9238780
9238833
9238900
9239000
9239009
9239068
9239157
9239234
9239296
9239685
9239726
9239733
9239756
9239883
9240073
9240200
9240226
9240412
9240523
9240713
9240758
9241045
9241106
9241126
9241356
9241375
9241385
9241398
9241414
9241651
9241871
9242040
9242054
9242128
9242350
9242490
9242805
9242897
9242975
9243159
9243230
9243296
9243361
9243557
9243561
9243601
9243934
9244031
9244310
9244336
9244343
9244427
9244567
9244679
9244917
9244939
9245133
9245176
9245181
9245539
9245558
9245774
9245785
9245833
9245836
9245901
9245983
9246131
9246137
9246156
9246203
9246313
9246374
9246446
9246537
9246539
9246739
9246797
9246860
9246875
9246912
9247020
9247052
9247139
9247219
9247263
9247559
9247661
9247780
9247948
9247958
9248069
9248084
9248220
9248354
9248384
9248404
9248840
9248951
9249026
9249095
9249096
9249101
9249112
9249210
9249288
9249333
9249400
9249466
9249511
9249741
9249993
9250003
9250014
9250032
9250114
9250230
9250580
9250853
9250919
9250996
9251066
9251148
9251361
9251379
9251504
9251540
9251572
9251575
9251849
9251870
9252053
9252286
9252373
9252377
9252380
9252417
9252440
9252444
9252502
9252716
9252723
9252735
9252778
9252966
9253161
9253408
9253411
9253425
9253713
9253740
9254010
9254037
9254241
9254376
9254415
9254474
9254482
9254714
9254905
9255104
9255282
9255297
9255388
9255551
9255608
9255625
9255734
9255840
9255886
9255931
9256221
9256362
9256406
9256426
9256526
9256531
9256534
9256738
9256752
9256982
9256989
9257101
9257141
9257237
9257251
9257319
9257351
9257697
9257880
9257936
9257938
9257957
9258289
9258329
9258371
9258643
9258655
9258884
9259325
9259382
9259448
9259467
9259547
9259567
9259663
9259694
9259796
9259883
9259915
9259938
9260256
9260466
9260551
9260668
9260700
9260728
9260806
9260986
9261018
9261160
9261184
9261247
9261288
9261361
9261365
9261391
9261633
9261889
9261929
9262013
9262062
9262180
9262244
9262367
9262384
9262421
9262714
9262755
9263072
9263210
9263287
9263525
9263673
9263736
9264270
9264358
9264436
9264457
9264528
9264529
9264593
9264617
9264725
9264865
9264877
9264896
9264995
9265029
9265117
9265123
9265309
9265333
9265399
9265574
9265648
9265867
9266501
9266505
9266745
9266758
9266787
9266800
9266811
9266981
9267148
9267314
9267764
9267782
9267803
9267821
9267968
9268033
9268044
9268175
9268220
9268738
9268770
9268826
9268847
9268877
9268946
9269027
9269067
9269176
9269471
9269520
9269962
9270177
9270400
9270461
9270498
9270609
9270680
9270804
9270899
9270967
9270969
9271151
9271252
9271298
9271327
9271390
9271504
9271703
9272192
9272222
9272375
9272422
9272685
9272765
9272811
9272989
9273040
9273390
9273482
9273715
9273771
9273889
9273898
9273925
9274134
9274550
9274559
9274682
9274775
9274790
9274870
9275047
9275241
9275294
9275307
9275550
9275617
9275672
9275833
9275850
9275952
9276082
9276090
9276155
9276367
9276600
9276627
9276730
9276826
9276835
9276873
9277074
9277138
9277222
9277237
9277324
9277411
9277626
9277764
9277914
9277981
9277982
9277999
9278079
9278115
9278146
9278149
9278286
9278302
9278306
9278398
9278555
9278645
9278789
9278807
9278915
9279182
9279186
9279217
9279237
9279465
9279513
9279582
9279594
9279656
9279695
9279751
9279782
9279832
9280058
9280106
9280215
9280361
9280363
9280420
9280536
9280581
9280621
9280634
9280878
9280895
9281085
9281097
9281104
9281126
9281442
9281564
9281603
9281709
9281728
9281822
9281919
9282027
9282035
9282115
9282248
9282259
9282288
9282323
9282354
9282527
9282644
9282666
9282670
9282791
9282864
9283107
9283183
9283417
9283722
9283915
9283995
9284082
9284130
9284286
9284342
9284567
9284626
9284840
9284849
9284940
9284944
9284982
9285165
9285201
9285216
9285474
9285726
9286090
9286179
9286206
9286293
9286347
9286381
9286449
9286540
9286574
9286653
9286702
9286772
9286822
9286900
9287075
9287354
9287368
9287391
9287406
9287412
9287445
9287530
9287617
9287771
9287790
9287823
9287911
9288157
9288326
9288414
9288416
9288512
9288685
9288730
9288800
9288823
9289048
9289232
9289359
9289367
9289388
9289533
9289565
9289586
9289599
9289612
9289652
9289697
9289779
9289851
9289981
9290061
9290168
9290177
9290454
9290469
9290523
9290536
9290737
9290959
9291174
9291195
9291290
9291303
9291476
9291498
9291650
9291700
9291806
9291870
9291891
9291942
9291965
9291995
9292225
9292344
9292345
9292468
9292478
9292531
9292793
9293125
9293134
9293166
9293174
9293201
9293257
9293359
9293459
9293593
9293673
9293770
9293920
9294306
9294321
9294438
9294530
9294615
9294621
9294737
9294937
9294979
9295033
9295136
9295528
9295551
9295869
9295982
9296146
9296178
9296370
9296457
9296480
9296634
9296722
9296783
9296796
9296803
9296955
9297022
9297041
9297194
9297206
9297607
9297697
9297881
9297883
9298056
9298200
9298489
9298490
9298558
9298726
9298918
9298978
9299043
9299060
9299073
9299101
9299277
9299496
9299497
9299592
9299719
9299755
9299962
9300168
9300312
9300419
9300437
9300496
9300509
9300590
9300686
9300740
9300747
9300754
9301104
9301143
9301376
9301475
9301594
9301626
9301665
9301677
9301718
9302042
9302126
9302345
9302385
9302416
9302640
9302656
9302722
9302851
9303073
9303175
9303210
9303272
9303380
9303464
9303732
9303823
9303837
9303891
9303917
9303975
9304069
9304174
9304247
9304326
9304427
9304507
9304656
9304795
9304796
9304867
9305100
9305248
9305317
9305691
9305729
9305789
9306025
9306103
9306121
9306222
9306348
9306433
9306554
9306603
9306718
9306765
9306810
9306837
9306977
9307026
9307221
9307269
9307310
9307350
9307754
9307865
9308022
9308170
9308172
9308213
9308270
9308392
9308567
9308827
9309009
9309217
9309281
9309318
9309337
9309352
9309422
9309467
9309471
9309596
9309703
9309715
9310035
9310072
9310206
9310339
9310417
9310435
9310443
9310523
9310594
9310599
9310646
9310702
9310860
9311269
9311321
9311522
9311539
9311571
9311625
9311679
9311878
9312015
9312056
9312125
9312258
9312361
9312467
9312529
9312542
9312579
9312790
9312913
9313003
9313018
9313070
9313185
9313250
9313415
9313519
9313525
9313660
9313722
9313918
9313946
9313978
9314183
9314189
9314190
9314192
9314219
9314412
9314440
9314504
9314540
9314684
9314707
9314743
9314756
9314885
9314930
9314956
9315276
9315321
9315448
9315498
9315708
9315785
9315790
9315948
9316039
9316053
9316071
9316236
9316466
9316565
9316585
9317080
9317417
9317448
9317583
9317675
9317790
9317835
9317843
9317852
9317952
9318046
9318070
9318247
9318300
9318316
9318444
9318671
9318834
9319009
9319058
9319443
9319473
9319492
9319508
9319803
9320018
9320365
9320399
9320492
9320556
9320571
9320687
9320883
9320968
9321259
9321384
9321457
9321470
9321471
9321543
9321629
9321705
9321768
9321954
9321972
9322055
9322213
9322417
9322462
9322560
9322592
9322669
9322732
9322734
9322751
9322797
9322835
9323069
9323331
9323388
9323570
9323656
9323680
9323899
9323970
9324008
9324119
9324128
9324272
9324370
9324605
9324638
9324769
9324851
9325003
9325143
9325291
9325353
9325358
9325423
9325547
9325639
9325682
9326057
9326370
9326471
9326661
9326967
9326993
9327031
9327132
9327492
9327499
9327552
9327741
9327761
9327856
9327863
9327955
9328058
9328180
9328292
9328361
9328574
9328620
9328628
9328640
9328753
9328886
9328940
9329097
9329136
9329267
9329271
9329524
9329561
9329563
9329584
9329642
9329730
9329755
9329893
9329939
9330036
9330038
9330042
9330043
9330253
9330369
9330443
9330506
9330691
9330704
9330824
9330840
9330851
9330906
9330943
9330965
9331126
9331149
9331189
9331298
9331476
9332091
9332105
9332140
9332180
9332236
9332320
9332347
9332371
9332394
9332517
9332691
9332754
9333036
9333049
9333242
9333323
9333394
9333651
9333735
9333749
9333830
9334057
9334167
9334199
9334338
9334343
9334357
9334399
9334423
9334482
9334488
9334714
9334832
9334876
9335051
9335112
9335141
9335169
9335270
9335275
9335429
9335663
9335716
9335803
9335860
9335983
9336333
9336660
9336684
9336707
9336810
9336831
9336974
9337030
9337046
9337166
9337192
9337372
9337527
9337596
9337927
9338106
9338120
9338180
9338327
9338450
9338520
9338538
9338564
9338616
9338663
9338779
9338924
9339036
9339057
9339158
9339297
9339386
9339418
9339556
9339689
9339728
9340038
9340183
9340187
9340246
9340323
9340440
9340523
9340542
9340551
9340940
9341041
9341134
9341140
9341273
9341544
9341677
9341786
9341866
9341969
9342268
9342272
9342314
9342509
9342647
9342666
9342701
9342764
9342900
9343010
9343033
9343136
9343213
9343225
9343329
9343397
9343458
9343532
9343534
9343547
9343640
9343693
9343957
9344217
9344224
9344264
9344418
9344519
9344528
9344587
9344749
9344777
9344779
9344857
9344918
9344952
9345027
9345082
9345114
9345161
9345173
9345214
9345335
9345364
9345571
9345573
9345708
9345719
9345748
9345995
9346027
9346070
9346162
9346196
9346305
9346316
9346446
9346538
9346610
9346652
9346996
9347063
9347393
9347519
9347538
9347590
9347601
9347624
9347990
9348041
9348216
9348242
9348315
9348380
9348437
9348461
9348492
9348511
9348585
9348606
9348755
9349202
9349312
9349391
9349453
9349590
9349641
9349665
9349687
9349693
9349727
9349793
9349866
9349878
9350132
9350480
9350498
9350530
9350611
9350897
9350934
9351130
9351167
9351298
9351379
9351381
9351537
9351661
9351703
9351809
9351863
9351922
9352105
9352322
9352359
9352366
9352416
9352497
9352534
9352601
9352702
9352833
9352844
9352860
9352903
9353002
9353039
9353103
9353129
9353177
9353334
9353435
9353469
9353474
9353872
9353904
9354104
9354193
9354268
9354502
9354529
9354583
9354598
9354681
9354772
9354782
9354866
9354875
9354886
9354888
9354998
9355163
9355185
9355332
9355457
9355471
9355487
9355528
9355555
9355600
9355632
9355675
9356044
9356092
9356207
9356246
9356306
9356404
9356566
9356577
9356620
9356628
9356680
9356733
9356763
9356900
9356901
9356964
9357051
9357115
9357296
9357331
9357356
9357549
9357604
9357641
9357803
9358124
9358125
9358158
9358422
9358525
9358791
9358803
9358808
9358809
9358833
9359131
9359210
9359428
9359429
9359444
9359467
9359720
9359788
9359812
9359859
9359887
9359925
9359930
9360103
9360261
9360292
9360342
9360347
9360367
9360384
9360390
9360554
9360672
9360681
9360800
9360807
9360869
9360916
9361101
9361309
9361392
9361422
9361434
9361449
9361489
9361701
9361730
9361865
9361982
9361992
9362423
9362503
9362642
9362726
9362777
9362934
9363135
9363249
9363303
9363327
9363364
9363485
9363582
9363627
9363641
9363748
9363897
9363932
9364070
9364081
9364084
9364141
9364158
9364200
9364246
9364342
9364425
9364577
9364642
9364710
9364767
9364781
9364977
9364978
9365208
9365362
9365434
9365656
9365692
9365703
9365810
9366023
9366192
9366253
9366307
9366397
9366445
9366595
9366685
9366811
9366828
9367005
9367034
9367050
9367283
9367341
9367355
9367388
9367528
9367670
9367749
9367805
9367826
9367918
9367979
9368315
9368323
9368411
9368583
9368668
9368731
9368807
9368920
9368928
9369217
9369392
9369571
9369729
9369836
9369837
9369993
9370003
9370035
9370527
9370692
9370820
9370875
9371071
9371083
9371215
9371368
9371460
9371530
9371595
9371726
9371790
9371832
9371863
9371966
9371987
9372064
9372170
9372368
9372411
9372412
9372430
9372645
9372662
9372675
9372750
9372784
9372847
9373084
9373143
9373249
9373551
9373649
9373699
9373702
9373798
9373831
9374051
9374422
9374520
9374636
9374641
9374782
9374791
9374851
9374920
9375014
9375237
9375390
9375615
9375845
9376056
9376087
9376089
9376625
9376778
9376857
9376904
9377012
9377372
9377406
9377448
9377530
9377693
9377976
9378008
9378009
9378075
9378180
9378310
9378334
9378382
9378436
9378446
9378592
9379228
9379271
9379471
9379496
9379700
9379747
9379979
9380314
9380379
9380437
9380732
9380875
9380917
9380938
9381087
9381166
9381275
9381340
9381347
9381420
9381489
9381523
9381629
9381675
9381776
9381967
9382013
9382026
9382393
9382620
9382639
9382658
9382709
9382778
9382793
9382921
9383101
9383205
9383234
9383319
9383367
9383404
9383436
9383455
9383494
9383519
9383565
9383597
9383803
9383829
9383876
9383894
9383902
9383913
9383997
9384122
9384436
9384672
9384692
9384696
9384931
9385000
9385292
9385375
9385969
9385972
9386114
9386184
9386367
9386475
9386531
9386681
9386852
9386911
9387037
9387042
9387070
9387093
9387114
9387262
9387281
9387351
9387536
9387638
9387837
9388274
9388342
9388720
9389082
9389109
9389214
9389535
9389770
9389783
9389980
9390040
9390153
9390188
9390268
9390270
9390368
9390454
9390532
9390618
9390743
9390844
9391115
9391181
9391230
9391678
9391712
9391765
9391809
9392012
9392098
9392133
9392165
9392368
9392974
9393272
9393410
9393427
9393452
9393463
9393559
9393655
9393688
9393832
9394043
9394058
9394067
9394266
9394505
9394515
9394567
9394720
9394884
9395355
9395515
9395527
9395584
9395691
9395739
9395806
9395906
9395936
9395977
9396036
9396159
9396558
9396571
9396599
9396632
9396648
9396713
9396773
9396807
9396907
9396935
9396951
9397029
9397049
9397055
9397063
9397104
9397148
9397289
9397449
9397544
9397591
9397752
9397780
9398060
9398085
9398124
9398141
9398176
9398199
9398347
9398525
9398533
9398593
9398633
9398670
9398761
9398872
9398897
9399113
9399122
9399220
9399552
9399567
9399685
9399698
9399702
9399751
9399847
9399972
9400139
9400203
9400256
9400317
9400560
9400589
9400745
9400839
9400912
9401187
9401199
9401372
9401621
9401658
9401740
9401751
9401807
9401822
9402013
9402081
9402105
9402187
9402229
9402247
9402285
9402365
9402664
9402782
9402816
9403035
9403067
9403120
9403649
9403800
9403858
9403942
9404257
9404274
9404328
9404370
9404427
9404756
9404908
9404916
9405146
9405255
9405280
9405285
9405514
9405587
9405823
9405842
9405997
9406103
9406228
9406350
9406485
9406534
9406613
9406795
9406806
9406844
9406918
9406942
9406952
9406999
9407002
9407107
9407180
9407292
9407399
9407413
9407551
9407626
9407647
9407649
9407657
9407718
9407818
9407857
9407871
9407969
9408193
9408267
9408398
9408616
9408720
9408758
9408771
9408811
9408813
9408988
9408996
9409130
9409424
9409602
9409701
9409848
9409952
9410212
9410230
9410255
9410401
9410414
9410543
9410592
9410631
9410835
9410960
9410964
9410998
9411054
9411316
9411411
9411488
9411513
9411708
9411892
9411911
9411975
9412044
9412121
9412229
9412289
9412421
9412543
9412703
9412797
9412832
9412855
9412948
9413296
9413351
9413606
9413760
9413772
9413839
9413878
9414104
9414171
9414289
9414346
9414408
9414459
9414490
9414523
9414582
9414616
9414763
9415010
9415075
9415119
9415155
9415227
9415228
9415296
9415458
9415572
9415700
9415736
9415826
9416037
9416152
9416291
9416355
9416361
9417000
9417022
9417037
9417061
9417067
9417236
9417304
9417315
9417456
9417587
9417647
9417685
9417926
9417927
9417948
9418087
9418166
9418192
9418361
9418388
9418419
9418678
9418823
9418866
9419114
9419147
9419167
9419201
9419255
9419551
9419599
9419658
9419793
9419964
9420018
9420062
9420080
9420083
9420171
9420227
9420246
9420449
9420492
9420541
9420700
9420910
9421039
9421359
9421568
9421637
9421678
9421729
9421746
9421748
9421805
9421817
9422014
9422133
9422205
9422216
9422357
9422468
9422505
9422523
9422902
9423004
9423007
9423115
9423364
9423910
9424115
9424177
9424188
9424229
9424420
9424458
9424483
9424588
9424644
9424665
9424761
9424780
9424972
9425133
9425148
9425201
9425328
9425479
9425523
9425607
9425684
9425705
9425714
9425715
9425859
9425944
9425973
9426340
9426380
9426449
9426691
9426841
9426943
9426951
9427011
9427073
9427076
9427145
9427175
9427176
9427327
9427406
9427426
9427480
9427571
9427595
9427869
9427896
9428151
9428264
9428298
9428445
9428464
9428491
9428805
9428943
9428951
9429161
9429274
9429454
9429593
9429688
9429694
9429861
9429967
9430285
9430402
9430551
9430552
9430681
9430707
9430759
9430783
9430787
9430912
9431118
9431286
9431298
9431586
9431612
9432030
9432093
9432119
9432283
9432286
9432322
9432532
9432549
9432654
9432683
9432731
9432812
9432946
9432996
9433083
9433200
9433210
9433384
9433415
9433417
9433600
9434108
9434429
9434441
9435020
9435130
9435252
9435452
9435477
9435713
9435732
9435817
9436060
9436085
9436204
9436277
9436416
9436524
9436804
9437527
9437556
9437772
9437952
9437957
9438044
9438136
9438150
9438380
9438578
9438786
9438957
9438996
9439060
9439104
9439142
9439247
9439325
9439343
9439515
9439606
9439739
9439819
9439911
9440090
9440140
9440226
9440254
9440457
9440588
9440645
9440906
9440916
9440919
9441024
9441078
9441085
9441113
9441223
9441277
9441378
9441624
9441660
9441688
9441718
9441732
9441837
9441886
9441978
9442032
9442093
9442120
9442205
9442210
9442247
9442292
9442642
9442707
9442848
9442985
9443000
9443062
9443197
9443273
9443665
9443669
9443676
9443720
9443748
9443834
9443865
9443971
9444010
9444127
9444145
9444443
9444493
9444631
9444668
9444752
9444892
9444903
9444982
9445092
9445121
9445133
9445201
9445216
9445352
9445451
9445652
9445685
9445715
9445851
9445862
9445904
9446045
9446616
9446790
9446802
9447071
9447233
9447363
9447374
9447571
9447604
9447619
9447666
9447714
9447750
9447857
9447892
9447903
9448037
9448133
9448169
9448391
9448431
9448463
9448509
9448680
9448721
9448767
9448930
9448968
9449013
9449050
9449060
9449250
9449270
9449349
9449434
9449448
9449773
9449882
9450167
9450360
9450400
9450401
9450491
9450548
9450592
9450726
9450741
9450816
9450876
9450953
9451013
9451068
9451200
9451315
9451318
9451379
9451514
9451560
9451661
9451723
9451833
9451854
9452006
9452088
9452134
9452295
9452359
9452587
9452647
9452790
9452881
9453000
9453037
9453107
9453160
9453205
9453226
9453349
9453395
9453520
9453628
9453807
9453815
9454136
9454149
9454179
9454184
9454515
9454573
9454669
9454672
9454734
9454746
9454887
9454983
9455108
9455288
9455444
9455483
9455498
9455662
9455733
9456144
9456234
9456313
9456335
9456526
9456553
9456580
9456760
9456766
9456770
9456861
9456900
9456981
9457060
9457143
9457177
9457228
9457310
9457314
9457357
9457476
9457660
9457745
9457831
9457871
9457985
9458039
9458074
9458084
9458168
9458463
9458541
9458759
9459191
9459228
9459354
9459458
9459473
9459523
9460039
9460175
9460423
9460602
9460703
9460741
9460810
9460848
9461019
9461023
9461203
9461277
9461353
9461440
9461450
9461518
9461601
9461908
9461919
9462054
9462270
9462282
9462371
9462537
9462627
9462678
9462772
9462880
9462923
9462982
9463271
9463431
9463635
9463721
9463861
9464064
9464194
9464242
9464374
9464487
9464581
9464620
9464624
9464728
9464752
9464846
9464894
9465008
9465024
9465044
9465064
9465273
9465307
9465365
9465435
9465438
9465507
9465663
9465757
9465819
9465865
9465874
9465994
9466026
9466051
9466190
9466193
9466291
9466345
9466530
9466718
9466843
9466911
9466962
9466966
9467346
9467379
9467442
9467675
9467997
9468086
9468087
9468108
9468215
9468235
9468260
9468491
9468549
9468669
9468755
9468791
9468993
9469040
9469114
9469117
9469197
9469270
9469282
9469335
9469371
9469419
9469530
9469697
9469751
9469837
9470010
9470119
9470341
9470409
9470609
9470876
9470904
9471153
9471191
9471241
9471375
9471446
9471474
9471485
9471651
9471678
9471740
9471837
9472028
9472106
9472181
9472227
9472266
9472267
9472395
9472796
9472813
9472844
9472971
9473089
9473314
9473386
9473513
9473837
9473859
9473879
9473953
9474012
9474100
9474162
9474187
9474218
9474368
9474456
9474655
9474704
9475019
9475159
9475182
9475285
9475295
9475386
9475490
9475831
9475860
9476019
9476122
9476245
9476359
9476820
9476980
9477050
9477184
9477510
9477722
9478109
9478320
9478331
9478386
9478474
9478486
9478551
9478653
9478673
9478785
9478802
9478848
9478854
9479053
9479059
9479145
9479275
9479290
9479333
9479441
9479475
9479604
9479664
9479788
9479906
9480003
9480124
9480231
9480257
9480267
9480464
9480496
9480609
9480695
9480747
9481675
9481959
9481987
9482046
9482054
9482140
9482266
9482313
9482317
9482405
9482642
9482724
9482833
9482928
9483026
9483036
9483038
9483094
9483128
9483154
9483215
9483494
9483506
9483541
9483605
9483633
9483643
9483860
9483942
9484129
9484393
9484411
9484616
9484715
9484827
9484889
9484942
9484967
9485040
9485065
9485173
9485193
9485289
9485298
9485479
9485702
9485828
9485865
9486018
9486068
9486097
9486488
9486669
9486705
9486906
9486959
9487138
9487441
9487506
9487617
9487661
9487794
9488063
9488100
9488317
9488352
9488412
9488526
9488623
9488718
9488833
9489038
9489112
9489122
9489178
9489277
9489447
9489535
9489553
9489654
9489919
9490064
9490129
9490153
9490202
9490381
9490394
9490522
9490706
9491135
9491136
9491235
9491289
9491759
9491775
9491823
9492144
9492154
9492274
9492330
9492414
9492418
9492646
9492665
9492716
9492828
9493106
9493423
9493522
9493537
9493719
9493837
9493919
9494085
9494237
9494483
9494566
9494820
9494937
9494939
9494958
9495152
9495293
9495305
9495357
9495429
9495443
9495573
9495598
9495715
9495803
9495804
9495886
9495913
9496030
9496147
9496152
9496258
9496398
9496473
9496551
9496556
9496584
9496640
9496644
9496724
9497016
9497081
9497180
9497378
9497485
9497529
9497559
9497634
9497668
9497673
9497683
9497827
9498134
9498221
9498357
9498871
9498923
9499073
9499124
9499254
9499299
9499369
9499397
9499479
9499576
9499719
9499729
9499785
9499801
9499834
9499993
9500046
9500060
9500145
9500152
9500174
9500242
9500285
9500304
9500310
9500399
9500402
9500491
9500683
9500766
9500777
9500835
9500855
9500883
9500929
9500930
9500982
9501033
9501118
9501234
9501236
9501303
9501328
9501334
9501468
9501564
9501600
9501841
9501912
9501954
9501998
9502482
9502495
9502594
9502626
9502765
9502894
9502934
9503041
9503058
9503069
9503073
9503188
9503202
9503258
9503517
9503600
9503647
9503788
9503898
9504092
9504317
9504409
9504477
9504638
9504681
9504828
9504903
9504967
9505035
9505057
9505114
9505125
9505159
9505360
9505362
9505397
9505517
9505613
9505681
9505770
9505940
9505952
9506003
9506076
9506078
9506331
9506355
9506375
9506377
9506542
9506768
9506780
9506865
9507002
9507012
9507458
9507638
9507674
9507723
9508083
9508248
9508250
9508336
9508474
9508533
9508653
9508683
9508875
9508959
9509127
9509150
9509180
9509188
9509294
9509369
9509437
9509455
9509555
9509641
9509738
9509745
9509855
9509944
9509975
9509983
9510079
9510099
9510132
9510224
9510243
9510262
9510567
9510617
9510698
9510771
9510813
9510824
9510852
9511073
9511160
9511447
9511509
9511574
9511604
9511634
9511738
9511865
9511914
9511932
9511973
9512020
9512077
9512198
9512327
9512562
9512920
9513036
9513072
9513129
9513136
9513197
9513648
9513745
9513778
9513929
9514133
9514203
9514228
9514621
9514633
9514934
9515036
9515086
9515218
9515398
9515510
9515712
9515962
9516000
9516069
9516369
9516433
9516436
9516564
9516588
9516616
9516723
9517107
9517136
9517174
9517209
9517423
9517544
9517570
9517847
9517992
9518048
9518371
9518401
9518421
9518428
9518473
9518519
9518578
9518579
9518590
9518616
9518658
9519024
9519054
9519093
9519248
9519303
9519309
9519736
9519785
9519830
9519863
9520034
9520121
9520391
9520416
9520717
9520817
9520880
9521015
9521032
9521050
9521261
9521304
9521397
9521410
9521419
9521500
9521757
9521767
9522114
9522230
9522535
9522766
9522927
9523066
9523076
9523300
9523507
9523842
9523909
9523932
9523972
9524025
9524095
9524189
9524290
9524366
9524402
9524432
9524565
9524638
9524963
9525128
9525194
9525407
9525730
9525738
9525757
9525948
9526064
9526072
9526165
9526226
9526279
9526525
9526589
9526838
9526897
9527028
9527142
9527194
9527207
9527251
9527285
9527295
9527384
9527447
9527666
9527713
9527817
9527897
9527925
9527932
9527934
9528055
9528078
9528188
9528507
9528554
9528565
9528868
9528882
9528946
9529260
9529299
9529391
9529557
9529599
9529772
9529825
9530295
9530296
9530378
9530406
9530554
9530689
9530728
9531292
9531774
9531834
9531903
9531949
9532157
9532306
9532517
9532535
9532961
9533035
9533252
9533312
9533364
9533438
9533945
9534010
9534019
9534020
9534547
9534566
9534809
9535064
9535100
9535114
9535174
9535225
9535233
9535274
9535283
9535323
9535349
9535397
9535418
9535522
9535568
9535730
9535927
9535951
9535973
9536095
9536260
9536582
9536711
9536756
9537037
9537087
9537101
9537125
9537174
9537192
9537263
9537290
9537330
9537442
9537457
9537463
9537484
9537528
9537583
9537617
9537638
9537705
9537807
9537973
9538020
9538284
9538330
9538432
9538481
9538510
9538810
9538952
9539094
9539241
9539372
9539391
9539419
9539468
9539486
9539720
9539834
9539915
9539984
9540098
9540137
9540172
9540201
9540284
9540353
9540759
9540864
9540894
9541055
9541073
9541350
9541424
9541530
9541574
9542045
9542100
9542151
9542168
9542330
9542524
9542650
9542674
9542808
9543019
9543088
9543232
9543238
9543252
9543271
9543279
9543334
9543362
9543422
9543522
9543530
9543671
9543715
9543731
9543794
9543800
9543814
9543911
9544077
9544287
9544297
9544320
9544482
9544587
9544694
9544768
9544845
9544852
9544981
9545118
9545166
9545192
9545303
9545331
9545361
9545675
9545749
9545755
9545764
9545927
9545952
9546001
9546145
9546583
9546595
9546677
9547090
9547091
9547136
9547251
9547277
9547780
9547934
9547956
9548016
9548134
9548201
9548203
9548385
9548471
9548475
9548492
9548587
9548600
9548844
9548885
9549035
9549048
9549075
9549219
9549829
9549877
9549881
9550114
9550164
9550325
9550379
9550613
9550768
9550993
9551012
9551146
9551420
9551462
9551601
9551654
9551677
9551717
9551740
9551776
9551822
9551866
9551936
9551944
9551995
9552501
9552573
9552706
9552751
9552783
9552807
9552867
9552899
9552946
9552994
9553013
9553090
9553134
9553183
9553249
9553347
9553352
9553518
9553531
9553557
9553674
9553771
9553883
9554001
9554131
9554159
9554174
9554234
9554353
9554467
9554701
9554928
9554934
9555006
9555127
9555176
9555225
9555379
9555464
9555613
9555628
9555714
9555718
9555872
9556024
9556052
9556271
9556283
9556367
9556453
9556497
9556546
9556699
9556708
9556920
9557096
9557118
9557165
9557313
9557423
9557438
9557503
9557600
9557820
9557903
9558004
9558130
9558182
9558184
9558260
9558265
9558305
9558341
9558393
9558543
9558605
9558839
9558899
9558983
9559089
9559232
9559338
9559380
9559428
9559515
9559660
9559688
9559760
9559783
9559831
9560037
9560067
9560099
9560134
9560233
9560234
9560344
9560491
9560599
9560848
9560894
9561046
9561123
9561126
9561139
9561248
9561410
9561432
9561513
9561550
9561634
9561752
9561802
9562047
9562087
9562156
9562530
9562642
9562761
9562843
9562972
9563028
9563055
9563136
9563352
9563464
9563537
9563582
9563618
9563660
9563719
9563787
9563876
9563890
9563913
9564052
9564165
9564216
9564252
9564288
9564317
9564393
9564684
9564847
9564979
9565005
9565056
9565328
9565476
9565726
9565792
9565878
9566042
9566231
9566333
9566352
9566768
9566835
9566860
9566909
9566955
9567073
9567089
9567105
9567266
9567337
9567348
9567456
9567489
9567713
9567805
9567858
9567949
9568027
9568339
9568351
9568354
9568639
9568696
9568754
9568805
9568818
9568854
9568865
9568917
9568922
9568944
9569203
9569214
9569223
9569251
9569321
9569486
9569642
9569775
9569780
9570166
9570179
9570272
9570386
9570599
9570628
9570763
9570794
9570921
9571006
9571084
9571090
9571250
9571271
9571280
9571289
9571369
9571378
9571642
9571730
9572041
9572111
9572215
9572362
9572406
9572542
9572822
9572986
9573006
9573053
9573111
9573150
9573204
9573320
9573408
9573611
9573667
9573763
9573850
9573890
9573934
9573993
9574002
9574007
9574105
9574349
9574479
9574500
9574602
9574663
9574705
9574721
9574731
9574826
9574970
9574994
9575005
9575180
9575243
9575355
9575365
9575631
9575734
9575743
9576007
9576069
9576112
9576219
9576777
9577055
9577062
9577172
9577235
9577300
9577316
9577352
9577680
9577775
9577816
9577829
9577844
9577893
9578031
9578115
9578176
9578194
9578427
9578499
9578670
9578698
9578719
9578764
9578883
9578953
9578987
9579147
9579198
9579297
9579442
9579571
9579620
9579699
9579728
9579845
9579867
9579914
9579960
9580004
9580027
9580076
9580129
9580136
9580161
9580229
9580254
9580289
9580389
9580505
9580980
9581020
9581021
9581159
9581183
9581250
9581488
9581522
9581609
9581684
9581769
9582189
9582535
9582587
9582633
9582706
9582718
9582763
9582821
9582822
9582877
9582889
9583091
9583269
9583537
9583756
9583847
9583930
9583962
9584034
9584155
9584164
9584227
9584341
9584870
9584995
9584996
9585009
9585213
9585223
9585304
9585485
9585490
9585606
9585616
9585621
9585748
9585863
9585938
9585990
9586077
9586105
9586526
9586600
9586660
9586796
9586896
9586907
9586996
9587031
9587172
9587246
9587249
9587294
9587394
9587482
9587513
9587853
9587864
9588093
9588150
9588186
9588257
9588261
9588301
9588370
9588380
9588821
9589079
9589094
9589276
9589348
9589555
9589891
9589941
9590006
9590187
9590235
9590341
9590485
9590592
9590747
9590863
9591058
9591282
9591364
9591365
9591638
9591994
9592139
9592150
9592258
9592285
9592399
9592448
9592518
9592553
9592628
9592630
9592654
9592655
9592733
9592830
9592901
9592970
9593053
9593093
9593162
9593393
9593412
9593430
9593468
9593613
9593822
9594177
9594231
9594498
9594611
9594689
9594703
9594708
9594772
9594852
9594889
9595041
9595301
9595388
9595753
9595769
9596035
9596141
9596482
9596485
9596649
9596742
9596815
9596892
9596991
9597072
9597143
9597152
9597161
9597360
9597404
9597441
9597507
9597531
9597590
9597606
9597613
9597704
9597759
9597762
9597818
9597869
9597905
9597909
9597929
9598040
9598054
9598243
9598256
9598282
9598330
9598385
9598414
9598554
9598566
9598575
9598582
9599182
9599266
9599288
9599385
9599395
9599489
9599619
9599648
9599704
9599736
9599741
9599793
9599806
9599830
9599887
9599951
9599959
9600061
9600162
9600210
9600318
9600429
9600456
9600577
9600601
9600652
9600761
9600823
9600835
9600899
9601684
9601864
9601931
9601977
9602005
9602149
9602201
9602250
9602259
9602388
9602444
9602628
9602731
9602740
9602893
9603135
9603142
9603343
9603356
9603401
9603872
9603887
9604087
9604446
9604542
9604594
9604828
9604940
9604983
9604987
9605496
9605580
9605688
9605808
9605888
9605912
9606146
9606171
9606183
9606206
9606463
9606503
9606638
9606672
9606960
9607038
9607062
9607079
9607082
9607150
9607186
9607301
9607509
9607723
9607724
9607806
9607881
9607900
9607944
9608098
9608464
9608492
9608682
9608690
9608711
9608712
9608782
9608852
9608925
9609039
9609242
9609273
9609299
9609307
9609366
9609413
9609611
9609688
9609760
9609828
9609861
9610200
9610202
9610293
9610434
9610529
9610548
9610565
9610624
9610712
9610735
9610836
9610873
9610971
9611100
9611262
9611263
9611529
9611544
9611667
9611901
9611925
9611929
9611952
9612032
9612095
9612129
9612194
9612388
9612472
9612724
9612939
9612972
9612975
9613148
9613170
9613370
9613606
9613632
9613705
9613914
9613966
9614254
9614522
9614553
9615014
9615058
9615266
9615294
9615323
9615475
9615574
9615791
9615807
9615866
9615997
9616055
9616082
9616142
9616162
9616180
9616272
9616302
9616325
9616376
9616407
9616464
9616594
9616658
9616798
9617123
9617144
9617220
9617695
9617766
9617807
9617876
9617921
9617925
9618032
9618177
9618201
9618305
9618374
9618563
9618687
9618716
9618907
9618972
9619005
9619412
9619487
9619546
9619760
9619846
9619860
9619922
9619939
9620267
9620344
9620465
9620642
9620666
9620681
9620750
9620912
9621186
9621253
9621348
9621463
9621650
9621772
9621839
9621896
9621910
9621921
9622108
9622300
9622362
9622451
9622480
9622591
9622619
9622625
9622706
9622713
9622742
9622809
9622959
9622987
9623093
9623113
9623351
9623410
9623470
9623484
9623537
9623555
9623568
9623693
9623732
9623749
9623793
9623956
9624055
9624096
9624148
9624354
9624400
9624435
9624520
9624530
9624540
9624677
9624820
9624828
9624919
9625012
9625187
9625188
9625217
9625386
9625466
9625471
9625506
9625508
9625646
9625793
9625801
9625994
9626143
9626167
9626174
9626241
9626296
9626302
9626390
9626496
9626636
9626816
9626819
9626825
9627046
9627080
9627112
9627200
9627473
9627553
9627581
9627801
9627824
9628022
9628291
9628344
9628436
9628499
9628644
9628685
9628747
9628853
9628906
9629051
9629066
9629242
9629748
9629790
9629829
9629970
9629995
9630064
9630172
9630218
9630304
9630332
9630368
9630456
9630644
9630677
9630918
9631008
9631120
9631130
9631164
9631252
9631347
9631396
9631488
9631515
9631658
9631940
9631948
9632022
9632042
9632067
9632073
9632226
9632227
9632400
9632472
9632600
9632805
9632853
9632863
9632985
9633026
9633080
9633247
9633504
9633577
9633698
9633743
9633834
9633873
9633938
9633967
9634034
9634078
9634083
9634500
9634547
9634617
9634658
9634659
9634772
9635035
9635136
9635305
9635372
9635408
9635524
9635615
9635683
9635724
9635860
9635904
9635974
9636036
9636141
9636470
9636531
9636549
9636601
9636880
9637018
9637213
9637273
9637320
9637350
9637377
9637532
9637998
9638176
9638228
9638633
9638678
9638886
9638910
9639000
9639204
9639263
9639316
9639451
9639452
9639475
9639495
9639658
9639671
9640598
9640607
9640965
9641008
9641024
9641077
9641433
9641473
9641582
9641677
9641721
9641858
9641869
9641898
9641967
9642042
9642113
9642205
9642442
9642494
9642605
9642673
9642706
9642739
9643032
9643135
9643217
9643235
9643389
9643554
9643558
9643741
9643744
9643758
9644150
9644185
9644189
9644216
9644304
9644358
9644542
9644564
9644633
9644711
9644717
9644789
9644795
9644973
9644974
9644994
9645023
9645052
9645109
9645224
9645269
9645339
9645445
9645456
9645520
9645683
9645768
9645790
9645904
9646101
9646359
9646613
9646858
9646887
9647349
9647423
9647451
9647720
9647745
9647794
9648045
9648112
9648407
9648489
9648585
9648678
9648699
9648823
9648912
9649061
9649108
9649137
9649181
9649331
9649367
9649420
9649556
9649574
9649621
9649845
9649940
9650016
9650123
9650147
9650295
9650336
9650849
9650896
9651046
9651159
9651243
9651272
9651706
9651789
9651837
9651885
9651978
9652000
9652017
9652101
9652130
9652253
9652331
9652794
9653041
9653133
9653317
9653329
9653367
9653456
9653494
9653505
9653547
9653554
9653563
9653594
9653647
9653660
9653699
9653900
9653932
9654161
9654280
9654294
9654460
9654531
9654550
9654698
9654708
9654720
9654878
9655168
9655339
9655559
9655591
9655720
9655758
9656016
9656136
9656366
9656416
9656480
9656785
9657150
9657487
9657547
9657661
9657794
9657848
9658051
9658134
9658158
9658222
9658874
9658909
9658923
9658960
9659049
9659071
9659198
9659208
9659225
9659324
9659468
9659591
9659622
9659709
9660099
9660237
9660476
9660494
9660518
9660619
9660635
9660669
9660708
9661074
9661268
9661410
9661491
9661508
9661564
9661827
9661924
9662252
9662406
9662434
9662465
9662494
9662582
9662645
9662662
9662684
9662687
9662706
9662746
9662884
9662980
9663117
9663133
9663141
9663379
9663477
9663559
9663571
9663794
9663827
9663830
9663836
9663877
9663910
9663943
9664051
9664099
9664114
9664144
9664192
9664240
9664273
9664453
9664670
9664805
9665006
9665038
9665081
9665090
9665128
9665343
9665530
9665597
9665619
9665695
9665976
9666210
9666321
9666464
9666468
9666506
9666677
9666813
9667138
9667139
9667147
9667166
9667321
9667517
9667532
9667625
9667648
9667900
9667937
9667976
9668003
9668054
9668094
9668109
9668211
9668396
9668459
9668461
9668731
9668928
9669024
9669088
9669109
9669186
9669452
9669737
9669798
9669829
9669998
9670105
9670120
9670144
9670392
9670497
9670598
9670644
9670901
9670961
9670970
9670984
9671565
9671637
9671661
9671732
9671734
9671855
9672168
9672305
9672411
9672455
9672537
9672591
9672618
9672799
9672846
9673016
9673034
9673042
9673086
9673167
9673502
9673658
9673864
9673996
9674025
9674137
9674149
9674185
9674187
9674201
9674245
9674303
9674489
9674573
9674719
9675040
9675090
9675101
9675175
9675266
9675310
9675313
9675346
9675663
9675682
9675699
9675794
9675797
9675803
9675954
9675978
9676057
9676112
9676133
9676217
9676271
9676289
9676349
9676442
9676599
9676704
9676743
9676765
9676792
9676968
9676995
9677073
9677114
9677188
9677424
9677539
9677603
9677644
9678170
9678219
9678310
9678416
9678422
9678493
9678626
9678665
9678691
9678778
9678925
9679044
9679115
9679133
9679183
9679239
9679274
9679465
9679472
9679624
9679820
9679838
9679851
9679960
9680004
9680081
9680137
9680319
9680348
9680586
9680628
9680868
9680930
9681012
9681142
9681214
9681427
9681528
9681552
9681578
9681583
9681655
9681678
9681725
9681811
9681848
9681923
9681928
9682155
9682376
9682524
9682544
9682602
9682617
9682627
9682658
9682682
9682690
9682759
9682823
9683029
9683085
9683203
9683205
9683270
9683388
9683520
9683942
9684017
9684086
9684119
9684268
9684486
9684508
9684627
9684792
9684847
9684930
9685092
9685153
9685166
9685168
9685228
9685362
9685366
9685689
9685762
9685816
9685819
9685841
9685915
9685928
9686063
9686137
9686145
9686311
9686336
9686413
9686756
9686814
9687084
9687088
9687212
9687333
9687537
9687577
9687600
9687654
9687749
9687833
9687850
9688001
9688055
9688099
9688251
9688266
9688301
9688362
9688414
9688424
9688440
9688507
9688823
9688912
9689058
9689133
9689277
9689296
9689374
9689407
9689619
9689636
9689958
9689970
9690130
9690559
9690693
9690759
9690770
9690829
9690957
9691053
9691081
9691168
9691323
9691671
9691738
9691856
9691917
9692141
9692498
9692593
9692672
9692744
9692814
9693099
9693379
9693430
9694041
9694106
9694120
9694179
9694205
9694256
9694301
9694385
9694629
9694639
9694728
9694736
9694884
9694993
9695468
9695505
9695528
9695996
9696090
9696103
9696105
9696177
9696249
9696364
9696386
9696638
9696719
9696747
9696870
9696911
9696916
9697043
9697053
9697180
9697197
9697326
9697490
9697522
9697550
9697630
9697661
9697708
9698001
9698277
9698364
9698385
9698518
9698612
9698710
9698741
9699103
9699353
9699389
9699687
9699745
9700001
9700060
9700069
9700231
9700328
9700625
9700648
9700701
9700756
9700975
9701037
9701159
9701165
9701178
9701282
9701518
9701556
9701625
9701797
9701929
9702053
9702117
9702127
9702136
9702182
9702289
9702387
9702484
9702545
9702584
9702692
9702793
9702829
9702934
9703352
9703399
9703484
9703497
9703509
9703585
9703637
9703751
9703842
9703845
9703963
9704143
9704159
9704233
9704258
9704480
9704532
9704553
9704555
9704627
9704716
9704870
9704997
9705019
9705256
9705257
9705336
9705489
9705571
9705575
9705603
9705668
9705776
9705809
9705966
9705968
9706031
9706233
9706276
9706284
9706376
9706403
9706534
9706703
9706776
9706943
9706961
9707133
9707358
9707409
9707465
9707584
9707678
9707761
9707779
9707893
9708041
9708069
9708102
9708145
9708146
9708298
9708319
9708431
9708485
9708597
9708655
9708678
9708738
9708948
9708993
9709176
9709281
9709438
9709446
9709530
9709556
9709643
9709651
9709730
9709763
9709895
9709896
9710239
9710494
9710681
9710855
9711208
9711297
9711583
9711806
9712009
9712012
9712383
9712392
9712417
9712443
9712480
9712530
9712594
9712839
9713026
9713158
9713211
9713414
9713459
9713490
9713497
9713584
9713654
9713702
9713729
9713776
9713887
9713937
9713977
9713994
9714024
9714172
9714350
9714411
9714435
9714537
9714630
9714740
9714915
9714961
9715458
9715468
9715531
9715544
9715737
9715806
9716156
9716237
9716268
9716283
9716385
9716390
9716528
9716549
9716576
9716644
9716791
9716821
9716840
9716886
9716994
9717084
9717189
9717209
9717249
9717528
9717583
9717608
9717762
9718011
9718056
9718169
9718401
9718571
9718697
9718743
9718768
9719117
9719247
9719307
9719364
9719380
9719411
9719635
9719649
9719769
9719801
9719802
9719836
9720015
9720045
9720147
9720179
9720260
9720356
9720832
9721321
9721322
9721647
9721666
9721753
9721773
9721843
9721850
9722005
9722017
9722105
9722194
9722219
9722253
9722292
9722374
9722703
9722962
9723138
9723157
9723195
9723218
9723369
9723379
9723449
9723750
9724075
9724106
9724126
9724148
9724172
9724597
9724638
9724642
9724735
9724781
9724942
9724994
9725456
9725529
9725543
9725588
9725595
9725620
9725660
9725726
9725737
9725981
9726014
9726069
9726124
9726222
9726322
9726485
9726556
9726591
9726869
9727004
9727104
9727161
9727237
9727384
9727527
9727631
9727718
9727777
9728343
9728488
9728539
9728689
9728792
9728826
9729012
9729188
9729310
9729367
9729469
9729498
9729625
9729634
9729926
9729995
9730037
9730376
9730434
9730461
9730550
9730700
9730789
9730824
9730957
9731029
9731098
9731387
9731539
9731586
9731729
9731787
9731860
9731870
9731945
9732420
9732516
9732549
9732600
9732624
9732738
9732775
9732907
9733116
9733495
9733558
9733574
9733715
9733753
9733913
9734031
9734387
9734394
9734511
9734566
9734662
9734688
9734702
9734779
9734810
9734855
9734920
9734991
9735067
9735081
9735085
9735233
9735363
9735374
9735485
9735507
9735661
9735798
9735800
9735894
9735927
9735963
9736028
9736182
9736368
9736424
9736478
9736759
9736774
9737036
9737088
9737116
9737132
9737202
9737224
9737240
9737588
9737606
9737693
9737773
9737928
9738214
9738233
9738258
9738285
9738300
9738309
9738404
9738415
9738650
9738781
9738818
9738923
9739018
9739030
9739090
9739107
9739146
9739372
9739428
9739482
9739622
9739647
9739666
9739673
9739687
9739725
9739767
9739802
9739967
9740096
9740297
9740418
9740514
9740832
9740964
9741068
9741578
9741837
9741928
9741947
9742382
9742388
9742489
9742514
9742575
9742731
9742859
9742892
9743069
9743205
9743302
9743338
9743384
9743574
9743735
9743759
9743823
9743883
9744032
9744177
9744297
9744500
9744509
9744511
9744667
9744722
9744735
9744746
9745027
9745139
9745159
9745178
9745537
9745593
9745679
9745696
9745697
9745740
9745959
9745964
9746063
9746094
9746156
9746197
9746480
9746540
9746677
9746709
9746942
9747029
9747030
9747091
9747151
9747352
9747402
9747567
9747643
9747696
9747891
9747956
9748061
9748099
9748241
9748294
9748346
9748488
9748616
9748650
9748730
9748861
9748908
9748993
9749067
9749106
9749301
9749372
9749511
9749727
9749819
9750098
9750227
9750380
9750423
9750487
9750679
9751084
9751161
9751299
9751479
9751684
9751754
9751768
9751808
9751919
9751936
9752349
9752411
9752502
9752699
9752700
9752765
9752782
9752844
9752855
9752913
9752949
9753037
9753110
9753186
9753564
9753588
9753709
9753808
9753829
9753905
9754031
9754272
9754675
9754819
9754851
9754891
9754956
9754965
9755239
9755409
9755451
9755542
9755620
9755633
9755702
9755820
9755949
9756038
9756166
9756190
9756252
9756288
9756557
9756641
9756757
9756985
9756993
9757177
9757305
9757508
9757684
9757701
9757705
9757849
9758028
9758087
9758128
9758404
9758448
9758644
9758688
9758759
9759040
9759062
9759076
9759247
9759306
9759698
9759754
9759777
9759785
9759802
9759868
9759903
9760031
9760056
9760101
9760116
9760199
9760268
9760361
9760461
9760563
9760725
9760890
9761291
9761347
9761484
9761562
9761611
9761790
9761798
9761885
9761896
9761929
9761994
9762089
9762118
9762538
9762894
9762924
9763003
9763048
9763209
9763233
9763253
9763296
9763373
9763399
9763695
9763872
9763988
9764027
9764085
9764099
9764406
9764653
9764754
9764772
9764820
9764906
9764979
9765035
9765043
9765181
9765187
9765331
9765378
9765475
9765492
9765693
9765793
9765831
9765904
9765996
9766033
9766141
9766514
9766768
9766899
9766995
9767026
9767117
9767248
9767445
9767541
9768042
9768212
9768275
9768650
9768683
9768724
9768725
9768867
9768898
9768972
9769049
9769272
9769611
9769687
9769707
9769856
9769868
9769983
9770057
9770079
9770099
9770119
9770125
9770185
9770266
9770293
9770474
9770521
9770623
9770665
9770686
9770806
9770856
9770975
9770989
9771032
9771091
9771182
9771215
9771359
9771373
9771409
9771496
9771540
9771668
9771783
9771805
9771844
9771850
9772010
9772065
9772138
9772226
9772234
9772416
9772461
9772499
9772860
9772884
9773002
9773029
9773101
9773132
9773271
9773860
9774056
9774069
9774128
9774140
9774211
9774304
9774312
9774467
9774551
9774724
9774853
9774862
9774943
9774994
9775037
9775206
9775259
9775391
9775545
9775641
9775656
9775824
9776134
9776162
9776308
9776570
9776723
9776861
9777208
9777460
9777557
9777590
9777616
9777643
9777673
9777685
9777746
9777779
9777815
9777858
9777906
9778012
9778097
9778237
9778308
9778373
9778547
9778730
9778734
9778779
9778787
9778905
9778908
9778918
9779212
9779326
9779398
9779670
9779846
9779977
9780168
9780177
9780249
9780277
9780491
9780520
9780620
9780650
9780702
9780785
9780905
9780933
9780963
9780965
9781156
9781175
9781331
9781378
9781382
9781422
9781573
9781588
9781795
9782110
9782116
9782205
9782268
9782281
9782597
9782629
9782633
9782642
9782746
9782801
9782813
9782816
9782867
9782869
9782962
9783079
9783197
9783417
9783498
9783659
9783750
9783850
9783884
9783951
9784015
9784345
9784412
9784438
9784574
9784687
9784823
9784869
9784953
9785115
9785154
9785434
9785444
9785490
9785881
9786098
9786205
9786255
9786295
9786362
9786592
9786702
9786705
9786879
9787057
9787128
9787184
9787243
9787315
9787394
9787504
9787661
9787683
9787752
9787871
9787896
9788078
9788445
9788466
9788648
9788673
9788735
9788872
9788879
9788892
9789026
9789151
9789168
9789179
9789304
9789354
9789608
9789611
9789754
9789757
9789823
9789827
9789868
9790039
9790148
9790234
9790356
9790392
9790492
9790521
9790551
9790587
9790710
9790719
9790923
9791022
9791043
9791135
9791189
9791231
9791244
9791252
9791361
9791589
9791759
9791765
9791800
9791930
9791971
9792311
9792359
9792446
9792682
9792685
9792759
9792840
9792937
9793065
9793102
9793186
9793214
9793246
9793344
9793388
9793554
9793590
9793695
9793727
9794093
9794206
9794308
9794365
9794389
9794396
9794405
9794448
9794471
9794619
9794777
9795070
9795106
9795279
9795397
9795713
9795924
9796179
9796215
9796242
9796470
9796505
9796885
9796921
9797236
9797242
9797314
9797725
9797761
9797920
9798014
9798185
9798416
9798428
9798628
9798683
9798794
9798814
9798956
9799281
9799574
9799716
9799729
9799743
9799752
9799858
9799950
9800580
9800589
9800617
9800663
9800798
9800909
9801168
9801259
9801275
9801306
9801404
9801422
9801479
9801485
9801634
9801699
9801728
9801731
9801773
9801843
9802084
9802464
9802506
9802629
9802715
9802966
9803086
9803118
9803189
9803242
9803322
9803461
9803475
9803504
9803583
9803645
9803693
9803734
9803802
9803901
9804106
9804111
9804334
9804369
9804572
9804694
9804700
9804802
9804848
9804895
9805041
9805074
9805315
9805358
9805426
9805510
9805573
9805606
9805698
9805701
9805782
9806016
9806041
9806376
9806597
9806676
9806684
9806693
9806802
9807014
9807052
9807114
9807306
9807412
9807424
9807458
9807481
9807537
9807640
9807684
9807767
9807919
9807922
9807966
9807972
9808017
9808194
9808352
9808370
9808460
9808646
9808968
9809052
9809450
9809622
9809645
9809703
9809728
9809746
9809851
9809871
9809937
9810078
9810148
9810241
9810264
9810522
9810770
9810960
9811149
9811381
9811433
9811600
9811645
9811890
9811928
9812062
9812113
9812161
9812296
9812367
9812392
9812594
9812723
9812724
9812932
9813114
9813131
9813144
9813254
9813404
9813537
9813597
9813700
9813984
9814356
9814397
9814664
9814741
9814907
9814964
9815074
9815127
9815211
9815268
9815324
9815617
9815618
9815682
9815693
9815801
9815811
9815836
9815837
9816024
9816061
9816097
9816150
9816269
9816288
9816399
9816401
9816520
9816522
9816547
9816549
9816587
9816624
9816711
9816755
9816813
9816863
9816995
9817212
9817278
9817290
9817492
9817635
9817636
9817698
9817724
9818004
9818029
9818044
9818054
9818093
9818102
9818151
9818292
9818536
9818608
9818922
9819145
9819408
9819583
9819653
9819666
9819820
9819834
9819889
9820050
9820269
9820311
9820536
9820690
9820735
9820785
9820803
9820874
9820968
9820998
9821026
9821065
9821293
9821371
9821463
9821485
9821575
9821623
9821866
9822284
9822364
9822514
9822529
9822552
9822554
9822617
9822684
9822990
9823006
9823057
9823081
9823170
9823181
9823235
9823335
9823407
9823458
9823484
9823604
9823626
9824198
9824242
9824295
9824331
9824332
9824431
9824513
9824553
9824555
9824688
9824722
9824893
9825015
9825127
9825143
9825235
9825338
9825392
9825418
9825431
9825449
9825488
9825586
9825694
9825727
9825814
9826171
9826211
9826476
9826620
9826708
9826783
9826810
9826814
9826894
9826963
9827234
9827389
9827413
9827421
9827464
9827522
9827604
9827694
9827964
9828054
9828075
9828159
9828208
9828297
9828328
9828389
9828444
9828536
9828610
9828654
9828775
9828863
9828904
9829119
9829145
9829171
9829256
9829343
9829671
9829829
9829900
9829901
9829927
9829969
9830035
9830053
9830114
9830188
9830204
9830300
9830443
9830520
9830536
9830578
9830719
9830759
9830815
9831105
9831162
9831230
9831249
9831428
9831899
9831959
9831962
9832012
9832136
9832159
9832284
9832320
9832587
9832596
9832646
9832956
9833184
9833210
9833284
9833288
9833442
9833447
9833643
9833786
9833797
9833812
9833870
9833889
9833919
9834116
9834125
9834129
9834291
9834366
9834485
9834557
9834655
9834758
9834792
9834967
9834985
9834991
9835026
9835044
9835188
9835291
9835493
9835533
9835558
9835575
9835708
9835742
9835769
9835970
9835986
9836009
9836036
9836123
9836130
9836258
9836302
9836465
9836565
9836617
9836621
9836940
9836957
9837033
9837079
9837126
9837203
9837560
9837695
9837903
9837972
9838120
9838183
9838250
9838459
9838787
9838847
9838893
9838897
9839096
9839343
9839439
9839485
9839531
9839687
9839698
9839795
9839842
9839868
9839876
9840334
9840420
9840482
9840541
9840669
9840706
9840760
9840762
9840783
9840850
9840958
9841062
9841122
9841251
9841430
9841439
9841457
9841537
9841619
9841760
9841765
9842133
9842321
9842503
9842654
9842829
9842889
9842995
9843038
9843051
9843314
9843324
9843433
9843748
9843760
9843767
9843819
9843901
9843991
9844017
9844225
9844327
9844385
9844440
9844455
9844525
9844543
9844574
9844700
9844703
9845054
9845170
9845290
9845365
9845510
9845523
9845595
9845638
9845683
9845913
9845935
9845975
9846119
9846241
9846328
9846386
9846542
9846563
9846671
9846959
9847077
9847086
9847329
9847354
9847366
9847459
9847475
9847519
9847643
9847775
9847918
9847925
9847953
9848036
9848061
9848097
9848240
9848308
9848317
9848364
9848602
9848615
9848766
9848851
9848927
9848958
9849020
9849104
9849110
9849153
9849255
9849703
9849808
9850036
9850160
9850282
9850336
9850606
9850617
9850679
9850696
9850740
9850780
9850845
9851014
9851064
9851070
9851126
9851150
9851214
9851687
9851702
9851782
9851810
9851847
9851874
9852114
9852125
9852463
9852517
9852751
9852860
9852956
9853133
9853144
9853227
9853280
9853372
9853460
9853471
9853488
9853495
9853497
9853588
9853607
9853698
9853726
9853828
9853954
9853985
9854245
9854254
9854396
9854431
9854459
9854990
9855461
9855747
9855768
9855912
9856014
9856142
9856619
9856737
9856935
9857096
9857566
9857727
9857812
9858089
9858141
9858147
9858162
9858172
9858329
9858409
9858462
9858492
9858563
9858586
9858599
9858621
9858661
9858767
9858862
9858908
9858929
9858930
9858937
9858999
9859156
9859247
9859256
9859279
9859432
9859499
9859530
9859585
9859804
9859841
9860358
9860454
9860624
9860783
9860796
9860857
9860956
9861044
9861080
9861170
9861179
9861384
9861453
9861471
9861569
9861691
9861806
9861930
9862161
9862162
9862200
9862296
9862478
9862480
9862491
9862536
9862638
9862725
9862728
9862751
9862778
9862835
9862880
9862932
9863038
9863078
9863136
9863262
9863282
9863330
9863507
9863635
9863795
9863809
9863854
9863892
9863932
9863991
9864045
9864112
9864146
9864164
9864188
9864615
9864778
9864783
9864797
9864815
9864873
9865229
9865408
9865887
9866039
9866191
9866201
9866595
9866665
9866878
9866894
9866923
9867095
9867153
9867202
9867262
9867285
9867347
9867608
9867620
9867728
9867746
9867843
9867930
9868016
9868096
9868134
9868526
9868659
9868818
9868892
9868916
9868956
9868959
9868996
9869077
9869220
9869241
9869435
9869468
9869486
9869497
9869538
9869604
9869916
9870024
9870084
9870104
9870196
9870220
9870274
9870397
9870570
9870612
9870772
9870909
9870930
9871194
9871253
9871278
9871287
9871294
9871339
9871367
9871417
9871448
9871479
9871544
9871702
9871704
9872047
9872131
9872186
9872187
9872209
9872264
9872319
9872327
9872484
9872494
9872561
9872593
9872625
9872683
9873035
9873168
9873208
9873358
9873382
9873403
9873465
9873862
9873877
9874136
9874159
9874575
9874607
9874797
9874820
9874999
9875048
9875063
9875300
9875310
9875430
9875439
9875572
9875794
9875810
9875933
9875967
9876037
9876041
9876499
9876598
9876632
9876642
9876869
9876911
9876942
9876971
9877147
9877166
9877382
9877886
9878183
9878200
9878217
9878341
9878406
9878442
9878483
9878486
9878614
9879219
9879221
9879246
9879329
9879382
9879591
9879618
9879686
9879745
9879777
9879921
9880116
9880190
9880191
9880701
9880719
9880729
9880779
9881355
9881630
9881647
9881656
9881748
9881756
9881877
9882049
9882384
9882391
9882435
9882565
9882582
9882625
9882918
9882919
9883049
9883240
9883657
9883714
9883846
9884130
9884146
9884172
9884187
9884666
9884888
9885444
9885460
9885463
9885485
9885565
9885586
9885697
9885755
9885769
9885831
9886065
9886150
9886171
9886382
9886408
9886421
9886492
9886574
9886644
9886797
9886822
9886961
9887062
9887270
9887332
9887397
9887597
9887641
9887742
9887846
9887904
9887979
9888313
9888346
9888351
9888803
9888936
9888983
9889068
9889092
9889188
9889289
9889435
9889582
9889662
9890029
9890075
9890136
9890143
9890174
9890344
9890833
9890872
9890883
9890895
9890915
9890917
9891074
9891092
9891169
9891312
9891615
9891668
9891740
9891750
9892141
9892157
9892223
9892228
9892355
9892637
9892660
9892863
9892933
9893029
9893062
9893219
9893326
9893420
9893644
9893707
9893742
9893743
9893868
9893933
9893970
9893989
9894100
9894157
9894458
9894473
9894808
9894918
9894984
9895006
9895324
9895373
9895567
9895569
9895693
9895719
9895754
9895949
9896045
9896066
9896164
9896247
9896324
9896395
9896448
9896476
9896478
9896565
9896571
9896575
9896616
9896687
9896713
9896889
9896897
9897105
9897252
9897370
9897401
9897510
9897522
9897643
9898274
9898371
9898396
9898622
9898706
9898710
9898779
9898846
9898867
9898888
9898917
9898929
9898966
9898997
9899034
9899257
9899262
9899290
9899460
9899512
9899564
9899805
9899815
9899911
9900010
9900021
9900168
9900292
9900358
9900388
9900477
9900589
9900721
9900880
9901086
9901376
9901388
9901580
9901600
9901608
9901620
9901639
9901741
9901755
9901777
9902003
9902148
9902200
9902624
9902638
9902750
9902770
9902804
9902829
9902830
9902931
9902983
9903299
9903437
9903510
9903536
9903656
9903857
9904042
9904068
9904183
9904204
9904247
9904259
9904322
9904529
9904716
9904774
9905066
9905078
9905105
9905138
9905260
9905330
9905405
9905466
9905526
9905547
9905637
9905646
9905653
9905674
9905737
9905791
9905814
9905830
9905941
9905965
9906014
9906058
9906426
9906757
9906809
9906874
9906928
9907220
9907280
9907393
9907445
9907587
9907590
9907784
9907868
9907899
9907983
9908200
9908229
9908308
9908329
9908685
9908786
9908796
9908891
9908924
9909015
9909023
9909040
9909048
9909193
9909413
9909641
9909723
9909818
9909975
9910546
9910846
9910868
9910871
9910886
9910927
9911081
9911135
9911153
9911213
9911376
9911385
9911411
9911569
9911752
9911814
9911824
9911843
9911888
9912028
9912188
9912308
9912392
9912533
9912579
9912734
9912801
9913161
9913201
9913205
9913681
9913948
9914082
9914286
9914308
9914526
9914642
9914841
9914889
9915040
9915477
9915509
9915559
9915811
9915997
9916218
9916444
9916464
9916728
9916851
9916957
9917033
9917124
9917132
9917214
9917243
9917404
9917453
9917476
9917667
9917993
9918176
9918209
9918307
9918351
9918545
9918652
9918654
9918723
9918758
9918780
9918797
9918839
9918865
9918909
9918978
9919001
9919031
9919087
9919160
9919763
9919808
9919853
9919869
9919871
9920064
9920070
9920275
9920291
9920465
9920492
9920612
9920615
9920680
9920690
9920728
9920822
9920843
9921175
9921214
9921219
9921341
9921372
9921395
9921440
9921591
9921665
9921918
9921938
9922086
9922097
9922139
9922146
9922150
9923001
9923119
9923174
9923344
9923448
9923524
9923722
9923757
9923771
9924050
9924203
9924375
9924381
9924419
9924432
9924564
9924819
9924930
9925013
9925182
9925276
9925438
9925452
9925457
9925475
9925758
9925928
9926120
9926211
9926298
9926336
9926844
9927068
9927105
9927156
9927244
9927260
9927375
9927411
9927420
9927484
9927682
9927742
9927747
9927857
9927902
9927996
9928029
9928052
9928054
9928096
9928150
9928210
9928285
9928303
9928307
9928315
9928392
9928441
9928647
9928817
9928905
9928957
9928993
9929051
9929234
9929288
9929515
9929681
9929822
9929857
9929881
9930039
9930202
9930227
9930231
9930245
9930294
9930347
9930357
9930556
9930619
9930651
9930660
9930692
9930694
9930700
9930702
9930706
9930950
9931155
9931338
9931532
9931554
9931574
9931952
9932041
9932073
9932249
9932285
9932373
9932425
9932454
9932490
9932550
9932609
9932644
9932689
9933070
9933095
9933441
9933694
9933735
9933738
9933784
9933798
9933862
9934064
9934416
9934424
9934431
9934560
9934581
9934686
9934717
9934757
9934993
9935034
9935120
9935137
9935245
9935291
9935302
9935346
9935410
9935589
9935592
9935596
9935624
9936288
9936554
9936956
9937243
9937257
9937511
9937701
9937765
9937849
9938065
9938248
9938394
9938570
9938667
9938700
9938811
9938861
9938875
9939090
9939172
9939175
9939200
9939409
9939449
9939515
9939569
9939859
9939864
9939897
9939951
9940158
9940296
9940304
9940350
9940463
9940636
9940653
9941048
9941141
9941420
9941528
9941565
9941585
9941711
9941880
9942160
9942175
9942268
9942305
9942333
9942388
9942425
9942523
9942545
9942665
9942767
9942845
9942987
9943012
9943269
9943377
9943389
9943466
9943633
9943761
9943837
9943980
9944073
9944114
9944170
9944181
9944299
9944302
9944353
9944357
9944374
9944533
9944675
9944836
9944924
9945040
9945098
9945175
9945390
9945412
9945575
9945632
9945923
9945941
9945960
9946033
9946043
9946225
9946277
9946289
9946489
9946507
9946699
9947038
9947195
9947381
9947446
9947609
9947643
9947695
9947832
9947834
9947905
9947960
9948201
9948272
9948275
9948616
9948634
9948892
9948963
9949028
9949070
9949272
9949383
9949473
9949474
9949764
9949969
9949982
9950106
9950242
9950385
9950479
9950797
9950850
9950877
9951014
9951072
9951339
9951492
9951550
9951732
9951820
9951841
9951846
9951915
9952239
9952438
9952619
9952860
9952892
9952980
9953050
9953412
9953469
9953703
9953737
9953791
9954036
9954059
9954065
9954075
9954272
9954324
9954490
9954546
9954552
9954567
9954645
9954683
9954721
9954819
9954894
9954936
9954958
9955095
9955288
9955303
9955477
9955766
9956093
9956207
9956456
9956473
9956479
9956546
9956569
9956687
9956735
9956843
9956958
9956980
9957084
9957115
9957159
9957168
9957247
9957288
9957328
9957375
9957386
9957441
9957481
9957501
9957577
9957693
9957799
9957818
9957831
9957918
9957958
9958024
9958193
9958272
9958451
9958562
9958565
9958584
9958775
9958820
9958979
9959020
9959110
9959119
9959145
9959333
9959346
9959485
9959689
9959708
9959749
9959879
9959910
9959919
9959925
9959926
9960043
9960148
9960309
9960382
9960434
9960580
9960651
9960805
9960999
9961079
9961171
9961379
9961447
9961476
9961547
9961673
9961894
9961897
9961949
9962207
9962222
9962601
9962680
9962831
9962910
9962964
9963086
9963183
9963468
9963655
9963660
9963805
9963822
9963831
9964022
9964182
9964222
9964242
9964528
9964623
9964682
9964740
9965341
9965362
9965408
9965595
9965721
9965820
9965832
9966181
9966444
9966454
9966547
9966647
9966664
9966690
9966887
9967001
9967191
9967212
9967219
9967226
9967508
9967518
9967524
9967548
9967564
9967608
9967862
9967876
9967941
9968177
9968387
9968576
9968601
9968616
9968621
9968697
9968702
9968818
9968887
9969236
9969376
9969580
9969660
9969666
9969725
9969872
9969881
9969919
9970002
9970120
9970136
9970188
9970252
9970271
9970291
9970332
9970374
9970413
9970422
9970515
9970652
9970801
9970885
9971065
9971193
9971242
9971311
9971398
9971489
9971733
9971826
9971881
9971933
9972078
9972185
9972584
9972588
9972653
9972759
9972883
9972896
9972924
9972975
9973032
9973162
9973248
9973341
9973350
9973366
9973421
9973872
9973874
9973914
9973941
9974017
9974099
9974337
9974585
9974737
9974839
9974859
9974900
9974938
9974962
9974996
9975063
9975129
9975347
9975529
9976053
9976112
9976114
9976152
9976495
9976741
9976836
9976873
9977013
9977056
9977535
9977620
9977692
9977700
9977758
9978015
9978087
9978091
9978133
9978147
9978175
9978238
9978357
9978418
9978522
9978602
9978755
9978869
9978886
9978892
9978973
9979002
9979086
9979128
9979421
9979494
9979560
9979683
9979686
9979716
9979768
9979903
9979974
9980033
9980219
9980253
9980295
9980298
9980305
9980310
9980428
9980689
9980747
9980976
9981049
9981052
9981393
9981425
9981607
9981716
9981735
9981799
9981914
9981947
9981979
9982054
9982056
9982084
9982093
9982126
9982263
9982310
9982311
9982312
9982350
9982379
9982626
9982635
9982643
9982666
9982803
9982934
9983142
9983255
9983548
9983592
9983903
9983919
9983955
9983979
9984153
9984337
9984408
9984493
9984554
9984580
9984611
9984659
9984674
9984696
9984706
9984871
9984949
9984993
9984994
9985013
9985348
9985383
9985621
9985833
9985969
9986140
9986254
9986491
9986673
9986693
9986801
9986812
9986874
9987238
9987724
9987836
9988210
9988212
9988355
9988368
9988458
9988497
9988574
9988738
9988894
9988932
9988988
9989087
9989139
9989206
9989212
9989454
9989512
9989645
9989691
9989763
9989807
9989996
9990105
9990145
9990394
9990448
9990480
9990521
9990582
9990660
9990687
9990764
9990794
9990810
9990890
9991251
9991315
9991525
9991601
9991668
9991884
9992127
9992463
9992663
9992952
9993221
9993347
9993392
9993459
9993492
9993625
9993649
9993905
9993964
9994100
9994265
9994335
9994576
9994703
9994716
9994718
9994734
9994877
9994944
9994961
9995142
9995150
9995180
9995211
9995580
9995669
9995802
9995850
9996054
9996446
9996481
9996504
9996573
9996605
9996716
9996749
9996757
9996808
9997075
9997090
9997099
9997116
9997144
9997148
9997278
9997374
9997428
9997441
9997515
9997812
9997862
9997955
9998094
9998165
9998303
9998333
9998352
9998497
9998529
9998554
9998601
9998727
9998841
9998914
9998996
9999131
9999147
9999317
9999579
9999746
9999756
9999766
9999769
9999907
