0000308
 0000330
 0000613
 0000842
 0000892
 0000924
 0001013
 0001018
 0001042
 0001045
 0001063
 0001139
 0001617
 0001623
 0001656
 0001670
 0001854
 0002102
 0002134
 0002272
 0002279
 0002410
 0002507
 0002798
 0002840
 0002882
 0002898
 0002970
 0002972
 0003044
 0003323
 0003362
 0003425
 0003450
 0003649
 0003760
 0003761
 0003935
 0003939
 0003995
 0004158
 0004266
 0004521
 0004573
 0004657
 0005032
 0005338
 0005515
 0005517
 0005646
 0005705
 0005756
 0005771
 0005955
 0006037
 0006055
 0006174
 0006622
 0006716
 0006730
 0006742
 0006800
 0007077
 0007215
 0007332
 0007387
 0007413
 0007528
 0007674
 0007941
 0007978
 0008014
 0008042
 0008244
 0008358
 0008377
 0008513
 0008535
 0008569
 0008645
 0008784
 0008882
 0008899
 0008963
 0008977
 0008984
 0009060
 0009414
 0009458
 0009564
 0009641
 0009674
 0009697
 0009918
 0010027
 0010205
 0010263
 0010373
 0010382
 0010407
 0010588
 0011169
 0011263
 0011286
 0011470
 0011511
 0011652
 0011682
 0011792
 0011961
 0012261
 0012342
 0012443
 0012605
 0012705
 0012763
 0012844
 0012868
 0012921
 0012940
 0013144
 0013226
 0013391
 0013472
 0013496
 0013528
 0013555
 0013660
 0013691
 0013705
 0013765
 0013772
 0013840
 0013917
 0013926
 0013953
 0013954
 0013957
 0014045
 0014139
 0014299
 0014446
 0014605
 0014708
 0014818
 0015001
 0015134
 0015295
 0015421
 0015498
 0015499
 0015537
 0015595
 0015773
 0015872
 0016064
 0016194
 0016370
 0016406
 0016656
 0016799
 0017111
 0017146
 0017246
 0017262
 0017362
 0017717
 0017817
 0017909
 0017926
 0017962
 0017965
 0017973
 0018036
 0018079
 0018229
 0018232
 0018240
 0018284
 0018386
 0018438
 0018809
 0019019
 0019179
 0019193
 0019219
 0019312
 0019442
 0019485
 0019526
 0019613
 0019657
 0019667
 0019721
 0019850
 0019861
 0019907
 0020068
 0020227
 0020358
 0020369
 0020373
 0020390
 0020451
 0020534
 0020592
 0020699
 0020813
 0020914
 0020952
 0021036
 0021076
 0021168
 0021271
 0021329
 0021560
 0021603
 0021631
 0021664
 0021757
 0021800
 0021868
 0022015
 0022101
 0022445
 0022674
 0022831
 0022860
 0022910
 0022965
 0023173
 0023286
 0023298
 0023471
 0023508
 0023605
 0023680
 0023736
 0023863
 0024101
 0024338
 0024436
 0024491
 0024862
 0024887
 0024977
 0024992
 0025155
 0025187
 0025392
 0025459
 0025644
 0025746
 0025820
 0026126
 0026135
 0026178
 0026180
 0026277
 0026287
 0026495
 0026657
 0026725
 0026752
 0026768
 0026909
 0026941
 0027019
 0027040
 0027091
 0027135
 0027144
 0027312
 0027348
 0027429
 0027444
 0027481
 0027508
 0027587
 0027863
 0027982
 0028032
 0028069
 0028234
 0028652
 0028901
 0028953
 0029021
 0029035
 0029107
 0029112
 0029274
 0029277
 0029328
 0029404
 0029490
 0029620
 0029952
 0030090
 0030200
 0030247
 0030430
 0030463
 0030556
 0030633
 0030860
 0030889
 0030924
 0030941
 0031138
 0031574
 0031628
 0031753
 0031914
 0031925
 0031930
 0031951
 0031991
 0032048
 0032187
 0032288
 0032334
 0032539
 0032594
 0032620
 0032649
 0032694
 0032733
 0032868
 0033135
 0033161
 0033291
 0033308
 0033430
 0033471
 0033472
 0033475
 0033559
 0033642
 0033661
 0033770
 0033789
 0033872
 0034095
 0034181
 0034189
 0034228
 0034279
 0034393
 0034508
 0034513
 0034723
 0034819
 0035128
 0035151
 0035174
 0035450
 0035512
 0035528
 0035539
 0035593
 0035713
 0035779
 0035924
 0035981
 0036005
 0036264
 0036389
 0036476
 0036638
 0036667
 0036700
 0036762
 0036860
 0036864
 0036975
 0036993
 0037029
 0037041
 0037099
 0037188
 0037198
 0037389
 0037553
 0037584
 0037629
 0037761
 0038004
 0038021
 0038394
 0038442
 0038529
 0038781
 0038786
 0038949
 0039025
 0039097
 0039117
 0039274
 0039275
 0039359
 0039413
 0039447
 0039454
 0039541
 0039642
 0039649
 0039739
 0039746
 0039815
 0039827
 0039956
 0040103
 0040443
 0040460
 0040471
 0040478
 0040496
 0040599
 0040618
 0040849
 0041049
 0041237
 0041288
 0041416
 0041456
 0041918
 0041973
 0042047
 0042072
 0042146
 0042162
 0042293
 0042498
 0042768
 0042783
 0042795
 0042914
 0043029
 0043137
 0043250
 0043275
 0043506
 0043550
 0043580
 0043609
 0043738
 0043917
 0043959
 0044127
 0044175
 0044294
 0044413
 0044876
 0044950
 0045030
 0045209
 0045292
 0045344
 0045792
 0045822
 0046032
 0046111
 0046161
 0046292
 0046470
 0046588
 0046642
 0046824
 0046939
 0046951
 0047057
 0047061
 0047170
 0047524
 0047570
 0047609
 0047681
 0047688
 0047740
 0047787
 0047828
 0047838
 0048071
 0048227
 0048296
 0048330
 0048408
 0048561
 0048606
 0048706
 0048948
 0049313
 0049395
 0049673
 0049813
 0049830
 0049844
 0049896
 0049935
 0050001
 0050011
 0050123
 0050208
 0050339
 0050383
 0050528
 0050567
 0050740
 0050890
 0051057
 0051147
 0051206
 0051217
 0051404
 0051458
 0051537
 0051553
 0051730
 0051768
 0051952
 0051998
 0052007
 0052023
 0052189
 0052214
 0052310
 0052783
 0052790
 0052835
 0052912
 0053040
 0053272
 0053378
 0053522
 0053533
 0053623
 0053716
 0053719
 0053903
 0053936
 0054016
 0054080
 0054130
 0054236
 0054322
 0054330
 0054580
 0054600
 0054733
 0054836
 0054857
 0054876
 0054943
 0054997
 0055073
 0055175
 0055223
 0055235
 0055429
 0055536
 0055621
 0055629
 0055688
 0055795
 0055980
 0056022
 0056081
 0056083
 0056164
 0056316
 0056524
 0056548
 0056670
 0056794
 0056907
 0056940
 0057108
 0057167
 0057449
 0057497
 0057514
 0057529
 0057671
 0057738
 0057747
 0057902
 0057948
 0057965
 0058082
 0058151
 0058166
 0058326
 0058969
 0058981
 0058996
 0059037
 0059083
 0059091
 0059183
 0059513
 0059631
 0059978
 0060006
 0060340
 0060429
 0060445
 0060452
 0060757
 0060830
 0060888
 0060970
 0061025
 0061064
 0061203
 0061292
 0061310
 0061313
 0061401
 0061433
 0061533
 0061701
 0061704
 0061729
 0061761
 0061823
 0061966
 0062002
 0062419
 0062427
 0062529
 0062747
 0062752
 0062769
 0062880
 0063563
 0063565
 0063643
 0063678
 0063716
 0063786
 0063898
 0064058
 0064393
 0064578
 0064733
 0064742
 0064769
 0064797
 0064817
 0064824
 0064882
 0064896
 0065215
 0065405
 0065614
 0065867
 0065993
 0066032
 0066109
 0066163
 0066233
 0066237
 0066373
 0066397
 0066811
 0066887
 0066899
 0067114
 0067162
 0067241
 0067418
 0067583
 0067638
 0067716
 0067892
 0067965
 0067974
 0067996
 0068070
 0068076
 0068271
 0068364
 0068512
 0068590
 0068598
 0068615
 0068642
 0068740
 0068744
 0068763
 0068779
 0068827
 0068868
 0069001
 0069167
 0069206
 0069333
 0069341
 0069345
 0069390
 0069710
 0069717
 0069729
 0069767
 0069912
 0069919
 0069992
 0069996
 0070062
 0070245
 0070256
 0070486
 0070497
 0070756
 0071131
 0071357
 0071773
 0071812
 0071859
 0071869
 0071975
 0071992
 0072027
 0072061
 0072238
 0072276
 0072647
 0072717
 0072718
 0072742
 0072838
 0072923
 0072945
 0073070
 0073184
 0073206
 0073320
 0073446
 0073513
 0073531
 0073647
 0073653
 0073876
 0073881
 0073918
 0074011
 0074134
 0074307
 0074341
 0074545
 0074988
 0075027
 0075174
 0075363
 0075417
 0075435
 0075472
 0075763
 0075783
 0075792
 0075849
 0075956
 0076024
 0076144
 0076471
 0076502
 0076525
 0076680
 0076826
 0076926
 0076940
 0077154
 0077211
 0077225
 0077388
 0077389
 0077472
 0077591
 0077693
 0077699
 0077801
 0077844
 0077901
 0078160
 0078174
 0078343
 0078606
 0078770
 0078907
 0079174
 0079247
 0079273
 0079312
 0079394
 0079402
 0079505
 0079525
 0079615
 0079664
 0079770
 0079870
 0079958
 0080047
 0080124
 0080220
 0080331
 0080398
 0080439
 0080647
 0080721
 0080730
 0080754
 0080796
 0080810
 0080813
 0080963
 0081051
 0081179
 0081251
 0081265
 0081296
 0081387
 0081701
 0081729
 0081814
 0081879
 0081931
 0082065
 0082134
 0082237
 0082637
 0082664
 0082977
 0083064
 0083248
 0083249
 0083256
 0083406
 0083426
 0083467
 0083469
 0083603
 0083610
 0083657
 0083861
 0083878
 0084319
 0084375
 0084377
 0084381
 0084597
 0084689
 0084869
 0085087
 0085174
 0085245
 0085498
 0085543
 0085566
 0085774
 0085868
 0085931
 0086011
 0086038
 0086108
 0086293
 0086312
 0086319
 0086399
 0086465
 0086487
 0086501
 0086546
 0086548
 0086865
 0086951
 0087105
 0087165
 0087310
 0087429
 0087439
 0087456
 0087512
 0087538
 0087779
 0087801
 0087922
 0088138
 0088193
 0088297
 0088351
 0088358
 0088359
 0088370
 0088627
 0088719
 0088963
 0089242
 0089416
 0089504
 0089533
 0089537
 0089820
 0090386
 0090423
 0090661
 0090945
 0090971
 0091055
 0091082
 0091083
 0091204
 0091228
 0091366
 0091401
 0091406
 0091649
 0091844
 0091864
 0092157
 0092320
 0092501
 0092563
 0092695
 0092705
 0092742
 0092936
 0093018
 0093044
 0093119
 0093267
 0093272
 0093440
 0093456
 0093518
 0093720
 0093893
 0093931
 0093952
 0093979
 0093984
 0094182
 0094238
 0094273
 0094446
 0094467
 0094532
 0094537
 0094554
 0094576
 0094598
 0094727
 0094883
 0094888
 0094987
 0095076
 0095149
 0095306
 0095348
 0095367
 0095418
 0095478
 0095523
 0095748
 0095836
 0095981
 0096021
 0096028
 0096293
 0096334
 0096447
 0096694
 0096705
 0096797
 0096902
 0097043
 0097143
 0097330
 0097416
 0097492
 0097509
 0097810
 0097836
 0097945
 0098105
 0098377
 0098410
 0098464
 0098625
 0098854
 0098986
 0098991
 0099167
 0099209
 0099277
 0099296
 0099434
 0099489
 0099595
 0099699
 0099734
 0099942
 0099946
 0100014
 0100150
 0100177
 0100203
 0100276
 0100294
 0100422
 0100476
 0100504
 0100546
 0100549
 0100691
 0100738
 0101230
 0101236
 0101384
 0101550
 0101967
 0102117
 0102183
 0102276
 0102516
 0102659
 0102681
 0102696
 0102979
 0103065
 0103083
 0103301
 0103749
 0103893
 0103981
 0104018
 0104032
 0104130
 0104230
 0104288
 0104380
 0104647
 0104716
 0104725
 0104941
 0105047
 0105139
 0105375
 0105636
 0105693
 0105819
 0105820
 0105960
 0106018
 0106045
 0106185
 0106291
 0106383
 0106456
 0106581
 0106620
 0106680
 0106683
 0106689
 0106812
 0106828
 0106869
 0107140
 0107245
 0107299
 0107304
 0107385
 0107508
 0107593
 0107666
 0107787
 0107791
 0107832
 0107870
 0107883
 0108061
 0108167
 0108185
 0108193
 0108202
 0108781
 0108797
 0108826
 0108869
 0108880
 0108941
 0109090
 0109438
 0109767
 0109898
 0109917
 0110050
 0110176
 0110193
 0110262
 0110287
 0110362
 0110369
 0110410
 0110547
 0110645
 0110692
 0110733
 0110890
 0111108
 0111306
 0111379
 0111410
 0111419
 0111452
 0111531
 0111643
 0111764
 0111834
 0111954
 0112007
 0112154
 0112202
 0112377
 0112500
 0112596
 0112619
 0112763
 0112910
 0112928
 0113276
 0113288
 0113893
 0113897
 0113955
 0114040
 0114171
 0114387
 0114436
 0114541
 0114688
 0114691
 0114747
 0114968
 0114991
 0114998
 0115061
 0115131
 0115185
 0115406
 0115528
 0115609
 0115891
 0116015
 0116090
 0116125
 0116531
 0116579
 0116612
 0116628
 0116722
 0116723
 0116735
 0116801
 0116849
 0116880
 0116899
 0116973
 0117055
 0117098
 0117180
 0117355
 0117358
 0117839
 0117885
 0117890
 0117902
 0117967
 0118116
 0118128
 0118150
 0118167
 0118303
 0118786
 0118807
 0118847
 0118872
 0118970
 0119099
 0119119
 0119214
 0119289
 0119339
 0119375
 0119476
 0119493
 0119520
 0119537
 0119595
 0119612
 0119644
 0119646
 0119788
 0119984
 0120140
 0120271
 0120378
 0120467
 0120516
 0120625
 0120701
 0120791
 0120881
 0121071
 0121162
 0121252
 0121749
 0121845
 0121876
 0121934
 0121982
 0122037
 0122253
 0122334
 0122447
 0122482
 0122529
 0122573
 0122577
 0122673
 0122754
 0123198
 0123354
 0123388
 0123513
 0123633
 0123666
 0123829
 0123950
 0124004
 0124040
 0124229
 0124443
 0124613
 0124633
 0125163
 0125169
 0125216
 0125389
 0125398
 0125567
 0125678
 0125797
 0125808
 0125994
 0126264
 0126388
 0126522
 0126807
 0126837
 0127046
 0127116
 0127304
 0127337
 0127424
 0127563
 0127618
 0127639
 0127657
 0127696
 0127714
 0127745
 0127869
 0127910
 0127918
 0128156
 0128325
 0128410
 0128497
 0128552
 0128604
 0128643
 0128653
 0128691
 0128698
 0128841
 0128999
 0129050
 0129369
 0129385
 0129398
 0129419
 0129426
 0129878
 0129886
 0129957
 0129987
 0130122
 0130327
 0131034
 0131282
 0131519
 0131543
 0131570
 0131586
 0131758
 0131854
 0131864
 0131973
 0132083
 0132362
 0132368
 0132531
 0132630
 0132657
 0132801
 0132934
 0133035
 0133051
 0133460
 0133623
 0133653
 0133859
 0133886
 0134014
 0134052
 0134382
 0134402
 0134557
 0134611
 0134762
 0134779
 0135038
 0135365
 0135410
 0135420
 0135424
 0135470
 0135818
 0135950
 0135991
 0135999
 0136069
 0136201
 0136244
 0136266
 0136288
 0136628
 0136849
 0136937
 0137024
 0137404
 0137674
 0137774
 0138073
 0138127
 0138237
 0138391
 0138416
 0138504
 0138633
 0138724
 0138726
 0138734
 0139092
 0139317
 0139353
 0139415
 0139436
 0139564
 0139837
 0139898
 0140071
 0140127
 0140298
 0140321
 0140557
 0140779
 0140854
 0140881
 0140996
 0141214
 0141220
 0141263
 0141265
 0141290
 0141300
 0141382
 0141467
 0141647
 0141692
 0141749
 0141750
 0141874
 0142109
 0142242
 0142251
 0142411
 0142434
 0142465
 0142474
 0142719
 0142816
 0142979
 0143141
 0143290
 0143365
 0143594
 0143649
 0143677
 0143729
 0143806
 0143849
 0143853
 0143898
 0143926
 0143934
 0143999
 0144079
 0144286
 0144306
 0144615
 0144908
 0145014
 0145031
 0145118
 0145229
 0145245
 0145250
 0145311
 0145348
 0145374
 0145501
 0145519
 0145931
 0146615
 0146626
 0146721
 0146742
 0146769
 0146816
 0146868
 0146941
 0146945
 0147035
 0147069
 0147199
 0147233
 0147260
 0147291
 0147404
 0147439
 0147526
 0147570
 0147647
 0147665
 0147841
 0147926
 0147971
 0148004
 0148070
 0148228
 0148279
 0148294
 0148296
 0148335
 0148423
 0148452
 0148478
 0148931
 0148941
 0149058
 0149082
 0149147
 0149150
 0149238
 0149490
 0149628
 0150507
 0150535
 0150657
 0150687
 0150749
 0150824
 0150949
 0150991
 0151096
 0151154
 0151187
 0151212
 0151235
 0151437
 0151529
 0151581
 0151765
 0151803
 0151908
 0152006
 0152144
 0152178
 0152314
 0152336
 0152404
 0152474
 0152591
 0152638
 0152665
 0152670
 0152686
 0152907
 0152926
 0152927
 0152940
 0152947
 0153150
 0153196
 0153218
 0153252
 0153262
 0153372
 0153473
 0153528
 0153547
 0153658
 0153690
 0153996
 0154128
 0154168
 0154535
 0154609
 0154731
 0154812
 0154880
 0154942
 0155239
 0155249
 0155358
 0155390
 0155457
 0155574
 0155575
 0155827
 0155831
 0155848
 0155927
 0155932
 0155938
 0155963
 0155979
 0156015
 0156059
 0156071
 0156077
 0156085
 0156098
 0156206
 0156278
 0156365
 0156368
 0156479
 0156513
 0156656
 0156823
 0156969
 0157003
 0157022
 0157086
 0157158
 0157173
 0157233
 0157422
 0157906
 0158033
 0158034
 0158383
 0158421
 0158438
 0158517
 0158557
 0158760
 0158909
 0158963
 0159057
 0159190
 0159217
 0159219
 0159317
 0159332
 0159369
 0159573
 0159769
 0159805
 0159905
 0160046
 0160188
 0160290
 0160301
 0160397
 0160489
 0160552
 0160741
 0160782
 0161009
 0161216
 0161250
 0161253
 0161389
 0161599
 0161636
 0161657
 0161676
 0161678
 0161701
 0161702
 0161708
 0161794
 0161796
 0161950
 0161962
 0162101
 0162105
 0162343
 0162435
 0162535
 0162542
 0162563
 0162647
 0162730
 0162927
 0162960
 0163030
 0163117
 0163152
 0163249
 0163287
 0163438
 0163465
 0163514
 0163718
 0163869
 0163909
 0164270
 0164323
 0164448
 0164459
 0164589
 0164731
 0164744
 0164815
 0164980
 0165264
 0165432
 0165533
 0165657
 0165717
 0165723
 0165775
 0165794
 0165958
 0165978
 0166032
 0166427
 0166428
 0166488
 0167262
 0167263
 0167464
 0167489
 0167664
 0167685
 0167785
 0167971
 0168214
 0168217
 0168314
 0168756
 0168783
 0168790
 0168832
 0168859
 0168893
 0168945
 0169318
 0169330
 0169364
 0169471
 0169912
 0170059
 0170066
 0170104
 0170319
 0170511
 0170592
 0170699
 0170719
 0170767
 0170902
 0171024
 0171353
 0171360
 0171524
 0171540
 0171541
 0171550
 0171561
 0171638
 0171640
 0171812
 0171973
 0171998
 0172022
 0172212
 0172259
 0172351
 0172516
 0172816
 0172911
 0172949
 0172982
 0173007
 0173095
 0173203
 0173307
 0173451
 0173501
 0173535
 0173765
 0173954
 0173991
 0174113
 0174147
 0174420
 0174506
 0174559
 0174603
 0174673
 0174702
 0174713
 0174775
 0175065
 0175483
 0175558
 0175651
 0175782
 0175899
 0175960
 0175985
 0176014
 0176215
 0176229
 0176242
 0176287
 0176617
 0176751
 0176771
 0176805
 0176981
 0177452
 0177468
 0177637
 0177735
 0177859
 0177862
 0177911
 0177934
 0177988
 0178193
 0178327
 0178384
 0178540
 0178738
 0178750
 0178804
 0178943
 0178944
 0179137
 0179340
 0179486
 0179516
 0179538
 0179795
 0179848
 0179868
 0179901
 0179987
 0180232
 0180448
 0180517
 0180563
 0180769
 0180807
 0180890
 0181046
 0181134
 0181208
 0181231
 0181234
 0181244
 0181316
 0181437
 0181491
 0181535
 0181668
 0181870
 0182068
 0182096
 0182097
 0182126
 0182344
 0182375
 0182498
 0182630
 0182864
 0182921
 0182947
 0183188
 0183213
 0183442
 0183453
 0183530
 0183549
 0183665
 0183726
 0183749
 0184030
 0184083
 0184275
 0184279
 0184416
 0184646
 0184653
 0184852
 0184884
 0184986
 0185128
 0185564
 0185573
 0185587
 0185804
 0186001
 0186008
 0186025
 0186061
 0186125
 0186394
 0186710
 0186989
 0186991
 0187085
 0187106
 0187177
 0187345
 0188197
 0188281
 0188469
 0188480
 0188505
 0188588
 0188672
 0188877
 0189001
 0189014
 0189036
 0189065
 0189068
 0189110
 0189117
 0189208
 0189358
 0189471
 0189473
 0189496
 0189540
 0189588
 0189661
 0189680
 0189709
 0189751
 0189763
 0189801
 0189883
 0189917
 0189957
 0189966
 0190060
 0190075
 0190344
 0190650
 0190715
 0190808
 0190900
 0191390
 0191432
 0191502
 0191590
 0191819
 0192142
 0192314
 0192329
 0192378
 0192411
 0192806
 0192813
 0192863
 0192945
 0192950
 0192984
 0192990
 0193146
 0193288
 0193337
 0193495
 0193588
 0193628
 0193652
 0193691
 0193889
 0193898
 0193955
 0194046
 0194110
 0194229
 0194253
 0194377
 0194490
 0194499
 0194552
 0194594
 0194718
 0194742
 0194907
 0195328
 0195574
 0195761
 0195777
 0195830
 0195896
 0195996
 0196034
 0196241
 0196264
 0196275
 0196309
 0196312
 0196353
 0196404
 0196405
 0196507
 0196656
 0196718
 0196721
 0196782
 0196837
 0196969
 0196977
 0197091
 0197129
 0197226
 0197427
 0197651
 0197686
 0197802
 0197816
 0197837
 0197903
 0198291
 0198299
 0198368
 0198678
 0198711
 0199088
 0199254
 0199380
 0199568
 0199584
 0199616
 0199660
 0199871
 0199900
 0199977
 0200044
 0200807
 0200834
 0200849
 0200888
 0201018
 0201085
 0201267
 0201311
 0201404
 0201572
 0201621
 0201635
 0201742
 0201892
 0201902
 0201915
 0201931
 0202189
 0202193
 0202203
 0202214
 0202363
 0202397
 0202456
 0202525
 0202534
 0202589
 0202712
 0202723
 0202739
 0202803
 0202865
 0202999
 0203012
 0203105
 0203125
 0203167
 0203323
 0203347
 0203404
 0203405
 0203521
 0203571
 0203963
 0203977
 0204170
 0204245
 0204285
 0204320
 0204340
 0204561
 0204609
 0204648
 0204711
 0205075
 0205141
 0205246
 0205257
 0205348
 0205432
 0205615
 0205798
 0205895
 0206036
 0206298
 0206563
 0206623
 0206666
 0206687
 0206763
 0206815
 0206830
 0206842
 0206859
 0207018
 0207027
 0207057
 0207137
 0207150
 0207218
 0207313
 0207347
 0207491
 0207976
 0207977
 0208175
 0208660
 0208778
 0208989
 0209095
 0209111
 0209124
 0209153
 0209188
 0209341
 0209354
 0209427
 0209485
 0209670
 0209697
 0209724
 0209803
 0209888
 0210477
 0210501
 0210527
 0210543
 0210593
 0210665
 0210681
 0210773
 0210823
 0210889
 0210893
 0211007
 0211052
 0211330
 0211389
 0211492
 0211625
 0211637
 0211690
 0211717
 0211751
 0212138
 0212287
 0212337
 0212356
 0212420
 0212422
 0212461
 0212579
 0212762
 0212814
 0212947
 0212973
 0212989
 0213043
 0213192
 0213197
 0213323
 0213381
 0213398
 0213506
 0213543
 0213821
 0213944
 0213968
 0213994
 0214001
 0214094
 0214138
 0214265
 0214316
 0214411
 0214436
 0214538
 0214617
 0214828
 0214909
 0214934
 0214952
 0215009
 0215052
 0215063
 0215165
 0215307
 0215411
 0215445
 0215487
 0215544
 0215562
 0215563
 0215773
 0215784
 0216146
 0216283
 0216325
 0216327
 0216397
 0216424
 0216482
 0216483
 0216497
 0216508
 0216529
 0216610
 0216618
 0216761
 0216960
 0217072
 0217168
 0217177
 0217418
 0217449
 0217451
 0218055
 0218077
 0218111
 0218242
 0218369
 0218555
 0218753
 0218878
 0219016
 0219045
 0219172
 0219183
 0219310
 0219315
 0219467
 0219504
 0219847
 0220101
 0220171
 0220181
 0220360
 0220430
 0220546
 0220638
 0220724
 0220783
 0220935
 0221001
 0221072
 0221438
 0221471
 0221656
 0221681
 0221715
 0221728
 0221777
 0221868
 0222108
 0222130
 0222218
 0222507
 0222520
 0222572
 0222736
 0222779
 0222834
 0222976
 0223155
 0223280
 0223312
 0223399
 0223449
 0223739
 0223941
 0223961
 0224080
 0224335
 0224426
 0224575
 0224613
 0224689
 0224729
 0224803
 0224871
 0224930
 0224931
 0225029
 0225106
 0225118
 0225321
 0225428
 0225633
 0225714
 0225732
 0225741
 0225744
 0225812
 0225920
 0225923
 0226180
 0226298
 0226308
 0226373
 0226511
 0226526
 0226551
 0226700
 0226762
 0226823
 0226838
 0226974
 0226977
 0227017
 0227023
 0227063
 0227067
 0227091
 0227295
 0227352
 0227360
 0227407
 0227600
 0227693
 0227900
 0227908
 0228231
 0228282
 0228312
 0228716
 0228751
 0228753
 0228768
 0228791
 0228949
 0228999
 0229098
 0229139
 0229368
 0229374
 0229654
 0229782
 0229787
 0230182
 0230245
 0230381
 0230420
 0230450
 0230516
 0230554
 0230673
 0230737
 0230942
 0231181
 0231286
 0231413
 0231458
 0231482
 0231539
 0231661
 0231739
 0231882
 0232008
 0232091
 0232096
 0232112
 0232124
 0232162
 0232173
 0232303
 0232507
 0232854
 0232994
 0233076
 0233397
 0233484
 0233655
 0233711
 0233819
 0233918
 0233945
 0234022
 0234185
 0234309
 0234515
 0234634
 0234653
 0234778
 0234908
 0235111
 0235121
 0235596
 0235599
 0235614
 0235812
 0235838
 0235883
 0236234
 0236371
 0236504
 0236737
 0236850
 0236898
 0236902
 0237233
 0237494
 0237535
 0237743
 0237756
 0237791
 0238018
 0238089
 0238435
 0238485
 0238585
 0238629
 0238636
 0238668
 0238771
 0238806
 0239003
 0239050
 0239237
 0239354
 0239367
 0239425
 0239451
 0239521
 0239547
 0239553
 0239729
 0239755
 0239850
 0240001
 0240222
 0240562
 0240653
 0240680
 0240700
 0240807
 0241062
 0241120
 0241122
 0241161
 0241277
 0241280
 0241322
 0241344
 0241400
 0241591
 0241594
 0241728
 0241909
 0241984
 0241999
 0242173
 0242296
 0242717
 0242853
 0242894
 0242901
 0243292
 0243448
 0243520
 0243656
 0243677
 0244102
 0244232
 0244279
 0244499
 0244500
 0244507
 0244518
 0244645
 0244746
 0244758
 0244856
 0245041
 0245212
 0245340
 0245402
 0245427
 0245514
 0245559
 0245681
 0245711
 0245735
 0245778
 0245812
 0245832
 0245941
 0246035
 0246039
 0246136
 0246312
 0246424
 0246699
 0246791
 0246952
 0247014
 0247051
 0247068
 0247136
 0247176
 0247221
 0247266
 0247299
 0247473
 0247556
 0247587
 0247723
 0248051
 0248077
 0248163
 0248183
 0248200
 0248600
 0248617
 0248687
 0248832
 0248851
 0248898
 0248953
 0249038
 0249284
 0249330
 0249385
 0249553
 0249626
 0249649
 0249653
 0249715
 0249762
 0249846
 0249861
 0249881
 0249891
 0249928
 0249962
 0250465
 0250690
 0250743
 0251067
 0251166
 0251363
 0251543
 0251699
 0251762
 0251895
 0251982
 0252394
 0252524
 0252546
 0252585
 0252592
 0252624
 0252630
 0252974
 0252982
 0253052
 0253108
 0253336
 0253338
 0253369
 0253521
 0253591
 0253724
 0253743
 0253794
 0253904
 0254037
 0254048
 0254086
 0254269
 0254284
 0254285
 0254315
 0254325
 0254537
 0254826
 0254872
 0255070
 0255076
 0255095
 0255222
 0255328
 0255329
 0255392
 0255495
 0255874
 0255990
 0256089
 0256167
 0256271
 0256320
 0256329
 0256388
 0256458
 0256548
 0256782
 0257010
 0257196
 0257263
 0257277
 0257293
 0257297
 0257300
 0257327
 0257330
 0257417
 0257560
 0257578
 0257766
 0257793
 0257872
 0257884
 0258307
 0258328
 0258329
 0258334
 0258485
 0258820
 0258919
 0259247
 0259738
 0259838
 0259853
 0259936
 0259962
 0259986
 0260262
 0260320
 0260373
 0260388
 0260442
 0260592
 0260621
 0260706
 0260775
 0260792
 0261049
 0261081
 0261215
 0261268
 0261300
 0261407
 0261550
 0261563
 0261620
 0261736
 0261784
 0261883
 0261907
 0261913
 0261960
 0262010
 0262054
 0262059
 0262228
 0262242
 0262373
 0262611
 0262661
 0262701
 0262806
 0263008
 0263189
 0263454
 0263591
 0263732
 0264130
 0264188
 0264207
 0264209
 0264245
 0264262
 0264367
 0264489
 0264906
 0265201
 0265240
 0265386
 0265549
 0265878
 0265921
 0266042
 0266172
 0266259
 0266665
 0266682
 0266693
 0266997
 0267012
 0267026
 0267028
 0267068
 0267102
 0267116
 0267128
 0267346
 0267507
 0267514
 0267624
 0267704
 0267749
 0267763
 0267776
 0268252
 0268540
 0268726
 0268953
 0269128
 0269414
 0269708
 0269896
 0269975
 0270098
 0270140
 0270261
 0270401
 0270406
 0270502
 0270568
 0270595
 0270647
 0270676
 0270759
 0270812
 0270823
 0270887
 0271018
 0271243
 0271535
 0271575
 0271579
 0271656
 0271730
 0271766
 0271878
 0271900
 0271911
 0271928
 0272203
 0272299
 0272369
 0272483
 0272674
 0272688
 0272719
 0272725
 0272894
 0272904
 0272961
 0273073
 0273077
 0273119
 0273314
 0273378
 0273482
 0273514
 0273560
 0273671
 0273748
 0274013
 0274066
 0274068
 0274229
 0274296
 0274325
 0274581
 0274963
 0274985
 0274997
 0275073
 0275151
 0275191
 0275215
 0275399
 0275413
 0275418
 0275533
 0275632
 0275654
 0275778
 0275895
 0276068
 0276154
 0276297
 0276351
 0276393
 0276595
 0276641
 0276656
 0276728
 0276815
 0276991
 0277044
 0277236
 0277484
 0277774
 0277942
 0277944
 0278351
 0278812
 0278887
 0278965
 0279012
 0279170
 0279235
 0279309
 0279431
 0279455
 0279685
 0279722
 0279733
 0279746
 0279776
 0279843
 0279872
 0280220
 0280249
 0280258
 0280373
 0280407
 0280487
 0280646
 0280786
 0280848
 0280849
 0280972
 0281024
 0281026
 0281128
 0281152
 0281192
 0281195
 0281200
 0281328
 0281329
 0281354
 0281421
 0281459
 0281513
 0281525
 0281549
 0281600
 0281616
 0281647
 0281726
 0281878
 0281891
 0281963
 0281975
 0282273
 0282331
 0282387
 0282436
 0282669
 0282731
 0282736
 0282892
 0282966
 0283224
 0283261
 0283369
 0283452
 0283459
 0283465
 0283471
 0283657
 0283686
 0283777
 0283793
 0283853
 0283941
 0284302
 0284349
 0284366
 0284404
 0284436
 0284554
 0284652
 0284779
 0284963
 0284997
 0285193
 0285194
 0285262
 0285273
 0285481
 0285489
 0285524
 0285590
 0285740
 0285843
 0285925
 0286015
 0286043
 0286144
 0286149
 0286173
 0286337
 0286351
 0286598
 0286650
 0286806
 0286956
 0287086
 0287227
 0287242
 0287342
 0287350
 0287445
 0287632
 0287766
 0287846
 0288052
 0288083
 0288095
 0288255
 0288260
 0288263
 0288272
 0288363
 0288448
 0288491
 0288941
 0289100
 0289139
 0289214
 0289247
 0289268
 0289381
 0289633
 0289634
 0289656
 0289757
 0289775
 0289890
 0289895
 0290008
 0290190
 0290289
 0290430
 0290461
 0290469
 0290603
 0290612
 0290625
 0290688
 0290706
 0290722
 0290748
 0290843
 0290889
 0291126
 0291213
 0291266
 0291308
 0291395
 0291409
 0291416
 0291472
 0291510
 0291546
 0291752
 0291888
 0291941
 0292074
 0292209
 0292220
 0292272
 0292329
 0292413
 0292489
 0292543
 0292615
 0292620
 0292678
 0293021
 0293025
 0293417
 0293491
 0293538
 0293581
 0293734
 0293870
 0293877
 0293882
 0294159
 0294320
 0294329
 0294342
 0294381
 0294406
 0294456
 0294458
 0294548
 0294565
 0294592
 0294736
 0294770
 0295032
 0295042
 0295130
 0295659
 0295668
 0295739
 0295757
 0295825
 0296038
 0296054
 0296133
 0296181
 0296493
 0296525
 0296532
 0296625
 0296644
 0296786
 0296920
 0296968
 0297032
 0297097
 0297117
 0297136
 0297188
 0297264
 0297304
 0297480
 0297496
 0297733
 0297849
 0297855
 0297896
 0298093
 0298113
 0298119
 0298151
 0298464
 0298611
 0298691
 0298714
 0298743
 0298760
 0298782
 0298911
 0299077
 0299196
 0299230
 0299325
 0299391
 0299401
 0299420
 0299453
 0299596
 0299648
 0299727
 0299779
 0299948
 0300232
 0300296
 0300574
 0300594
 0300625
 0300685
 0300816
 0300822
 0300895
 0301016
 0301177
 0301202
 0301209
 0301292
 0301337
 0301371
 0301411
 0301468
 0301501
 0301591
 0301656
 0301730
 0301837
 0301851
 0302325
 0302413
 0302725
 0302819
 0302908
 0303086
 0303355
 0303470
 0303513
 0303538
 0303640
 0303830
 0303866
 0303902
 0303939
 0303944
 0304235
 0304306
 0304346
 0304649
 0304654
 0304917
 0305060
 0305136
 0305266
 0305446
 0305592
 0305712
 0305857
 0305907
 0306068
 0306075
 0306102
 0306140
 0306178
 0306222
 0306265
 0306316
 0306405
 0306482
 0306511
 0306524
 0306537
 0306646
 0306748
 0306818
 0306859
 0306869
 0306890
 0306902
 0307075
 0307159
 0307327
 0307551
 0307589
 0307949
 0308064
 0308260
 0308469
 0308671
 0308799
 0308823
 0308824
 0308826
 0308882
 0309027
 0309056
 0309145
 0309176
 0309238
 0309286
 0309343
 0309430
 0309710
 0309829
 0309941
 0310147
 0310230
 0310373
 0310378
 0310396
 0310414
 0310488
 0310561
 0310757
 0310899
 0310959
 0311055
 0311136
 0311297
 0311365
 0311400
 0311411
 0311458
 0311515
 0311662
 0311666
 0311725
 0312041
 0312106
 0312213
 0312271
 0312275
 0312550
 0312587
 0312717
 0312859
 0312972
 0313023
 0313142
 0313180
 0313189
 0313201
 0313215
 0313381
 0313464
 0313583
 0313912
 0314146
 0314196
 0314395
 0314417
 0314539
 0314619
 0314641
 0315000
 0315202
 0315277
 0315280
 0315462
 0315825
 0315967
 0316000
 0316120
 0316143
 0316293
 0316417
 0316628
 0316629
 0317055
 0317092
 0317276
 0317484
 0317553
 0317732
 0317807
 0317852
 0317929
 0318303
 0318313
 0318440
 0318457
 0318621
 0318766
 0318846
 0319005
 0319046
 0319064
 0319250
 0319306
 0319320
 0319381
 0319551
 0319841
 0319882
 0319966
 0320443
 0320533
 0320576
 0320595
 0320612
 0320613
 0320648
 0320735
 0320834
 0320837
 0320955
 0320963
 0321012
 0321018
 0321155
 0321269
 0321311
 0321379
 0321473
 0321474
 0321537
 0321566
 0321586
 0321775
 0321888
 0321914
 0321926
 0321988
 0322016
 0322152
 0322322
 0322417
 0322732
 0322775
 0322975
 0323009
 0323068
 0323199
 0323292
 0323293
 0323483
 0323615
 0323901
 0323926
 0323940
 0324039
 0324069
 0324183
 0324294
 0324333
 0324342
 0324477
 0324709
 0324845
 0324886
 0324894
 0324912
 0324960
 0324965
 0325063
 0325070
 0325160
 0325169
 0325200
 0325253
 0325329
 0325537
 0325592
 0325750
 0325806
 0325942
 0325992
 0326060
 0326104
 0326259
 0326506
 0326515
 0326885
 0326936
 0326992
 0327066
 0327926
 0328103
 0328146
 0328178
 0328267
 0328443
 0328459
 0328497
 0328570
 0328576
 0328880
 0328906
 0328960
 0329127
 0329232
 0329254
 0329365
 0329384
 0329414
 0329596
 0329690
 0329727
 0329894
 0330152
 0330241
 0330272
 0330317
 0330482
 0330574
 0330606
 0330635
 0330787
 0330959
 0331005
 0331071
 0331363
 0331429
 0331569
 0331658
 0331752
 0331781
 0331799
 0331832
 0331837
 0331978
 0332158
 0332263
 0332358
 0332455
 0332473
 0332708
 0332981
 0333025
 0333332
 0333540
 0333597
 0333639
 0333668
 0333681
 0333829
 0334017
 0334031
 0334090
 0334161
 0334168
 0334389
 0334489
 0334551
 0334584
 0334707
 0334733
 0334861
 0334874
 0335051
 0335201
 0335286
 0335621
 0335625
 0335679
 0335705
 0335736
 0335748
 0335885
 0336070
 0336315
 0336343
 0336510
 0336601
 0336704
 0336759
 0337142
 0337242
 0337376
 0337379
 0337454
 0337487
 0337498
 0337812
 0337855
 0337920
 0337963
 0338031
 0338068
 0338137
 0338175
 0338276
 0338446
 0338683
 0338702
 0338841
 0338959
 0338996
 0339172
 0339385
 0339559
 0339709
 0339751
 0339898
 0340064
 0340391
 0340499
 0340519
 0340532
 0340607
 0340661
 0340831
 0341031
 0341096
 0341159
 0341210
 0341475
 0341495
 0341703
 0341892
 0341910
 0341970
 0342163
 0342698
 0342714
 0342739
 0342759
 0342877
 0343285
 0343324
 0343330
 0343335
 0343352
 0343421
 0343526
 0343532
 0343561
 0343662
 0343878
 0344279
 0344311
 0344391
 0344402
 0344416
 0344429
 0344596
 0344607
 0344738
 0344772
 0345086
 0345125
 0345210
 0345681
 0346070
 0346095
 0346245
 0346298
 0346378
 0346418
 0346493
 0346559
 0346909
 0346934
 0347125
 0347162
 0347175
 0347377
 0347427
 0347811
 0347831
 0348005
 0348052
 0348111
 0348159
 0348194
 0348280
 0348488
 0348659
 0348676
 0348776
 0348852
 0348865
 0348888
 0348920
 0348931
 0348938
 0349081
 0349108
 0349112
 0349157
 0349186
 0349284
 0349652
 0349701
 0349955
 0350044
 0350069
 0350122
 0350127
 0350180
 0350184
 0350383
 0350419
 0350666
 0350669
 0350671
 0350799
 0350866
 0350911
 0350968
 0351026
 0351261
 0351312
 0351388
 0351422
 0351494
 0351623
 0351795
 0351813
 0351846
 0352199
 0352276
 0352315
 0352389
 0352415
 0352644
 0352679
 0352906
 0353012
 0353189
 0353266
 0353606
 0353613
 0353734
 0353747
 0353779
 0353994
 0354083
 0354106
 0354198
 0354248
 0354694
 0354726
 0354904
 0355032
 0355049
 0355082
 0355164
 0355224
 0355250
 0355262
 0355321
 0355396
 0355491
 0355594
 0355695
 0355769
 0355817
 0355867
 0355892
 0356231
 0356364
 0356402
 0356469
 0356504
 0356634
 0356761
 0356916
 0357142
 0357152
 0357277
 0357319
 0357335
 0357560
 0357570
 0357766
 0357944
 0358109
 0358154
 0358349
 0358418
 0358475
 0358491
 0358545
 0358965
 0359165
 0359232
 0359252
 0359256
 0359360
 0359458
 0359465
 0359662
 0359676
 0359735
 0359960
 0360157
 0360376
 0360406
 0360415
 0360485
 0360791
 0360886
 0360908
 0360984
 0361086
 0361092
 0361142
 0361204
 0361259
 0361313
 0361456
 0361465
 0361468
 0361516
 0361594
 0361628
 0361781
 0361815
 0362052
 0362390
 0362677
 0362788
 0362795
 0362832
 0362921
 0362929
 0363424
 0363481
 0363491
 0363637
 0363668
 0363762
 0364059
 0364189
 0364406
 0364602
 0364679
 0364721
 0364732
 0364831
 0364874
 0364891
 0364920
 0364966
 0365071
 0365151
 0365414
 0365638
 0365671
 0365794
 0365829
 0365934
 0366097
 0366121
 0366298
 0366519
 0366576
 0366629
 0366660
 0366689
 0366708
 0366724
 0366765
 0366962
 0367085
 0367264
 0367584
 0367689
 0367694
 0367739
 0367830
 0368127
 0368136
 0368241
 0368380
 0368452
 0368523
 0368588
 0368627
 0368764
 0368785
 0368930
 0368947
 0369035
 0369211
 0369459
 0369472
 0369747
 0370019
 0370022
 0370118
 0370131
 0370185
 0370412
 0370414
 0370502
 0370759
 0370829
 0371054
 0371188
 0371232
 0371298
 0371330
 0371408
 0371446
 0371575
 0371780
 0372109
 0372136
 0372183
 0372286
 0372315
 0372495
 0372552
 0372622
 0373020
 0373202
 0373220
 0373270
 0373287
 0373331
 0373404
 0373438
 0373531
 0373532
 0373693
 0373745
 0373812
 0373839
 0373887
 0374096
 0374103
 0374293
 0374371
 0374415
 0374521
 0374625
 0374675
 0374684
 0375045
 0375167
 0375184
 0375263
 0375688
 0375749
 0375869
 0375993
 0376183
 0376340
 0376476
 0376536
 0376592
 0376641
 0376763
 0376884
 0376970
 0377215
 0377285
 0377322
 0377422
 0377534
 0377638
 0377655
 0377656
 0377973
 0378018
 0378147
 0378748
 0378966
 0378998
 0379070
 0379091
 0379122
 0379231
 0379269
 0379421
 0379478
 0379509
 0379672
 0379845
 0379903
 0379922
 0380156
 0380196
 0380220
 0380330
 0380391
 0380492
 0380515
 0380645
 0380753
 0380832
 0381125
 0381242
 0381279
 0381332
 0381415
 0381424
 0381441
 0381480
 0381514
 0381642
 0382356
 0382374
 0382419
 0382540
 0382563
 0382600
 0382748
 0382940
 0382966
 0383025
 0383241
 0383255
 0383263
 0383369
 0383467
 0383511
 0383636
 0383685
 0383862
 0384025
 0384204
 0384322
 0384335
 0384428
 0384824
 0384896
 0385068
 0385293
 0385392
 0385452
 0385587
 0386007
 0386060
 0386253
 0386345
 0386361
 0386596
 0386741
 0386742
 0386767
 0386794
 0386809
 0386834
 0386844
 0386858
 0386881
 0386927
 0386941
 0387007
 0387033
 0387103
 0387119
 0387121
 0387193
 0387285
 0387326
 0387416
 0387421
 0387723
 0387834
 0387866
 0388001
 0388130
 0388261
 0388273
 0388312
 0388413
 0388560
 0388620
 0388707
 0388972
 0388999
 0389336
 0389434
 0389461
 0389613
 0389827
 0389929
 0390007
 0390278
 0390314
 0390470
 0390504
 0390595
 0390602
 0390773
 0390841
 0390879
 0391068
 0391088
 0391312
 0391465
 0391581
 0391641
 0392294
 0392352
 0392427
 0392430
 0392465
 0392478
 0392493
 0392500
 0392639
 0392714
 0392927
 0393035
 0393086
 0393356
 0393460
 0393535
 0393550
 0393939
 0394047
 0394113
 0394262
 0394276
 0394503
 0394544
 0394863
 0395090
 0395165
 0395334
 0395359
 0395393
 0395665
 0395733
 0395902
 0395983
 0396010
 0396261
 0396334
 0396476
 0396907
 0397015
 0397199
 0397210
 0397241
 0397472
 0397548
 0397738
 0397749
 0397877
 0398176
 0398512
 0398538
 0398576
 0398662
 0398735
 0398768
 0398854
 0398927
 0398955
 0398980
 0399085
 0399366
 0399390
 0399397
 0399461
 0399521
 0399558
 0399570
 0399612
 0399669
 0399966
 0400003
 0400007
 0400207
 0400444
 0400522
 0400586
 0400722
 0400740
 0400786
 0400834
 0401046
 0401114
 0401151
 0401209
 0401245
 0401270
 0401498
 0401876
 0401950
 0401955
 0401959
 0402140
 0402148
 0402239
 0402479
 0402642
 0402781
 0403121
 0403188
 0403428
 0403554
 0403610
 0403668
 0403761
 0403895
 0404295
 0404716
 0404883
 0404931
 0404968
 0404974
 0405070
 0405222
 0405326
 0405340
 0405416
 0405438
 0405523
 0405547
 0405562
 0405613
 0405655
 0405687
 0405705
 0405973
 0406097
 0406338
 0406475
 0406515
 0406794
 0407102
 0407174
 0407340
 0407371
 0407570
 0407698
 0407967
 0408111
 0408138
 0408171
 0408230
 0408248
 0408276
 0408411
 0408476
 0408493
 0408518
 0408629
 0408648
 0408873
 0409085
 0409198
 0409240
 0409523
 0409581
 0409672
 0409694
 0409714
 0410025
 0410201
 0410398
 0410418
 0410617
 0410676
 0410682
 0410693
 0410719
 0410841
 0410863
 0411094
 0411237
 0411635
 0411719
 0411733
 0411826
 0412108
 0412208
 0412232
 0412598
 0412866
 0412919
 0413132
 0413460
 0413469
 0413476
 0413645
 0413757
 0413769
 0414049
 0414078
 0414273
 0414399
 0414413
 0414631
 0414749
 0414768
 0414874
 0414948
 0414999
 0415003
 0415164
 0415242
 0415508
 0415563
 0415618
 0415709
 0415993
 0416134
 0416270
 0416408
 0416617
 0416621
 0416780
 0416886
 0416948
 0417042
 0417326
 0417345
 0417421
 0417574
 0417578
 0417657
 0417701
 0417761
 0418000
 0418006
 0418021
 0418422
 0418440
 0418592
 0418754
 0418833
 0419128
 0419147
 0419429
 0419444
 0419698
 0419753
 0419756
 0419816
 0419864
 0419880
 0419915
 0419922
 0420218
 0420374
 0420414
 0420510
 0420582
 0420624
 0420675
 0420680
 0420681
 0420847
 0420881
 0420928
 0420937
 0421231
 0421244
 0421594
 0421647
 0421701
 0421935
 0421960
 0421992
 0422036
 0422110
 0422167
 0422205
 0422228
 0422269
 0422671
 0422711
 0422750
 0422762
 0422821
 0423041
 0423239
 0423385
 0423401
 0423438
 0423450
 0423489
 0423526
 0423537
 0423686
 0423791
 0423943
 0423995
 0424044
 0424077
 0424152
 0424238
 0424313
 0424640
 0424920
 0424956
 0424981
 0425007
 0425111
 0425152
 0425177
 0425209
 0425266
 0425319
 0425320
 0425408
 0425697
 0425747
 0425805
 0425827
 0426115
 0426180
 0426186
 0426464
 0426486
 0426494
 0426833
 0426862
 0426954
 0426991
 0427116
 0427140
 0427176
 0427195
 0427209
 0427252
 0427443
 0427650
 0427666
 0427729
 0427792
 0427813
 0428070
 0428213
 0428413
 0428711
 0428867
 0428885
 0428971
 0428990
 0429029
 0429115
 0429177
 0429254
 0429262
 0429346
 0429399
 0429591
 0429646
 0429662
 0429794
 0429919
 0430237
 0430486
 0430493
 0430729
 0430735
 0430797
 0430848
 0431034
 0431399
 0431412
 0431425
 0431471
 0431780
 0431919
 0432228
 0432321
 0432367
 0432391
 0432543
 0432798
 0433203
 0433405
 0433545
 0433548
 0433979
 0434007
 0434079
 0434227
 0434478
 0434562
 0434572
 0434584
 0434661
 0434685
 0434744
 0434805
 0434848
 0435050
 0435096
 0435130
 0435182
 0435202
 0435265
 0435282
 0435301
 0435334
 0435352
 0435373
 0435504
 0435725
 0435829
 0435853
 0435912
 0436021
 0436043
 0436315
 0436383
 0436510
 0436595
 0436701
 0436804
 0436963
 0436978
 0437000
 0437151
 0437348
 0437382
 0437506
 0437517
 0437540
 0437984
 0438035
 0438163
 0438186
 0438201
 0438331
 0438391
 0438489
 0438573
 0438600
 0439357
 0439401
 0439447
 0439496
 0439538
 0439539
 0439621
 0439700
 0439837
 0440026
 0440069
 0440107
 0440244
 0440373
 0440582
 0440803
 0440913
 0440951
 0441114
 0441249
 0441324
 0441589
 0441675
 0441897
 0441983
 0442175
 0442202
 0442246
 0442311
 0442323
 0442388
 0442512
 0442569
 0442647
 0442682
 0442715
 0442717
 0442761
 0442824
 0442843
 0443144
 0443153
 0443185
 0443226
 0443392
 0443446
 0443724
 0443769
 0443776
 0443896
 0443930
 0444062
 0444137
 0444330
 0444455
 0444555
 0444583
 0444617
 0444713
 0444902
 0444970
 0445005
 0445027
 0445162
 0445197
 0445326
 0445366
 0445471
 0445541
 0445623
 0445722
 0445745
 0445746
 0445756
 0445792
 0445860
 0445919
 0446179
 0446214
 0446333
 0446343
 0446389
 0446395
 0446508
 0446525
 0446582
 0446837
 0447009
 0447053
 0447059
 0447106
 0447249
 0447279
 0447411
 0447424
 0447557
 0447629
 0447815
 0447916
 0448019
 0448169
 0448204
 0448228
 0448278
 0448382
 0448604
 0448762
 0448983
 0448986
 0448993
 0449089
 0449154
 0449156
 0449477
 0449521
 0449558
 0449592
 0449645
 0449690
 0449747
 0449890
 0449911
 0449932
 0450074
 0450114
 0450144
 0450206
 0450233
 0450340
 0450412
 0450587
 0450721
 0450856
 0450914
 0451087
 0451319
 0451455
 0451467
 0451604
 0451669
 0451914
 0451945
 0452030
 0452080
 0452175
 0452350
 0452406
 0452503
 0452512
 0452522
 0452561
 0452577
 0452625
 0452635
 0452816
 0452963
 0453094
 0453372
 0453573
 0453869
 0453972
 0454106
 0454204
 0454217
 0454222
 0454232
 0454329
 0454369
 0454586
 0454664
 0454851
 0454903
 0455059
 0455097
 0455143
 0455174
 0455332
 0455337
 0455384
 0455457
 0455697
 0455885
 0455927
 0455946
 0456077
 0456164
 0456180
 0456304
 0456613
 0456784
 0456888
 0456969
 0457237
 0457291
 0457420
 0457688
 0457704
 0457764
 0457782
 0457805
 0457884
 0458082
 0458089
 0458196
 0458302
 0458385
 0458411
 0458439
 0458570
 0458628
 0458681
 0459307
 0459392
 0459561
 0459634
 0459843
 0459928
 0459994
 0460098
 0460276
 0460312
 0460459
 0460466
 0460475
 0460510
 0460512
 0460687
 0460771
 0460897
 0460939
 0461002
 0461087
 0461095
 0461368
 0461371
 0461439
 0461452
 0461695
 0461704
 0461742
 0461858
 0461906
 0462023
 0462033
 0462158
 0462320
 0462454
 0462509
 0462560
 0462581
 0462765
 0462853
 0462856
 0462958
 0463073
 0463275
 0463315
 0463321
 0463332
 0463357
 0463528
 0463567
 0463592
 0463639
 0463834
 0463921
 0463970
 0464124
 0464247
 0464299
 0464337
 0464343
 0464369
 0464391
 0464456
 0464589
 0464696
 0464835
 0464940
 0464987
 0465109
 0465219
 0465318
 0465673
 0465876
 0466053
 0466072
 0466466
 0466723
 0466857
 0466865
 0466964
 0467030
 0467118
 0467152
 0467442
 0467470
 0467497
 0467498
 0467667
 0467813
 0468092
 0468147
 0468207
 0468292
 0468306
 0468322
 0468469
 0468494
 0468572
 0468741
 0468753
 0468769
 0468855
 0468902
 0468929
 0469083
 0469132
 0469350
 0469360
 0469371
 0469439
 0469536
 0469544
 0469546
 0469578
 0469776
 0469851
 0470063
 0470083
 0470144
 0470195
 0470237
 0470457
 0470502
 0470520
 0470525
 0470667
 0470695
 0470961
 0471072
 0471180
 0471304
 0471307
 0471317
 0471607
 0471726
 0471834
 0471838
 0471967
 0472146
 0472186
 0472245
 0472255
 0472389
 0472619
 0472699
 0472759
 0472865
 0472929
 0472969
 0473066
 0473086
 0473320
 0473367
 0473420
 0473477
 0473494
 0473583
 0473690
 0473736
 0473778
 0473780
 0473831
 0473843
 0474038
 0474039
 0474068
 0474108
 0474154
 0474191
 0474194
 0474409
 0474623
 0474700
 0474705
 0474832
 0474851
 0474973
 0475040
 0475073
 0475076
 0475141
 0475181
 0475346
 0475366
 0475371
 0475481
 0475514
 0475547
 0475590
 0475639
 0475727
 0475893
 0475986
 0476157
 0476197
 0476317
 0476374
 0476384
 0476388
 0476486
 0476526
 0476530
 0476558
 0476598
 0476890
 0477258
 0477300
 0477323
 0477344
 0477388
 0477549
 0477703
 0477742
 0477913
 0477957
 0477961
 0478016
 0478316
 0478564
 0478575
 0478826
 0479014
 0479058
 0479128
 0479214
 0479244
 0479351
 0479404
 0479432
 0479594
 0479650
 0479713
 0479769
 0479983
 0480117
 0480125
 0480169
 0480203
 0480223
 0480308
 0480360
 0480378
 0480476
 0480498
 0480650
 0480685
 0480740
 0480750
 0480790
 0480803
 0480889
 0480898
 0480937
 0480959
 0480985
 0481025
 0481124
 0481172
 0481209
 0481227
 0481562
 0481705
 0481771
 0481782
 0481827
 0482008
 0482482
 0482544
 0482574
 0482624
 0482657
 0482674
 0482908
 0482993
 0483012
 0483143
 0483194
 0483314
 0483466
 0483512
 0483533
 0483609
 0483685
 0483946
 0483963
 0484227
 0484289
 0484304
 0484492
 0484508
 0484526
 0484910
 0484930
 0485083
 0485250
 0485304
 0485563
 0485742
 0485748
 0486144
 0486147
 0486153
 0486326
 0486352
 0486356
 0486544
 0486791
 0487000
 0487380
 0487413
 0487432
 0487618
 0487662
 0487753
 0487788
 0487795
 0487896
 0487910
 0488040
 0488138
 0488217
 0488312
 0488335
 0488421
 0488750
 0488770
 0489021
 0489059
 0489260
 0489486
 0489504
 0489544
 0489678
 0490052
 0490076
 0490159
 0490170
 0490263
 0490353
 0490472
 0490586
 0490688
 0490905
 0490935
 0491375
 0491448
 0491627
 0491747
 0491783
 0491918
 0492026
 0492077
 0492132
 0492163
 0492166
 0492248
 0492357
 0492377
 0492483
 0492584
 0492685
 0492845
 0493014
 0493082
 0493140
 0493142
 0493215
 0493218
 0493456
 0493495
 0493600
 0493604
 0493864
 0494158
 0494240
 0494271
 0494291
 0494388
 0494421
 0494449
 0494609
 0494696
 0494898
 0494941
 0494984
 0495037
 0495047
 0495159
 0495176
 0495196
 0495483
 0495493
 0495589
 0495788
 0495892
 0495925
 0495966
 0496077
 0496115
 0496118
 0496433
 0496437
 0496476
 0496656
 0496729
 0497125
 0497201
 0497442
 0497470
 0497703
 0497783
 0497804
 0497909
 0497983
 0498001
 0498011
 0498053
 0498063
 0498082
 0498502
 0498575
 0498635
 0498799
 0498825
 0498931
 0499046
 0499149
 0499247
 0499284
 0499311
 0499323
 0499362
 0499368
 0499390
 0499448
 0499471
 0499474
 0499499
 0499571
 0499597
 0499650
 0499685
 0499812
 0499889
 0499907
 0499939
 0499961
 0500124
 0500201
 0500311
 0500330
 0500335
 0500595
 0500601
 0500611
 0500613
 0500668
 0500709
 0500714
 0500744
 0500796
 0500884
 0500935
 0501000
 0501071
 0501184
 0501201
 0501213
 0501256
 0501372
 0501560
 0501594
 0501639
 0501829
 0501846
 0501885
 0502073
 0502217
 0502367
 0502430
 0502511
 0502595
 0502615
 0502621
 0502729
 0502750
 0502775
 0502782
 0502874
 0503038
 0503083
 0503090
 0503181
 0503182
 0503206
 0503215
 0503335
 0503422
 0503447
 0503472
 0503615
 0503798
 0503908
 0504160
 0504231
 0504284
 0504320
 0504434
 0504547
 0504616
 0504701
 0504840
 0504882
 0504902
 0505072
 0505274
 0505384
 0505649
 0505816
 0505872
 0505919
 0506082
 0506225
 0506246
 0506258
 0506273
 0506485
 0506596
 0506874
 0506906
 0507078
 0507098
 0507134
 0507141
 0507321
 0507339
 0507357
 0507381
 0507400
 0507427
 0507434
 0507544
 0507563
 0507586
 0507609
 0507647
 0507808
 0507810
 0508186
 0508256
 0508510
 0508560
 0508593
 0508609
 0508622
 0508725
 0508851
 0508974
 0509023
 0509137
 0509174
 0509206
 0509344
 0509477
 0509792
 0509947
 0510068
 0510151
 0510156
 0510253
 0510262
 0510334
 0510378
 0510423
 0510480
 0510551
 0510587
 0510699
 0510822
 0510972
 0510998
 0511050
 0511132
 0511211
 0511357
 0511402
 0511530
 0511586
 0511772
 0511897
 0511950
 0512058
 0512078
 0512177
 0512318
 0512354
 0512470
 0512533
 0512863
 0512889
 0512939
 0513046
 0513067
 0513093
 0513133
 0513395
 0513418
 0513438
 0513515
 0513617
 0513886
 0513907
 0513983
 0513999
 0514001
 0514138
 0514219
 0514226
 0514417
 0514438
 0514563
 0514565
 0514716
 0514735
 0514766
 0514778
 0514802
 0514839
 0514893
 0514919
 0515370
 0515449
 0515517
 0515597
 0515601
 0515618
 0515643
 0515786
 0515922
 0515932
 0515973
 0516142
 0516220
 0516296
 0516518
 0516527
 0516558
 0516625
 0516749
 0516790
 0516839
 0516891
 0516896
 0516915
 0517126
 0517157
 0517189
 0517212
 0517237
 0517379
 0517451
 0517545
 0517608
 0517659
 0517854
 0517935
 0518030
 0518088
 0518091
 0518107
 0518314
 0518453
 0518483
 0518525
 0518608
 0518635
 0518679
 0518754
 0518781
 0519089
 0519144
 0519175
 0519231
 0519289
 0519313
 0519439
 0519553
 0519557
 0519719
 0519751
 0519859
 0519879
 0519936
 0520143
 0520176
 0520178
 0520345
 0520554
 0520591
 0520625
 0520765
 0520772
 0520825
 0520839
 0520855
 0520987
 0521050
 0521265
 0521422
 0521675
 0521791
 0521792
 0521881
 0521944
 0522000
 0522034
 0522145
 0522297
 0522593
 0522675
 0522695
 0522709
 0522831
 0522949
 0522971
 0523517
 0523534
 0523631
 0523828
 0523935
 0524154
 0524207
 0524310
 0524422
 0524426
 0524427
 0524452
 0524500
 0524552
 0524676
 0524894
 0525003
 0525021
 0525041
 0525052
 0525209
 0525345
 0525362
 0525366
 0525402
 0525463
 0525627
 0525730
 0525840
 0525911
 0525957
 0526048
 0526059
 0526083
 0526095
 0526111
 0526334
 0526357
 0526400
 0526499
 0526708
 0526784
 0526800
 0526810
 0526865
 0527185
 0527332
 0527427
 0527473
 0527796
 0527805
 0527810
 0527837
 0527897
 0528042
 0528467
 0528550
 0528726
 0528841
 0528892
 0529014
 0529140
 0529163
 0529222
 0529371
 0529445
 0529708
 0529709
 0529733
 0530020
 0530128
 0530158
 0530433
 0530459
 0530477
 0530507
 0530781
 0530901
 0531096
 0531146
 0531150
 0531204
 0531342
 0531499
 0531592
 0531642
 0531668
 0531733
 0531797
 0531907
 0531918
 0532179
 0532296
 0532337
 0532357
 0532374
 0532438
 0532460
 0532744
 0532783
 0532793
 0532928
 0532958
 0533052
 0533114
 0533136
 0533189
 0533468
 0533525
 0533585
 0533630
 0533673
 0533800
 0534037
 0534165
 0534170
 0534230
 0534531
 0534764
 0534840
 0535051
 0535135
 0535192
 0535203
 0535293
 0535338
 0535421
 0535580
 0535735
 0535745
 0536113
 0536142
 0536202
 0536210
 0536478
 0536490
 0536578
 0536668
 0536718
 0537077
 0537103
 0537195
 0537319
 0537474
 0537501
 0537529
 0537540
 0538047
 0538056
 0538061
 0538221
 0538354
 0538523
 0538662
 0538714
 0538946
 0539091
 0539095
 0539217
 0539241
 0539298
 0539537
 0539729
 0540003
 0540019
 0540174
 0540231
 0540494
 0540632
 0540797
 0540828
 0540920
 0541081
 0541087
 0541240
 0541461
 0541498
 0541632
 0541709
 0541888
 0541889
 0541925
 0541994
 0542188
 0542211
 0542339
 0542465
 0542577
 0542967
 0542981
 0543149
 0543514
 0543688
 0543799
 0543836
 0543856
 0543999
 0544011
 0544290
 0544539
 0544629
 0544666
 0544695
 0544701
 0544912
 0545065
 0545120
 0545167
 0545265
 0545308
 0545490
 0545523
 0545545
 0545616
 0545629
 0545717
 0545723
 0545727
 0545825
 0545977
 0545990
 0546066
 0546073
 0546137
 0546207
 0546270
 0546578
 0546664
 0546926
 0547142
 0547208
 0547209
 0547419
 0547526
 0547605
 0547620
 0547631
 0547724
 0548006
 0548010
 0548059
 0548106
 0548114
 0548565
 0548780
 0548830
 0549109
 0549383
 0549510
 0549537
 0549554
 0549658
 0549714
 0549733
 0549858
 0549921
 0549939
 0549995
 0550200
 0550284
 0550497
 0550657
 0550852
 0550871
 0550977
 0551039
 0551116
 0551119
 0551164
 0551287
 0551311
 0551409
 0551626
 0551680
 0551934
 0551957
 0552674
 0552702
 0552790
 0553294
 0553364
 0553374
 0553444
 0553535
 0553594
 0553690
 0553818
 0554119
 0554187
 0554207
 0554272
 0554313
 0554459
 0554502
 0554519
 0554561
 0554613
 0554733
 0554797
 0554950
 0555093
 0555111
 0555262
 0555325
 0555337
 0555436
 0555550
 0555637
 0555658
 0555773
 0556120
 0556288
 0556409
 0556819
 0556824
 0556998
 0557017
 0557050
 0557082
 0557251
 0557255
 0557299
 0557310
 0557404
 0557486
 0557540
 0557570
 0557589
 0557631
 0557647
 0557682
 0557789
 0557845
 0557863
 0557908
 0558004
 0558149
 0558185
 0558324
 0558498
 0558599
 0558735
 0558921
 0558999
 0559102
 0559191
 0559500
 0559594
 0559661
 0559691
 0559769
 0560108
 0560291
 0560330
 0560352
 0560369
 0560394
 0560487
 0560490
 0560751
 0560839
 0560863
 0561017
 0561192
 0561450
 0561545
 0561581
 0561793
 0561928
 0562061
 0562075
 0562141
 0562158
 0562167
 0562188
 0562246
 0562284
 0562420
 0562504
 0562562
 0562687
 0562772
 0562818
 0563293
 0563724
 0563734
 0563781
 0563801
 0563826
 0564288
 0564341
 0564420
 0564493
 0564745
 0564938
 0565057
 0565095
 0565167
 0565292
 0565294
 0565311
 0565389
 0565725
 0566060
 0566099
 0566197
 0566277
 0566373
 0566455
 0566841
 0566877
 0566917
 0566993
 0567009
 0567132
 0567176
 0567187
 0567265
 0567328
 0567354
 0567565
 0567638
 0567752
 0567833
 0568158
 0568219
 0568237
 0568310
 0568333
 0568523
 0568530
 0568620
 0568711
 0568718
 0568731
 0568797
 0568808
 0568939
 0569017
 0569058
 0569060
 0569150
 0569418
 0569422
 0569631
 0569773
 0569841
 0569880
 0570137
 0570222
 0570249
 0570315
 0570319
 0570416
 0570434
 0570582
 0570841
 0571029
 0571108
 0571120
 0571248
 0571253
 0571301
 0571366
 0571421
 0571552
 0571722
 0571768
 0571874
 0572025
 0572115
 0572123
 0572169
 0572324
 0572387
 0572467
 0572522
 0572639
 0572644
 0572701
 0572838
 0572970
 0573053
 0573069
 0573107
 0573142
 0573369
 0573407
 0573434
 0573493
 0573700
 0573712
 0573779
 0573785
 0573873
 0574111
 0574176
 0574331
 0574395
 0574411
 0574556
 0574674
 0574751
 0574793
 0575043
 0575046
 0575153
 0575197
 0575386
 0575400
 0575404
 0575619
 0575802
 0575880
 0575930
 0575991
 0576018
 0576035
 0576203
 0576219
 0576275
 0576293
 0576323
 0576366
 0576390
 0576503
 0576525
 0576529
 0576657
 0576901
 0577141
 0577151
 0577255
 0577293
 0577306
 0577327
 0577388
 0577418
 0577752
 0577870
 0577972
 0577994
 0577998
 0578266
 0578323
 0578343
 0578375
 0578381
 0578546
 0578581
 0578614
 0578815
 0578942
 0578964
 0579025
 0579128
 0579154
 0579268
 0579609
 0579669
 0579671
 0579759
 0579881
 0579922
 0579954
 0579969
 0579980
 0580071
 0580078
 0580105
 0580190
 0580261
 0580410
 0580476
 0580479
 0580499
 0580574
 0580633
 0580756
 0580931
 0581090
 0581092
 0581180
 0581232
 0581240
 0581405
 0581496
 0581637
 0581749
 0581982
 0582051
 0582095
 0582114
 0582269
 0582326
 0582334
 0582351
 0582497
 0582516
 0582556
 0582826
 0582935
 0583193
 0583210
 0583310
 0583318
 0583363
 0583505
 0583574
 0583584
 0583594
 0583611
 0583678
 0584062
 0584213
 0584273
 0584461
 0584509
 0584699
 0584751
 0584962
 0584999
 0585042
 0585053
 0585065
 0585138
 0585252
 0585459
 0585466
 0585652
 0585721
 0585830
 0585953
 0585999
 0586255
 0586262
 0586292
 0586311
 0586368
 0586427
 0586595
 0586599
 0586703
 0586759
 0586795
 0587131
 0587557
 0587577
 0587787
 0588034
 0588167
 0588295
 0588431
 0588565
 0588591
 0588646
 0588796
 0589081
 0589095
 0589145
 0589489
 0589512
 0589634
 0589713
 0589714
 0589773
 0589972
 0590010
 0590056
 0590093
 0590130
 0590306
 0590356
 0590375
 0590421
 0590528
 0590650
 0590745
 0590800
 0591071
 0591125
 0591172
 0591341
 0591440
 0591500
 0591555
 0591559
 0591577
 0591755
 0591830
 0592016
 0592050
 0592342
 0592414
 0592416
 0592458
 0592470
 0592617
 0593055
 0593086
 0593091
 0593191
 0593513
 0593569
 0593592
 0593606
 0593704
 0593705
 0593780
 0593859
 0593943
 0593946
 0594007
 0594041
 0594055
 0594075
 0594312
 0594448
 0594453
 0594515
 0594784
 0594905
 0595054
 0595135
 0595158
 0595223
 0595259
 0595272
 0595322
 0595510
 0595563
 0595756
 0595795
 0595850
 0596023
 0596029
 0596170
 0596189
 0596225
 0596319
 0596324
 0596352
 0596419
 0596655
 0596677
 0596778
 0596864
 0596870
 0597039
 0597507
 0597592
 0598158
 0598237
 0598253
 0598271
 0598294
 0598415
 0598479
 0598484
 0598517
 0598545
 0598589
 0598618
 0598674
 0598943
 0598957
 0598979
 0599272
 0599281
 0599284
 0599329
 0599414
 0599428
 0599528
 0599543
 0599621
 0599627
 0599706
 0599730
 0599761
 0599812
 0599923
 0599936
 0600004
 0600020
 0600066
 0600106
 0600265
 0600516
 0600566
 0600668
 0600798
 0600858
 0600889
 0600935
 0600981
 0601087
 0601139
 0601168
 0601239
 0601249
 0601304
 0601353
 0601628
 0601706
 0601718
 0601728
 0601843
 0601874
 0601898
 0602044
 0602151
 0602221
 0602426
 0602544
 0602548
 0602628
 0602641
 0602684
 0602780
 0602877
 0603041
 0603296
 0603380
 0603858
 0603880
 0604190
 0604201
 0604236
 0604337
 0604410
 0604593
 0604796
 0604798
 0605244
 0605308
 0605541
 0605596
 0605658
 0605770
 0605937
 0606183
 0606372
 0606404
 0606488
 0606810
 0606840
 0606889
 0607267
 0607374
 0607544
 0607648
 0607790
 0607815
 0607851
 0608025
 0608241
 0608313
 0608366
 0608493
 0608557
 0608786
 0608853
 0609065
 0609149
 0609232
 0609319
 0609532
 0609564
 0609683
 0609762
 0609782
 0609817
 0609846
 0610004
 0610034
 0610046
 0610101
 0610135
 0610186
 0610200
 0610535
 0610635
 0610793
 0610876
 0611060
 0611151
 0611239
 0611318
 0611400
 0611475
 0611683
 0611705
 0611810
 0611916
 0611996
 0612088
 0612233
 0612250
 0612256
 0612393
 0612514
 0612557
 0612587
 0612614
 0612674
 0612743
 0612973
 0612975
 0613128
 0613445
 0613621
 0613624
 0613666
 0613667
 0613687
 0613814
 0613923
 0614035
 0614049
 0614163
 0614247
 0614672
 0614758
 0614984
 0615096
 0615122
 0615197
 0615217
 0615321
 0615336
 0615410
 0615431
 0615435
 0615438
 0615501
 0615583
 0615867
 0615897
 0616041
 0616056
 0616067
 0616170
 0616185
 0616525
 0616624
 0616671
 0616702
 0616965
 0617096
 0617102
 0617215
 0617231
 0617245
 0617249
 0617441
 0617473
 0617553
 0617649
 0617763
 0617817
 0617880
 0617915
 0617919
 0618004
 0618052
 0618121
 0618242
 0618308
 0618449
 0618576
 0619067
 0619226
 0619486
 0619491
 0619554
 0619645
 0619699
 0619718
 0619905
 0619986
 0620268
 0620628
 0620954
 0621030
 0621140
 0621506
 0621509
 0621715
 0621721
 0621769
 0621976
 0622098
 0622202
 0622203
 0622220
 0622262
 0622283
 0622316
 0622357
 0622405
 0622407
 0622414
 0622424
 0622530
 0622606
 0622611
 0622696
 0622998
 0623010
 0623349
 0623398
 0623432
 0623495
 0623588
 0623665
 0623710
 0623743
 0623862
 0624080
 0624100
 0624458
 0624487
 0624513
 0624711
 0624713
 0624738
 0624845
 0624855
 0624861
 0624922
 0625114
 0625150
 0625231
 0625245
 0625286
 0625308
 0625408
 0625518
 0625527
 0625555
 0625556
 0625748
 0625803
 0625836
 0625934
 0626065
 0626091
 0626169
 0626176
 0626271
 0626280
 0626350
 0626429
 0626445
 0626877
 0626962
 0626999
 0627117
 0627307
 0627347
 0627447
 0627645
 0627757
 0627846
 0628134
 0628609
 0628628
 0628660
 0628663
 0628673
 0628690
 0628751
 0628757
 0628832
 0628896
 0628907
 0628938
 0629111
 0629154
 0629155
 0629166
 0629225
 0629254
 0629418
 0629568
 0629590
 0629597
 0629870
 0629939
 0630088
 0630241
 0630242
 0630359
 0630661
 0630758
 0630790
 0630805
 0630827
 0630884
 0630905
 0630992
 0631039
 0631119
 0631145
 0631152
 0631232
 0631385
 0631414
 0631661
 0631679
 0631860
 0631966
 0631990
 0632029
 0632082
 0632153
 0632261
 0632346
 0632364
 0632684
 0632777
 0632858
 0632888
 0632913
 0633012
 0633078
 0633249
 0633716
 0633927
 0634023
 0634081
 0634090
 0634158
 0634161
 0634264
 0634269
 0634292
 0634321
 0634354
 0634517
 0634529
 0634554
 0634689
 0634806
 0635077
 0635241
 0635323
 0635354
 0635393
 0635540
 0635582
 0635621
 0635718
 0635797
 0636040
 0636096
 0636156
 0636159
 0636444
 0636625
 0636736
 0636794
 0636926
 0637075
 0637110
 0637152
 0637239
 0637317
 0637427
 0637507
 0637980
 0638169
 0638230
 0638317
 0638493
 0638529
 0638627
 0638806
 0638968
 0639086
 0639178
 0639251
 0639631
 0639882
 0639962
 0640073
 0640177
 0640247
 0640455
 0640563
 0640579
 0640941
 0641031
 0641148
 0641173
 0641313
 0641413
 0641559
 0641631
 0641633
 0641669
 0641736
 0641809
 0641922
 0642004
 0642022
 0642029
 0642100
 0642299
 0642343
 0642408
 0642415
 0642583
 0642747
 0642755
 0642886
 0642957
 0643006
 0643013
 0643049
 0643083
 0643168
 0643336
 0643783
 0643917
 0643994
 0644275
 0644281
 0644342
 0644509
 0644658
 0644807
 0645209
 0645321
 0645620
 0645645
 0645686
 0645855
 0646196
 0646248
 0646399
 0646438
 0646590
 0646649
 0646810
 0646960
 0646974
 0647023
 0647039
 0647342
 0647425
 0647603
 0647676
 0647780
 0647852
 0647982
 0648178
 0648220
 0648328
 0648351
 0648394
 0648497
 0648527
 0648530
 0649054
 0649101
 0649113
 0649262
 0649312
 0649337
 0649369
 0649387
 0649440
 0649612
 0649653
 0649851
 0649917
 0649943
 0650044
 0650264
 0650397
 0650487
 0650742
 0650753
 0650828
 0650953
 0651088
 0651274
 0651435
 0651466
 0651569
 0651722
 0651951
 0652334
 0652509
 0652523
 0652578
 0652609
 0652613
 0652659
 0652796
 0653230
 0653310
 0653336
 0653419
 0653444
 0653524
 0653528
 0653667
 0653927
 0653945
 0654072
 0654096
 0654099
 0654389
 0654421
 0654584
 0654725
 0654770
 0654877
 0655094
 0655219
 0655251
 0655255
 0655272
 0655301
 0655320
 0655371
 0655468
 0655572
 0655674
 0655686
 0655729
 0655758
 0655779
 0655931
 0655984
 0656177
 0656501
 0656771
 0656985
 0657068
 0657208
 0657211
 0657226
 0657303
 0657331
 0657453
 0657462
 0657597
 0657819
 0657926
 0658069
 0658188
 0658234
 0658317
 0658363
 0658500
 0658617
 0658674
 0658830
 0659204
 0659291
 0659298
 0659320
 0659424
 0659565
 0659645
 0659650
 0659663
 0659794
 0660047
 0660073
 0660091
 0660483
 0660531
 0660545
 0660585
 0660638
 0660733
 0660807
 0660964
 0661196
 0661215
 0661242
 0661386
 0661527
 0661654
 0661709
 0661712
 0661747
 0661812
 0662005
 0662039
 0662298
 0662301
 0662362
 0662404
 0662409
 0662542
 0662731
 0662752
 0662770
 0662826
 0662905
 0662971
 0662983
 0663074
 0663218
 0663363
 0663393
 0663645
 0663663
 0664045
 0664047
 0664199
 0664281
 0664320
 0664332
 0664403
 0664421
 0664474
 0664525
 0664629
 0664773
 0664795
 0664886
 0665091
 0665205
 0665287
 0665486
 0665572
 0665619
 0665817
 0665910
 0665967
 0665979
 0666028
 0666135
 0666153
 0666356
 0666367
 0666469
 0666550
 0666614
 0666667
 0666904
 0666941
 0666945
 0667029
 0667248
 0667731
 0667968
 0668207
 0668225
 0668233
 0668309
 0668605
 0668625
 0668681
 0668714
 0668913
 0668930
 0668985
 0669033
 0669087
 0669239
 0669427
 0669501
 0669525
 0669599
 0669725
 0669802
 0669877
 0670217
 0670242
 0670370
 0670457
 0670470
 0670615
 0670671
 0670691
 0670710
 0670755
 0670794
 0670829
 0671114
 0671172
 0671381
 0671432
 0671689
 0671743
 0671758
 0672157
 0672178
 0672399
 0672494
 0672506
 0672677
 0672739
 0672787
 0672826
 0672964
 0673046
 0673375
 0673487
 0673565
 0673692
 0673779
 0673780
 0673841
 0673887
 0674047
 0674112
 0674240
 0674287
 0674405
 0674455
 0674522
 0674723
 0674742
 0674756
 0674779
 0675139
 0675140
 0675345
 0675387
 0675401
 0675498
 0675802
 0675910
 0675953
 0676157
 0676220
 0676262
 0676418
 0676580
 0676725
 0676813
 0676844
 0676859
 0676917
 0676929
 0677019
 0677032
 0677128
 0677199
 0677227
 0677381
 0677387
 0677395
 0677421
 0677439
 0677518
 0677568
 0677578
 0677613
 0677631
 0677755
 0677904
 0677981
 0678040
 0678328
 0678358
 0678417
 0678640
 0678719
 0678881
 0679076
 0679081
 0679267
 0679279
 0679345
 0679354
 0679428
 0679429
 0679546
 0679610
 0679693
 0679727
 0679764
 0680013
 0680025
 0680126
 0680454
 0680862
 0681328
 0681517
 0681530
 0681638
 0681678
 0681699
 0682089
 0682175
 0682345
 0682380
 0682498
 0682558
 0682742
 0682903
 0682970
 0683141
 0683154
 0683213
 0683291
 0683747
 0683800
 0683860
 0683935
 0684029
 0684032
 0684161
 0684466
 0684507
 0684542
 0684569
 0684678
 0684693
 0684831
 0684901
 0684911
 0685008
 0685062
 0685100
 0685133
 0685289
 0685323
 0685385
 0685557
 0685565
 0685669
 0685909
 0685931
 0686188
 0686425
 0686529
 0686595
 0686628
 0686686
 0686719
 0686772
 0686854
 0686907
 0686909
 0686920
 0686932
 0687154
 0687190
 0687246
 0687522
 0687550
 0687849
 0687936
 0688080
 0688110
 0688181
 0688185
 0688195
 0688213
 0688283
 0688469
 0688660
 0688670
 0688698
 0688709
 0688781
 0688883
 0688981
 0689081
 0689320
 0689448
 0689523
 0689747
 0689851
 0689882
 0689907
 0689979
 0690004
 0690127
 0690239
 0690249
 0690543
 0690581
 0690612
 0690900
 0690958
 0691020
 0691067
 0691384
 0691662
 0691779
 0691801
 0691937
 0692014
 0692092
 0692187
 0692191
 0692278
 0692367
 0692400
 0692408
 0692435
 0692559
 0692681
 0692745
 0693050
 0693074
 0693182
 0693188
 0693262
 0693324
 0693569
 0693612
 0693702
 0693721
 0693888
 0693979
 0694069
 0694130
 0694234
 0694320
 0694717
 0694802
 0694854
 0694873
 0694909
 0694957
 0695002
 0695045
 0695063
 0695152
 0695157
 0695195
 0695364
 0695371
 0695436
 0695552
 0695622
 0695791
 0696096
 0696131
 0696138
 0696257
 0696276
 0696284
 0696365
 0696724
 0696911
 0697006
 0697069
 0697158
 0697253
 0697363
 0697569
 0697661
 0697894
 0698118
 0698134
 0698247
 0698359
 0698403
 0698453
 0698727
 0698739
 0698770
 0698811
 0698834
 0698907
 0698947
 0698967
 0698988
 0699018
 0699157
 0699238
 0699311
 0699366
 0699463
 0699671
 0699842
 0699958
 0700017
 0700073
 0700115
 0700130
 0700266
 0700279
 0700358
 0700438
 0700461
 0700464
 0700470
 0700509
 0700620
 0700681
 0700757
 0700794
 0700856
 0700950
 0700976
 0701062
 0701364
 0701505
 0701573
 0701612
 0701771
 0701784
 0701902
 0702187
 0702358
 0702471
 0702500
 0702574
 0702579
 0702641
 0702746
 0702785
 0702786
 0702948
 0703179
 0703284
 0703358
 0703504
 0703788
 0704088
 0704097
 0704187
 0704300
 0704540
 0704551
 0704664
 0704693
 0704771
 0704828
 0705275
 0705383
 0705416
 0705495
 0705559
 0705636
 0705953
 0706177
 0706179
 0706485
 0706535
 0706623
 0706635
 0706768
 0707003
 0707007
 0707102
 0707198
 0707281
 0707324
 0707388
 0707464
 0707481
 0707544
 0707631
 0707843
 0707901
 0708042
 0708122
 0708235
 0708294
 0708310
 0708600
 0708705
 0708772
 0708805
 0709023
 0709141
 0709224
 0709325
 0709365
 0709440
 0709474
 0709562
 0709692
 0709734
 0709751
 0709780
 0709972
 0710050
 0710117
 0710149
 0710200
 0710309
 0710425
 0710567
 0710793
 0710844
 0710892
 0711022
 0711153
 0711336
 0711383
 0711401
 0711616
 0711802
 0712108
 0712212
 0712243
 0712338
 0712348
 0712411
 0712555
 0712582
 0712613
 0712731
 0712823
 0712870
 0712874
 0712961
 0713020
 0713040
 0713051
 0713177
 0713375
 0713548
 0713610
 0713746
 0713777
 0713821
 0714110
 0714111
 0714184
 0714266
 0714355
 0714617
 0714734
 0714765
 0714802
 0714873
 0715017
 0715207
 0715264
 0715295
 0715365
 0715369
 0715379
 0715384
 0715395
 0715508
 0715520
 0715604
 0715609
 0715654
 0715677
 0715772
 0715774
 0716110
 0716227
 0716711
 0716745
 0717156
 0717196
 0717379
 0717523
 0717587
 0717609
 0717622
 0717783
 0717896
 0718033
 0718040
 0718045
 0718177
 0718182
 0718238
 0718284
 0718287
 0718355
 0718818
 0719216
 0719261
 0719324
 0719332
 0719420
 0719544
 0719619
 0719768
 0720118
 0720221
 0720229
 0720234
 0720597
 0720599
 0720632
 0720709
 0721220
 0721232
 0721394
 0721536
 0721590
 0721821
 0722047
 0722055
 0722073
 0722474
 0722543
 0722552
 0722886
 0722973
 0722987
 0722995
 0723010
 0723041
 0723253
 0723426
 0723593
 0723685
 0723704
 0723769
 0723833
 0723855
 0723869
 0723886
 0723939
 0724238
 0724242
 0724381
 0724407
 0724432
 0724513
 0724524
 0724614
 0724619
 0724651
 0724657
 0724700
 0724760
 0724787
 0724797
 0724879
 0724892
 0725023
 0725123
 0725162
 0725215
 0725539
 0725590
 0725688
 0725742
 0725784
 0725943
 0726215
 0726352
 0726416
 0726419
 0726721
 0727011
 0727140
 0727167
 0727170
 0727487
 0727819
 0727959
 0728158
 0728339
 0728690
 0728718
 0728810
 0728933
 0729082
 0729219
 0729263
 0729473
 0729716
 0729773
 0729841
 0729847
 0729938
 0730290
 0730310
 0730370
 0730420
 0730468
 0730471
 0730587
 0730606
 0730748
 0730909
 0730987
 0731119
 0731280
 0731402
 0731412
 0731433
 0731434
 0731461
 0731506
 0731572
 0731911
 0731960
 0732132
 0732306
 0732323
 0732345
 0732397
 0732517
 0732587
 0733083
 0733170
 0733209
 0733229
 0733259
 0733270
 0733373
 0733409
 0733494
 0733580
 0733600
 0733719
 0733799
 0734242
 0734272
 0734297
 0734478
 0734510
 0734606
 0734808
 0734809
 0734846
 0735026
 0735091
 0735130
 0735211
 0735284
 0735349
 0735507
 0735566
 0735875
 0736079
 0736106
 0736242
 0736289
 0736524
 0736575
 0736582
 0736603
 0736643
 0736691
 0736719
 0736753
 0736827
 0736903
 0736944
 0737079
 0737104
 0737240
 0737310
 0737526
 0737531
 0737755
 0737806
 0737844
 0737872
 0738169
 0738197
 0738277
 0738283
 0738426
 0738500
 0738606
 0738782
 0738814
 0738841
 0738849
 0738928
 0738938
 0739118
 0739140
 0739339
 0739454
 0739532
 0739586
 0739616
 0739867
 0739912
 0739993
 0740099
 0740152
 0740296
 0740315
 0740330
 0740409
 0740539
 0740554
 0740909
 0740926
 0740955
 0740970
 0740990
 0741287
 0741356
 0741491
 0741641
 0741663
 0741886
 0741961
 0742116
 0742125
 0742264
 0742431
 0742524
 0742539
 0742551
 0742675
 0742850
 0742859
 0742900
 0743151
 0743162
 0743318
 0743331
 0743373
 0743374
 0743382
 0743444
 0743530
 0743665
 0743813
 0743817
 0743931
 0744023
 0744095
 0744425
 0744457
 0744533
 0744535
 0744623
 0744706
 0744760
 0744822
 0744914
 0744953
 0745072
 0745152
 0745333
 0745451
 0745513
 0745773
 0746078
 0746258
 0746264
 0746369
 0746511
 0746656
 0746928
 0747093
 0747124
 0747227
 0747446
 0747564
 0747634
 0747657
 0747894
 0747944
 0747957
 0748165
 0748204
 0748220
 0748326
 0748345
 0748510
 0748541
 0748597
 0748948
 0749232
 0749403
 0749412
 0749525
 0749644
 0749721
 0749801
 0749860
 0749945
 0750038
 0750047
 0750249
 0750287
 0750477
 0750482
 0750498
 0750542
 0750759
 0750808
 0750849
 0750870
 0750914
 0751030
 0751036
 0751203
 0751266
 0751273
 0751389
 0751403
 0751411
 0751428
 0751548
 0751584
 0751613
 0751916
 0751956
 0752108
 0752187
 0752190
 0752257
 0752335
 0752464
 0752593
 0752737
 0752985
 0752991
 0753207
 0753377
 0753420
 0753502
 0753570
 0753609
 0753655
 0753659
 0753713
 0754024
 0754046
 0754393
 0754478
 0754543
 0754558
 0754601
 0754602
 0754603
 0754785
 0754798
 0754878
 0754967
 0755051
 0755120
 0755211
 0755218
 0755245
 0755330
 0755367
 0755426
 0755570
 0755689
 0755849
 0755953
 0756082
 0756217
 0756249
 0756260
 0756418
 0756765
 0756987
 0757098
 0757432
 0757526
 0757680
 0757747
 0757805
 0757864
 0757933
 0758166
 0758261
 0758341
 0758399
 0758450
 0758563
 0758607
 0758733
 0758811
 0758929
 0759235
 0759337
 0759352
 0759399
 0759406
 0759490
 0759580
 0759774
 0759833
 0759931
 0760012
 0760152
 0760187
 0760218
 0760297
 0760352
 0760696
 0760718
 0760782
 0760829
 0760918
 0760953
 0761145
 0761181
 0761183
 0761428
 0761468
 0761808
 0761887
 0761906
 0761928
 0761938
 0761964
 0762041
 0762075
 0762080
 0762125
 0762168
 0762398
 0762410
 0762497
 0762601
 0762603
 0762709
 0762870
 0762916
 0763044
 0763162
 0763292
 0763307
 0763589
 0763687
 0763701
 0763778
 0763793
 0763798
 0763807
 0763924
 0763962
 0764227
 0764334
 0764388
 0764520
 0764610
 0764739
 0764860
 0765085
 0765291
 0765475
 0765509
 0765531
 0765553
 0765608
 0765618
 0765815
 0765830
 0765899
 0766143
 0766327
 0766483
 0766529
 0766585
 0766652
 0766780
 0766784
 0766822
 0766845
 0767122
 0767225
 0767278
 0767365
 0767454
 0767489
 0767516
 0767624
 0767629
 0767657
 0767709
 0767764
 0767935
 0767979
 0768025
 0768049
 0768071
 0768076
 0768114
 0768244
 0768274
 0768297
 0768355
 0768409
 0768411
 0768444
 0768700
 0768758
 0768769
 0768811
 0768877
 0769130
 0769275
 0769337
 0769418
 0769467
 0769512
 0769678
 0769863
 0769929
 0770010
 0770015
 0770115
 0770160
 0770327
 0770592
 0770694
 0770856
 0771077
 0771217
 0771230
 0771291
 0771667
 0771723
 0771731
 0771836
 0771905
 0772045
 0772058
 0772133
 0772271
 0772382
 0772388
 0772464
 0772567
 0772587
 0772688
 0772769
 0772846
 0772956
 0772959
 0773093
 0773169
 0773245
 0773480
 0773501
 0773529
 0773736
 0773754
 0774060
 0774098
 0774113
 0774185
 0774213
 0774241
 0774303
 0774306
 0774311
 0774331
 0774605
 0774722
 0774833
 0774902
 0775274
 0775345
 0775372
 0775575
 0775667
 0775684
 0775809
 0775939
 0775992
 0776056
 0776118
 0776140
 0776201
 0776237
 0776244
 0776317
 0776462
 0776495
 0776709
 0777020
 0777455
 0777503
 0777533
 0778038
 0778091
 0778138
 0778315
 0778395
 0778465
 0778482
 0778907
 0779156
 0779335
 0779498
 0779619
 0779681
 0779705
 0779838
 0779928
 0780044
 0780060
 0780154
 0780239
 0780506
 0780582
 0780669
 0780807
 0780937
 0781181
 0781243
 0781293
 0781382
 0781501
 0781619
 0781675
 0781691
 0781731
 0781736
 0781931
 0782038
 0782437
 0782658
 0782770
 0782794
 0782872
 0783075
 0783173
 0783300
 0783333
 0783505
 0783510
 0783513
 0783532
 0783606
 0783839
 0784234
 0784309
 0784359
 0784487
 0784502
 0784659
 0784680
 0784718
 0784810
 0784892
 0784974
 0785145
 0785160
 0785319
 0785489
 0785504
 0785587
 0785707
 0785727
 0785841
 0785910
 0785958
 0786191
 0786529
 0786656
 0786692
 0786733
 0786823
 0786978
 0786982
 0786984
 0787121
 0787166
 0787179
 0787183
 0787354
 0787425
 0787738
 0787847
 0787906
 0788157
 0788183
 0788206
 0788473
 0788578
 0788686
 0788694
 0788707
 0789001
 0789368
 0789409
 0789516
 0789685
 0789686
 0789816
 0789852
 0789919
 0790067
 0790075
 0790121
 0790238
 0790445
 0790707
 0790764
 0790829
 0790919
 0790970
 0791003
 0791021
 0791187
 0791294
 0791383
 0791505
 0791550
 0791609
 0791756
 0791955
 0792188
 0792306
 0792428
 0792562
 0792625
 0792628
 0792699
 0792728
 0792831
 0792878
 0792891
 0792900
 0793077
 0793233
 0793466
 0793524
 0793537
 0793663
 0793984
 0794327
 0794522
 0794563
 0794687
 0794724
 0794886
 0795177
 0795194
 0795812
 0795954
 0795986
 0796079
 0796278
 0796318
 0796460
 0796490
 0796525
 0796547
 0796566
 0796913
 0797000
 0797162
 0797176
 0797321
 0797356
 0797381
 0797532
 0797572
 0797708
 0797827
 0797995
 0798001
 0798286
 0798487
 0798512
 0798689
 0798693
 0798713
 0798714
 0798783
 0798840
 0799111
 0799139
 0799151
 0799373
 0799608
 0799631
 0799793
 0799882
 0799892
 0800275
 0800300
 0800332
 0800472
 0800496
 0800625
 0800666
 0800680
 0800775
 0800921
 0800938
 0800947
 0801029
 0801036
 0801176
 0801198
 0801326
 0801388
 0801648
 0801711
 0801949
 0802002
 0802100
 0802295
 0802513
 0802614
 0802753
 0802954
 0803144
 0803156
 0803280
 0803292
 0803302
 0803338
 0803398
 0803483
 0803583
 0803885
 0803981
 0803990
 0804020
 0804030
 0804047
 0804097
 0804346
 0804351
 0804389
 0804455
 0804500
 0804600
 0804649
 0804703
 0804760
 0805010
 0805046
 0805254
 0805346
 0805372
 0805711
 0805747
 0805852
 0805977
 0806007
 0806136
 0806163
 0806254
 0806271
 0806387
 0806475
 0806522
 0806673
 0806893
 0806992
 0807205
 0807306
 0807475
 0807489
 0807626
 0807717
 0807765
 0807809
 0807889
 0808010
 0808025
 0808086
 0808181
 0808456
 0808480
 0808501
 0808698
 0808735
 0808738
 0809013
 0809076
 0809196
 0809410
 0809439
 0809581
 0809664
 0809706
 0809751
 0809878
 0810013
 0810183
 0810199
 0810239
 0810266
 0810477
 0810650
 0810942
 0810995
 0811126
 0811199
 0811274
 0811289
 0811605
 0811802
 0812017
 0812051
 0812339
 0812460
 0812523
 0812550
 0812736
 0812748
 0812843
 0813068
 0813200
 0813223
 0813260
 0813280
 0813319
 0813349
 0813436
 0813512
 0813576
 0813588
 0813660
 0813738
 0813915
 0813996
 0814072
 0814242
 0814320
 0814322
 0814383
 0814651
 0814753
 0814825
 0814892
 0814979
 0815284
 0815345
 0815388
 0815407
 0815438
 0815522
 0815542
 0815566
 0815585
 0815683
 0815799
 0815816
 0816015
 0816035
 0816036
 0816078
 0816317
 0816429
 0816506
 0816716
 0816778
 0816813
 0816910
 0817033
 0817148
 0817196
 0817269
 0817361
 0817377
 0817563
 0817649
 0817767
 0817971
 0818034
 0818051
 0818131
 0818369
 0818653
 0818687
 0818845
 0818859
 0819142
 0819230
 0819276
 0819333
 0819372
 0819382
 0819539
 0819542
 0819585
 0819649
 0819699
 0819702
 0819708
 0819852
 0819897
 0819970
 0819972
 0819981
 0820060
 0820108
 0820475
 0820511
 0820608
 0820617
 0820625
 0820640
 0820836
 0820882
 0821154
 0821177
 0821299
 0821314
 0821358
 0821506
 0821567
 0821614
 0821814
 0821826
 0821913
 0821992
 0821993
 0822100
 0822134
 0822267
 0822353
 0822411
 0822477
 0822479
 0822509
 0822582
 0822652
 0822824
 0822882
 0823034
 0823048
 0823061
 0823140
 0823176
 0823242
 0823369
 0823448
 0823459
 0823475
 0823552
 0823594
 0823803
 0823983
 0824004
 0824014
 0824030
 0824051
 0824240
 0824439
 0824557
 0824568
 0824756
 0824839
 0825059
 0825315
 0825323
 0825416
 0825466
 0825569
 0825621
 0825719
 0825933
 0825950
 0826277
 0826381
 0826558
 0826904
 0827026
 0827300
 0827301
 0827326
 0827390
 0827445
 0827621
 0827634
 0828025
 0828312
 0828350
 0828393
 0828689
 0828723
 0828854
 0828897
 0828922
 0828938
 0829125
 0829166
 0829217
 0829264
 0829371
 0829412
 0829501
 0829684
 0829719
 0829728
 0829802
 0829854
 0829913
 0830021
 0830424
 0830458
 0830518
 0830524
 0830552
 0830627
 0830666
 0830700
 0830725
 0830742
 0830820
 0830992
 0831014
 0831115
 0831119
 0831158
 0831426
 0831518
 0831684
 0831740
 0831957
 0832148
 0832206
 0832304
 0832397
 0832612
 0832664
 0832666
 0832891
 0833084
 0833161
 0833204
 0833550
 0833621
 0833660
 0833871
 0834036
 0834062
 0834166
 0834376
 0834440
 0834574
 0834629
 0834762
 0834909
 0834929
 0835056
 0835064
 0835182
 0835203
 0835243
 0835297
 0835358
 0835536
 0835562
 0835598
 0835613
 0835628
 0835820
 0835879
 0835910
 0835971
 0835981
 0836136
 0836155
 0836263
 0836653
 0836673
 0836674
 0836709
 0836806
 0836860
 0836936
 0837062
 0837142
 0837217
 0837355
 0837397
 0837602
 0837604
 0837799
 0837990
 0837993
 0838079
 0838222
 0838225
 0838313
 0838362
 0838444
 0838538
 0838614
 0838726
 0838752
 0838827
 0838862
 0838969
 0839129
 0839149
 0839164
 0839171
 0839195
 0839260
 0839291
 0839292
 0839336
 0839408
 0839505
 0839714
 0839769
 0839800
 0839837
 0839956
 0840428
 0840675
 0840736
 0840752
 0840787
 0840864
 0840940
 0841069
 0841127
 0841132
 0841252
 0841573
 0842054
 0842157
 0842199
 0842396
 0842576
 0842624
 0842689
 0842721
 0843104
 0843294
 0843400
 0843413
 0843474
 0843541
 0843563
 0843572
 0843611
 0843779
 0844036
 0844040
 0844050
 0844076
 0844181
 0844348
 0844516
 0844890
 0845115
 0845188
 0845336
 0845452
 0845481
 0845608
 0845769
 0845825
 0845970
 0845979
 0846136
 0846172
 0846381
 0846391
 0846641
 0846660
 0846704
 0846822
 0846830
 0846843
 0847092
 0847388
 0847607
 0847826
 0848056
 0848111
 0848235
 0848323
 0848368
 0848517
 0848577
 0848593
 0848710
 0848725
 0848763
 0849019
 0849079
 0849272
 0849382
 0849433
 0849648
 0849652
 0849654
 0849696
 0850108
 0850246
 0850409
 0850858
 0850955
 0850958
 0850977
 0850985
 0851115
 0851240
 0851363
 0851423
 0851464
 0851481
 0851793
 0851902
 0852060
 0852234
 0852300
 0852319
 0852408
 0852463
 0852645
 0852696
 0852707
 0852855
 0853018
 0853174
 0853178
 0853280
 0853329
 0853341
 0853443
 0853495
 0853749
 0853789
 0853866
 0853889
 0854088
 0854092
 0854285
 0854306
 0854372
 0854625
 0854930
 0854931
 0854980
 0854986
 0855102
 0855125
 0855191
 0855249
 0855464
 0855544
 0855772
 0855952
 0856016
 0856091
 0856176
 0856355
 0856503
 0856616
 0856813
 0856867
 0857225
 0857283
 0857290
 0857381
 0857553
 0857770
 0857797
 0857869
 0857984
 0858144
 0858167
 0858221
 0858252
 0858313
 0858356
 0858440
 0858498
 0858689
 0858716
 0858835
 0858850
 0858951
 0859361
 0859391
 0859405
 0859432
 0859646
 0859648
 0859667
 0859806
 0859834
 0860079
 0860095
 0860196
 0860302
 0860364
 0860545
 0860557
 0860615
 0860712
 0860763
 0860800
 0860840
 0860857
 0860862
 0860883
 0861068
 0861073
 0861102
 0861166
 0861269
 0861280
 0861374
 0861423
 0861465
 0861533
 0861580
 0861720
 0861844
 0861945
 0861955
 0862034
 0862077
 0862176
 0862383
 0862604
 0862627
 0862664
 0862754
 0862815
 0862869
 0862876
 0862926
 0862996
 0863091
 0863290
 0863295
 0863321
 0863366
 0863421
 0863498
 0863643
 0863835
 0863864
 0863916
 0864135
 0864149
 0864169
 0864190
 0864493
 0864537
 0864662
 0864681
 0864707
 0864950
 0864970
 0864993
 0865141
 0865170
 0865204
 0865419
 0865497
 0865578
 0865747
 0865819
 0865821
 0865986
 0865991
 0865997
 0866067
 0866232
 0866306
 0866374
 0866396
 0866593
 0866624
 0866628
 0866851
 0866862
 0867014
 0867105
 0867546
 0868263
 0868452
 0868515
 0868738
 0868739
 0868939
 0869258
 0869391
 0869406
 0869412
 0869496
 0869759
 0869798
 0869800
 0869833
 0869859
 0869913
 0869914
 0870037
 0870353
 0870584
 0870645
 0870679
 0870699
 0870734
 0870735
 0870819
 0870933
 0870938
 0871038
 0871049
 0871261
 0871471
 0871618
 0871629
 0871829
 0871913
 0871939
 0872008
 0872075
 0872207
 0872421
 0872448
 0872502
 0872512
 0872572
 0872598
 0872630
 0872876
 0872906
 0872924
 0873057
 0873088
 0873288
 0873381
 0873384
 0873509
 0873517
 0873582
 0873746
 0873866
 0874001
 0874187
 0874210
 0874375
 0874405
 0874527
 0874532
 0874930
 0875308
 0875435
 0875448
 0875489
 0875496
 0875553
 0875796
 0875819
 0875865
 0876354
 0876373
 0876479
 0876499
 0876510
 0876537
 0876634
 0876671
 0876707
 0876859
 0876930
 0876965
 0876969
 0877090
 0877130
 0877164
 0877181
 0877197
 0877278
 0877328
 0877385
 0877391
 0877428
 0877560
 0877856
 0877971
 0877992
 0878019
 0878042
 0878164
 0878176
 0878229
 0878356
 0878396
 0878451
 0878459
 0878478
 0878579
 0878602
 0878661
 0878780
 0878806
 0878954
 0879178
 0879337
 0879391
 0879736
 0880104
 0880270
 0880538
 0880613
 0880623
 0880637
 0880779
 0880994
 0881373
 0881547
 0881575
 0881926
 0881967
 0882066
 0882071
 0882230
 0882260
 0882346
 0882386
 0882417
 0882436
 0882503
 0882550
 0882838
 0882947
 0883117
 0883163
 0883236
 0883391
 0883411
 0883485
 0883580
 0883675
 0883880
 0883903
 0884025
 0884153
 0884207
 0884295
 0884430
 0884676
 0884797
 0884851
 0884946
 0885136
 0885150
 0885356
 0885534
 0885576
 0885676
 0885689
 0885757
 0885794
 0885798
 0886011
 0886123
 0886323
 0886437
 0886482
 0886559
 0886563
 0886578
 0886607
 0886663
 0886679
 0886723
 0886879
 0886972
 0887016
 0887023
 0887051
 0887109
 0887110
 0887263
 0887285
 0887319
 0887428
 0887593
 0887598
 0887805
 0887831
 0887934
 0888045
 0888136
 0888214
 0888337
 0888388
 0888955
 0889070
 0889109
 0889130
 0889133
 0889438
 0889439
 0889721
 0889802
 0889832
 0889874
 0889916
 0889988
 0890297
 0890393
 0890481
 0890661
 0890693
 0890866
 0890872
 0890975
 0891090
 0891142
 0891192
 0891211
 0891301
 0891333
 0891390
 0891397
 0891426
 0891446
 0891509
 0891573
 0891607
 0891686
 0891738
 0891870
 0891969
 0892013
 0892083
 0892326
 0892504
 0892548
 0892554
 0892573
 0892978
 0893011
 0893135
 0893194
 0893342
 0893461
 0893595
 0893611
 0893629
 0893759
 0893821
 0893863
 0893958
 0894003
 0894061
 0894065
 0894253
 0894366
 0894907
 0894947
 0894951
 0894969
 0895045
 0895052
 0895068
 0895153
 0895219
 0895328
 0895410
 0895415
 0895416
 0895700
 0895856
 0895965
 0896005
 0896028
 0896030
 0896060
 0896194
 0896249
 0896353
 0896665
 0896831
 0896878
 0896956
 0897066
 0897118
 0897121
 0897340
 0897458
 0897516
 0897529
 0897580
 0897664
 0897782
 0897842
 0897891
 0898099
 0898112
 0898273
 0898326
 0898343
 0898381
 0898386
 0898398
 0898412
 0898511
 0898586
 0898748
 0898892
 0898940
 0898994
 0899048
 0899095
 0899337
 0899547
 0899711
 0899895
 0900085
 0900118
 0900164
 0900179
 0900212
 0900242
 0900292
 0900632
 0900697
 0900813
 0900946
 0901167
 0901185
 0901249
 0901295
 0901307
 0901384
 0901417
 0901424
 0901428
 0901592
 0901610
 0901835
 0901846
 0902121
 0902139
 0902234
 0902267
 0902284
 0902293
 0902325
 0902334
 0902467
 0902493
 0902711
 0902743
 0902931
 0903118
 0903400
 0903523
 0903554
 0904070
 0904120
 0904145
 0904171
 0904303
 0904462
 0904649
 0904704
 0904773
 0904881
 0904899
 0904964
 0904984
 0905091
 0905117
 0905151
 0905179
 0905214
 0905219
 0905307
 0905509
 0905550
 0905818
 0905842
 0905948
 0905974
 0906062
 0906073
 0906092
 0906282
 0906379
 0906590
 0906784
 0906806
 0906932
 0906962
 0907258
 0907455
 0907801
 0907814
 0907821
 0908018
 0908048
 0908056
 0908148
 0908209
 0908224
 0908242
 0908292
 0908298
 0908407
 0908595
 0908783
 0909050
 0909157
 0909344
 0909365
 0909396
 0909440
 0909863
 0909929
 0910028
 0910266
 0910448
 0910470
 0910677
 0910753
 0910862
 0910891
 0911370
 0911402
 0911626
 0911663
 0911764
 0911952
 0911994
 0912155
 0912262
 0912286
 0912303
 0912322
 0912448
 0912521
 0912537
 0912752
 0912989
 0912990
 0913016
 0913050
 0913123
 0913143
 0913177
 0913449
 0913545
 0913642
 0913895
 0913949
 0914114
 0914149
 0914198
 0914265
 0914733
 0914800
 0914895
 0915130
 0915220
 0915249
 0915256
 0915354
 0915398
 0915526
 0915586
 0915711
 0915909
 0916003
 0916036
 0916127
 0916292
 0916378
 0916560
 0916705
 0916787
 0917068
 0917224
 0917244
 0917260
 0917297
 0917367
 0917585
 0917669
 0917803
 0917926
 0918027
 0918205
 0918426
 0918465
 0918520
 0918634
 0918690
 0918898
 0919008
 0919109
 0919115
 0919117
 0919125
 0919375
 0919441
 0919671
 0919869
 0919964
 0920176
 0920267
 0920303
 0920536
 0920539
 0920589
 0920624
 0920732
 0920830
 0920897
 0920914
 0921064
 0921164
 0921174
 0921511
 0921624
 0921848
 0922071
 0922214
 0922509
 0922613
 0922814
 0923054
 0923122
 0923124
 0923176
 0923242
 0923707
 0923930
 0923958
 0924154
 0924314
 0924358
 0924384
 0924388
 0924394
 0924690
 0924832
 0925035
 0925370
 0925429
 0925485
 0925534
 0925667
 0925764
 0925827
 0926060
 0926536
 0926595
 0926604
 0926667
 0926669
 0926716
 0926725
 0926746
 0926764
 0926770
 0926836
 0926956
 0927125
 0927218
 0927540
 0927603
 0927699
 0927830
 0927927
 0927983
 0928003
 0928065
 0928209
 0928307
 0928386
 0928497
 0928559
 0928686
 0928735
 0928897
 0928910
 0928936
 0928943
 0929040
 0929215
 0929396
 0929438
 0929630
 0929660
 0929745
 0929936
 0929940
 0929980
 0930000
 0930030
 0930090
 0930143
 0930144
 0930507
 0930975
 0931052
 0931085
 0931109
 0931135
 0931194
 0931221
 0931233
 0931287
 0931465
 0931486
 0931725
 0931810
 0931893
 0931909
 0931931
 0931939
 0932083
 0932124
 0932126
 0932304
 0932407
 0932417
 0932600
 0932675
 0932719
 0932898
 0933051
 0933141
 0933143
 0933591
 0933600
 0933756
 0933766
 0933834
 0934079
 0934210
 0934262
 0934344
 0934443
 0934451
 0934506
 0934621
 0934748
 0934783
 0934990
 0935003
 0935235
 0935608
 0935609
 0935624
 0935792
 0935862
 0935958
 0935960
 0936389
 0936398
 0936449
 0936560
 0936669
 0936886
 0937064
 0937104
 0937141
 0937285
 0937333
 0937360
 0937470
 0937603
 0937607
 0937877
 0937883
 0937891
 0937912
 0937950
 0938008
 0938103
 0938302
 0938319
 0938353
 0938544
 0938557
 0938646
 0938702
 0938836
 0939047
 0939102
 0939172
 0939183
 0939232
 0939301
 0939651
 0939669
 0939695
 0939757
 0939856
 0939893
 0940025
 0940041
 0940111
 0940199
 0940244
 0940379
 0940386
 0940440
 0940487
 0940605
 0940681
 0940689
 0940800
 0940812
 0940852
 0940873
 0940920
 0940969
 0941151
 0941189
 0941292
 0941379
 0941505
 0941564
 0941594
 0941637
 0941849
 0941884
 0941929
 0942181
 0942485
 0942493
 0942514
 0942573
 0942863
 0942876
 0942918
 0942983
 0943023
 0943082
 0943083
 0943182
 0943304
 0943340
 0943347
 0943425
 0943599
 0943621
 0943658
 0943788
 0943816
 0943865
 0944018
 0944023
 0944137
 0944203
 0944279
 0944295
 0944508
 0944765
 0944848
 0944959
 0945167
 0945238
 0945261
 0945344
 0945382
 0945408
 0945423
 0945497
 0945503
 0945560
 0945647
 0945764
 0945973
 0945987
 0946233
 0946302
 0946482
 0946562
 0946585
 0946651
 0946783
 0946864
 0946974
 0947152
 0947154
 0947204
 0947212
 0947631
 0947663
 0947681
 0947765
 0947804
 0947959
 0947982
 0947984
 0948043
 0948111
 0948139
 0948159
 0948215
 0948383
 0948437
 0948479
 0948610
 0948624
 0948675
 0948678
 0948735
 0948758
 0948765
 0948774
 0948861
 0949151
 0949319
 0949413
 0949556
 0949662
 0949837
 0949944
 0950014
 0950047
 0950048
 0950147
 0950192
 0950229
 0950269
 0950357
 0950436
 0950563
 0950607
 0950619
 0950718
 0950721
 0950740
 0950789
 0950798
 0950815
 0950900
 0950937
 0950949
 0951061
 0951123
 0951224
 0951287
 0951301
 0951334
 0951449
 0951500
 0951539
 0951545
 0951660
 0951788
 0951880
 0951882
 0952193
 0952274
 0952518
 0952584
 0952657
 0952684
 0953218
 0953304
 0953323
 0953563
 0953643
 0953747
 0953816
 0953852
 0953893
 0953905
 0954024
 0954320
 0954431
 0954434
 0954479
 0954667
 0955147
 0955215
 0955216
 0955253
 0955512
 0955557
 0955604
 0955624
 0955656
 0955663
 0955704
 0955781
 0955875
 0955995
 0956013
 0956072
 0956086
 0956234
 0956272
 0956438
 0956476
 0956570
 0956683
 0956750
 0956791
 0956959
 0957046
 0957087
 0957258
 0957291
 0957379
 0957671
 0957727
 0957804
 0957839
 0957936
 0957951
 0958244
 0958377
 0958473
 0958486
 0958544
 0958613
 0958630
 0958650
 0958659
 0958779
 0958970
 0959186
 0959297
 0959325
 0959343
 0959361
 0959383
 0959591
 0959733
 0959888
 0960021
 0960124
 0960181
 0960310
 0960685
 0960763
 0960903
 0960989
 0961063
 0961209
 0961333
 0961341
 0961405
 0961433
 0961448
 0961466
 0961519
 0961579
 0961647
 0961714
 0961725
 0962331
 0962370
 0962517
 0963195
 0963270
 0963357
 0963549
 0963677
 0963783
 0963788
 0963811
 0963823
 0964000
 0964008
 0964228
 0964294
 0964375
 0964424
 0964454
 0964484
 0964754
 0964773
 0964815
 0964945
 0965052
 0965062
 0965084
 0965133
 0965156
 0965547
 0965578
 0965898
 0965921
 0965950
 0966029
 0966123
 0966167
 0966394
 0966481
 0966528
 0966557
 0966699
 0967034
 0967158
 0967238
 0967265
 0967295
 0967368
 0967369
 0967490
 0967512
 0967643
 0967764
 0968014
 0968103
 0968185
 0968220
 0968424
 0968565
 0968575
 0968599
 0968689
 0968811
 0968822
 0968872
 0969005
 0969024
 0969079
 0969146
 0969182
 0969218
 0969427
 0969475
 0969572
 0969642
 0969649
 0969675
 0969711
 0969716
 0969766
 0969898
 0969906
 0970044
 0970063
 0970081
 0970358
 0970410
 0970450
 0970461
 0970608
 0970751
 0970812
 0971142
 0971157
 0971178
 0971230
 0971475
 0971484
 0971608
 0971645
 0971705
 0971732
 0971837
 0971864
 0971887
 0971907
 0971980
 0972038
 0972050
 0972076
 0972229
 0972282
 0972323
 0972360
 0972444
 0972455
 0972478
 0972577
 0972700
 0972756
 0972787
 0972935
 0972961
 0973022
 0973060
 0973096
 0973131
 0973167
 0973203
 0973232
 0973429
 0973547
 0973550
 0973607
 0973684
 0973844
 0974113
 0974360
 0974381
 0974559
 0974586
 0974596
 0974642
 0974896
 0974955
 0975097
 0975191
 0975498
 0975615
 0975754
 0975755
 0975766
 0975797
 0975939
 0976230
 0976397
 0976429
 0976493
 0976538
 0976602
 0976717
 0976859
 0976901
 0976918
 0976936
 0976975
 0977060
 0977267
 0977417
 0977671
 0977843
 0977863
 0977868
 0977879
 0977979
 0977985
 0978027
 0978030
 0978115
 0978144
 0978158
 0978167
 0978319
 0979190
 0979257
 0979298
 0979499
 0979529
 0979759
 0979763
 0980157
 0980254
 0980448
 0980561
 0980566
 0980635
 0980685
 0980892
 0980894
 0981377
 0981533
 0981680
 0981713
 0981886
 0982010
 0982048
 0982092
 0982167
 0982353
 0982497
 0982573
 0982655
 0982896
 0983201
 0983359
 0983728
 0983767
 0983804
 0984046
 0984138
 0984196
 0984610
 0984702
 0984871
 0984887
 0984978
 0984993
 0985214
 0985305
 0985313
 0985391
 0985442
 0985504
 0985539
 0985610
 0985738
 0985824
 0986119
 0986124
 0986152
 0986185
 0986486
 0986596
 0986667
 0986878
 0986964
 0987193
 0987317
 0987323
 0987374
 0987466
 0987487
 0987583
 0987897
 0987968
 0988013
 0988193
 0988304
 0988320
 0988371
 0988372
 0988386
 0988399
 0988408
 0988657
 0988930
 0988954
 0989220
 0989401
 0989470
 0989585
 0989915
 0990045
 0990202
 0990374
 0990502
 0990511
 0990683
 0990763
 0990840
 0991136
 0991145
 0991376
 0991417
 0991487
 0991751
 0991760
 0991786
 0991806
 0991904
 0992025
 0992111
 0992121
 0992143
 0992260
 0992341
 0992436
 0992742
 0992982
 0992983
 0993225
 0993305
 0993512
 0993579
 0993594
 0993606
 0993639
 0993872
 0993961
 0994158
 0994247
 0994312
 0994433
 0994676
 0994706
 0994772
 0994823
 0994918
 0995104
 0995157
 0995252
 0995305
 0995363
 0995399
 0995502
 0995732
 0995760
 0995775
 0995823
 0995952
 0996021
 0996098
 0996165
 0996194
 0996301
 0996405
 0996446
 0996754
 0996872
 0996919
 0997036
 0997152
 0997333
 0997493
 0997636
 0997657
 0997682
 0997876
 0998023
 0998371
 0998479
 0998621
 0998646
 0998662
 0998664
 0998726
 0998861
 0998879
 0998998
 0999138
 0999151
 0999293
 0999552
 0999571
 0999614
 0999928
 1000051
 1000177
 1000357
 1000358
 1000398
 1000445
 1000516
 1000548
 1001171
 1001288
 1001305
 1001492
 1001768
 1001841
 1001980
 1002026
 1002085
 1002122
 1002267
 1002535
 1002593
 1002658
 1002790
 1002831
 1002843
 1002930
 1003032
 1003075
 1003362
 1003472
 1003510
 1003654
 1003732
 1003786
 1003793
 1003818
 1003883
 1003911
 1003961
 1003998
 1004085
 1004420
 1004433
 1004583
 1004695
 1004765
 1004793
 1004879
 1005006
 1005012
 1005095
 1005245
 1005298
 1005316
 1005345
 1005403
 1005539
 1005603
 1005604
 1005660
 1005717
 1005881
 1006008
 1006253
 1006315
 1006482
 1006508
 1006714
 1006946
 1007043
 1007054
 1007251
 1007491
 1007566
 1007569
 1007820
 1008011
 1008136
 1008215
 1008309
 1008377
 1008482
 1008521
 1008673
 1008725
 1008794
 1008912
 1009024
 1009104
 1009167
 1009208
 1009492
 1009597
 1009612
 1010228
 1010489
 1010509
 1010682
 1010769
 1010861
 1010911
 1010997
 1011373
 1011459
 1011509
 1011620
 1011869
 1011979
 1012003
 1012019
 1012031
 1012196
 1012312
 1012503
 1012601
 1012667
 1012739
 1012805
 1012919
 1012987
 1013325
 1013547
 1013647
 1013676
 1013733
 1013779
 1013798
 1013973
 1014195
 1014238
 1014266
 1014304
 1014453
 1014574
 1014762
 1014823
 1014936
 1014977
 1015001
 1015060
 1015063
 1015364
 1015375
 1015560
 1015622
 1015766
 1015797
 1015963
 1016113
 1016125
 1016339
 1016374
 1016479
 1016710
 1016742
 1017098
 1017120
 1017123
 1017367
 1017734
 1017789
 1018139
 1018205
 1018437
 1018528
 1018684
 1018824
 1018959
 1018994
 1019127
 1019138
 1019231
 1019351
 1019432
 1019484
 1019556
 1019785
 1019862
 1019948
 1020152
 1020316
 1020656
 1020748
 1020921
 1020927
 1021116
 1021202
 1021283
 1021494
 1021532
 1021550
 1021687
 1021699
 1021759
 1022128
 1022165
 1022391
 1022441
 1022819
 1022842
 1022860
 1022914
 1022916
 1023003
 1023137
 1023163
 1023284
 1023314
 1023614
 1023622
 1023686
 1023698
 1023719
 1023814
 1023868
 1023943
 1023985
 1024324
 1024387
 1024584
 1024732
 1024771
 1024817
 1024968
 1025001
 1025105
 1025107
 1025108
 1025303
 1025509
 1025543
 1025571
 1025625
 1025871
 1025963
 1026055
 1026169
 1026294
 1026299
 1026315
 1026341
 1026551
 1026612
 1026619
 1026733
 1026866
 1026991
 1027045
 1027068
 1027528
 1027562
 1027733
 1027860
 1027879
 1027887
 1027950
 1027959
 1028436
 1028473
 1028486
 1028558
 1028570
 1028594
 1028609
 1028631
 1028666
 1028707
 1028791
 1029017
 1029066
 1029191
 1029371
 1029375
 1029395
 1029585
 1029657
 1029709
 1029767
 1029874
 1029993
 1030073
 1030111
 1030259
 1030511
 1030583
 1030681
 1030800
 1030952
 1030990
 1031131
 1031151
 1031205
 1031273
 1031333
 1031348
 1031413
 1031447
 1031613
 1031659
 1031785
 1031866
 1031927
 1032108
 1032150
 1032215
 1032236
 1032244
 1032371
 1032399
 1032464
 1032546
 1032592
 1032648
 1032768
 1032890
 1033030
 1033072
 1033100
 1033131
 1033138
 1033226
 1033367
 1033635
 1033636
 1033939
 1033958
 1033991
 1034049
 1034058
 1034136
 1034213
 1034236
 1034668
 1034722
 1035174
 1035303
 1035441
 1035938
 1035968
 1035999
 1036291
 1036345
 1036375
 1036460
 1036546
 1036578
 1036606
 1036630
 1036752
 1036832
 1036878
 1036879
 1036932
 1037101
 1037147
 1037186
 1037286
 1037341
 1037706
 1037756
 1037794
 1037856
 1038086
 1038116
 1038149
 1038172
 1038454
 1038556
 1038621
 1038653
 1038835
 1038910
 1039426
 1039535
 1039565
 1039858
 1039898
 1039905
 1040297
 1040364
 1040418
 1040607
 1040707
 1040883
 1040898
 1041033
 1041044
 1041071
 1041374
 1041452
 1041542
 1041622
 1041669
 1041675
 1041850
 1042033
 1042127
 1042536
 1043289
 1043338
 1043446
 1043580
 1043795
 1043852
 1043905
 1043908
 1043971
 1044093
 1044225
 1044317
 1044359
 1044394
 1044403
 1044460
 1044600
 1044699
 1044749
 1044782
 1044831
 1044840
 1044862
 1045082
 1045355
 1045365
 1045403
 1045445
 1045636
 1045779
 1045876
 1045928
 1045992
 1046422
 1046583
 1046597
 1046731
 1047026
 1047158
 1047211
 1047354
 1047445
 1047479
 1047553
 1047799
 1047806
 1047912
 1047926
 1047974
 1048009
 1048032
 1048046
 1048262
 1048322
 1048519
 1048538
 1048582
 1048658
 1048796
 1048818
 1048822
 1048850
 1048871
 1048970
 1049195
 1049197
 1049586
 1049689
 1049855
 1049911
 1049961
 1050107
 1050146
 1050249
 1050255
 1050390
 1050405
 1050527
 1050550
 1050573
 1050634
 1050717
 1050808
 1050909
 1051047
 1051116
 1051184
 1051474
 1051567
 1051691
 1051738
 1051786
 1051847
 1051954
 1052061
 1052153
 1052177
 1052185
 1052193
 1052309
 1052359
 1052378
 1052389
 1052499
 1052607
 1052866
 1052921
 1052973
 1053111
 1053235
 1053521
 1053639
 1053748
 1054044
 1054164
 1054244
 1054295
 1054356
 1054361
 1054503
 1054549
 1054580
 1054602
 1054745
 1054846
 1054883
 1054931
 1055019
 1055320
 1055598
 1055674
 1055749
 1055752
 1055770
 1055812
 1055953
 1055958
 1056029
 1056122
 1056217
 1056338
 1056398
 1056585
 1056669
 1056866
 1056889
 1056899
 1056933
 1056963
 1057108
 1057265
 1057429
 1057848
 1058011
 1058211
 1058346
 1058383
 1058465
 1058488
 1058646
 1058723
 1058920
 1059043
 1059282
 1059405
 1059517
 1059561
 1059607
 1059755
 1059922
 1059946
 1060387
 1060434
 1060466
 1060559
 1060737
 1061138
 1061731
 1061762
 1061764
 1061858
 1061951
 1062275
 1062570
 1062708
 1062709
 1062735
 1062796
 1062812
 1062860
 1062947
 1062951
 1063122
 1063150
 1063204
 1063274
 1063307
 1063398
 1063452
 1063465
 1063489
 1063564
 1063580
 1063592
 1063819
 1063919
 1064017
 1064028
 1064065
 1064456
 1064586
 1064588
 1064636
 1064742
 1064825
 1064988
 1064997
 1065094
 1065154
 1065215
 1065237
 1065336
 1065555
 1065562
 1065565
 1065612
 1065804
 1066065
 1066376
 1066467
 1066738
 1066759
 1066814
 1066968
 1067468
 1067612
 1067890
 1068078
 1068116
 1068461
 1068738
 1068824
 1068976
 1069012
 1069239
 1069347
 1069565
 1069588
 1069606
 1069710
 1069843
 1069915
 1070024
 1070297
 1070315
 1070389
 1070392
 1070500
 1070512
 1070679
 1070686
 1070732
 1070789
 1070795
 1070801
 1071173
 1071347
 1071446
 1071474
 1071504
 1071665
 1071693
 1071706
 1071779
 1072029
 1072134
 1072215
 1072363
 1072547
 1072601
 1072873
 1072946
 1073205
 1073302
 1073395
 1073505
 1073633
 1073697
 1073702
 1073775
 1074062
 1074088
 1074214
 1074241
 1074308
 1074373
 1074417
 1074439
 1074721
 1074737
 1074800
 1075039
 1075042
 1075081
 1075099
 1075143
 1075212
 1075217
 1075297
 1075337
 1075370
 1075813
 1075820
 1075859
 1075877
 1075969
 1076148
 1076216
 1076224
 1076240
 1076294
 1076369
 1076602
 1076654
 1076704
 1076777
 1076888
 1076917
 1077017
 1077029
 1077044
 1077374
 1077408
 1077674
 1077710
 1077804
 1077889
 1077966
 1078138
 1078150
 1078208
 1078237
 1078307
 1078472
 1078524
 1078584
 1078723
 1078896
 1078922
 1079151
 1079177
 1079203
 1079259
 1079375
 1079437
 1079562
 1079611
 1079653
 1079765
 1080236
 1080454
 1080460
 1080636
 1080713
 1080735
 1080764
 1081066
 1081181
 1081193
 1081400
 1081403
 1081478
 1081483
 1081533
 1081664
 1081698
 1081727
 1081837
 1082194
 1082253
 1082260
 1082722
 1083042
 1083064
 1083121
 1083124
 1083211
 1083244
 1083348
 1083427
 1083692
 1083833
 1084255
 1084304
 1084417
 1084474
 1084588
 1084823
 1084853
 1084936
 1084939
 1084991
 1085043
 1085167
 1085172
 1085212
 1085321
 1085324
 1085875
 1085885
 1085955
 1085964
 1086227
 1086247
 1086270
 1086276
 1086301
 1086381
 1086551
 1086621
 1086669
 1086772
 1086870
 1087172
 1087191
 1087247
 1087360
 1087445
 1087514
 1087548
 1087566
 1087628
 1087643
 1087827
 1087849
 1088021
 1088220
 1088270
 1088272
 1088290
 1088422
 1088639
 1088657
 1088678
 1088754
 1088860
 1089039
 1089071
 1089198
 1089207
 1089280
 1089433
 1089452
 1089712
 1089785
 1089793
 1089821
 1090061
 1090124
 1090169
 1090223
 1090292
 1090350
 1090389
 1090400
 1090498
 1090528
 1090705
 1090724
 1090810
 1090961
 1091631
 1091906
 1091955
 1091983
 1092516
 1092519
 1092577
 1092680
 1092714
 1092876
 1093007
 1093223
 1093231
 1093375
 1093381
 1093435
 1093457
 1093761
 1093817
 1094031
 1094089
 1094145
 1094419
 1094507
 1094720
 1094884
 1095082
 1095208
 1095330
 1095462
 1095521
 1095580
 1095593
 1095635
 1095659
 1095707
 1095864
 1096130
 1096162
 1096164
 1096220
 1096231
 1096369
 1096373
 1096516
 1096627
 1096685
 1096704
 1096721
 1096832
 1096857
 1096984
 1097020
 1097041
 1097084
 1097130
 1097183
 1097291
 1097357
 1097593
 1097863
 1097921
 1097924
 1097930
 1097998
 1098024
 1098166
 1098245
 1098281
 1098299
 1098342
 1098428
 1098584
 1098642
 1098695
 1098767
 1098962
 1099106
 1099163
 1099181
 1099408
 1099447
 1099561
 1099609
 1099706
 1099725
 1099753
 1099803
 1099931
 1100057
 1100080
 1100265
 1100288
 1100383
 1100388
 1100471
 1100509
 1100590
 1100664
 1100700
 1100720
 1100892
 1101075
 1101133
 1101317
 1101411
 1101429
 1101492
 1101633
 1101743
 1101812
 1101828
 1102277
 1102553
 1102579
 1102585
 1102921
 1102965
 1103402
 1103527
 1103549
 1103557
 1103562
 1103654
 1103779
 1103909
 1104036
 1104197
 1104220
 1104373
 1104405
 1104430
 1104446
 1104472
 1104552
 1104571
 1104591
 1104864
 1104878
 1105058
 1105078
 1105131
 1105178
 1105202
 1105283
 1105349
 1105391
 1105556
 1105587
 1105693
 1105787
 1105789
 1105914
 1105937
 1105950
 1105954
 1105955
 1106021
 1106031
 1106039
 1106325
 1106415
 1106424
 1106441
 1106644
 1106697
 1106822
 1107063
 1107104
 1107206
 1107314
 1107354
 1107734
 1107745
 1107895
 1107957
 1108379
 1108413
 1108436
 1108556
 1108623
 1108673
 1108840
 1108950
 1108957
 1109120
 1109169
 1109223
 1109348
 1109521
 1109695
 1109767
 1110058
 1110102
 1110150
 1110177
 1110240
 1110260
 1110381
 1110416
 1110482
 1110621
 1110623
 1110628
 1110743
 1110836
 1110968
 1111074
 1111091
 1111351
 1111377
 1111491
 1111501
 1111562
 1111688
 1111899
 1112050
 1112091
 1112200
 1112387
 1112454
 1112496
 1112520
 1112563
 1112692
 1112780
 1112804
 1112883
 1112927
 1112987
 1113043
 1113176
 1113267
 1113321
 1113504
 1113505
 1113534
 1113606
 1113613
 1113707
 1113955
 1113960
 1113978
 1114014
 1114558
 1114602
 1114689
 1114806
 1114919
 1115100
 1115175
 1115435
 1115451
 1115638
 1115704
 1115874
 1115955
 1116024
 1116113
 1116207
 1116234
 1116306
 1116361
 1116420
 1116446
 1116489
 1116541
 1116551
 1116570
 1116770
 1116852
 1117325
 1117341
 1117618
 1117908
 1117941
 1118097
 1118118
 1118131
 1118204
 1118449
 1118531
 1118672
 1118699
 1118728
 1118788
 1118922
 1118957
 1119032
 1119112
 1119286
 1119434
 1119456
 1119575
 1119584
 1119616
 1119671
 1119694
 1119703
 1120038
 1120120
 1120210
 1120221
 1120352
 1120550
 1120643
 1120774
 1120850
 1120891
 1120986
 1121061
 1121083
 1121145
 1121339
 1121361
 1121535
 1121539
 1121559
 1121718
 1121801
 1121832
 1121967
 1121976
 1122014
 1122025
 1122109
 1122110
 1122149
 1122309
 1122393
 1122495
 1122515
 1122539
 1122605
 1122614
 1122793
 1122833
 1123034
 1123190
 1123338
 1123369
 1123615
 1123649
 1123698
 1123700
 1123711
 1123756
 1123769
 1123879
 1123902
 1123919
 1124073
 1124076
 1124095
 1124101
 1124239
 1124257
 1124288
 1124428
 1124490
 1124545
 1124706
 1124857
 1124990
 1125045
 1125166
 1125207
 1125257
 1125319
 1125351
 1125358
 1125420
 1125430
 1125568
 1125586
 1125849
 1125966
 1126274
 1126422
 1126533
 1126535
 1126826
 1127009
 1127057
 1127064
 1127204
 1127254
 1127287
 1127324
 1127380
 1127462
 1127627
 1127673
 1127678
 1127752
 1127821
 1127867
 1127988
 1128170
 1128242
 1128463
 1128482
 1128578
 1128853
 1128858
 1128928
 1128997
 1129069
 1129081
 1129151
 1129221
 1129255
 1129317
 1129328
 1129404
 1129416
 1129507
 1129716
 1130060
 1130415
 1130456
 1130594
 1130630
 1130844
 1130925
 1130951
 1130959
 1131187
 1131417
 1131545
 1131562
 1131665
 1131691
 1131732
 1131763
 1131767
 1131933
 1132005
 1132276
 1132357
 1132411
 1132468
 1132543
 1132555
 1132607
 1132632
 1132761
 1132860
 1133184
 1133219
 1133436
 1133529
 1133542
 1133543
 1133620
 1133644
 1133933
 1134069
 1134191
 1134327
 1134649
 1134726
 1135147
 1135245
 1135292
 1135395
 1135712
 1135733
 1135745
 1136019
 1136150
 1136236
 1136322
 1136341
 1136495
 1136500
 1136599
 1136623
 1136641
 1136801
 1136805
 1136992
 1136996
 1137033
 1137326
 1137395
 1137601
 1137647
 1137865
 1138218
 1138260
 1138405
 1138459
 1138615
 1138634
 1138672
 1138737
 1138763
 1138764
 1138825
 1138828
 1139051
 1139060
 1139147
 1139164
 1139383
 1139387
 1139405
 1139448
 1139512
 1139642
 1139744
 1139921
 1139937
 1140125
 1140129
 1140161
 1140189
 1140316
 1140377
 1140522
 1140547
 1140563
 1140922
 1140974
 1140980
 1141101
 1141328
 1141388
 1141413
 1141606
 1141628
 1141640
 1141764
 1141795
 1141949
 1142128
 1142185
 1142188
 1142219
 1142344
 1142445
 1142528
 1142603
 1142629
 1142631
 1142776
 1142866
 1142883
 1142997
 1143021
 1143112
 1143171
 1143218
 1143297
 1143396
 1143412
 1143661
 1144115
 1144119
 1144122
 1144151
 1144341
 1144392
 1144465
 1144476
 1144506
 1144561
 1144567
 1144585
 1144675
 1144935
 1144947
 1145114
 1145150
 1145154
 1145231
 1145252
 1145411
 1145420
 1145441
 1145706
 1145917
 1146108
 1146152
 1146165
 1146289
 1146307
 1146365
 1146388
 1146481
 1146497
 1146526
 1146807
 1146856
 1146887
 1147209
 1147231
 1147485
 1147854
 1147872
 1147881
 1147893
 1148043
 1148272
 1148480
 1148630
 1148696
 1148731
 1149247
 1149257
 1149445
 1149547
 1149649
 1149892
 1149944
 1150136
 1150317
 1150360
 1150542
 1150655
 1150706
 1150987
 1151022
 1151093
 1151220
 1151221
 1151280
 1151537
 1151602
 1151665
 1151776
 1151780
 1151784
 1151889
 1151906
 1152045
 1152120
 1152327
 1152371
 1152590
 1152689
 1152780
 1152848
 1152945
 1152963
 1153112
 1153137
 1153304
 1153376
 1153440
 1153715
 1153722
 1153829
 1153842
 1153954
 1154040
 1154101
 1154145
 1154146
 1154255
 1154312
 1154374
 1154413
 1154473
 1154521
 1154548
 1154604
 1154696
 1154850
 1154951
 1154963
 1155023
 1155089
 1155579
 1155663
 1155698
 1155740
 1155789
 1156255
 1156322
 1156403
 1156483
 1156510
 1156556
 1156628
 1156696
 1156980
 1157204
 1157463
 1157647
 1157734
 1158283
 1158547
 1158568
 1158643
 1158738
 1158907
 1158946
 1159013
 1159311
 1159407
 1159780
 1159799
 1159816
 1159828
 1159899
 1159950
 1160111
 1160132
 1160259
 1160455
 1160482
 1160517
 1160565
 1160967
 1161054
 1161126
 1161235
 1161376
 1161584
 1161688
 1162275
 1162310
 1162333
 1162335
 1162439
 1162458
 1162473
 1162481
 1162545
 1162594
 1162635
 1162833
 1163038
 1163231
 1163305
 1163382
 1163556
 1163601
 1163776
 1163864
 1163865
 1164086
 1164096
 1164165
 1164205
 1164213
 1164258
 1164336
 1164531
 1164816
 1164846
 1164874
 1165164
 1165231
 1165402
 1165471
 1165532
 1165576
 1165603
 1165606
 1165710
 1166027
 1166196
 1166296
 1166451
 1166464
 1166701
 1166769
 1166771
 1166919
 1166975
 1166991
 1167049
 1167062
 1167345
 1167661
 1167677
 1167719
 1167846
 1167937
 1168054
 1168087
 1168115
 1168202
 1168548
 1168685
 1168889
 1169082
 1169330
 1169395
 1169530
 1169629
 1169648
 1169743
 1169765
 1169827
 1169999
 1170143
 1170422
 1170528
 1170760
 1170782
 1170881
 1170924
 1170925
 1170929
 1170951
 1171074
 1171172
 1171186
 1171437
 1171448
 1171552
 1171615
 1171737
 1171765
 1171823
 1172153
 1172232
 1172289
 1172307
 1172337
 1172353
 1172374
 1172622
 1172852
 1172990
 1172997
 1173029
 1173182
 1173226
 1173241
 1173258
 1173281
 1173299
 1173349
 1173428
 1173435
 1173576
 1173608
 1173653
 1173694
 1173777
 1173843
 1174041
 1174130
 1174170
 1174404
 1174459
 1174689
 1174821
 1174859
 1175032
 1175134
 1175195
 1175261
 1175313
 1175366
 1175433
 1175523
 1175589
 1175680
 1175786
 1175853
 1175884
 1176077
 1176145
 1176202
 1176270
 1176553
 1176554
 1176735
 1176738
 1176796
 1177030
 1177120
 1177314
 1177424
 1177559
 1177606
 1178023
 1178052
 1178109
 1178138
 1178181
 1178200
 1178307
 1178356
 1178428
 1178534
 1178631
 1178793
 1178864
 1178960
 1179143
 1179309
 1179317
 1179508
 1179545
 1179553
 1179631
 1179634
 1179754
 1179845
 1179946
 1180060
 1180219
 1180358
 1180374
 1180423
 1180559
 1180675
 1180707
 1180715
 1180975
 1181119
 1181193
 1181249
 1181296
 1181542
 1181564
 1181579
 1181603
 1181847
 1181909
 1181963
 1182014
 1182067
 1182086
 1182408
 1182505
 1182608
 1182716
 1182802
 1182966
 1183045
 1183194
 1183219
 1183276
 1183340
 1183417
 1183660
 1183742
 1183934
 1183947
 1184069
 1184100
 1184154
 1184250
 1184292
 1184306
 1184354
 1184382
 1184387
 1184389
 1184520
 1184545
 1184560
 1184732
 1184764
 1184981
 1185361
 1185402
 1185621
 1185625
 1185712
 1185723
 1185828
 1185862
 1186003
 1186161
 1186371
 1186396
 1186467
 1186556
 1186917
 1186937
 1187054
 1187121
 1187175
 1187223
 1187236
 1187262
 1187335
 1187439
 1187454
 1187570
 1187657
 1187702
 1187737
 1187777
 1187894
 1188004
 1188016
 1188026
 1188125
 1188145
 1188555
 1188676
 1188780
 1188892
 1189000
 1189055
 1189322
 1189493
 1189574
 1189651
 1189816
 1189849
 1189895
 1189924
 1190073
 1190142
 1190423
 1190565
 1190671
 1191086
 1191221
 1191248
 1191261
 1191335
 1191348
 1191382
 1191419
 1191431
 1191836
 1191940
 1191995
 1192053
 1192402
 1192438
 1192468
 1192617
 1192669
 1192723
 1192803
 1193198
 1193246
 1193262
 1193269
 1193303
 1193353
 1193382
 1193383
 1193445
 1193463
 1193588
 1193609
 1193693
 1193708
 1193793
 1193811
 1194091
 1194237
 1194321
 1194582
 1194703
 1194877
 1195156
 1195196
 1195229
 1195274
 1195315
 1195325
 1195339
 1195340
 1195352
 1195422
 1195460
 1195472
 1195508
 1195529
 1195707
 1195937
 1196065
 1196125
 1196368
 1196625
 1196632
 1196708
 1196992
 1197189
 1197248
 1197280
 1197303
 1197364
 1197403
 1197470
 1197496
 1197517
 1197699
 1197754
 1197829
 1197915
 1198025
 1198028
 1198362
 1198527
 1198537
 1198577
 1198709
 1198922
 1199084
 1199135
 1199179
 1199337
 1199359
 1199363
 1199418
 1199463
 1199667
 1199807
 1199969
 1200000
 1200056
 1200089
 1200189
 1200303
 1200399
 1200454
 1200487
 1200877
 1201073
 1201193
 1201224
 1201266
 1201286
 1201443
 1201524
 1201552
 1201607
 1202209
 1202267
 1202308
 1202620
 1202634
 1202647
 1202689
 1202717
 1202994
 1203368
 1203398
 1203546
 1203557
 1203662
 1204255
 1204408
 1204409
 1204548
 1204623
 1204777
 1204939
 1205077
 1205394
 1205592
 1205699
 1205708
 1205709
 1205765
 1205927
 1206185
 1206324
 1206341
 1206409
 1206652
 1206654
 1206747
 1206855
 1207025
 1207275
 1207283
 1207301
 1207307
 1207458
 1207499
 1207558
 1207721
 1207757
 1207810
 1207830
 1207838
 1207903
 1208142
 1208215
 1208536
 1208722
 1209031
 1209121
 1209128
 1209259
 1209414
 1209446
 1209611
 1209633
 1209673
 1209752
 1209813
 1209868
 1209936
 1209940
 1210019
 1210077
 1210161
 1210182
 1210232
 1210362
 1210456
 1210616
 1210653
 1210658
 1210776
 1210804
 1210932
 1211294
 1211391
 1211418
 1211502
 1212029
 1212096
 1212204
 1212421
 1212508
 1212565
 1212662
 1212731
 1213015
 1213113
 1213114
 1213226
 1213293
 1213312
 1213313
 1213342
 1213350
 1213393
 1213442
 1213577
 1213598
 1213621
 1213639
 1213717
 1213835
 1213856
 1213865
 1213965
 1214136
 1214153
 1214165
 1214240
 1214374
 1214416
 1214470
 1214528
 1214623
 1214834
 1214869
 1215053
 1215154
 1215396
 1215430
 1215431
 1215471
 1215546
 1215647
 1215751
 1215787
 1215886
 1215958
 1216021
 1216121
 1216149
 1216187
 1216516
 1216714
 1216718
 1217174
 1217339
 1217340
 1217390
 1217498
 1217622
 1217634
 1217709
 1217735
 1217913
 1217960
 1218000
 1218071
 1218134
 1218272
 1218451
 1218452
 1218524
 1218716
 1218735
 1218849
 1219067
 1219121
 1219186
 1219208
 1219268
 1219279
 1219348
 1219446
 1219456
 1219614
 1219653
 1219872
 1220079
 1220162
 1220251
 1220670
 1220802
 1220813
 1220889
 1220899
 1220923
 1221014
 1221039
 1221304
 1221315
 1221443
 1221518
 1221612
 1221855
 1222146
 1222317
 1222319
 1222466
 1222765
 1222768
 1222773
 1222977
 1223076
 1223155
 1223211
 1223219
 1223242
 1223246
 1223257
 1223319
 1223517
 1223649
 1223699
 1223774
 1223934
 1224285
 1224460
 1224477
 1224561
 1224614
 1224762
 1224791
 1224849
 1224874
 1224995
 1225049
 1225155
 1225197
 1225293
 1225321
 1225515
 1225564
 1225786
 1225792
 1225797
 1226044
 1226116
 1226271
 1226310
 1226330
 1226437
 1226502
 1226639
 1226739
 1226900
 1226914
 1227027
 1227076
 1227114
 1227160
 1227171
 1227197
 1227209
 1227347
 1227579
 1227827
 1227938
 1227990
 1228067
 1228138
 1228146
 1228309
 1228347
 1228351
 1228496
 1228548
 1228638
 1228798
 1228925
 1228932
 1228975
 1229126
 1229184
 1229406
 1229586
 1229696
 1229717
 1229744
 1229950
 1230064
 1230095
 1230129
 1230216
 1230243
 1230272
 1230312
 1230771
 1230780
 1230957
 1230991
 1231140
 1231282
 1231316
 1231511
 1231570
 1231684
 1231769
 1231792
 1232069
 1232124
 1232242
 1232349
 1232368
 1232468
 1232470
 1232482
 1232541
 1232608
 1232647
 1232709
 1233170
 1233231
 1233274
 1233341
 1233508
 1233522
 1233526
 1233580
 1233615
 1233651
 1233931
 1234250
 1234340
 1234722
 1234770
 1235117
 1235266
 1235310
 1235776
 1235832
 1235932
 1236006
 1236152
 1236239
 1236379
 1236389
 1236448
 1236550
 1236662
 1236719
 1236722
 1236841
 1236866
 1236900
 1236969
 1237020
 1237052
 1237076
 1237093
 1237111
 1237129
 1237283
 1237299
 1237505
 1237507
 1237612
 1237637
 1237688
 1237973
 1238013
 1238247
 1238319
 1238493
 1238536
 1238568
 1238646
 1238849
 1238896
 1239359
 1239440
 1239479
 1239513
 1239640
 1239676
 1239832
 1239835
 1240251
 1240742
 1240745
 1241093
 1241222
 1241232
 1241320
 1241358
 1241378
 1241455
 1241618
 1241627
 1241670
 1241799
 1241862
 1241932
 1241965
 1241975
 1242234
 1242301
 1242319
 1242491
 1242631
 1242655
 1242674
 1243021
 1243209
 1243229
 1243415
 1243437
 1243548
 1243582
 1243743
 1243771
 1243853
 1243993
 1244150
 1244182
 1244239
 1244547
 1244574
 1244595
 1244645
 1244803
 1244887
 1244982
 1245267
 1245280
 1245434
 1245469
 1245680
 1245912
 1245936
 1245946
 1245948
 1246046
 1246048
 1246093
 1246141
 1246167
 1246200
 1246240
 1246280
 1246401
 1246437
 1246822
 1246854
 1246949
 1247074
 1247222
 1247255
 1247453
 1247465
 1247664
 1247731
 1247794
 1247840
 1248079
 1248086
 1248233
 1248258
 1248469
 1248627
 1248665
 1248731
 1248734
 1248843
 1249044
 1249326
 1249604
 1249865
 1250025
 1250030
 1250257
 1250409
 1250561
 1250614
 1250845
 1250876
 1250877
 1250942
 1250987
 1251234
 1251327
 1251407
 1251479
 1251489
 1251616
 1251800
 1251818
 1251931
 1251946
 1252045
 1252458
 1252477
 1252804
 1252844
 1252868
 1252934
 1253088
 1253311
 1253328
 1253340
 1253353
 1253558
 1253604
 1253656
 1253840
 1253868
 1253958
 1253985
 1254141
 1254244
 1254254
 1254390
 1254402
 1254495
 1254698
 1254892
 1254981
 1255164
 1255264
 1255381
 1255392
 1255597
 1255841
 1256144
 1256194
 1256232
 1256358
 1256438
 1256474
 1256477
 1256558
 1256783
 1256831
 1256930
 1256950
 1257210
 1257232
 1257397
 1257486
 1257624
 1257732
 1257744
 1257746
 1257931
 1257968
 1257974
 1257977
 1258012
 1258110
 1258348
 1258360
 1258437
 1258726
 1258757
 1258767
 1258923
 1258961
 1259088
 1259120
 1259180
 1259387
 1259752
 1260003
 1260039
 1260162
 1260207
 1260278
 1260371
 1260520
 1260586
 1260671
 1260716
 1260736
 1260789
 1260913
 1261004
 1261018
 1261033
 1261036
 1261052
 1261349
 1261544
 1261592
 1261712
 1261868
 1261925
 1261935
 1262073
 1262389
 1262603
 1262707
 1262796
 1263027
 1263117
 1263189
 1263265
 1263294
 1263324
 1263397
 1263406
 1263491
 1263578
 1263898
 1264196
 1264209
 1264286
 1264332
 1264346
 1264480
 1264734
 1264839
 1264927
 1265071
 1265079
 1265143
 1265179
 1265321
 1265433
 1265488
 1265555
 1265595
 1265606
 1265812
 1266030
 1266277
 1266305
 1266510
 1266650
 1266697
 1266765
 1266781
 1266802
 1266860
 1267373
 1267392
 1267524
 1267885
 1267898
 1268135
 1268177
 1268244
 1268336
 1268475
 1268521
 1268546
 1268667
 1269002
 1269038
 1269078
 1269186
 1269188
 1269238
 1269491
 1269503
 1269526
 1269625
 1269723
 1269885
 1270109
 1270208
 1270271
 1270330
 1270371
 1270373
 1270410
 1270430
 1270523
 1270549
 1270744
 1270856
 1270914
 1270999
 1271165
 1271229
 1271392
 1271429
 1271726
 1271760
 1271948
 1272030
 1272084
 1272160
 1272454
 1272500
 1272755
 1272779
 1273048
 1273074
 1273226
 1273274
 1273750
 1273773
 1273972
 1274093
 1274128
 1274165
 1274245
 1274442
 1274449
 1274476
 1274516
 1274517
 1274620
 1274833
 1274875
 1274909
 1274910
 1274989
 1275015
 1275082
 1275121
 1275122
 1275210
 1275307
 1275489
 1275495
 1275509
 1275539
 1275585
 1275600
 1275605
 1275690
 1275749
 1275978
 1276136
 1276303
 1276341
 1276642
 1276714
 1276944
 1277001
 1277094
 1277175
 1277369
 1277432
 1277602
 1277660
 1277848
 1278077
 1278139
 1278281
 1278438
 1278595
 1278607
 1278693
 1278701
 1279058
 1279102
 1279151
 1279366
 1279499
 1279681
 1279841
 1279866
 1280113
 1280366
 1280415
 1280511
 1280842
 1280927
 1280969
 1281127
 1281144
 1281192
 1281256
 1281318
 1281333
 1281337
 1281534
 1281637
 1281674
 1281893
 1281947
 1281949
 1282008
 1282073
 1282151
 1282170
 1282243
 1282326
 1282379
 1282505
 1282656
 1282686
 1282732
 1282896
 1282910
 1283361
 1283470
 1283524
 1283724
 1284203
 1284401
 1284552
 1284563
 1284571
 1284644
 1284872
 1284895
 1284981
 1285115
 1285198
 1285728
 1285920
 1286150
 1286344
 1286361
 1286367
 1286378
 1286745
 1286994
 1287090
 1287108
 1287124
 1287159
 1287259
 1287477
 1287538
 1287604
 1287708
 1287744
 1287815
 1287934
 1287967
 1288028
 1288041
 1288102
 1288122
 1288224
 1288237
 1288313
 1288431
 1288639
 1288693
 1288814
 1288817
 1288818
 1288860
 1288978
 1289006
 1289096
 1289226
 1289500
 1289712
 1289766
 1289983
 1289988
 1290032
 1290126
 1290146
 1290154
 1290219
 1290242
 1290346
 1290366
 1290367
 1290435
 1290509
 1290724
 1290844
 1291107
 1291151
 1291170
 1291219
 1291240
 1291265
 1291273
 1291425
 1291450
 1291470
 1291503
 1291670
 1291866
 1291884
 1291896
 1291999
 1292067
 1292175
 1292295
 1292338
 1292428
 1292453
 1292458
 1292762
 1292868
 1293027
 1293245
 1293515
 1293533
 1293558
 1293648
 1293825
 1294038
 1294314
 1294315
 1294868
 1294917
 1294973
 1295018
 1295019
 1295338
 1295366
 1295411
 1295457
 1295660
 1295834
 1295859
 1295861
 1296095
 1296106
 1296246
 1296487
 1296560
 1296699
 1296975
 1297169
 1297328
 1297332
 1297389
 1297427
 1297523
 1297553
 1297772
 1297774
 1297837
 1297921
 1297923
 1297997
 1298328
 1298386
 1298418
 1298465
 1298493
 1298503
 1298761
 1298792
 1298810
 1298890
 1299381
 1299487
 1299565
 1299757
 1299826
 1299967
 1300051
 1300321
 1300435
 1300450
 1300459
 1300473
 1300479
 1300693
 1300764
 1300976
 1301189
 1301260
 1301287
 1301292
 1301538
 1301634
 1301754
 1301823
 1301887
 1301986
 1302032
 1302068
 1302102
 1302132
 1302142
 1302195
 1302249
 1302840
 1302945
 1302947
 1303003
 1303160
 1303332
 1303353
 1303405
 1303411
 1303425
 1303473
 1303503
 1303564
 1303599
 1303679
 1303685
 1303835
 1303917
 1303935
 1304020
 1304090
 1304330
 1304382
 1304476
 1304508
 1304549
 1304584
 1304811
 1305019
 1305148
 1305170
 1305201
 1305490
 1305535
 1305596
 1305614
 1305853
 1305896
 1305930
 1306021
 1306056
 1306071
 1306300
 1306385
 1306409
 1306543
 1306780
 1306827
 1306864
 1306886
 1307254
 1307743
 1307814
 1308017
 1308029
 1308160
 1308309
 1308387
 1308555
 1308884
 1308915
 1309027
 1309068
 1309183
 1309274
 1309302
 1309445
 1309536
 1309571
 1309593
 1309610
 1309672
 1309687
 1309697
 1309869
 1309896
 1309901
 1309914
 1309920
 1310012
 1310060
 1310101
 1310137
 1310177
 1310201
 1310264
 1310307
 1310447
 1310655
 1310754
 1310862
 1310887
 1310934
 1311103
 1311150
 1311203
 1311246
 1311254
 1311324
 1311396
 1312058
 1312077
 1312181
 1312250
 1312450
 1312478
 1312521
 1312936
 1313130
 1313264
 1313382
 1313398
 1313632
 1313828
 1313857
 1313895
 1314106
 1314331
 1314350
 1314442
 1314463
 1314570
 1314587
 1314748
 1314974
 1314998
 1315102
 1315129
 1315155
 1315266
 1315296
 1315421
 1315423
 1315543
 1315596
 1315699
 1315734
 1315924
 1315979
 1316028
 1316113
 1316254
 1316281
 1316434
 1316498
 1316549
 1316719
 1316968
 1316983
 1317040
 1317133
 1317193
 1317208
 1317286
 1317311
 1317471
 1317472
 1317531
 1317536
 1317630
 1317704
 1317822
 1317867
 1317873
 1317983
 1317989
 1318017
 1318050
 1318157
 1318175
 1318181
 1318204
 1318247
 1318575
 1318662
 1318693
 1318923
 1318951
 1319048
 1319094
 1319151
 1319160
 1319181
 1319289
 1319305
 1319312
 1319386
 1319499
 1319850
 1319912
 1320192
 1320198
 1320450
 1320651
 1320752
 1320865
 1321116
 1321174
 1321186
 1321205
 1321272
 1321318
 1321393
 1321528
 1321736
 1321754
 1321793
 1321859
 1322278
 1322310
 1322492
 1322541
 1322583
 1322695
 1322877
 1322906
 1322998
 1323150
 1323152
 1323257
 1323258
 1323483
 1323575
 1323808
 1323839
 1323898
 1323984
 1323998
 1324006
 1324022
 1324037
 1324061
 1324119
 1324275
 1324278
 1324630
 1324862
 1324954
 1325039
 1325081
 1325106
 1325186
 1325235
 1325278
 1325281
 1325309
 1325416
 1325560
 1325785
 1325841
 1325866
 1325961
 1325982
 1326042
 1326457
 1326463
 1326476
 1326501
 1326506
 1326539
 1326656
 1327047
 1327140
 1327281
 1327469
 1327678
 1327741
 1327818
 1327852
 1327947
 1328043
 1328123
 1328202
 1328239
 1328500
 1328992
 1329187
 1329306
 1329461
 1329612
 1329739
 1329854
 1329969
 1329984
 1330070
 1330238
 1330266
 1330415
 1330419
 1330502
 1330527
 1330554
 1330680
 1331002
 1331168
 1331191
 1331503
 1331507
 1331585
 1331670
 1331675
 1331683
 1331691
 1331784
 1331924
 1332019
 1332037
 1332066
 1332101
 1332116
 1332371
 1332426
 1332512
 1332603
 1332635
 1332857
 1332890
 1333027
 1333050
 1333106
 1333120
 1333129
 1333244
 1333661
 1333673
 1333827
 1333888
 1333937
 1333940
 1334095
 1334117
 1334118
 1334439
 1334512
 1334701
 1334714
 1334728
 1334736
 1334839
 1334953
 1335049
 1335151
 1335174
 1335203
 1335307
 1335312
 1335555
 1335673
 1335836
 1336074
 1336163
 1336187
 1336357
 1336466
 1336467
 1336962
 1336996
 1337372
 1337394
 1337421
 1337496
 1337538
 1337745
 1338173
 1338249
 1338480
 1338491
 1338561
 1338576
 1338591
 1338641
 1338724
 1338781
 1338971
 1339106
 1339212
 1339223
 1339364
 1339437
 1339721
 1339799
 1340008
 1340046
 1340399
 1340719
 1341130
 1341137
 1341188
 1341234
 1341251
 1341327
 1341365
 1341380
 1341472
 1341510
 1341525
 1341595
 1341863
 1341869
 1342034
 1342112
 1342114
 1342127
 1342286
 1342627
 1342748
 1342878
 1342948
 1343008
 1343038
 1343110
 1343116
 1343149
 1343525
 1343577
 1343689
 1343757
 1343974
 1344012
 1344054
 1344147
 1344198
 1344250
 1344432
 1344662
 1344745
 1344769
 1344822
 1344845
 1345074
 1345112
 1345197
 1345218
 1345546
 1345604
 1345609
 1345658
 1345678
 1345715
 1345883
 1346163
 1346215
 1346496
 1346725
 1346730
 1346954
 1346982
 1346983
 1347078
 1347103
 1347117
 1347213
 1347250
 1347372
 1347402
 1347615
 1347795
 1347845
 1348469
 1348545
 1348634
 1348740
 1348837
 1348894
 1349082
 1349085
 1349154
 1349353
 1349393
 1349588
 1349889
 1350137
 1350150
 1350205
 1350309
 1350492
 1350580
 1350646
 1350670
 1350732
 1350745
 1350793
 1350869
 1350986
 1351063
 1351097
 1351108
 1351159
 1351188
 1351409
 1351426
 1351432
 1351456
 1351476
 1351503
 1351672
 1351699
 1351747
 1351978
 1351990
 1352093
 1352170
 1352180
 1352184
 1352247
 1352272
 1352457
 1352473
 1352498
 1352515
 1352536
 1352558
 1352620
 1353039
 1353112
 1353234
 1353281
 1353299
 1353435
 1353540
 1353777
 1354004
 1354019
 1354049
 1354133
 1354154
 1354155
 1354291
 1354403
 1354592
 1354616
 1354790
 1354811
 1354899
 1354958
 1355134
 1355226
 1355658
 1355694
 1355796
 1355928
 1355971
 1356102
 1356238
 1356261
 1356304
 1356616
 1356773
 1356948
 1357125
 1357136
 1357152
 1357262
 1357343
 1357575
 1357707
 1357755
 1357803
 1357870
 1358021
 1358210
 1358229
 1358251
 1358361
 1358449
 1358609
 1358853
 1358901
 1358904
 1358933
 1358967
 1358980
 1359006
 1359141
 1359167
 1359353
 1359372
 1359702
 1359703
 1359854
 1359985
 1360023
 1360033
 1360040
 1360181
 1360208
 1360302
 1360511
 1360668
 1360681
 1360856
 1361056
 1361083
 1361088
 1361171
 1361198
 1361199
 1361263
 1361581
 1361646
 1361735
 1361774
 1361775
 1361998
 1362123
 1362188
 1362197
 1362227
 1362313
 1362400
 1362475
 1362478
 1362655
 1362702
 1362703
 1362843
 1362979
 1362987
 1363191
 1363293
 1363463
 1363534
 1363694
 1363698
 1363713
 1363990
 1364115
 1364234
 1364255
 1364530
 1364577
 1364621
 1364826
 1364902
 1365172
 1365497
 1365521
 1365607
 1365745
 1365750
 1365763
 1365804
 1365940
 1365953
 1366253
 1366295
 1366638
 1366663
 1366786
 1366960
 1367013
 1367028
 1367358
 1367449
 1367515
 1367647
 1367716
 1367745
 1367793
 1367798
 1367865
 1367948
 1367956
 1368119
 1368142
 1368151
 1368154
 1368198
 1368326
 1368418
 1368453
 1368545
 1368563
 1369027
 1369036
 1369038
 1369095
 1369211
 1369229
 1369270
 1369272
 1369599
 1369600
 1369630
 1369664
 1369887
 1369915
 1370082
 1370086
 1370109
 1370290
 1370358
 1370415
 1370506
 1370516
 1370582
 1370718
 1370742
 1370762
 1370765
 1370829
 1370975
 1371083
 1371175
 1371430
 1371685
 1371690
 1371788
 1371794
 1371918
 1371922
 1372324
 1372394
 1372475
 1372642
 1372728
 1372754
 1372761
 1372766
 1372786
 1372865
 1373000
 1373004
 1373074
 1373278
 1373330
 1373345
 1373524
 1373558
 1373815
 1374186
 1374482
 1374485
 1374697
 1374733
 1374885
 1374944
 1374963
 1375081
 1375307
 1375309
 1375333
 1375545
 1375653
 1375675
 1375695
 1375866
 1375920
 1375932
 1376070
 1376151
 1376287
 1376406
 1376427
 1376442
 1376638
 1376643
 1376780
 1376914
 1376933
 1376973
 1376981
 1377110
 1377195
 1377296
 1377317
 1377327
 1377442
 1377515
 1377526
 1377877
 1377880
 1378126
 1378399
 1378448
 1378498
 1378550
 1378608
 1378701
 1378705
 1378721
 1378733
 1378960
 1378997
 1379096
 1379102
 1379299
 1379478
 1379620
 1379642
 1379781
 1380078
 1380113
 1380196
 1380284
 1380352
 1380507
 1380602
 1380955
 1381323
 1381335
 1381368
 1381394
 1381403
 1381503
 1381537
 1381780
 1381785
 1381918
 1381940
 1382017
 1382063
 1382146
 1382254
 1382512
 1382536
 1382597
 1382641
 1382867
 1382947
 1382969
 1382994
 1383070
 1383108
 1383147
 1383539
 1383633
 1383640
 1383692
 1383742
 1383812
 1383864
 1383879
 1383998
 1384168
 1384314
 1384437
 1384718
 1384752
 1385005
 1385014
 1385051
 1385163
 1385248
 1385379
 1385427
 1385502
 1385510
 1385912
 1386124
 1386187
 1386428
 1386440
 1386520
 1386550
 1386820
 1386972
 1387041
 1387072
 1387230
 1387379
 1387629
 1387769
 1387872
 1387984
 1388027
 1388036
 1388069
 1388131
 1388268
 1388430
 1388673
 1388765
 1388913
 1389011
 1389231
 1389299
 1389317
 1389358
 1389502
 1389686
 1389737
 1389865
 1389872
 1389880
 1390317
 1390350
 1390441
 1390523
 1390550
 1390587
 1390623
 1390683
 1390821
 1391101
 1391183
 1391194
 1391250
 1391383
 1391403
 1391483
 1391631
 1391633
 1391744
 1391760
 1391899
 1392036
 1392144
 1392150
 1392413
 1392578
 1392852
 1392880
 1393013
 1393033
 1393185
 1393302
 1393524
 1393674
 1393769
 1393776
 1394064
 1394419
 1394478
 1394554
 1394652
 1394758
 1394816
 1394965
 1394999
 1395026
 1395226
 1395273
 1395625
 1395900
 1395993
 1396079
 1396111
 1396175
 1396181
 1396229
 1396296
 1396310
 1396318
 1396320
 1396336
 1396393
 1396427
 1396915
 1396984
 1396998
 1397070
 1397100
 1397416
 1397560
 1397561
 1397967
 1398057
 1398108
 1398120
 1398202
 1398234
 1398242
 1398267
 1398366
 1398594
 1398623
 1398765
 1398900
 1398929
 1398955
 1398985
 1399226
 1399273
 1399300
 1399381
 1399383
 1399400
 1399530
 1399536
 1399576
 1399580
 1399728
 1399731
 1399816
 1399834
 1399899
 1399994
 1400010
 1400225
 1400380
 1400662
 1400761
 1400985
 1401421
 1401537
 1401553
 1401918
 1401980
 1402138
 1402371
 1402382
 1402497
 1402677
 1402767
 1403016
 1403024
 1403074
 1403120
 1403144
 1403170
 1403322
 1403387
 1403409
 1403482
 1403816
 1403868
 1403978
 1403985
 1404107
 1404220
 1404293
 1404364
 1404456
 1404457
 1404597
 1404665
 1404874
 1405298
 1405338
 1405383
 1405417
 1405426
 1405565
 1405769
 1405894
 1405912
 1405913
 1406116
 1406144
 1406253
 1406256
 1406396
 1406418
 1406504
 1406591
 1406797
 1406969
 1407060
 1407117
 1407127
 1407275
 1407568
 1407582
 1407624
 1407677
 1407689
 1407707
 1407821
 1408018
 1408039
 1408060
 1408177
 1408272
 1408352
 1408404
 1408438
 1408506
 1408537
 1408644
 1408721
 1408722
 1408864
 1408899
 1408953
 1408964
 1409023
 1409031
 1409200
 1409279
 1409321
 1409404
 1409414
 1409729
 1409879
 1409922
 1410020
 1410030
 1410285
 1410287
 1410354
 1410412
 1410625
 1410649
 1410658
 1410671
 1410675
 1410722
 1410752
 1410845
 1410950
 1411155
 1411259
 1411298
 1411394
 1411433
 1411644
 1411772
 1411929
 1411973
 1412141
 1412245
 1412331
 1412488
 1412497
 1412805
 1412817
 1412991
 1413066
 1413101
 1413222
 1413270
 1413314
 1413347
 1413511
 1413579
 1413583
 1413637
 1413657
 1413712
 1413725
 1413868
 1413993
 1414090
 1414096
 1414116
 1414173
 1414265
 1414314
 1414464
 1414675
 1414998
 1415079
 1415112
 1415152
 1415164
 1415187
 1415417
 1415757
 1415760
 1415873
 1416047
 1416058
 1416085
 1416097
 1416102
 1416149
 1416167
 1416193
 1416657
 1416805
 1416933
 1416966
 1417012
 1417021
 1417276
 1417645
 1417802
 1417835
 1417997
 1418054
 1418104
 1418137
 1418179
 1418298
 1418305
 1418320
 1418413
 1418429
 1418571
 1418590
 1418677
 1418678
 1418836
 1419222
 1419250
 1419415
 1419515
 1419712
 1419729
 1419802
 1420148
 1420213
 1420273
 1420445
 1420555
 1420631
 1420776
 1420918
 1421021
 1421212
 1421217
 1421256
 1421346
 1421465
 1421493
 1421673
 1421709
 1421862
 1421898
 1421964
 1422081
 1422214
 1422329
 1422393
 1422569
 1422586
 1422635
 1422649
 1422704
 1422706
 1422839
 1422930
 1422976
 1423105
 1423192
 1423209
 1423212
 1423268
 1423356
 1423470
 1423506
 1423587
 1423805
 1424001
 1424176
 1424413
 1424563
 1424610
 1424807
 1424876
 1424935
 1425014
 1425096
 1425137
 1425379
 1425445
 1425508
 1425626
 1425886
 1425941
 1426021
 1426162
 1426167
 1426425
 1426554
 1426635
 1426684
 1426700
 1426757
 1426834
 1426878
 1426958
 1427116
 1427146
 1427193
 1427253
 1427298
 1427314
 1427361
 1427470
 1427496
 1427685
 1427731
 1427763
 1427799
 1427843
 1427997
 1428342
 1428508
 1428944
 1429018
 1429082
 1429144
 1429252
 1429338
 1429375
 1429494
 1429531
 1429622
 1429655
 1429661
 1429802
 1429829
 1430033
 1430079
 1430231
 1430291
 1430305
 1430307
 1430339
 1430501
 1430681
 1430695
 1430844
 1430893
 1430968
 1431085
 1431152
 1431277
 1431557
 1431674
 1431725
 1431793
 1431817
 1431929
 1431952
 1432365
 1432419
 1432453
 1432627
 1432691
 1432808
 1433139
 1433202
 1433205
 1433381
 1433791
 1433804
 1433900
 1433995
 1434290
 1434323
 1434496
 1434536
 1434640
 1434641
 1434716
 1434737
 1434771
 1434802
 1435015
 1435084
 1435094
 1435141
 1435295
 1435450
 1435523
 1435744
 1435745
 1435757
 1435768
 1436058
 1436138
 1436145
 1436219
 1436382
 1436524
 1436624
 1436625
 1436779
 1436844
 1436860
 1436874
 1436903
 1437057
 1437168
 1437171
 1437364
 1437368
 1437369
 1437515
 1437814
 1438025
 1438028
 1438047
 1438238
 1438251
 1438341
 1438352
 1438371
 1438404
 1438507
 1438556
 1438637
 1438770
 1438924
 1438957
 1438959
 1438977
 1439197
 1439301
 1439335
 1439585
 1439610
 1439629
 1439748
 1439751
 1439824
 1439839
 1439868
 1439903
 1439917
 1439944
 1440399
 1440423
 1440649
 1440673
 1440679
 1440691
 1440760
 1440762
 1441033
 1441039
 1441067
 1441075
 1441102
 1441253
 1441407
 1441494
 1441628
 1441638
 1441682
 1441746
 1441817
 1442056
 1442075
 1442328
 1442457
 1442510
 1442684
 1442771
 1442909
 1442978
 1442981
 1443121
 1443153
 1443591
 1443779
 1443928
 1443980
 1444129
 1444210
 1444295
 1444549
 1444819
 1444912
 1445152
 1445222
 1445235
 1445256
 1445257
 1445281
 1445311
 1445320
 1445375
 1445403
 1445427
 1445433
 1445463
 1445478
 1445506
 1445663
 1446004
 1446112
 1446127
 1446287
 1446360
 1446582
 1446599
 1446833
 1447059
 1447099
 1447131
 1447166
 1447201
 1447300
 1447321
 1447326
 1447407
 1447512
 1447517
 1447634
 1447691
 1447831
 1447873
 1447886
 1447912
 1447937
 1448067
 1448127
 1448201
 1448309
 1448320
 1448367
 1448509
 1448523
 1448531
 1448681
 1449119
 1449179
 1449190
 1449206
 1449236
 1449416
 1449588
 1449610
 1449710
 1449783
 1449912
 1449971
 1450173
 1450218
 1450257
 1450432
 1450511
 1450512
 1450699
 1450742
 1451072
 1451132
 1451218
 1451300
 1451340
 1451436
 1451472
 1451540
 1451580
 1451611
 1451626
 1451697
 1451828
 1452285
 1452513
 1452647
 1452757
 1452854
 1452869
 1452908
 1453053
 1453097
 1453267
 1453433
 1453468
 1453475
 1453575
 1453783
 1453827
 1453990
 1454029
 1454100
 1454365
 1454481
 1454539
 1454750
 1454803
 1455051
 1455083
 1455100
 1455145
 1455180
 1455235
 1455379
 1455387
 1455470
 1455516
 1455616
 1455704
 1455788
 1455838
 1455896
 1455923
 1455965
 1456133
 1456170
 1456177
 1456205
 1456262
 1456368
 1456471
 1456552
 1456812
 1456848
 1456903
 1457141
 1457195
 1457242
 1457268
 1457722
 1457734
 1457766
 1457784
 1457816
 1457824
 1457905
 1457907
 1458008
 1458085
 1458089
 1458150
 1458210
 1458309
 1458333
 1458561
 1458771
 1458775
 1458798
 1458928
 1459028
 1459108
 1459250
 1459270
 1459299
 1459518
 1459657
 1459776
 1459821
 1459824
 1459935
 1459975
 1460098
 1460289
 1460355
 1460654
 1460739
 1460822
 1460919
 1461254
 1461395
 1461486
 1461848
 1461868
 1461882
 1462132
 1462139
 1462226
 1462333
 1462423
 1462437
 1462495
 1462549
 1462570
 1462587
 1462591
 1462643
 1462689
 1462699
 1462828
 1462835
 1462870
 1462876
 1463140
 1463165
 1463308
 1463444
 1463451
 1463570
 1463780
 1463803
 1463993
 1464042
 1464130
 1464233
 1464368
 1464528
 1464756
 1464835
 1465434
 1465485
 1465562
 1465586
 1465625
 1465678
 1465754
 1465804
 1465867
 1465987
 1466011
 1466023
 1466119
 1466126
 1466272
 1466627
 1466719
 1466847
 1466905
 1466918
 1467038
 1467091
 1467096
 1467127
 1467268
 1467336
 1467369
 1467379
 1467381
 1467388
 1467712
 1467768
 1467809
 1467865
 1468017
 1468025
 1468037
 1468097
 1468291
 1468540
 1468694
 1468751
 1468763
 1468789
 1468975
 1469088
 1469217
 1469236
 1469304
 1469498
 1469609
 1469973
 1470140
 1470142
 1470190
 1470489
 1470500
 1470589
 1470642
 1470795
 1471044
 1471056
 1471060
 1471074
 1471134
 1471205
 1471255
 1471279
 1471321
 1471325
 1471373
 1471506
 1471585
 1471632
 1471863
 1472033
 1472306
 1472481
 1472482
 1472716
 1472721
 1472768
 1472878
 1472956
 1472986
 1473037
 1473053
 1473132
 1473197
 1473260
 1473264
 1473275
 1473288
 1473430
 1473605
 1473625
 1473724
 1473906
 1474043
 1474054
 1474205
 1474295
 1474514
 1474870
 1474882
 1474993
 1475265
 1475382
 1475600
 1475633
 1475660
 1475812
 1476001
 1476035
 1476068
 1476074
 1476085
 1476103
 1476148
 1476173
 1476237
 1476412
 1476767
 1476778
 1476825
 1476973
 1477023
 1477061
 1477136
 1477159
 1477168
 1477196
 1477427
 1478084
 1478147
 1478475
 1478748
 1478827
 1478914
 1479021
 1479333
 1479409
 1479416
 1479448
 1479500
 1479609
 1479635
 1479656
 1479888
 1479901
 1479923
 1479932
 1479957
 1479958
 1480073
 1480285
 1480342
 1480541
 1480774
 1480822
 1480926
 1480994
 1481049
 1481107
 1481136
 1481160
 1481170
 1481317
 1481386
 1481640
 1481694
 1481763
 1481823
 1482014
 1482068
 1482175
 1482268
 1482269
 1482359
 1482426
 1482504
 1482594
 1482815
 1483163
 1483201
 1483350
 1483409
 1483445
 1483556
 1483680
 1483719
 1483787
 1483921
 1483985
 1484029
 1484101
 1484147
 1484219
 1484379
 1484444
 1484732
 1484888
 1485420
 1485480
 1485495
 1485584
 1485690
 1485887
 1485989
 1486045
 1486056
 1486073
 1486242
 1486361
 1486431
 1486618
 1486624
 1486668
 1486675
 1486722
 1486746
 1486842
 1486937
 1487059
 1487107
 1487198
 1487218
 1487261
 1487301
 1487435
 1487466
 1487508
 1487533
 1487700
 1487715
 1487716
 1487779
 1487879
 1488057
 1488240
 1488462
 1488640
 1488663
 1488701
 1488861
 1488863
 1488868
 1489118
 1489170
 1489299
 1489326
 1489648
 1489804
 1489858
 1490161
 1490225
 1490296
 1490320
 1490370
 1490394
 1490490
 1490611
 1490714
 1490807
 1491003
 1491021
 1491074
 1491109
 1491169
 1491280
 1491307
 1491342
 1491408
 1491447
 1491489
 1491553
 1491595
 1491803
 1491918
 1491949
 1491960
 1492057
 1492076
 1492121
 1492382
 1492388
 1492399
 1492418
 1492470
 1492488
 1492490
 1492520
 1492559
 1492606
 1492793
 1492870
 1493075
 1493107
 1493221
 1493230
 1493441
 1493568
 1493644
 1493697
 1493779
 1493859
 1493940
 1494302
 1494554
 1494563
 1494611
 1494643
 1494782
 1495020
 1495023
 1495137
 1495260
 1495304
 1495492
 1495534
 1495694
 1495868
 1496179
 1496181
 1496288
 1496422
 1496450
 1496664
 1496747
 1496791
 1496870
 1496925
 1496937
 1497112
 1497174
 1497240
 1497512
 1497588
 1497643
 1498018
 1498153
 1498276
 1498325
 1498370
 1498566
 1498577
 1498701
 1498729
 1498745
 1498853
 1499047
 1499396
 1500137
 1500281
 1500358
 1500448
 1500487
 1500666
 1500793
 1500875
 1500901
 1500903
 1500921
 1501060
 1501177
 1501312
 1501326
 1501511
 1501549
 1501655
 1501701
 1501751
 1501879
 1502011
 1502128
 1502141
 1502219
 1502290
 1502359
 1502499
 1502523
 1502749
 1502808
 1502838
 1502896
 1502937
 1503056
 1503166
 1503173
 1503244
 1503248
 1503345
 1503417
 1503670
 1503781
 1503795
 1503958
 1503963
 1503976
 1504128
 1504378
 1504385
 1504425
 1504630
 1504641
 1505030
 1505179
 1505323
 1505374
 1505416
 1505510
 1505534
 1505550
 1505666
 1505790
 1505974
 1506081
 1506095
 1506119
 1506346
 1506444
 1506474
 1506492
 1506494
 1506619
 1506668
 1506713
 1506750
 1506758
 1506762
 1506847
 1506889
 1506921
 1507117
 1507309
 1507322
 1507536
 1507569
 1507628
 1507659
 1507756
 1507757
 1507766
 1507818
 1507888
 1507893
 1507920
 1508087
 1508290
 1508337
 1508367
 1508390
 1508461
 1508504
 1508543
 1508660
 1508812
 1508840
 1509059
 1509118
 1509203
 1509268
 1509289
 1509306
 1509330
 1509477
 1509554
 1509600
 1509619
 1509632
 1509694
 1509819
 1509829
 1510088
 1510179
 1510243
 1510257
 1510409
 1510497
 1510524
 1510864
 1510899
 1511113
 1511358
 1511409
 1511553
 1511768
 1512038
 1512111
 1512183
 1512241
 1512245
 1512312
 1512323
 1512363
 1512436
 1512439
 1512509
 1512544
 1512752
 1512838
 1512931
 1513186
 1513227
 1513343
 1513355
 1513488
 1513515
 1513651
 1513697
 1513781
 1513889
 1514005
 1514188
 1514453
 1514519
 1514978
 1515019
 1515229
 1515366
 1515437
 1515547
 1515570
 1515750
 1515900
 1516266
 1516269
 1516334
 1516486
 1516572
 1516574
 1516651
 1516665
 1516717
 1516848
 1516856
 1517040
 1517113
 1517119
 1517281
 1517319
 1517371
 1517464
 1517632
 1517677
 1517757
 1517826
 1517900
 1517908
 1517919
 1517922
 1517991
 1518259
 1518308
 1518335
 1518342
 1518361
 1518509
 1518567
 1518616
 1518671
 1518737
 1518943
 1519071
 1519076
 1519246
 1519252
 1519440
 1519462
 1519514
 1519554
 1519574
 1519696
 1519742
 1519747
 1520064
 1520095
 1520183
 1520300
 1520306
 1520326
 1520414
 1520472
 1520493
 1520585
 1520629
 1520832
 1520913
 1520959
 1521044
 1521191
 1521348
 1521555
 1521759
 1521760
 1521934
 1522084
 1522147
 1522351
 1522569
 1522793
 1522915
 1522917
 1523022
 1523135
 1523609
 1523623
 1523716
 1523801
 1523968
 1523978
 1524065
 1524153
 1524170
 1524178
 1524216
 1524361
 1524415
 1524432
 1524455
 1524575
 1524766
 1524825
 1524911
 1524960
 1524979
 1525232
 1525463
 1525784
 1525805
 1525891
 1526077
 1526082
 1526183
 1526390
 1526631
 1526952
 1527040
 1527088
 1527312
 1527326
 1527643
 1527655
 1527714
 1527755
 1527763
 1527790
 1527905
 1527914
 1527955
 1527960
 1528340
 1528383
 1528552
 1528601
 1528731
 1528932
 1529089
 1529344
 1529363
 1529371
 1529427
 1529433
 1529548
 1529556
 1529592
 1529612
 1529645
 1529681
 1529709
 1529735
 1529871
 1529976
 1529994
 1530076
 1530080
 1530095
 1530242
 1530265
 1530272
 1530327
 1530381
 1530400
 1530433
 1530642
 1530834
 1530838
 1530850
 1531041
 1531149
 1531278
 1531409
 1531470
 1531604
 1531753
 1531916
 1532024
 1532027
 1532177
 1532379
 1532416
 1532436
 1532442
 1532460
 1532581
 1532650
 1532727
 1532810
 1532848
 1532858
 1532866
 1532868
 1532931
 1533020
 1533123
 1533385
 1533392
 1533458
 1533509
 1533740
 1533857
 1534039
 1534079
 1534221
 1534223
 1534365
 1534369
 1534447
 1534519
 1535052
 1535121
 1535152
 1535234
 1535300
 1535320
 1535382
 1535397
 1535695
 1535859
 1536081
 1536169
 1536256
 1536404
 1536409
 1536452
 1536542
 1536602
 1536699
 1536700
 1536840
 1536949
 1536980
 1537043
 1537067
 1537276
 1537417
 1537637
 1537653
 1537820
 1538314
 1538418
 1538481
 1538514
 1538518
 1538569
 1538572
 1538721
 1538745
 1538937
 1538960
 1539060
 1539069
 1539105
 1539146
 1539161
 1539358
 1539364
 1539377
 1539443
 1539510
 1539523
 1539590
 1539815
 1539895
 1539973
 1540052
 1540609
 1540760
 1540818
 1541034
 1541480
 1541481
 1541590
 1541686
 1541688
 1541710
 1541803
 1541815
 1541857
 1541921
 1541936
 1541948
 1542119
 1542267
 1542407
 1542522
 1542631
 1543202
 1543579
 1543801
 1543802
 1543906
 1543911
 1544409
 1544642
 1544716
 1544768
 1544997
 1545028
 1545211
 1545335
 1545339
 1545473
 1545600
 1545665
 1545754
 1545885
 1545990
 1546168
 1546311
 1546366
 1546443
 1546523
 1546587
 1546608
 1546685
 1546743
 1546912
 1546922
 1547052
 1547193
 1547204
 1547324
 1547337
 1547384
 1547430
 1547491
 1547755
 1547814
 1548034
 1548324
 1548330
 1548385
 1548459
 1548641
 1548829
 1548859
 1548914
 1548939
 1549102
 1549263
 1549506
 1549532
 1549647
 1549708
 1549847
 1550038
 1550154
 1550373
 1550375
 1550379
 1550518
 1550770
 1550831
 1550904
 1551092
 1551112
 1551210
 1551220
 1551390
 1551428
 1551647
 1551743
 1551924
 1551998
 1552105
 1552454
 1552538
 1552664
 1552681
 1552714
 1552732
 1552799
 1552831
 1553113
 1553177
 1553265
 1553278
 1553286
 1553586
 1553627
 1553631
 1553643
 1553705
 1553708
 1553726
 1553878
 1553968
 1554023
 1554102
 1554223
 1554266
 1554294
 1554365
 1554397
 1554507
 1554513
 1554544
 1554560
 1554632
 1554803
 1555125
 1555158
 1555214
 1555318
 1555416
 1555429
 1555443
 1555466
 1555753
 1555908
 1555970
 1556186
 1556230
 1556305
 1556350
 1556501
 1556521
 1556727
 1556757
 1556780
 1556925
 1557152
 1557154
 1557221
 1557329
 1557463
 1557507
 1557551
 1557635
 1557678
 1557744
 1557895
 1557955
 1558038
 1558120
 1558190
 1558197
 1558273
 1558352
 1558396
 1558446
 1558491
 1558561
 1558574
 1558579
 1558624
 1558741
 1558800
 1558826
 1559141
 1559375
 1559388
 1559649
 1559740
 1559859
 1560091
 1560163
 1560279
 1560296
 1560515
 1560621
 1560791
 1561041
 1561453
 1561488
 1561519
 1561573
 1561715
 1561760
 1561782
 1561946
 1561978
 1562012
 1562078
 1562396
 1562404
 1562450
 1562666
 1562973
 1562975
 1563110
 1563341
 1563375
 1563422
 1563659
 1563739
 1564040
 1564304
 1564342
 1564597
 1564613
 1564770
 1564809
 1565061
 1565179
 1565298
 1565310
 1565349
 1565807
 1565826
 1566049
 1566100
 1566401
 1566605
 1566712
 1566745
 1566757
 1566768
 1566856
 1566889
 1567203
 1567467
 1567651
 1567744
 1567810
 1567908
 1568299
 1568459
 1568499
 1568601
 1568797
 1568994
 1569023
 1569053
 1569307
 1569391
 1569477
 1569568
 1569637
 1569717
 1569734
 1569776
 1569871
 1569923
 1570253
 1570272
 1570307
 1570448
 1570688
 1570725
 1570833
 1571448
 1571519
 1571623
 1571781
 1571794
 1571916
 1571936
 1572008
 1572048
 1572082
 1572159
 1572164
 1572204
 1572268
 1572499
 1572551
 1572956
 1573126
 1573137
 1573366
 1573418
 1573526
 1573610
 1573614
 1573715
 1573748
 1573941
 1574039
 1574102
 1574333
 1574399
 1574539
 1574666
 1574733
 1574749
 1574847
 1574877
 1575054
 1575097
 1575319
 1575348
 1575438
 1575578
 1575612
 1575733
 1575752
 1575878
 1575893
 1576084
 1576219
 1576299
 1576307
 1576340
 1576515
 1576570
 1576596
 1576792
 1577000
 1577101
 1577419
 1577471
 1577652
 1577668
 1577909
 1578004
 1578149
 1578477
 1578647
 1578702
 1578706
 1578726
 1578900
 1579033
 1579062
 1579080
 1579110
 1579334
 1579832
 1579839
 1579914
 1580057
 1580104
 1580367
 1580484
 1580539
 1580800
 1580843
 1580918
 1581091
 1581225
 1581389
 1581454
 1581472
 1581619
 1581863
 1581872
 1582009
 1582045
 1582083
 1582224
 1582286
 1582357
 1582371
 1582453
 1582599
 1582681
 1582763
 1582809
 1582867
 1582876
 1582890
 1583004
 1583162
 1583177
 1583203
 1583247
 1583250
 1583555
 1583595
 1583743
 1583836
 1583842
 1583885
 1584063
 1584190
 1584259
 1584467
 1584640
 1584715
 1584910
 1585031
 1585078
 1585111
 1585201
 1585240
 1585255
 1585504
 1585526
 1585598
 1585605
 1585669
 1585691
 1585808
 1585813
 1585870
 1586054
 1586072
 1586169
 1586173
 1586292
 1586317
 1586344
 1586536
 1586657
 1586663
 1586681
 1586816
 1586934
 1587087
 1587179
 1587232
 1587262
 1587267
 1587327
 1587342
 1587418
 1587485
 1587559
 1587774
 1587834
 1587864
 1587946
 1588530
 1588574
 1588608
 1588701
 1588768
 1588795
 1588863
 1588956
 1589063
 1589090
 1589142
 1589271
 1589371
 1589462
 1589763
 1589965
 1589987
 1590360
 1590482
 1590730
 1590996
 1591038
 1591600
 1591719
 1591721
 1591762
 1592293
 1592308
 1592437
 1592491
 1592834
 1592984
 1592994
 1593109
 1593118
 1593121
 1593164
 1593169
 1593293
 1593465
 1593469
 1593532
 1593548
 1593564
 1593803
 1594102
 1594343
 1594366
 1594521
 1594641
 1594719
 1594799
 1594808
 1594902
 1595032
 1595054
 1595060
 1595067
 1595129
 1595149
 1595160
 1595265
 1595283
 1595380
 1595518
 1595541
 1595568
 1596243
 1596265
 1596273
 1596379
 1596521
 1596529
 1596583
 1596711
 1596801
 1597001
 1597241
 1597292
 1597360
 1597374
 1597387
 1597795
 1597868
 1597980
 1598346
 1598447
 1598501
 1598502
 1598524
 1598754
 1598779
 1599144
 1599308
 1599467
 1599774
 1599776
 1599925
 1600001
 1600057
 1600111
 1600228
 1600266
 1600588
 1600667
 1600824
 1600918
 1601137
 1601238
 1601244
 1601265
 1601549
 1601655
 1601868
 1601929
 1602120
 1602130
 1602255
 1602292
 1602301
 1602348
 1602409
 1602434
 1602487
 1602592
 1602620
 1602738
 1602760
 1602999
 1603122
 1603199
 1603309
 1603364
 1603461
 1603538
 1603621
 1603716
 1603774
 1603813
 1603900
 1604042
 1604115
 1604435
 1604485
 1604612
 1604745
 1604809
 1604917
 1604921
 1605021
 1605309
 1605462
 1605629
 1605703
 1605857
 1605979
 1605998
 1606007
 1606053
 1606115
 1606152
 1606350
 1606594
 1606624
 1606724
 1606829
 1606958
 1607067
 1607085
 1607243
 1607286
 1607314
 1607433
 1607491
 1607563
 1607565
 1607615
 1607629
 1607776
 1607877
 1607881
 1607912
 1607917
 1607936
 1607978
 1608062
 1608063
 1608328
 1608415
 1608432
 1608477
 1608648
 1608797
 1609009
 1609197
 1609272
 1609422
 1609469
 1609553
 1609620
 1609621
 1609919
 1609955
 1610084
 1610134
 1610236
 1610412
 1610431
 1610434
 1610523
 1610536
 1610594
 1610644
 1610692
 1610708
 1610786
 1610864
 1611002
 1611162
 1611174
 1611200
 1611324
 1611493
 1611692
 1611703
 1611793
 1611830
 1611851
 1611894
 1611938
 1611951
 1612329
 1612381
 1612392
 1612417
 1612490
 1612534
 1612550
 1612683
 1612753
 1612760
 1612856
 1612923
 1612952
 1612956
 1613025
 1613060
 1613096
 1613122
 1613166
 1613176
 1613266
 1613346
 1613419
 1613491
 1613545
 1613808
 1613867
 1613961
 1614079
 1614165
 1614201
 1614292
 1614470
 1614572
 1614587
 1614612
 1614644
 1614653
 1614793
 1614880
 1614925
 1614994
 1615123
 1615169
 1615596
 1615635
 1615757
 1615831
 1616197
 1616378
 1616602
 1616652
 1616954
 1617393
 1617404
 1617618
 1617663
 1617707
 1618091
 1618229
 1618248
 1618452
 1618453
 1618521
 1618534
 1618695
 1618843
 1619138
 1619213
 1619397
 1619404
 1619470
 1619499
 1619569
 1619583
 1619603
 1619623
 1619955
 1620033
 1620224
 1620398
 1620411
 1620416
 1620499
 1620618
 1620805
 1620820
 1620878
 1620892
 1620992
 1621195
 1621207
 1621264
 1621300
 1621379
 1621417
 1621496
 1621599
 1621784
 1621955
 1622038
 1622042
 1622233
 1622368
 1622540
 1622671
 1622704
 1622732
 1622759
 1622949
 1622952
 1623085
 1623220
 1623276
 1623783
 1623812
 1623889
 1623902
 1623918
 1623926
 1623934
 1623978
 1623987
 1624265
 1624485
 1624538
 1624704
 1624715
 1624757
 1624827
 1624851
 1625043
 1625160
 1625190
 1625769
 1625793
 1625892
 1625908
 1625945
 1626076
 1626209
 1626216
 1626248
 1626447
 1626877
 1627053
 1627066
 1627237
 1627319
 1627542
 1627785
 1627936
 1628011
 1628202
 1628399
 1628449
 1628521
 1628761
 1628826
 1628875
 1628886
 1628900
 1628933
 1629183
 1629530
 1630158
 1630454
 1630513
 1630540
 1630646
 1630655
 1630746
 1630750
 1630809
 1631151
 1631264
 1631437
 1631512
 1631553
 1631613
 1631781
 1631808
 1631821
 1632016
 1632050
 1632107
 1632174
 1632216
 1632219
 1632261
 1632306
 1632318
 1632346
 1632548
 1632553
 1632596
 1632612
 1632677
 1632756
 1632818
 1632937
 1632943
 1632986
 1633390
 1633433
 1633438
 1633594
 1633602
 1633687
 1633760
 1633831
 1633915
 1633921
 1633967
 1634201
 1634255
 1634400
 1634624
 1634713
 1634732
 1635005
 1635146
 1635170
 1635172
 1635392
 1635446
 1635690
 1635727
 1635809
 1635974
 1636075
 1636288
 1636297
 1636994
 1637083
 1637149
 1637292
 1637383
 1637489
 1637520
 1637758
 1637999
 1638123
 1638259
 1638344
 1638408
 1638602
 1638686
 1638732
 1638797
 1639141
 1639190
 1639206
 1639281
 1639410
 1639414
 1639430
 1639913
 1640034
 1640209
 1640263
 1640452
 1640572
 1640841
 1640886
 1640913
 1640923
 1641055
 1641140
 1641273
 1641275
 1641285
 1641580
 1641789
 1641895
 1642247
 1642358
 1642392
 1642668
 1642761
 1642811
 1642942
 1643066
 1643439
 1643764
 1643805
 1643972
 1644407
 1644445
 1644522
 1644719
 1644729
 1644854
 1644942
 1644971
 1645013
 1645057
 1645080
 1645097
 1645185
 1645278
 1645363
 1645486
 1645529
 1645582
 1645697
 1645811
 1645934
 1646102
 1646602
 1646653
 1646830
 1647029
 1647125
 1647373
 1647481
 1647633
 1647675
 1647827
 1648002
 1648340
 1648436
 1648470
 1648623
 1648638
 1648770
 1648907
 1648959
 1649057
 1649176
 1649210
 1649309
 1649332
 1649620
 1649709
 1649858
 1649893
 1649909
 1649925
 1650088
 1650200
 1650262
 1650327
 1650364
 1650421
 1650793
 1650887
 1650920
 1650990
 1651049
 1651101
 1651302
 1651377
 1651464
 1651483
 1651609
 1651640
 1651725
 1651730
 1651737
 1651743
 1651792
 1651816
 1651897
 1651974
 1652091
 1652105
 1652183
 1652237
 1652304
 1652354
 1652474
 1652555
 1652633
 1652666
 1652710
 1652747
 1652851
 1653117
 1653339
 1653642
 1653684
 1653699
 1653796
 1653937
 1653940
 1653944
 1654066
 1654084
 1654206
 1654350
 1654355
 1654500
 1654510
 1654550
 1654843
 1654995
 1655030
 1655110
 1655189
 1655361
 1655462
 1655506
 1655553
 1655639
 1656092
 1656447
 1656609
 1657069
 1657088
 1657091
 1657141
 1657189
 1657223
 1657254
 1657264
 1657278
 1657298
 1657481
 1657520
 1657546
 1657598
 1657706
 1657739
 1657757
 1657837
 1657885
 1658130
 1658203
 1658244
 1658454
 1658575
 1658644
 1658780
 1658810
 1658901
 1659009
 1659060
 1659361
 1659559
 1659633
 1660183
 1660195
 1660574
 1660673
 1660798
 1660816
 1660935
 1661077
 1661468
 1661573
 1661584
 1661832
 1661937
 1661940
 1662005
 1662481
 1662514
 1662700
 1662917
 1662940
 1663066
 1663451
 1663773
 1663833
 1663849
 1663895
 1664384
 1664389
 1664554
 1664608
 1664617
 1664737
 1664748
 1664767
 1664781
 1664807
 1664886
 1664936
 1664943
 1665049
 1665082
 1665094
 1665220
 1665253
 1665289
 1665317
 1665458
 1665762
 1665864
 1666132
 1666358
 1666511
 1666583
 1666621
 1666650
 1666720
 1666872
 1666975
 1667190
 1667373
 1667487
 1667589
 1667652
 1668020
 1668059
 1668123
 1668594
 1668604
 1668789
 1668820
 1668835
 1669267
 1669461
 1669671
 1669901
 1669985
 1670218
 1670360
 1670507
 1670544
 1670549
 1670594
 1670595
 1670633
 1670698
 1670755
 1670932
 1670992
 1671071
 1671143
 1671158
 1671269
 1671614
 1671796
 1671933
 1671968
 1672039
 1672106
 1672170
 1672194
 1672204
 1672251
 1672286
 1672317
 1672422
 1672596
 1672628
 1672681
 1672755
 1672778
 1672792
 1672875
 1672925
 1672934
 1672961
 1673019
 1673082
 1673136
 1673198
 1673566
 1673724
 1673886
 1673937
 1673951
 1674002
 1674115
 1674128
 1674338
 1674464
 1674472
 1674578
 1674659
 1674815
 1675036
 1675099
 1675212
 1675270
 1675289
 1675494
 1675498
 1675509
 1675541
 1675601
 1675656
 1675671
 1675718
 1675816
 1675841
 1676008
 1676061
 1676183
 1676204
 1676395
 1676460
 1676517
 1676555
 1676558
 1676593
 1676633
 1676667
 1676672
 1676716
 1677016
 1677094
 1677239
 1677288
 1677422
 1677447
 1677530
 1677826
 1677877
 1677960
 1677984
 1678080
 1678213
 1678574
 1678602
 1678801
 1678900
 1678975
 1679085
 1679293
 1679524
 1679918
 1680018
 1680028
 1680245
 1680339
 1680394
 1680562
 1680665
 1680730
 1680823
 1680986
 1681273
 1681295
 1681483
 1681646
 1681705
 1681957
 1682220
 1682354
 1682402
 1682695
 1682835
 1682996
 1683007
 1683014
 1683021
 1683022
 1683225
 1683322
 1683434
 1683540
 1683698
 1683758
 1683827
 1683982
 1684094
 1684257
 1684285
 1684368
 1684419
 1684424
 1684840
 1685022
 1685109
 1685137
 1685193
 1685370
 1685403
 1685464
 1685579
 1685622
 1685671
 1685684
 1685707
 1685837
 1685853
 1685887
 1686071
 1686144
 1686183
 1686372
 1686785
 1686840
 1686951
 1687002
 1687076
 1687155
 1687432
 1687553
 1687674
 1687677
 1687830
 1687958
 1688027
 1688031
 1688073
 1688128
 1688143
 1688261
 1688279
 1688326
 1688485
 1688571
 1688740
 1688748
 1689114
 1689122
 1689172
 1689287
 1689723
 1689727
 1689970
 1690021
 1690159
 1690408
 1690550
 1690616
 1690667
 1690775
 1690862
 1690894
 1691222
 1691401
 1691515
 1691539
 1691571
 1691649
 1691835
 1691869
 1691937
 1692165
 1692173
 1692282
 1692304
 1692372
 1692661
 1692674
 1692730
 1693248
 1693282
 1693342
 1693352
 1693421
 1693566
 1693656
 1693788
 1693803
 1693836
 1694005
 1694062
 1694146
 1694163
 1694299
 1694361
 1694404
 1694460
 1694488
 1694514
 1694593
 1694667
 1694834
 1694961
 1695020
 1695031
 1695047
 1695250
 1695306
 1695324
 1695345
 1695416
 1695530
 1695625
 1695729
 1696093
 1696096
 1696110
 1696162
 1696265
 1696342
 1696376
 1696433
 1696439
 1696529
 1696787
 1696908
 1697018
 1697042
 1697086
 1697283
 1697567
 1697598
 1697868
 1698033
 1698143
 1698251
 1698298
 1698409
 1698518
 1698616
 1698714
 1698880
 1699062
 1699093
 1699100
 1699118
 1699177
 1699239
 1699356
 1699367
 1699751
 1700294
 1700409
 1700570
 1700627
 1700709
 1700749
 1700753
 1700862
 1700931
 1701174
 1701441
 1701450
 1701463
 1701605
 1701618
 1701677
 1701987
 1702111
 1702167
 1702298
 1702326
 1702378
 1702863
 1702971
 1703159
 1703179
 1703280
 1703329
 1703410
 1703435
 1703542
 1703548
 1703694
 1703707
 1703739
 1703786
 1703810
 1703864
 1703969
 1704061
 1704183
 1704259
 1704393
 1704483
 1704499
 1704509
 1704579
 1704728
 1704733
 1704741
 1704772
 1704872
 1704911
 1705064
 1705254
 1705605
 1705714
 1705855
 1705860
 1705914
 1706096
 1706167
 1706218
 1706278
 1706323
 1706386
 1706510
 1706600
 1706693
 1706766
 1707023
 1707041
 1707060
 1707082
 1707200
 1707283
 1707306
 1707310
 1707313
 1707529
 1707612
 1707672
 1707707
 1707763
 1707848
 1708032
 1708311
 1708390
 1708627
 1708691
 1708825
 1708888
 1708919
 1709003
 1709004
 1709111
 1709156
 1709209
 1709273
 1709339
 1709494
 1709514
 1709541
 1709607
 1709776
 1710201
 1710320
 1710459
 1710562
 1710566
 1710579
 1710648
 1710695
 1710796
 1710872
 1710888
 1711057
 1711138
 1711228
 1711271
 1711346
 1711365
 1711517
 1711671
 1711723
 1711745
 1711862
 1711867
 1711921
 1711927
 1711947
 1711989
 1712001
 1712070
 1712221
 1712232
 1712523
 1712524
 1712697
 1713018
 1713151
 1713369
 1713441
 1713443
 1713608
 1713651
 1713714
 1713715
 1713821
 1713915
 1713973
 1714166
 1714168
 1714292
 1714297
 1714375
 1714503
 1714510
 1714618
 1714638
 1714759
 1714822
 1715040
 1715091
 1715226
 1715250
 1715288
 1715314
 1715351
 1715447
 1715535
 1715543
 1715577
 1715605
 1715624
 1715702
 1716026
 1716257
 1716283
 1716403
 1716464
 1716669
 1716702
 1716704
 1716905
 1716940
 1717115
 1717273
 1717397
 1717571
 1717631
 1717646
 1717662
 1717690
 1717699
 1717716
 1717745
 1717749
 1717890
 1717907
 1718163
 1718192
 1718202
 1718379
 1718648
 1718684
 1718760
 1718768
 1718973
 1719313
 1719361
 1719473
 1719514
 1719538
 1719539
 1719632
 1719991
 1720035
 1720129
 1720139
 1720209
 1720296
 1720560
 1720699
 1720771
 1720788
 1720895
 1720930
 1720940
 1721070
 1721105
 1721124
 1721205
 1721229
 1721254
 1721263
 1721384
 1721483
 1721544
 1721586
 1721689
 1721710
 1721766
 1721778
 1721873
 1721948
 1722061
 1722214
 1722247
 1722317
 1722373
 1722650
 1722769
 1722881
 1722986
 1723033
 1723228
 1723413
 1723744
 1723820
 1723927
 1723959
 1724097
 1724325
 1724368
 1724447
 1724544
 1724572
 1724656
 1724814
 1724841
 1724877
 1725032
 1725128
 1725155
 1725200
 1725212
 1725221
 1725308
 1725357
 1725363
 1725399
 1725542
 1725723
 1725968
 1726001
 1726212
 1726243
 1726268
 1726557
 1726587
 1726860
 1727113
 1727184
 1727320
 1727385
 1727456
 1727621
 1727840
 1727898
 1727907
 1727925
 1728071
 1728134
 1728206
 1728213
 1728247
 1728348
 1728353
 1728689
 1728850
 1728895
 1728928
 1729014
 1729053
 1729144
 1729279
 1729371
 1729439
 1729530
 1729576
 1729708
 1729796
 1729841
 1730043
 1730065
 1730511
 1730595
 1730649
 1730688
 1730738
 1730829
 1730879
 1730910
 1731504
 1731561
 1731602
 1731621
 1731743
 1731824
 1731835
 1732222
 1732331
 1732554
 1732580
 1732587
 1732665
 1732731
 1732781
 1733038
 1733173
 1733233
 1733289
 1733317
 1733519
 1733525
 1733558
 1733560
 1733630
 1733752
 1733763
 1733999
 1734065
 1734228
 1734243
 1734598
 1734929
 1735007
 1735040
 1735125
 1735128
 1735402
 1735487
 1735715
 1735737
 1735800
 1735853
 1735933
 1736062
 1736312
 1736320
 1736398
 1736554
 1736594
 1736708
 1736883
 1736885
 1737012
 1737030
 1737219
 1737223
 1737415
 1737538
 1737714
 1738035
 1738087
 1738182
 1738297
 1738313
 1738559
 1738844
 1738869
 1738893
 1738929
 1739118
 1739119
 1739248
 1739349
 1739541
 1739763
 1740023
 1740196
 1740206
 1740238
 1740248
 1740266
 1740268
 1740473
 1740559
 1740597
 1740598
 1740625
 1740760
 1740941
 1740963
 1740988
 1741008
 1741034
 1741150
 1741266
 1741269
 1741302
 1741305
 1741596
 1741703
 1741921
 1742013
 1742027
 1742069
 1742318
 1742731
 1742805
 1742988
 1743025
 1743032
 1743069
 1743145
 1743229
 1743253
 1743384
 1743387
 1743463
 1743491
 1743657
 1743793
 1743805
 1743867
 1743868
 1743888
 1743978
 1743983
 1744092
 1744123
 1744134
 1744210
 1744351
 1744411
 1744465
 1744554
 1744767
 1744861
 1744998
 1745030
 1745038
 1745062
 1745068
 1745079
 1745174
 1745236
 1745244
 1745310
 1745522
 1745779
 1745943
 1746047
 1746048
 1746159
 1746186
 1746254
 1746356
 1746364
 1746705
 1746735
 1746773
 1746857
 1746893
 1747063
 1747182
 1747306
 1747316
 1747449
 1747597
 1747659
 1747680
 1747713
 1747894
 1747916
 1747971
 1747987
 1748034
 1748255
 1748372
 1748470
 1748488
 1748545
 1748552
 1748577
 1748650
 1748684
 1748699
 1748790
 1748796
 1748797
 1748805
 1748842
 1748885
 1748905
 1748945
 1749016
 1749135
 1749161
 1749258
 1749307
 1749362
 1749394
 1749431
 1749576
 1749757
 1749854
 1749972
 1750082
 1750133
 1750140
 1750227
 1750258
 1750456
 1750490
 1750559
 1750632
 1750830
 1750833
 1751021
 1751025
 1751125
 1751354
 1751448
 1751483
 1751493
 1751496
 1751736
 1751745
 1751794
 1751857
 1751890
 1751915
 1752124
 1752127
 1752128
 1752186
 1752310
 1752367
 1752449
 1752562
 1752575
 1752576
 1752784
 1752891
 1752909
 1753108
 1753121
 1753222
 1753309
 1753361
 1753379
 1753492
 1753703
 1753764
 1753813
 1753980
 1753986
 1754130
 1754204
 1754359
 1754417
 1754592
 1754638
 1754664
 1754782
 1754862
 1755124
 1755201
 1755279
 1755282
 1755339
 1755435
 1755784
 1755955
 1756185
 1756202
 1756372
 1756431
 1756578
 1756586
 1756642
 1756648
 1756659
 1756850
 1756876
 1756902
 1756922
 1757033
 1757043
 1757061
 1757182
 1757199
 1757316
 1757371
 1757415
 1757478
 1757524
 1757575
 1757681
 1757719
 1757753
 1758306
 1758340
 1758397
 1758460
 1758494
 1758501
 1758521
 1758540
 1758641
 1758648
 1758895
 1759174
 1759191
 1759268
 1759326
 1759454
 1759561
 1759630
 1759637
 1759665
 1759675
 1759761
 1760021
 1760063
 1760131
 1760344
 1760464
 1760637
 1760717
 1760783
 1760806
 1761076
 1761129
 1761235
 1761306
 1761444
 1761636
 1761697
 1761857
 1762019
 1762106
 1762145
 1762462
 1762741
 1762880
 1762932
 1763061
 1763069
 1763193
 1763234
 1763247
 1763361
 1763699
 1763746
 1763805
 1763992
 1764313
 1764519
 1764527
 1764534
 1764650
 1764703
 1764811
 1765013
 1765066
 1765521
 1765532
 1765598
 1765772
 1765774
 1765775
 1765955
 1766050
 1766085
 1766088
 1766179
 1766186
 1766226
 1766264
 1766304
 1766581
 1766627
 1766691
 1766815
 1766967
 1766996
 1767031
 1767167
 1767204
 1767222
 1767247
 1767340
 1767376
 1767411
 1767510
 1767707
 1767711
 1768015
 1768057
 1768086
 1768124
 1768142
 1768208
 1768210
 1768220
 1768308
 1768433
 1768546
 1768769
 1768785
 1768793
 1768924
 1769071
 1769116
 1769236
 1769264
 1769281
 1769503
 1769719
 1769853
 1769874
 1769896
 1770128
 1770264
 1770334
 1770358
 1770380
 1770381
 1770498
 1770510
 1770609
 1770719
 1770771
 1770807
 1770875
 1770889
 1771032
 1771051
 1771145
 1771146
 1771305
 1771373
 1771459
 1771560
 1771664
 1771678
 1771699
 1771796
 1772102
 1772301
 1772362
 1772503
 1772504
 1772678
 1772771
 1773106
 1773133
 1773358
 1773437
 1773488
 1773616
 1773675
 1773705
 1773856
 1773996
 1774012
 1774063
 1774202
 1774256
 1774280
 1774288
 1774292
 1774404
 1774429
 1774525
 1774553
 1774844
 1774898
 1775011
 1775018
 1775064
 1775136
 1775261
 1775269
 1775423
 1775426
 1775662
 1776116
 1776219
 1776283
 1776414
 1776574
 1776581
 1776881
 1777174
 1777368
 1777422
 1777562
 1777887
 1777891
 1777892
 1778193
 1778197
 1778225
 1778378
 1778389
 1778411
 1778439
 1778468
 1778493
 1778607
 1778622
 1778665
 1778671
 1778843
 1778868
 1778877
 1778957
 1779010
 1779183
 1779197
 1779222
 1779238
 1779437
 1779519
 1779987
 1780033
 1780071
 1780257
 1780364
 1780698
 1780919
 1780926
 1780987
 1781142
 1781168
 1781254
 1781740
 1781840
 1781908
 1781948
 1781968
 1782099
 1782217
 1782345
 1782351
 1782420
 1782898
 1783064
 1783197
 1783331
 1783424
 1783523
 1783672
 1783785
 1783823
 1784213
 1784329
 1784603
 1784749
 1784815
 1784821
 1784929
 1784998
 1785278
 1785327
 1785485
 1785488
 1785615
 1785722
 1785732
 1785880
 1786246
 1786276
 1786414
 1786748
 1786774
 1786778
 1786798
 1786831
 1786871
 1787016
 1787089
 1787104
 1787133
 1787165
 1787185
 1787224
 1787230
 1787237
 1787427
 1787572
 1787705
 1787922
 1787966
 1788146
 1788221
 1788712
 1788782
 1788801
 1788973
 1788979
 1789137
 1789257
 1789466
 1789532
 1789577
 1789602
 1789612
 1789668
 1789765
 1789785
 1790480
 1790657
 1790731
 1790743
 1790899
 1790905
 1790984
 1791137
 1791242
 1791376
 1791405
 1791435
 1791454
 1791460
 1791489
 1791609
 1791779
 1791806
 1791816
 1792037
 1792129
 1792158
 1792231
 1792458
 1792478
 1792507
 1792816
 1792826
 1792925
 1792973
 1793235
 1793279
 1793350
 1793521
 1793587
 1793664
 1793860
 1793987
 1794122
 1794180
 1794426
 1794463
 1794493
 1794585
 1794620
 1794667
 1794972
 1795044
 1795220
 1795240
 1795241
 1795258
 1795495
 1795770
 1795814
 1795886
 1795947
 1796015
 1796064
 1796093
 1796263
 1796275
 1796278
 1796332
 1796467
 1796701
 1796764
 1796869
 1796907
 1796921
 1796924
 1797111
 1797461
 1797543
 1797548
 1797681
 1797702
 1797749
 1797866
 1797902
 1797947
 1798012
 1798020
 1798046
 1798129
 1798196
 1798227
 1798443
 1798494
 1798721
 1798986
 1799004
 1799208
 1799372
 1799593
 1799623
 1799754
 1799778
 1799794
 1799803
 1799811
 1799829
 1799980
 1800189
 1800225
 1800435
 1800551
 1800601
 1800927
 1801060
 1801070
 1801277
 1801353
 1801712
 1801924
 1801979
 1802023
 1802032
 1802082
 1802194
 1802211
 1802313
 1802364
 1802401
 1802546
 1802560
 1802603
 1802746
 1802796
 1802908
 1803074
 1803098
 1803203
 1803216
 1803292
 1803497
 1803537
 1803553
 1803554
 1803674
 1803694
 1804011
 1804042
 1804266
 1804267
 1804275
 1804333
 1804466
 1804473
 1804526
 1804619
 1804637
 1805031
 1805182
 1805206
 1805238
 1805285
 1805432
 1805642
 1805709
 1805811
 1805839
 1805918
 1805919
 1805921
 1806030
 1806120
 1806193
 1806267
 1806283
 1806290
 1806308
 1806456
 1806497
 1806574
 1806811
 1806816
 1807132
 1807300
 1807493
 1807868
 1808097
 1808101
 1808164
 1808169
 1808410
 1808464
 1808482
 1808520
 1808530
 1808602
 1808626
 1808631
 1808635
 1808843
 1809026
 1809190
 1809267
 1809273
 1809309
 1809338
 1809390
 1809530
 1809531
 1809560
 1809572
 1809599
 1809604
 1809676
 1809707
 1809726
 1809935
 1809948
 1810062
 1810078
 1810113
 1810185
 1810321
 1810380
 1810487
 1810509
 1810599
 1810791
 1810798
 1810984
 1811057
 1811214
 1811224
 1811250
 1811308
 1811351
 1811472
 1811484
 1811582
 1811675
 1811929
 1811998
 1812064
 1812395
 1812528
 1812564
 1812573
 1812598
 1812638
 1812760
 1812799
 1812883
 1812902
 1813010
 1813086
 1813103
 1813477
 1813546
 1813728
 1813748
 1813913
 1813924
 1814002
 1814008
 1814017
 1814251
 1814361
 1814404
 1814517
 1814556
 1815056
 1815212
 1815402
 1815450
 1815496
 1815497
 1815624
 1815892
 1815922
 1816229
 1816352
 1816630
 1816857
 1816939
 1817177
 1817239
 1817283
 1817327
 1817342
 1817429
 1817619
 1817699
 1817736
 1817776
 1817807
 1817825
 1817855
 1817951
 1818014
 1818278
 1818314
 1818332
 1818383
 1818502
 1818669
 1818909
 1819056
 1819295
 1819310
 1819341
 1819517
 1819606
 1819721
 1819892
 1819950
 1819953
 1820299
 1820339
 1820512
 1820586
 1820862
 1820964
 1821293
 1821492
 1821789
 1821887
 1821961
 1821976
 1822047
 1822055
 1822091
 1822321
 1822407
 1822575
 1822688
 1822733
 1822827
 1822871
 1822895
 1822920
 1823251
 1823342
 1823483
 1823598
 1823621
 1823674
 1823784
 1823794
 1823960
 1824234
 1824388
 1824416
 1824451
 1824610
 1825117
 1825179
 1825195
 1825311
 1825463
 1825665
 1825687
 1825778
 1825810
 1826080
 1826132
 1826256
 1826424
 1826437
 1826506
 1826524
 1826540
 1826644
 1826652
 1826746
 1826782
 1826791
 1826868
 1826941
 1826963
 1827071
 1827237
 1827382
 1827435
 1827607
 1827660
 1827790
 1828023
 1828177
 1828283
 1828296
 1828491
 1828548
 1828573
 1828581
 1828596
 1828708
 1828771
 1828967
 1829040
 1829070
 1829086
 1829103
 1829282
 1829324
 1829380
 1829391
 1829450
 1829517
 1829522
 1829557
 1829756
 1829807
 1830000
 1830078
 1830131
 1830164
 1830220
 1830238
 1830240
 1830390
 1830524
 1830583
 1830758
 1830762
 1830851
 1831022
 1831075
 1831113
 1831136
 1831539
 1831583
 1831693
 1831780
 1831888
 1831895
 1831905
 1832026
 1832119
 1832140
 1832141
 1832283
 1832385
 1832484
 1832548
 1832648
 1832885
 1833068
 1833077
 1833087
 1833174
 1833237
 1833260
 1833379
 1833391
 1833442
 1833645
 1833735
 1833788
 1833839
 1833926
 1833975
 1833987
 1834047
 1834078
 1834209
 1834222
 1834229
 1834268
 1834375
 1834412
 1834422
 1834448
 1834473
 1834628
 1834997
 1835036
 1835138
 1835165
 1835223
 1835237
 1835418
 1835474
 1835638
 1835775
 1835914
 1835969
 1836101
 1836156
 1836180
 1836270
 1836414
 1836428
 1836637
 1836672
 1836681
 1836734
 1836766
 1836794
 1837038
 1837158
 1837377
 1837506
 1837547
 1837790
 1837878
 1837991
 1838045
 1838191
 1838232
 1838276
 1838289
 1838530
 1838656
 1838661
 1838689
 1838779
 1838784
 1838828
 1838836
 1838840
 1838924
 1838995
 1839132
 1839350
 1839428
 1839474
 1839898
 1839926
 1839972
 1839986
 1840034
 1840076
 1840113
 1840211
 1840292
 1840343
 1840360
 1840361
 1840455
 1840470
 1840539
 1840591
 1840600
 1840701
 1840816
 1841004
 1841043
 1841103
 1841311
 1841425
 1841465
 1841523
 1841542
 1841573
 1841787
 1841856
 1841971
 1842059
 1842102
 1842322
 1842395
 1842420
 1842428
 1842586
 1842622
 1843041
 1843110
 1843304
 1843489
 1843866
 1844158
 1844503
 1844823
 1844833
 1844845
 1844976
 1845250
 1845258
 1845324
 1845335
 1845378
 1845566
 1845691
 1845791
 1845821
 1845905
 1846302
 1846377
 1846379
 1846480
 1846593
 1846740
 1846835
 1847158
 1847192
 1847478
 1847582
 1847637
 1847663
 1847665
 1847672
 1847761
 1847766
 1847847
 1847915
 1848123
 1848136
 1848169
 1848638
 1848725
 1848902
 1848905
 1849075
 1849136
 1849333
 1849363
 1849563
 1849677
 1849736
 1849818
 1849975
 1850095
 1850284
 1850328
 1850952
 1850963
 1851508
 1851628
 1851657
 1851751
 1851819
 1851872
 1851942
 1851995
 1852137
 1852338
 1852446
 1852497
 1852566
 1852703
 1852785
 1852949
 1853108
 1853246
 1853252
 1853394
 1853733
 1853961
 1853985
 1854084
 1854384
 1854386
 1854390
 1854423
 1854531
 1854656
 1854699
 1854721
 1854737
 1854868
 1854912
 1854927
 1854941
 1855102
 1855177
 1855260
 1855344
 1855652
 1855658
 1855983
 1856083
 1856368
 1856849
 1856850
 1856893
 1856904
 1856908
 1857011
 1857345
 1857378
 1857538
 1857647
 1857877
 1857941
 1858085
 1858142
 1858145
 1858175
 1858211
 1858241
 1858242
 1858253
 1858283
 1858520
 1858620
 1858756
 1858935
 1858995
 1859106
 1859123
 1859238
 1859393
 1859527
 1859777
 1859940
 1860088
 1860090
 1860117
 1860134
 1860190
 1860218
 1860325
 1860336
 1860342
 1860448
 1860563
 1860565
 1860626
 1860656
 1860822
 1860871
 1860880
 1861087
 1861105
 1861130
 1861273
 1861288
 1861312
 1861463
 1861531
 1861772
 1861976
 1862072
 1862090
 1862091
 1862197
 1862321
 1862476
 1862497
 1862808
 1862983
 1863241
 1863279
 1863364
 1863564
 1863676
 1863741
 1863942
 1863968
 1864035
 1864087
 1864089
 1864157
 1864329
 1864483
 1864605
 1864620
 1864778
 1864911
 1865100
 1865363
 1865612
 1865700
 1865743
 1865760
 1865949
 1866309
 1866326
 1866359
 1866381
 1866384
 1866436
 1866440
 1866506
 1866539
 1866541
 1866595
 1866599
 1866690
 1866793
 1866869
 1867126
 1867393
 1867924
 1867970
 1868043
 1868057
 1868100
 1868120
 1868319
 1868595
 1868757
 1868760
 1868816
 1869054
 1869275
 1869308
 1869370
 1869565
 1869682
 1869724
 1869746
 1869767
 1869881
 1869984
 1870107
 1870557
 1870680
 1870763
 1870841
 1871035
 1871052
 1871207
 1871522
 1871595
 1871661
 1871843
 1871941
 1871966
 1872003
 1872034
 1872080
 1872195
 1872358
 1872405
 1872414
 1872471
 1872650
 1872754
 1872794
 1872850
 1873001
 1873015
 1873075
 1873226
 1873303
 1873340
 1873341
 1873351
 1873356
 1873507
 1873638
 1873648
 1873657
 1873680
 1873684
 1873822
 1873902
 1873963
 1874065
 1874216
 1874297
 1874571
 1874609
 1874685
 1874939
 1875135
 1875475
 1875518
 1875523
 1875638
 1875706
 1875830
 1876132
 1876280
 1876324
 1876329
 1876339
 1876706
 1877173
 1877184
 1877204
 1877215
 1877330
 1877362
 1877403
 1877476
 1877522
 1877600
 1877689
 1877732
 1877851
 1877853
 1877916
 1877954
 1878078
 1878138
 1878617
 1878655
 1878736
 1878750
 1878789
 1878869
 1878933
 1879175
 1879231
 1879273
 1879322
 1879352
 1879378
 1879417
 1879582
 1879679
 1879693
 1879937
 1880226
 1880288
 1880322
 1880366
 1880384
 1880497
 1880793
 1880815
 1881012
 1881015
 1881059
 1881106
 1881111
 1881121
 1881151
 1881296
 1881450
 1881708
 1881717
 1881768
 1881830
 1881895
 1881994
 1882004
 1882005
 1882091
 1882157
 1882234
 1882451
 1882456
 1882579
 1882656
 1882669
 1882735
 1882751
 1882773
 1882977
 1882996
 1883040
 1883195
 1883220
 1883222
 1883280
 1883358
 1883400
 1883405
 1883473
 1883546
 1883554
 1883624
 1884066
 1884087
 1884276
 1884323
 1884374
 1884501
 1884551
 1884600
 1885104
 1885166
 1885170
 1885349
 1885382
 1885408
 1885458
 1885472
 1885505
 1885580
 1885887
 1885922
 1885923
 1885942
 1885956
 1885969
 1886187
 1886210
 1886246
 1886388
 1886391
 1886403
 1886447
 1886920
 1886921
 1887000
 1887124
 1887467
 1887616
 1887680
 1887716
 1887856
 1887939
 1887992
 1888102
 1888118
 1888155
 1888186
 1888190
 1888348
 1888457
 1888498
 1888520
 1888595
 1888621
 1888708
 1888840
 1888953
 1888971
 1889127
 1889131
 1889161
 1889427
 1889446
 1889448
 1889522
 1889602
 1889650
 1889705
 1889840
 1889884
 1890032
 1890154
 1890216
 1890237
 1890264
 1890315
 1890323
 1890591
 1890620
 1890760
 1890880
 1890885
 1891016
 1891134
 1891162
 1891521
 1891625
 1891667
 1891675
 1891730
 1891754
 1891968
 1891980
 1892005
 1892041
 1892072
 1892091
 1892233
 1892273
 1892313
 1892444
 1892507
 1892581
 1892587
 1892722
 1892903
 1892964
 1893231
 1893422
 1893519
 1893537
 1893578
 1893639
 1893771
 1894021
 1894180
 1894256
 1894415
 1894479
 1894543
 1894558
 1894982
 1895167
 1895205
 1895396
 1895496
 1895513
 1895894
 1895902
 1895907
 1895920
 1896010
 1896023
 1896028
 1896033
 1896163
 1896263
 1896268
 1896408
 1896507
 1896632
 1896899
 1896996
 1897276
 1897362
 1897570
 1897618
 1897640
 1897646
 1897676
 1897866
 1897900
 1897940
 1898109
 1898160
 1898214
 1898255
 1898261
 1898362
 1898387
 1898463
 1898601
 1898657
 1898678
 1899009
 1899026
 1899029
 1899044
 1899169
 1899318
 1899492
 1899577
 1899701
 1899794
 1899927
 1899967
 1900119
 1900143
 1900209
 1900299
 1900313
 1900475
 1900601
 1900612
 1900701
 1900704
 1900776
 1900779
 1900864
 1900983
 1901046
 1901277
 1901435
 1901445
 1901449
 1901482
 1901798
 1901818
 1902045
 1902048
 1902089
 1902251
 1902296
 1902300
 1902590
 1903037
 1903054
 1903100
 1903108
 1903138
 1903204
 1903243
 1903281
 1903445
 1903486
 1903501
 1903557
 1903649
 1903694
 1904278
 1904345
 1904375
 1904468
 1904599
 1904625
 1904740
 1904809
 1905073
 1905107
 1905286
 1905655
 1905675
 1905681
 1905682
 1905743
 1905795
 1905930
 1905999
 1906084
 1906265
 1906268
 1906299
 1906331
 1906428
 1906526
 1906594
 1906595
 1906676
 1906680
 1906681
 1906698
 1906753
 1906795
 1906903
 1907016
 1907020
 1907234
 1907418
 1907501
 1907567
 1907780
 1907926
 1907927
 1907992
 1908059
 1908175
 1908193
 1908204
 1908443
 1908549
 1908576
 1908791
 1908915
 1909087
 1909197
 1909220
 1909358
 1909363
 1909405
 1909712
 1909858
 1909924
 1909928
 1909959
 1909960
 1910006
 1910234
 1910330
 1910426
 1910594
 1910690
 1910887
 1910930
 1911057
 1911290
 1911403
 1911593
 1911711
 1911861
 1911916
 1911954
 1912248
 1912387
 1912715
 1912761
 1912777
 1912806
 1912947
 1912969
 1913144
 1913195
 1913335
 1913357
 1913395
 1913424
 1913507
 1913788
 1913968
 1914095
 1914260
 1914301
 1914331
 1914479
 1914512
 1914670
 1914709
 1914746
 1914758
 1914773
 1914795
 1914799
 1914848
 1914868
 1914917
 1915255
 1915260
 1915373
 1915423
 1915563
 1915614
 1915773
 1915784
 1915785
 1916077
 1916164
 1916322
 1916357
 1916431
 1916522
 1916592
 1916691
 1916708
 1916849
 1916878
 1916936
 1916961
 1916972
 1917183
 1917449
 1917468
 1917518
 1917561
 1917695
 1917704
 1917909
 1917980
 1917999
 1918238
 1918446
 1918451
 1918575
 1918686
 1918691
 1918869
 1919251
 1919259
 1919289
 1919384
 1919473
 1919518
 1919573
 1919645
 1919664
 1919748
 1919820
 1919861
 1919911
 1919940
 1919947
 1920071
 1920110
 1920145
 1920206
 1920231
 1920415
 1920440
 1920572
 1920594
 1920733
 1920739
 1921009
 1921072
 1921087
 1921138
 1921162
 1921163
 1921404
 1921448
 1921468
 1921483
 1921501
 1921606
 1921786
 1921867
 1921911
 1921924
 1921992
 1922189
 1922329
 1922343
 1922587
 1922896
 1923073
 1923140
 1923161
 1923207
 1923242
 1923249
 1923262
 1923423
 1923429
 1923499
 1923522
 1923617
 1923634
 1923689
 1923826
 1923914
 1924011
 1924066
 1924105
 1924177
 1924557
 1924624
 1924677
 1924926
 1924956
 1925008
 1925095
 1925180
 1925194
 1925199
 1925235
 1925244
 1925268
 1925292
 1925293
 1925371
 1925433
 1925435
 1925440
 1925455
 1925484
 1925778
 1925907
 1926038
 1926041
 1926330
 1926581
 1926677
 1926708
 1926789
 1926989
 1927057
 1927165
 1927273
 1927425
 1927609
 1927638
 1927749
 1927781
 1927885
 1927914
 1927935
 1927977
 1927982
 1928021
 1928047
 1928078
 1928195
 1928430
 1928530
 1928580
 1928649
 1928706
 1928813
 1928844
 1929211
 1929286
 1929354
 1929531
 1929537
 1929629
 1929736
 1929790
 1930006
 1930139
 1930189
 1930236
 1930279
 1930313
 1930323
 1930361
 1930586
 1930607
 1930613
 1930828
 1930856
 1930875
 1930904
 1930942
 1930982
 1931031
 1931164
 1931292
 1931563
 1931599
 1931614
 1931671
 1931699
 1931799
 1931885
 1932195
 1932422
 1932575
 1932664
 1932758
 1932900
 1932920
 1932975
 1933200
 1933253
 1933302
 1933432
 1933493
 1933587
 1933597
 1933836
 1933898
 1933968
 1934091
 1934188
 1934226
 1934231
 1934302
 1934538
 1934570
 1934629
 1934693
 1934731
 1935143
 1935386
 1935403
 1935419
 1935602
 1935718
 1935735
 1935750
 1935835
 1935886
 1935978
 1936104
 1936151
 1936216
 1936441
 1936478
 1936531
 1936734
 1936871
 1937169
 1937296
 1937429
 1937562
 1937594
 1937759
 1937843
 1937980
 1938141
 1938180
 1938201
 1938357
 1938570
 1938808
 1938831
 1938834
 1938987
 1939010
 1939064
 1939069
 1939142
 1939182
 1939290
 1939488
 1939711
 1939748
 1939765
 1939937
 1939995
 1940046
 1940068
 1940098
 1940229
 1940241
 1940255
 1940536
 1940558
 1940664
 1940684
 1940821
 1940843
 1940946
 1941186
 1941235
 1941318
 1941573
 1941616
 1941624
 1941668
 1941679
 1941683
 1941719
 1941750
 1941790
 1941868
 1942065
 1942131
 1942196
 1942255
 1942359
 1942385
 1942435
 1942453
 1942473
 1942705
 1942712
 1942777
 1942881
 1942959
 1943149
 1943164
 1943425
 1943474
 1943568
 1943752
 1943859
 1943883
 1944278
 1944441
 1944586
 1944646
 1944796
 1944866
 1944909
 1945150
 1945196
 1945247
 1945311
 1945451
 1945460
 1945532
 1945657
 1945951
 1946016
 1946108
 1946130
 1946422
 1946542
 1946545
 1946699
 1946801
 1946860
 1946974
 1947001
 1947004
 1947041
 1947048
 1947108
 1947192
 1947200
 1947210
 1947428
 1947556
 1947640
 1947700
 1947904
 1947912
 1948059
 1948116
 1948231
 1948285
 1948321
 1948348
 1948604
 1948839
 1948864
 1948900
 1949055
 1949157
 1949259
 1949266
 1949283
 1949298
 1949322
 1949394
 1949450
 1949540
 1949645
 1949898
 1949968
 1950096
 1950112
 1950211
 1950265
 1950711
 1950796
 1950938
 1950986
 1951090
 1951264
 1951355
 1951367
 1951462
 1951486
 1951547
 1951611
 1951720
 1951750
 1951879
 1951949
 1952099
 1952241
 1952329
 1952573
 1952617
 1952944
 1952956
 1953022
 1953744
 1953752
 1954190
 1954231
 1954310
 1954408
 1954455
 1954776
 1954802
 1954974
 1955120
 1955203
 1955266
 1955352
 1955364
 1955437
 1955616
 1955886
 1956062
 1956262
 1956274
 1956325
 1956452
 1956487
 1956691
 1956726
 1956744
 1956941
 1956969
 1957082
 1957309
 1957569
 1957598
 1957814
 1957856
 1958072
 1958091
 1958105
 1958296
 1958530
 1958618
 1958719
 1958830
 1958962
 1959177
 1959193
 1959265
 1959528
 1959585
 1959681
 1959770
 1959831
 1959986
 1960236
 1960370
 1960410
 1960502
 1960548
 1960565
 1960926
 1961046
 1961116
 1961172
 1961203
 1961208
 1961214
 1961217
 1961344
 1961414
 1961706
 1961747
 1961764
 1961853
 1961871
 1961896
 1961985
 1962286
 1962371
 1962479
 1962501
 1962524
 1962691
 1962757
 1962886
 1962988
 1963043
 1963096
 1963229
 1963349
 1963416
 1963575
 1963750
 1963802
 1964042
 1964162
 1964384
 1964467
 1965161
 1965282
 1965298
 1965442
 1965539
 1965543
 1965618
 1965667
 1965682
 1965691
 1965776
 1965781
 1965820
 1965878
 1965911
 1965934
 1966132
 1966181
 1966259
 1966281
 1966354
 1966698
 1966720
 1966796
 1966864
 1966875
 1966936
 1967076
 1967193
 1967260
 1967311
 1967331
 1967382
 1967493
 1967660
 1967711
 1967742
 1967896
 1967897
 1967964
 1968101
 1968161
 1968306
 1968347
 1968653
 1968728
 1968823
 1968876
 1968892
 1968927
 1968943
 1968976
 1968999
 1969019
 1969085
 1969138
 1969156
 1969372
 1969701
 1970090
 1970118
 1970219
 1970346
 1970629
 1970723
 1970873
 1970879
 1970898
 1971035
 1971041
 1971070
 1971075
 1971085
 1971096
 1971144
 1971208
 1971215
 1971221
 1971234
 1971448
 1971474
 1971607
 1971619
 1971661
 1971719
 1971736
 1971757
 1971830
 1971881
 1971889
 1971896
 1971977
 1972166
 1972200
 1972295
 1972613
 1972852
 1972857
 1972899
 1972922
 1972938
 1972999
 1973279
 1973389
 1973393
 1973536
 1973704
 1973803
 1973961
 1974017
 1974022
 1974067
 1974077
 1974291
 1974308
 1974534
 1974611
 1974667
 1974778
 1974963
 1975031
 1975048
 1975471
 1975635
 1975645
 1975647
 1975662
 1975863
 1975979
 1976457
 1976585
 1976775
 1977035
 1977061
 1977111
 1977187
 1977361
 1977423
 1977446
 1977447
 1977528
 1977549
 1977578
 1977586
 1977596
 1977614
 1977751
 1977831
 1977858
 1977914
 1978096
 1978172
 1978351
 1978893
 1978937
 1979053
 1979503
 1979615
 1979667
 1979774
 1979782
 1979809
 1979827
 1980155
 1980283
 1980287
 1980312
 1980345
 1980355
 1980537
 1980785
 1980857
 1980873
 1980902
 1980903
 1980921
 1981024
 1981141
 1981250
 1981296
 1981310
 1981336
 1981425
 1981759
 1981818
 1982095
 1982297
 1982357
 1982396
 1982422
 1982662
 1982682
 1982779
 1982992
 1983122
 1983259
 1983328
 1983364
 1983501
 1983511
 1983604
 1983746
 1983913
 1983916
 1983928
 1984017
 1984060
 1984084
 1984120
 1984169
 1984338
 1984511
 1984602
 1984698
 1984736
 1984740
 1984778
 1985010
 1985383
 1985850
 1985924
 1986072
 1986412
 1986520
 1986815
 1986862
 1987113
 1987123
 1987128
 1987141
 1987314
 1987473
 1987527
 1987591
 1987638
 1987707
 1987713
 1987721
 1987805
 1988210
 1988518
 1988647
 1988693
 1988738
 1988746
 1988789
 1988870
 1989005
 1989056
 1989066
 1989260
 1989269
 1989820
 1989971
 1990018
 1990027
 1990345
 1990360
 1990573
 1990631
 1990633
 1990677
 1990760
 1990857
 1990897
 1990943
 1991101
 1991293
 1991392
 1991608
 1991619
 1991742
 1991800
 1991872
 1992354
 1992441
 1992463
 1992484
 1992510
 1992643
 1992808
 1992929
 1993128
 1993263
 1993283
 1993331
 1993354
 1993393
 1993474
 1993510
 1993682
 1993769
 1993913
 1994126
 1994219
 1994286
 1994648
 1994662
 1994752
 1994757
 1994810
 1995076
 1995123
 1995159
 1995548
 1995692
 1995717
 1995756
 1995812
 1995849
 1996008
 1996031
 1996129
 1996134
 1996272
 1996283
 1996444
 1996602
 1996904
 1996980
 1996994
 1997038
 1997054
 1997060
 1997089
 1997540
 1997702
 1997936
 1997963
 1998002
 1998229
 1998501
 1998556
 1998579
 1998650
 1998741
 1998771
 1998916
 1999045
 1999126
 1999317
 1999449
 1999528
 1999594
 1999760
 1999871
 1999966
 2000005
 2000241
 2000486
 2000656
 2000699
 2000778
 2000913
 2000935
 2001088
 2001104
 2001466
 2001479
 2001598
 2001691
 2001789
 2002084
 2002105
 2002185
 2002542
 2002680
 2002834
 2002865
 2002966
 2002978
 2002979
 2003448
 2003584
 2003731
 2003837
 2003994
 2004058
 2004336
 2004453
 2004550
 2004552
 2004594
 2004598
 2004617
 2004676
 2004679
 2004932
 2004968
 2004987
 2005055
 2005148
 2005149
 2005237
 2005254
 2005285
 2005338
 2005473
 2005814
 2005827
 2006033
 2006053
 2006229
 2006282
 2006469
 2006838
 2006886
 2007101
 2007267
 2007649
 2007749
 2007829
 2007883
 2007974
 2008114
 2008599
 2008712
 2008787
 2008879
 2008901
 2008948
 2008995
 2009213
 2009379
 2009390
 2009396
 2009713
 2009973
 2010004
 2010143
 2010166
 2010243
 2010319
 2010491
 2010538
 2010611
 2010773
 2010996
 2011029
 2011043
 2011091
 2011163
 2011421
 2011463
 2011601
 2011664
 2011892
 2011986
 2012069
 2012195
 2012207
 2012315
 2012539
 2013198
 2013318
 2013416
 2013422
 2013508
 2013581
 2013750
 2013763
 2013778
 2013955
 2013985
 2014005
 2014102
 2014162
 2014214
 2014279
 2014340
 2014416
 2014531
 2014764
 2014897
 2015038
 2015396
 2015493
 2015501
 2015568
 2015652
 2015656
 2015816
 2015831
 2016088
 2016341
 2016393
 2016431
 2016439
 2016500
 2016553
 2016719
 2016743
 2016787
 2016844
 2016852
 2016955
 2017164
 2017201
 2017310
 2017634
 2017719
 2017759
 2017765
 2017838
 2017866
 2017879
 2017928
 2018308
 2018327
 2018364
 2018486
 2018536
 2018555
 2018596
 2018847
 2019034
 2019055
 2019134
 2019306
 2019585
 2019762
 2019782
 2019790
 2019835
 2019862
 2019867
 2019881
 2020102
 2020142
 2020336
 2020437
 2020551
 2020644
 2021120
 2021166
 2021322
 2021370
 2021438
 2021607
 2021634
 2021649
 2021784
 2021813
 2021815
 2021902
 2022028
 2022125
 2022331
 2022408
 2022799
 2022810
 2023089
 2023106
 2023189
 2023231
 2023367
 2023532
 2023568
 2023687
 2023724
 2023877
 2023929
 2024019
 2024252
 2024395
 2024485
 2024568
 2024610
 2024634
 2024698
 2024733
 2024905
 2025085
 2025087
 2025124
 2025211
 2025247
 2025250
 2025312
 2025387
 2025442
 2025540
 2025615
 2025620
 2025696
 2025719
 2025804
 2025912
 2025975
 2026039
 2026192
 2026445
 2026585
 2026737
 2026746
 2026772
 2026846
 2027100
 2027109
 2027135
 2027154
 2027226
 2027243
 2027336
 2027368
 2027517
 2027715
 2027807
 2027889
 2027915
 2028145
 2028198
 2028339
 2028429
 2028482
 2028873
 2028975
 2028977
 2029030
 2029056
 2029392
 2029433
 2029492
 2029570
 2029586
 2029700
 2029778
 2029780
 2029866
 2030055
 2030134
 2030181
 2030227
 2030270
 2030277
 2030320
 2030509
 2030535
 2030719
 2031049
 2031060
 2031265
 2031279
 2031349
 2031378
 2031662
 2032023
 2032367
 2032415
 2032504
 2032586
 2032951
 2032967
 2033005
 2033042
 2033106
 2033109
 2033238
 2033256
 2033672
 2033770
 2034170
 2034341
 2034350
 2034381
 2034411
 2034492
 2034555
 2034606
 2034614
 2034684
 2034755
 2034875
 2034933
 2034975
 2035281
 2035598
 2035627
 2035652
 2035676
 2035686
 2035796
 2035817
 2035870
 2036053
 2036234
 2036271
 2036351
 2036431
 2036657
 2036697
 2036917
 2036970
 2037003
 2037169
 2037219
 2037276
 2037422
 2037471
 2037494
 2037553
 2037565
 2037592
 2037848
 2037923
 2038023
 2038025
 2038332
 2038409
 2038444
 2038480
 2038605
 2038756
 2038787
 2038792
 2038959
 2039121
 2039251
 2039308
 2039320
 2039325
 2039612
 2039654
 2039715
 2039903
 2039910
 2039911
 2039973
 2040060
 2040071
 2040411
 2040516
 2040553
 2040749
 2040902
 2041067
 2041115
 2041153
 2041293
 2041310
 2041344
 2041383
 2041585
 2041722
 2041754
 2041808
 2041810
 2041856
 2041888
 2041906
 2042143
 2042438
 2042473
 2042544
 2042619
 2042660
 2042766
 2042856
 2042886
 2042912
 2042950
 2042954
 2043158
 2043206
 2043335
 2043338
 2043481
 2043534
 2043550
 2043572
 2043575
 2043637
 2043700
 2043943
 2044080
 2044097
 2044272
 2044450
 2044540
 2044607
 2044895
 2044898
 2044906
 2044909
 2044928
 2045120
 2045215
 2045288
 2045321
 2045651
 2045746
 2045760
 2045782
 2045856
 2046004
 2046012
 2046141
 2046150
 2046310
 2046466
 2046474
 2046507
 2046621
 2046698
 2046841
 2046870
 2046907
 2046908
 2047022
 2047043
 2047072
 2047111
 2047173
 2047366
 2047375
 2047480
 2047595
 2047623
 2047660
 2047933
 2047936
 2048115
 2048142
 2048394
 2048416
 2048588
 2048696
 2048861
 2048901
 2048954
 2049265
 2049294
 2049300
 2049351
 2049373
 2049561
 2049619
 2049791
 2049865
 2049958
 2050094
 2050174
 2050247
 2050311
 2050318
 2050372
 2050445
 2050702
 2050831
 2050870
 2050906
 2050978
 2051144
 2051414
 2051838
 2051980
 2052130
 2052304
 2052320
 2052670
 2052723
 2052863
 2052911
 2052982
 2053123
 2053478
 2053587
 2053649
 2053667
 2054137
 2054337
 2054338
 2054377
 2054415
 2054528
 2054566
 2054614
 2054617
 2054628
 2054638
 2054747
 2054785
 2054985
 2055078
 2055169
 2055227
 2055239
 2055246
 2055352
 2055434
 2055474
 2055526
 2055541
 2055902
 2055904
 2055980
 2056024
 2056048
 2056239
 2056248
 2056328
 2056623
 2056678
 2056762
 2056887
 2056981
 2057125
 2057133
 2057215
 2057229
 2057380
 2057432
 2057657
 2057710
 2057712
 2058366
 2058483
 2058486
 2058506
 2058616
 2058647
 2058658
 2058696
 2058767
 2058809
 2058888
 2058933
 2059032
 2059053
 2059075
 2059190
 2059345
 2059355
 2059468
 2059531
 2059743
 2059765
 2059840
 2059851
 2059870
 2060036
 2060052
 2060106
 2060151
 2060169
 2060424
 2060545
 2060564
 2060638
 2060656
 2060711
 2060778
 2061013
 2061037
 2061115
 2061182
 2061190
 2061439
 2061481
 2061505
 2061584
 2061709
 2061995
 2062262
 2062361
 2062388
 2062389
 2062487
 2062502
 2062539
 2062557
 2062691
 2062829
 2063060
 2063100
 2063155
 2063185
 2063235
 2063436
 2063438
 2063548
 2063575
 2063584
 2064040
 2064072
 2064091
 2064407
 2064437
 2064461
 2064468
 2064495
 2064554
 2064602
 2064662
 2065206
 2065286
 2065345
 2065657
 2065726
 2065772
 2066010
 2066033
 2066146
 2066341
 2066375
 2066405
 2066492
 2066571
 2066699
 2066864
 2066901
 2067094
 2067133
 2067196
 2067324
 2067382
 2067622
 2067802
 2067859
 2067891
 2067974
 2067989
 2068186
 2068352
 2068357
 2068422
 2068435
 2068872
 2069002
 2069377
 2069396
 2069437
 2069484
 2069494
 2069504
 2069767
 2069829
 2069992
 2070055
 2070059
 2070521
 2070545
 2070566
 2070569
 2070818
 2070848
 2070912
 2070977
 2071047
 2071107
 2071148
 2071395
 2071443
 2071518
 2071596
 2071904
 2072068
 2072204
 2072230
 2072351
 2072382
 2072470
 2072561
 2072684
 2072688
 2072814
 2072909
 2072994
 2073032
 2073202
 2073274
 2073504
 2073538
 2073593
 2073657
 2073706
 2073740
 2073825
 2073917
 2073934
 2073980
 2073981
 2074397
 2074540
 2075125
 2075137
 2075149
 2075193
 2075215
 2075268
 2075273
 2075307
 2075376
 2075492
 2075759
 2075801
 2075891
 2076023
 2076050
 2076115
 2076143
 2076221
 2076256
 2076258
 2076348
 2076375
 2076654
 2076687
 2076718
 2076947
 2077022
 2077043
 2077053
 2077092
 2077158
 2077191
 2077209
 2077257
 2077515
 2077592
 2077678
 2077683
 2077747
 2077930
 2077935
 2078094
 2078127
 2078188
 2078290
 2078308
 2078355
 2078369
 2078591
 2078635
 2078645
 2078730
 2078762
 2078932
 2079229
 2079278
 2079279
 2079436
 2079537
 2079685
 2079710
 2079755
 2079826
 2079949
 2080014
 2080069
 2080114
 2080203
 2080411
 2080547
 2080557
 2080665
 2080719
 2080838
 2080885
 2081033
 2081271
 2081390
 2081663
 2081847
 2081860
 2081907
 2082152
 2082193
 2082521
 2082790
 2082798
 2082840
 2082940
 2082992
 2083067
 2083112
 2083124
 2083160
 2083214
 2083316
 2083349
 2083373
 2083391
 2083441
 2083538
 2083723
 2083745
 2083800
 2083834
 2083938
 2084047
 2084165
 2084266
 2084276
 2084429
 2084438
 2084572
 2084592
 2084697
 2084705
 2084737
 2084824
 2085263
 2085321
 2085333
 2085336
 2085825
 2085859
 2085925
 2086065
 2086228
 2086325
 2086456
 2086634
 2086816
 2086847
 2086895
 2087037
 2087096
 2087386
 2087420
 2087480
 2087515
 2087525
 2087566
 2087934
 2087969
 2088049
 2088087
 2088193
 2088332
 2088372
 2088424
 2088486
 2088660
 2088665
 2088865
 2088898
 2088902
 2088940
 2088983
 2089049
 2089156
 2089176
 2089207
 2089252
 2089289
 2089301
 2089352
 2089369
 2089442
 2089458
 2090001
 2090081
 2090255
 2090338
 2090371
 2090563
 2090709
 2090808
 2090866
 2091073
 2091235
 2091447
 2091450
 2091697
 2091718
 2091765
 2091815
 2092172
 2092243
 2092387
 2092454
 2092568
 2092582
 2092590
 2092655
 2092824
 2093000
 2093028
 2093036
 2093100
 2093152
 2093387
 2093430
 2093581
 2093608
 2093693
 2093715
 2093720
 2093844
 2093910
 2094055
 2094105
 2094115
 2094220
 2094259
 2094315
 2094465
 2094469
 2094594
 2094630
 2094788
 2094851
 2094937
 2094952
 2094970
 2095141
 2095177
 2095265
 2095305
 2095386
 2095423
 2095489
 2095648
 2095696
 2096091
 2096121
 2096164
 2096188
 2096320
 2096330
 2096534
 2096662
 2096712
 2097005
 2097020
 2097126
 2097221
 2097332
 2097608
 2097699
 2097710
 2097957
 2098025
 2098075
 2098097
 2098323
 2098334
 2098439
 2098530
 2098549
 2098775
 2098842
 2098875
 2098905
 2098940
 2098992
 2099120
 2099206
 2099234
 2099432
 2099465
 2099771
 2099861
 2099876
 2100087
 2100228
 2100480
 2100531
 2100563
 2100704
 2100800
 2100830
 2100993
 2101101
 2101122
 2101201
 2101216
 2101282
 2101347
 2101544
 2101638
 2101776
 2101850
 2101868
 2101895
 2102129
 2102211
 2102242
 2102256
 2102288
 2102374
 2102386
 2102417
 2102549
 2102550
 2102730
 2102925
 2102974
 2102993
 2103113
 2103265
 2103623
 2103657
 2103671
 2103685
 2103752
 2103754
 2103818
 2103819
 2103993
 2104057
 2104178
 2104328
 2104442
 2104492
 2104642
 2104867
 2105059
 2105116
 2105204
 2105346
 2105374
 2105521
 2105580
 2105614
 2105693
 2105934
 2105957
 2106016
 2106079
 2106299
 2106414
 2106600
 2106618
 2106716
 2106780
 2106891
 2107140
 2107255
 2107485
 2107771
 2107798
 2107867
 2108065
 2108296
 2108298
 2108511
 2108523
 2108619
 2108652
 2108721
 2108936
 2108957
 2108981
 2109144
 2109163
 2109262
 2109476
 2109505
 2109526
 2109788
 2109864
 2109870
 2109896
 2109928
 2110018
 2110065
 2110109
 2110148
 2110163
 2110340
 2110414
 2110467
 2110530
 2110563
 2110894
 2110937
 2111076
 2111093
 2111161
 2111417
 2111457
 2111460
 2111526
 2111602
 2111622
 2111665
 2111667
 2111704
 2111742
 2111765
 2112393
 2112628
 2112647
 2112721
 2112724
 2112960
 2112972
 2113034
 2113050
 2113116
 2113144
 2113192
 2113256
 2113327
 2113520
 2113540
 2113558
 2113686
 2113742
 2113998
 2114239
 2114297
 2114385
 2114667
 2114693
 2114768
 2115061
 2115125
 2115205
 2115257
 2115264
 2115286
 2115328
 2115343
 2115367
 2115393
 2115425
 2115499
 2115523
 2115569
 2115613
 2116176
 2116186
 2116342
 2116481
 2116495
 2116496
 2116516
 2116736
 2116754
 2116820
 2116838
 2116996
 2117001
 2117535
 2117555
 2117717
 2117795
 2117889
 2118015
 2118086
 2118139
 2118165
 2118172
 2118232
 2118237
 2118286
 2118289
 2118370
 2118376
 2118485
 2118527
 2118613
 2118779
 2118803
 2118858
 2118901
 2118962
 2119071
 2119079
 2119091
 2119141
 2119276
 2119301
 2119565
 2119683
 2119698
 2119746
 2119921
 2120069
 2120073
 2120347
 2120349
 2120354
 2120367
 2120395
 2120440
 2120457
 2120489
 2120563
 2120608
 2121210
 2121214
 2121331
 2121345
 2121449
 2122040
 2122125
 2122200
 2122273
 2122346
 2122377
 2122602
 2122619
 2122677
 2122743
 2122854
 2122993
 2123072
 2123125
 2123621
 2123716
 2124061
 2124117
 2124166
 2124314
 2124532
 2124540
 2124575
 2124620
 2124723
 2125076
 2125151
 2125184
 2125227
 2125327
 2125426
 2125525
 2125545
 2125600
 2125697
 2125703
 2126002
 2126004
 2126033
 2126190
 2126224
 2126458
 2126461
 2126564
 2126815
 2126842
 2126876
 2126890
 2127124
 2127145
 2127725
 2127772
 2127867
 2127883
 2128021
 2128074
 2128159
 2128201
 2128217
 2128414
 2128645
 2128701
 2128759
 2128945
 2129084
 2129118
 2129220
 2129247
 2129397
 2129401
 2129471
 2129509
 2129584
 2129614
 2129716
 2129841
 2129912
 2129954
 2130012
 2130138
 2130413
 2130469
 2130663
 2130672
 2130868
 2130932
 2131059
 2131218
 2131238
 2131309
 2131446
 2131473
 2131677
 2132036
 2132067
 2132150
 2132477
 2132507
 2132583
 2132641
 2132820
 2132865
 2132998
 2133035
 2133067
 2133281
 2133387
 2133749
 2133759
 2133870
 2133880
 2133999
 2134012
 2134080
 2134120
 2134157
 2134187
 2134264
 2134308
 2134360
 2134373
 2134473
 2134511
 2134541
 2134755
 2134925
 2134974
 2135021
 2135370
 2135391
 2135423
 2135470
 2135559
 2135600
 2135607
 2135830
 2135891
 2135938
 2135951
 2135989
 2135993
 2136072
 2136139
 2136289
 2136375
 2136616
 2136823
 2136890
 2137027
 2137129
 2137230
 2137507
 2137584
 2138098
 2138194
 2138227
 2138509
 2138820
 2139153
 2139197
 2139210
 2139349
 2139455
 2139689
 2139704
 2139719
 2139744
 2140340
 2140474
 2140520
 2140642
 2140654
 2140773
 2140810
 2140824
 2140864
 2140930
 2141084
 2141119
 2141198
 2141225
 2141398
 2141956
 2142029
 2142137
 2142245
 2142374
 2142379
 2142591
 2142616
 2142792
 2142849
 2142861
 2143056
 2143062
 2143104
 2143167
 2143175
 2143217
 2143232
 2143244
 2143258
 2143272
 2143303
 2143417
 2143694
 2143731
 2144246
 2144250
 2144358
 2144465
 2144519
 2144578
 2144648
 2144675
 2144740
 2144752
 2144786
 2144838
 2145006
 2145008
 2145011
 2145055
 2145154
 2145186
 2145311
 2145330
 2145603
 2145761
 2145926
 2146078
 2146103
 2146308
 2146369
 2146476
 2146571
 2146611
 2146745
 2146859
 2147028
 2147111
 2147126
 2147240
 2147334
 2147365
 2147706
 2147710
 2147880
 2147979
 2147991
 2148024
 2148154
 2148275
 2148290
 2148394
 2148416
 2148554
 2148733
 2148747
 2148931
 2149110
 2149114
 2149172
 2149306
 2149337
 2149341
 2149418
 2149431
 2149466
 2149642
 2149851
 2149983
 2150248
 2150330
 2150791
 2151004
 2151297
 2151852
 2152038
 2152059
 2152123
 2152202
 2152324
 2152350
 2152373
 2152405
 2152464
 2152756
 2152844
 2153007
 2153157
 2153232
 2153456
 2153476
 2153536
 2153580
 2153849
 2154083
 2154107
 2154310
 2154378
 2154436
 2154454
 2154556
 2154573
 2154656
 2154760
 2154839
 2154994
 2155180
 2155295
 2155639
 2155697
 2155699
 2155736
 2155840
 2155902
 2156062
 2156095
 2156227
 2156239
 2156268
 2156322
 2156323
 2156377
 2156484
 2156513
 2156685
 2156757
 2156814
 2156914
 2157025
 2157080
 2157109
 2157113
 2157159
 2157484
 2157595
 2157657
 2157873
 2157992
 2158114
 2158165
 2158224
 2158302
 2158330
 2158351
 2158354
 2158478
 2158680
 2158692
 2158726
 2158796
 2158905
 2159471
 2159514
 2159539
 2159646
 2159745
 2159852
 2159892
 2159975
 2159991
 2160137
 2160140
 2160143
 2160186
 2160839
 2160843
 2161950
 2161992
 2162081
 2162094
 2162130
 2162184
 2162250
 2162263
 2162362
 2162393
 2162493
 2162501
 2162527
 2162594
 2162735
 2162867
 2163145
 2163244
 2163378
 2163533
 2163534
 2163594
 2163640
 2163892
 2163935
 2163953
 2164008
 2164037
 2164315
 2164412
 2164488
 2164502
 2164926
 2164931
 2165111
 2165222
 2165368
 2165382
 2165436
 2165749
 2165971
 2165980
 2165995
 2166065
 2166177
 2166364
 2166390
 2166414
 2166702
 2166807
 2166886
 2166897
 2166911
 2166923
 2167024
 2167334
 2167388
 2167429
 2167568
 2167735
 2167992
 2168038
 2168079
 2168116
 2168341
 2168355
 2168515
 2168688
 2168840
 2168904
 2169086
 2169173
 2169273
 2169299
 2169304
 2169410
 2169551
 2169616
 2169708
 2169733
 2169742
 2169803
 2169837
 2169913
 2170009
 2170058
 2170399
 2170488
 2170523
 2170670
 2171132
 2171179
 2171181
 2171217
 2171262
 2171282
 2171324
 2171337
 2171383
 2171413
 2171472
 2171596
 2171638
 2171737
 2171879
 2171898
 2172179
 2172328
 2172368
 2172464
 2172492
 2172606
 2172899
 2172938
 2172992
 2173023
 2173168
 2173183
 2173294
 2173544
 2173757
 2173930
 2173994
 2174123
 2174286
 2174310
 2174791
 2174885
 2174896
 2174932
 2175078
 2175166
 2175293
 2175334
 2175340
 2175395
 2175424
 2175511
 2175516
 2175669
 2175791
 2175806
 2176028
 2176065
 2176088
 2176121
 2176143
 2176223
 2176664
 2176766
 2176938
 2176941
 2176959
 2176966
 2177000
 2177032
 2177105
 2177163
 2177185
 2177199
 2177211
 2177313
 2177334
 2177447
 2177708
 2177977
 2178040
 2178220
 2178225
 2178286
 2178300
 2178352
 2178454
 2178462
 2178468
 2178692
 2178714
 2178822
 2178918
 2179035
 2179137
 2179227
 2179412
 2179533
 2179560
 2179602
 2179624
 2179663
 2179675
 2179803
 2180103
 2180111
 2180118
 2180423
 2180673
 2180726
 2180785
 2180830
 2181090
 2181160
 2181407
 2181494
 2181514
 2181535
 2181559
 2181606
 2181656
 2181834
 2181864
 2181914
 2181949
 2182024
 2182026
 2182215
 2182239
 2182242
 2182367
 2182425
 2182544
 2182724
 2182738
 2182845
 2182914
 2183452
 2183574
 2183750
 2184008
 2184137
 2184187
 2184277
 2184356
 2184410
 2184641
 2184794
 2184805
 2184813
 2184945
 2184968
 2184978
 2185101
 2185236
 2185364
 2185461
 2185539
 2185616
 2185617
 2185866
 2185869
 2185961
 2186024
 2186109
 2186361
 2186671
 2186727
 2186732
 2186811
 2186854
 2187011
 2187170
 2187258
 2187266
 2187342
 2187523
 2187544
 2187548
 2187552
 2187587
 2187592
 2187644
 2187745
 2188042
 2188115
 2188304
 2188330
 2188398
 2188509
 2188517
 2188605
 2188656
 2188723
 2188837
 2189005
 2189394
 2189414
 2189467
 2189626
 2189636
 2189768
 2189787
 2190033
 2190230
 2190309
 2190310
 2190351
 2190366
 2190414
 2190481
 2190503
 2190534
 2190654
 2190674
 2190684
 2190841
 2190875
 2191187
 2191305
 2191379
 2191673
 2191795
 2192258
 2192263
 2192311
 2192556
 2192562
 2192585
 2192635
 2192722
 2192740
 2192825
 2192834
 2192847
 2192882
 2193059
 2193143
 2193154
 2193279
 2193484
 2193613
 2193853
 2193882
 2193911
 2194054
 2194087
 2194124
 2194133
 2194355
 2194454
 2195138
 2195200
 2195265
 2195281
 2195465
 2195499
 2195704
 2196174
 2196261
 2196329
 2196395
 2196579
 2196602
 2196630
 2196709
 2196722
 2196800
 2196927
 2196975
 2197057
 2197109
 2197294
 2197364
 2197422
 2197497
 2197612
 2197676
 2197718
 2197790
 2197833
 2197872
 2197968
 2198046
 2198112
 2198376
 2198714
 2198801
 2199084
 2199224
 2199286
 2199516
 2199528
 2199556
 2199624
 2199708
 2199722
 2199771
 2199826
 2199912
 2200016
 2200286
 2200288
 2200291
 2200516
 2200559
 2200608
 2200938
 2201161
 2201470
 2201491
 2201495
 2201680
 2201797
 2201824
 2201857
 2201929
 2201984
 2202013
 2202143
 2202279
 2202447
 2202496
 2202500
 2202558
 2202660
 2202727
 2202740
 2202777
 2202879
 2202933
 2203039
 2203134
 2203154
 2203172
 2203277
 2203431
 2203587
 2203623
 2203726
 2203756
 2203910
 2204075
 2204235
 2204295
 2204420
 2204435
 2204503
 2204578
 2204582
 2204598
 2204631
 2204658
 2204837
 2204918
 2205030
 2205104
 2205153
 2205268
 2205292
 2205311
 2205355
 2205468
 2205594
 2205597
 2205598
 2205817
 2205850
 2205926
 2206016
 2206027
 2206128
 2206416
 2206515
 2206559
 2206752
 2206857
 2206954
 2206973
 2207022
 2207060
 2207071
 2207107
 2207132
 2207217
 2207229
 2207623
 2207643
 2207688
 2207756
 2207923
 2207956
 2208015
 2208105
 2208193
 2208280
 2208345
 2208365
 2208367
 2208534
 2208588
 2209028
 2209208
 2209339
 2209370
 2209405
 2209591
 2209636
 2209695
 2210223
 2210234
 2210457
 2210653
 2210687
 2210715
 2210920
 2211090
 2211421
 2211559
 2211704
 2211741
 2211795
 2212304
 2212424
 2212566
 2212614
 2212707
 2212791
 2212819
 2213044
 2213106
 2213214
 2213378
 2213661
 2213677
 2213765
 2213801
 2213961
 2214036
 2214087
 2214189
 2214233
 2214288
 2214543
 2214577
 2214588
 2214602
 2214661
 2214701
 2214762
 2214770
 2214917
 2215027
 2215197
 2215216
 2215300
 2215332
 2215363
 2215633
 2215734
 2215750
 2215901
 2216222
 2216280
 2216341
 2216364
 2216407
 2216553
 2216661
 2216724
 2216896
 2217017
 2217119
 2217255
 2217435
 2217464
 2217470
 2217522
 2217591
 2217642
 2217647
 2217672
 2217846
 2217891
 2217958
 2217968
 2218023
 2218175
 2218239
 2218282
 2218466
 2218544
 2218639
 2218727
 2218904
 2218926
 2219055
 2219429
 2219687
 2219785
 2219799
 2219887
 2220104
 2220245
 2220367
 2220610
 2220672
 2220893
 2220989
 2221140
 2221287
 2221405
 2221462
 2221538
 2221715
 2221950
 2222093
 2222094
 2222176
 2222181
 2222211
 2222263
 2222518
 2222774
 2222826
 2222955
 2223004
 2223030
 2223068
 2223087
 2223119
 2223449
 2223484
 2223734
 2223781
 2223948
 2223951
 2224025
 2224129
 2224149
 2224206
 2224278
 2224386
 2224485
 2224557
 2224565
 2224636
 2224674
 2224741
 2224810
 2224838
 2224856
 2224908
 2224992
 2225021
 2225243
 2225285
 2226254
 2226267
 2226295
 2226316
 2226328
 2226336
 2226384
 2226420
 2226502
 2226748
 2226768
 2226918
 2226952
 2227002
 2227215
 2227506
 2227732
 2227888
 2227912
 2227931
 2228023
 2228042
 2228196
 2228266
 2228279
 2228359
 2228504
 2228830
 2228845
 2228914
 2229258
 2229468
 2229491
 2229549
 2229556
 2229787
 2229796
 2229867
 2229987
 2230038
 2230071
 2230300
 2230371
 2230395
 2230629
 2230640
 2230700
 2230713
 2230866
 2230977
 2231064
 2231131
 2231311
 2231422
 2231638
 2231688
 2231702
 2231727
 2231743
 2231792
 2231986
 2232118
 2232135
 2232139
 2232158
 2232178
 2232209
 2232330
 2232435
 2232551
 2232828
 2232863
 2232894
 2232953
 2233046
 2233134
 2233338
 2233361
 2233477
 2233723
 2233732
 2233799
 2233874
 2233960
 2234105
 2234275
 2234342
 2234446
 2234605
 2234687
 2234794
 2234897
 2235468
 2235563
 2235585
 2235898
 2235980
 2236158
 2236300
 2236316
 2236320
 2236458
 2236469
 2236953
 2237047
 2237063
 2237075
 2237092
 2237093
 2237281
 2237454
 2237495
 2237541
 2237615
 2237639
 2237805
 2237977
 2238001
 2238267
 2238349
 2238563
 2238581
 2238641
 2238767
 2238961
 2239058
 2239102
 2239115
 2239183
 2239375
 2239380
 2239550
 2239552
 2239597
 2239646
 2239750
 2239761
 2239802
 2239972
 2240192
 2240318
 2240774
 2240873
 2240889
 2240955
 2240994
 2241179
 2241249
 2241588
 2241726
 2241976
 2242000
 2242152
 2242219
 2242228
 2242318
 2242364
 2242365
 2242493
 2242564
 2242607
 2242639
 2242928
 2243199
 2243289
 2243355
 2243582
 2243750
 2243900
 2243959
 2243977
 2243987
 2244050
 2244087
 2244439
 2244573
 2244747
 2244750
 2244880
 2244888
 2244904
 2244969
 2244991
 2245079
 2245175
 2245192
 2245231
 2245243
 2245285
 2245464
 2245481
 2245491
 2245579
 2245630
 2245652
 2245666
 2245930
 2245949
 2246010
 2246185
 2246452
 2246718
 2246778
 2247060
 2247350
 2247458
 2247613
 2247628
 2247670
 2247871
 2247872
 2248039
 2248076
 2248087
 2248207
 2248568
 2248588
 2248717
 2248733
 2249128
 2249156
 2249305
 2249554
 2249683
 2249704
 2249736
 2249778
 2249798
 2250108
 2250217
 2250431
 2250531
 2250691
 2250728
 2250731
 2250754
 2250816
 2250914
 2250951
 2250990
 2251024
 2251236
 2251327
 2251383
 2251411
 2251599
 2251928
 2251970
 2252162
 2252254
 2252328
 2252463
 2252512
 2252612
 2252792
 2252837
 2252893
 2253099
 2253224
 2253251
 2253464
 2253517
 2253625
 2253740
 2253828
 2254058
 2254184
 2254315
 2254351
 2254379
 2254389
 2254617
 2254626
 2254687
 2254704
 2254843
 2255082
 2255239
 2255466
 2255568
 2255620
 2255627
 2255922
 2255945
 2255995
 2256091
 2256094
 2256255
 2256336
 2256472
 2256617
 2256712
 2256774
 2256775
 2256992
 2257093
 2257105
 2257143
 2257179
 2257229
 2257414
 2257612
 2257832
 2257954
 2258110
 2258165
 2258197
 2258217
 2258388
 2258529
 2258572
 2258671
 2258771
 2258920
 2258982
 2259634
 2259745
 2259794
 2259875
 2259904
 2260294
 2260315
 2260379
 2260574
 2260585
 2260639
 2260659
 2260672
 2260698
 2260887
 2260978
 2261182
 2261215
 2261434
 2261465
 2261705
 2261852
 2261858
 2261988
 2262016
 2262070
 2262414
 2262421
 2262503
 2262511
 2262768
 2262983
 2263021
 2263081
 2263133
 2263541
 2263547
 2263554
 2263613
 2263652
 2263660
 2263674
 2263807
 2263892
 2263949
 2264029
 2264032
 2264040
 2264212
 2264255
 2264363
 2264432
 2264583
 2264676
 2264886
 2264891
 2265010
 2265209
 2265296
 2265461
 2265524
 2265760
 2266085
 2266189
 2266259
 2266363
 2266366
 2266400
 2266442
 2266462
 2266474
 2266553
 2266610
 2266656
 2266733
 2266782
 2266849
 2267156
 2267183
 2267194
 2267294
 2267387
 2267514
 2267782
 2267783
 2268086
 2268144
 2268256
 2268280
 2268294
 2268340
 2268364
 2268473
 2268577
 2268637
 2268725
 2268907
 2269091
 2269258
 2269418
 2269533
 2269706
 2269821
 2269838
 2270033
 2270070
 2270092
 2270121
 2270151
 2270388
 2270392
 2270418
 2270448
 2270532
 2270537
 2270575
 2270880
 2270976
 2270978
 2271051
 2271144
 2271534
 2271580
 2271695
 2271799
 2271811
 2271926
 2272006
 2272019
 2272196
 2272475
 2272478
 2272548
 2272702
 2272836
 2273009
 2273021
 2273121
 2273291
 2273335
 2273376
 2273412
 2273504
 2273531
 2273685
 2273707
 2274087
 2274110
 2274183
 2274221
 2274340
 2274580
 2274811
 2274818
 2274844
 2274873
 2274931
 2274941
 2274948
 2275029
 2275098
 2275174
 2275237
 2275308
 2275443
 2275632
 2275656
 2275663
 2275716
 2275795
 2275825
 2275951
 2276072
 2276077
 2276126
 2276398
 2276496
 2276540
 2276838
 2276898
 2277069
 2277123
 2277213
 2277370
 2277420
 2277488
 2277510
 2277644
 2277835
 2277839
 2278143
 2278199
 2278203
 2278209
 2278272
 2278286
 2278330
 2278424
 2278512
 2278513
 2278591
 2278682
 2278838
 2278922
 2278929
 2278975
 2279140
 2279153
 2279159
 2279171
 2279182
 2279236
 2279356
 2279367
 2279439
 2279440
 2279455
 2279517
 2279536
 2279607
 2279730
 2279806
 2279844
 2280007
 2280025
 2280057
 2280658
 2280719
 2280774
 2280918
 2280943
 2280953
 2281001
 2281070
 2281082
 2281155
 2281359
 2281735
 2281811
 2281844
 2281880
 2282443
 2282453
 2282614
 2282650
 2282736
 2282737
 2283185
 2283190
 2283343
 2283522
 2283594
 2283678
 2283819
 2283867
 2283873
 2284015
 2284111
 2284200
 2284273
 2284293
 2284511
 2284512
 2284640
 2284669
 2284671
 2284778
 2284823
 2284916
 2285042
 2285044
 2285051
 2285114
 2285129
 2285160
 2285196
 2285328
 2285510
 2285516
 2285659
 2285684
 2285974
 2286076
 2286200
 2286217
 2286296
 2286381
 2286602
 2286682
 2286737
 2286809
 2286855
 2286867
 2286922
 2286978
 2286996
 2287030
 2287291
 2287340
 2287341
 2287342
 2287478
 2287665
 2287673
 2287721
 2287750
 2287789
 2287991
 2288143
 2288481
 2288536
 2288658
 2288703
 2288825
 2288869
 2289177
 2289202
 2289223
 2289226
 2289302
 2289422
 2289514
 2289626
 2289671
 2289718
 2289949
 2290009
 2290353
 2290354
 2290559
 2290753
 2290858
 2290868
 2290902
 2290972
 2291046
 2291072
 2291086
 2291106
 2291168
 2291310
 2291389
 2291425
 2291446
 2291533
 2291600
 2291750
 2291787
 2291834
 2291969
 2292012
 2292026
 2292264
 2292680
 2292837
 2292844
 2292985
 2293185
 2293240
 2293287
 2293399
 2293400
 2293413
 2293463
 2293466
 2293554
 2293804
 2293809
 2294001
 2294130
 2294225
 2294267
 2294273
 2294312
 2294331
 2294390
 2294401
 2294403
 2294417
 2294425
 2294450
 2294457
 2294469
 2294703
 2294899
 2295030
 2295135
 2295160
 2295168
 2295239
 2295262
 2295499
 2295612
 2295716
 2295717
 2295860
 2295900
 2296012
 2296105
 2296146
 2296212
 2296306
 2296388
 2296426
 2296669
 2296704
 2296726
 2296797
 2296955
 2296960
 2296975
 2297069
 2297215
 2297247
 2297269
 2297391
 2297419
 2297510
 2297513
 2297564
 2297635
 2297775
 2297782
 2297852
 2297901
 2297905
 2298180
 2298368
 2298539
 2299316
 2299317
 2299393
 2299429
 2299435
 2299447
 2299466
 2299617
 2299772
 2299801
 2299870
 2299879
 2299955
 2300406
 2300432
 2300444
 2300486
 2300527
 2300565
 2300755
 2300765
 2300785
 2300838
 2300932
 2300941
 2301166
 2301180
 2301844
 2301890
 2301968
 2302045
 2302154
 2302192
 2302312
 2302324
 2302337
 2302498
 2302515
 2302559
 2302603
 2302769
 2302957
 2303002
 2303107
 2303131
 2303208
 2303221
 2303244
 2303641
 2304001
 2304090
 2304405
 2304423
 2304485
 2304509
 2304540
 2304544
 2304567
 2304582
 2304653
 2304897
 2304950
 2304978
 2305094
 2305128
 2305296
 2305392
 2305443
 2305695
 2305933
 2305947
 2305999
 2306011
 2306050
 2306068
 2306098
 2306269
 2306491
 2306630
 2306667
 2306717
 2306874
 2306879
 2306976
 2307131
 2307465
 2307575
 2307629
 2307673
 2307675
 2307760
 2308033
 2308078
 2308216
 2308343
 2308387
 2308404
 2308477
 2308498
 2308550
 2308601
 2308626
 2308651
 2308862
 2308881
 2308889
 2309139
 2309261
 2309270
 2309273
 2309371
 2309673
 2309733
 2309767
 2309805
 2309828
 2309992
 2310008
 2310292
 2310356
 2310707
 2310797
 2310813
 2310938
 2311088
 2311093
 2311134
 2311191
 2311410
 2311427
 2311589
 2311712
 2311787
 2312117
 2312222
 2312282
 2312334
 2312368
 2312454
 2312598
 2312767
 2312768
 2312825
 2312847
 2312940
 2313026
 2313055
 2313056
 2313282
 2313458
 2313616
 2313671
 2313739
 2313778
 2313794
 2313843
 2314034
 2314042
 2314448
 2314663
 2314737
 2314842
 2314855
 2314863
 2315095
 2315112
 2315150
 2315153
 2315196
 2315230
 2315335
 2315407
 2315467
 2315473
 2315575
 2315599
 2315691
 2315802
 2316276
 2316328
 2316391
 2316433
 2316452
 2316457
 2316529
 2316762
 2316842
 2316849
 2316919
 2316964
 2317013
 2317514
 2317641
 2317717
 2317723
 2317815
 2318075
 2318087
 2318195
 2318249
 2318291
 2318753
 2318855
 2318947
 2318976
 2319297
 2319568
 2319578
 2319728
 2319849
 2319990
 2320051
 2320077
 2320351
 2320470
 2320535
 2320620
 2320656
 2320704
 2320891
 2320903
 2320924
 2320935
 2321006
 2321055
 2321094
 2321100
 2321184
 2321267
 2321272
 2321297
 2321430
 2321559
 2321651
 2321748
 2321751
 2321866
 2321867
 2322073
 2322082
 2322196
 2322658
 2322680
 2322708
 2323018
 2323405
 2323442
 2323659
 2323754
 2323868
 2323905
 2323959
 2323994
 2324045
 2324094
 2324107
 2324150
 2324176
 2324342
 2324699
 2324737
 2324883
 2324900
 2324971
 2325001
 2325148
 2325194
 2325324
 2325362
 2325387
 2325428
 2325635
 2325811
 2325848
 2325850
 2325858
 2325873
 2325936
 2326151
 2326245
 2326264
 2326276
 2326329
 2326434
 2326468
 2326536
 2326577
 2326634
 2326674
 2326952
 2326994
 2326998
 2327065
 2327080
 2327082
 2327101
 2327126
 2327149
 2327215
 2327417
 2327420
 2327519
 2327586
 2327698
 2327773
 2327920
 2327934
 2327982
 2328006
 2328170
 2328182
 2328427
 2328439
 2328469
 2328639
 2328823
 2328860
 2329099
 2329143
 2329150
 2329443
 2329513
 2329720
 2329802
 2330030
 2330130
 2330191
 2330249
 2330294
 2330298
 2330400
 2330539
 2330561
 2330787
 2331161
 2331265
 2331283
 2331368
 2331436
 2331636
 2331711
 2331790
 2331848
 2331922
 2331987
 2332042
 2332152
 2332440
 2332463
 2332546
 2332760
 2332818
 2332868
 2332886
 2333209
 2333394
 2333433
 2333464
 2333502
 2333506
 2333541
 2333810
 2333870
 2334052
 2334084
 2334113
 2334187
 2334245
 2334321
 2334346
 2334351
 2334373
 2334829
 2334984
 2335099
 2335116
 2335126
 2335164
 2335258
 2335292
 2335297
 2335589
 2335612
 2335635
 2335921
 2335938
 2336138
 2336263
 2336339
 2336418
 2336494
 2336510
 2336884
 2336929
 2336977
 2337003
 2337296
 2337317
 2337371
 2337430
 2337521
 2337572
 2337829
 2337831
 2338181
 2338322
 2338440
 2338445
 2338589
 2338782
 2338816
 2339015
 2339064
 2339066
 2339217
 2339285
 2339326
 2339450
 2339507
 2339595
 2339666
 2339766
 2339815
 2339955
 2339980
 2340022
 2340056
 2340345
 2340445
 2340525
 2340823
 2341166
 2341213
 2341279
 2341289
 2341301
 2341411
 2341574
 2341659
 2341901
 2342088
 2342183
 2342274
 2342296
 2342490
 2342678
 2342708
 2342894
 2342896
 2343087
 2343332
 2343373
 2343426
 2343493
 2343503
 2343669
 2343718
 2343758
 2344189
 2344892
 2344922
 2345076
 2345220
 2345237
 2345241
 2345472
 2345538
 2345728
 2345853
 2345933
 2345989
 2346008
 2346063
 2346071
 2346204
 2346308
 2346509
 2346512
 2346802
 2346829
 2346858
 2346926
 2347669
 2347802
 2347821
 2347989
 2348502
 2348598
 2348720
 2348732
 2348734
 2348778
 2348921
 2349021
 2349087
 2349088
 2349457
 2349496
 2349532
 2349535
 2349791
 2349845
 2350277
 2350301
 2350807
 2350832
 2350887
 2350969
 2350977
 2351149
 2351453
 2351630
 2351643
 2351734
 2351814
 2351847
 2351953
 2352175
 2352445
 2352549
 2352555
 2352602
 2352810
 2352835
 2352874
 2353006
 2353152
 2353154
 2353197
 2353296
 2353412
 2353730
 2353754
 2353767
 2353865
 2353884
 2353944
 2353972
 2354086
 2354187
 2354294
 2354385
 2354799
 2354990
 2354995
 2355064
 2355116
 2355156
 2355158
 2355588
 2355648
 2355702
 2355829
 2355884
 2355963
 2356217
 2356222
 2356358
 2356452
 2356670
 2356731
 2356795
 2356851
 2356902
 2356997
 2357415
 2357516
 2357517
 2357533
 2357636
 2357744
 2357762
 2357865
 2357871
 2358026
 2358027
 2358291
 2358326
 2358331
 2358366
 2358391
 2358525
 2358532
 2358739
 2358757
 2358858
 2359097
 2359323
 2359479
 2359643
 2359720
 2359722
 2360237
 2360280
 2360303
 2360311
 2360409
 2360546
 2360564
 2360739
 2360909
 2360931
 2360980
 2360986
 2360989
 2361036
 2361105
 2361134
 2361236
 2361299
 2361357
 2361539
 2361815
 2361855
 2361882
 2361919
 2361927
 2362015
 2362023
 2362206
 2362214
 2362255
 2362266
 2362457
 2362490
 2362644
 2362773
 2362858
 2362896
 2362905
 2363047
 2363165
 2363169
 2363325
 2363379
 2363393
 2363400
 2363401
 2363427
 2363504
 2363677
 2363693
 2363711
 2363712
 2363748
 2363815
 2364296
 2364301
 2364323
 2364461
 2364557
 2364604
 2364659
 2364733
 2364749
 2364817
 2364899
 2365130
 2365278
 2365345
 2365352
 2365455
 2365550
 2365606
 2365654
 2365670
 2365790
 2365951
 2365958
 2366166
 2366236
 2366282
 2366374
 2366395
 2366539
 2366589
 2366662
 2366714
 2366731
 2366815
 2366926
 2366931
 2366940
 2366948
 2366982
 2367281
 2367345
 2367370
 2367377
 2367528
 2367903
 2367966
 2368171
 2368366
 2368601
 2368679
 2368926
 2368937
 2368997
 2369001
 2369266
 2369598
 2369849
 2369880
 2369892
 2369990
 2370101
 2370226
 2370347
 2370372
 2370439
 2370442
 2370848
 2370972
 2371243
 2371347
 2371354
 2371585
 2371698
 2371745
 2371791
 2371795
 2371817
 2371910
 2371916
 2372048
 2372194
 2372351
 2372359
 2372402
 2372415
 2372592
 2372615
 2372728
 2373227
 2373243
 2373499
 2373522
 2373531
 2373725
 2373818
 2373828
 2373915
 2374046
 2374119
 2374215
 2374222
 2374303
 2374465
 2374583
 2374621
 2374830
 2375009
 2375010
 2375052
 2375198
 2375298
 2375324
 2375380
 2375381
 2375413
 2375566
 2375698
 2375799
 2375994
 2376105
 2376191
 2376278
 2376313
 2376354
 2376390
 2376461
 2376507
 2376610
 2376621
 2376699
 2376725
 2376758
 2376842
 2376956
 2377140
 2377349
 2377379
 2377413
 2377424
 2377503
 2377735
 2377741
 2377768
 2377815
 2378332
 2378806
 2378876
 2378897
 2378939
 2379014
 2379183
 2379350
 2379418
 2379429
 2379484
 2379608
 2379648
 2379689
 2379815
 2379828
 2379855
 2379961
 2380023
 2380064
 2380077
 2380107
 2380151
 2380303
 2380484
 2380583
 2380692
 2380922
 2380937
 2380956
 2380984
 2380990
 2380997
 2381090
 2381111
 2381160
 2381170
 2381344
 2381437
 2381446
 2381498
 2381535
 2381683
 2381916
 2382007
 2382019
 2382048
 2382253
 2382274
 2382345
 2382379
 2382654
 2382705
 2382752
 2382774
 2382843
 2383069
 2383096
 2383115
 2383197
 2383272
 2383366
 2383410
 2383473
 2383503
 2383632
 2383733
 2383773
 2383866
 2384099
 2384173
 2384248
 2384290
 2384297
 2384301
 2384436
 2384583
 2384690
 2384706
 2384879
 2384996
 2385120
 2385313
 2385392
 2385436
 2385586
 2385605
 2385901
 2385994
 2386057
 2386087
 2386119
 2386194
 2386208
 2386334
 2386441
 2386465
 2386477
 2386577
 2386614
 2386719
 2386874
 2387001
 2387024
 2387109
 2387542
 2387595
 2387706
 2387709
 2387877
 2387913
 2388040
 2388107
 2388170
 2388194
 2388213
 2388263
 2388303
 2388384
 2388471
 2388487
 2388499
 2388722
 2388923
 2388963
 2388982
 2389000
 2389329
 2389356
 2389361
 2389399
 2389541
 2389641
 2389649
 2389676
 2389691
 2389816
 2389842
 2389852
 2390071
 2390158
 2390190
 2390399
 2390412
 2390743
 2390789
 2390814
 2390839
 2390902
 2391104
 2391165
 2391208
 2391282
 2391396
 2391413
 2391477
 2391672
 2391786
 2391886
 2391983
 2392041
 2392139
 2392230
 2392256
 2392281
 2392315
 2392463
 2392555
 2392604
 2392761
 2392774
 2392783
 2392792
 2392809
 2392953
 2392956
 2392993
 2393171
 2393193
 2393211
 2393298
 2393411
 2393494
 2393621
 2393806
 2393812
 2394342
 2394500
 2394521
 2394523
 2394747
 2394802
 2394885
 2394931
 2394960
 2395076
 2395090
 2395111
 2395203
 2395323
 2395513
 2395683
 2395721
 2395732
 2395754
 2395965
 2395994
 2396212
 2396325
 2396441
 2396559
 2396620
 2396703
 2396738
 2396778
 2397012
 2397191
 2397202
 2397210
 2397268
 2397352
 2397422
 2397431
 2397493
 2397823
 2398370
 2398395
 2398439
 2398482
 2398493
 2398547
 2398603
 2398690
 2398696
 2398898
 2399075
 2399129
 2399195
 2399815
 2399952
 2400081
 2400319
 2400639
 2400646
 2400708
 2400773
 2400781
 2400928
 2400982
 2401023
 2401066
 2401171
 2401204
 2401323
 2401346
 2401536
 2401582
 2401979
 2402247
 2402511
 2402558
 2402672
 2402695
 2402699
 2402723
 2402750
 2402761
 2402850
 2402904
 2403234
 2403303
 2403589
 2403621
 2403747
 2403840
 2403889
 2403922
 2404089
 2404102
 2404312
 2404318
 2404333
 2404344
 2404351
 2404452
 2404506
 2404709
 2405035
 2405111
 2405411
 2405469
 2405577
 2405708
 2405751
 2406118
 2406148
 2406459
 2406609
 2406644
 2406647
 2406839
 2406965
 2407019
 2407231
 2407304
 2407554
 2407572
 2407588
 2407603
 2407609
 2407618
 2407662
 2407772
 2407888
 2408032
 2408546
 2408611
 2408782
 2408948
 2408951
 2408982
 2408985
 2409027
 2409064
 2409116
 2409297
 2409311
 2409360
 2409784
 2409842
 2409889
 2409934
 2409956
 2410048
 2410290
 2410303
 2410324
 2410340
 2410355
 2410378
 2410456
 2410472
 2410528
 2410615
 2410638
 2410727
 2410947
 2411003
 2411155
 2411229
 2411349
 2411371
 2411510
 2411517
 2411580
 2411599
 2411926
 2411934
 2412373
 2412599
 2412694
 2412958
 2413057
 2413082
 2413828
 2413832
 2413837
 2413898
 2413925
 2413931
 2413983
 2414037
 2414109
 2414131
 2414369
 2414477
 2414558
 2414567
 2414575
 2414667
 2414677
 2414700
 2414763
 2414953
 2414973
 2415034
 2415081
 2415113
 2415257
 2415262
 2415292
 2415339
 2415653
 2415678
 2415736
 2415805
 2416007
 2416191
 2416285
 2416432
 2416534
 2416552
 2416565
 2416624
 2416634
 2416759
 2417237
 2417444
 2417530
 2417545
 2417743
 2417762
 2417858
 2418008
 2418195
 2418221
 2418252
 2418257
 2418262
 2418356
 2418383
 2418436
 2418455
 2418586
 2418822
 2418835
 2418836
 2419054
 2419290
 2419478
 2419718
 2419908
 2419988
 2420196
 2420254
 2420266
 2420294
 2420332
 2420336
 2420419
 2420473
 2420701
 2420753
 2420830
 2420912
 2420931
 2420957
 2421246
 2421351
 2421382
 2421418
 2421425
 2421710
 2421865
 2421981
 2422070
 2422104
 2422140
 2422171
 2422214
 2422219
 2422270
 2422483
 2422497
 2422744
 2422968
 2423018
 2423034
 2423090
 2423150
 2423346
 2423485
 2423931
 2424058
 2424131
 2424246
 2424304
 2424309
 2424408
 2424490
 2424491
 2424661
 2424688
 2424761
 2424859
 2424937
 2424946
 2425011
 2425040
 2425224
 2425235
 2425262
 2425322
 2425383
 2425558
 2426053
 2426088
 2426143
 2426245
 2426557
 2426577
 2426843
 2426866
 2426878
 2426894
 2427013
 2427068
 2427129
 2427258
 2427537
 2427591
 2427814
 2427833
 2428102
 2428323
 2428378
 2428433
 2428523
 2428647
 2428992
 2429031
 2429065
 2429129
 2429132
 2429242
 2429288
 2429428
 2429468
 2429685
 2429753
 2429785
 2429811
 2429975
 2430011
 2430224
 2430244
 2430263
 2430301
 2430334
 2430345
 2430516
 2430547
 2430607
 2430662
 2431170
 2431244
 2431260
 2431335
 2431367
 2431452
 2431561
 2431784
 2431818
 2431876
 2431914
 2432031
 2432375
 2432554
 2432780
 2432831
 2433025
 2433103
 2433197
 2433336
 2433344
 2433496
 2433843
 2433863
 2433905
 2433966
 2433999
 2434141
 2434152
 2434199
 2434647
 2434751
 2434780
 2434831
 2434878
 2434960
 2435004
 2435127
 2435147
 2435337
 2435494
 2435495
 2435587
 2435685
 2435804
 2435867
 2435918
 2435983
 2436212
 2436377
 2436386
 2436462
 2436553
 2436687
 2436738
 2436762
 2436769
 2436871
 2437077
 2437129
 2437159
 2437183
 2437241
 2437492
 2437617
 2437654
 2437662
 2437728
 2437815
 2437956
 2438180
 2438181
 2438316
 2438358
 2438397
 2438435
 2438629
 2438658
 2438693
 2438872
 2438913
 2438939
 2439046
 2439447
 2439780
 2440069
 2440171
 2440252
 2440321
 2440324
 2440473
 2440662
 2440693
 2440810
 2440961
 2440985
 2441008
 2441209
 2441233
 2441449
 2441498
 2441553
 2441632
 2441655
 2441697
 2441780
 2441788
 2442085
 2442107
 2442134
 2442319
 2442345
 2442389
 2442576
 2442644
 2442686
 2442716
 2442834
 2442838
 2442866
 2442949
 2443062
 2443091
 2443100
 2443106
 2443136
 2443214
 2443316
 2443563
 2443641
 2443662
 2443775
 2443921
 2443939
 2443945
 2443997
 2444056
 2444077
 2444093
 2444117
 2444152
 2444165
 2444167
 2444302
 2444443
 2444485
 2444496
 2444542
 2444571
 2444594
 2444754
 2444960
 2444969
 2445291
 2445436
 2445507
 2445516
 2445595
 2445610
 2445713
 2445858
 2445880
 2445956
 2445984
 2446119
 2446124
 2446137
 2446227
 2446236
 2446276
 2446563
 2446576
 2446753
 2446776
 2446792
 2446995
 2447031
 2447111
 2447122
 2447186
 2447215
 2447238
 2447584
 2447619
 2447626
 2447913
 2448002
 2448191
 2448244
 2448365
 2448611
 2448687
 2448981
 2449131
 2449351
 2449502
 2449577
 2449599
 2449600
 2449681
 2449997
 2450166
 2450193
 2450295
 2450350
 2450361
 2450606
 2450728
 2450735
 2450784
 2450912
 2451009
 2451028
 2451339
 2451383
 2451557
 2451572
 2451602
 2451653
 2451684
 2451704
 2451798
 2451851
 2451914
 2451920
 2452032
 2452230
 2452237
 2452247
 2452340
 2452350
 2452428
 2452482
 2452694
 2452862
 2452948
 2452952
 2452972
 2452991
 2452995
 2453066
 2453072
 2453139
 2453223
 2453289
 2453302
 2453373
 2453827
 2453904
 2454174
 2454232
 2454350
 2454565
 2454591
 2454675
 2454936
 2454987
 2454995
 2455336
 2455392
 2455514
 2455515
 2455720
 2455733
 2455915
 2455978
 2456054
 2456087
 2456138
 2456313
 2456346
 2456531
 2456603
 2456611
 2456629
 2456773
 2456901
 2456949
 2457010
 2457046
 2457054
 2457134
 2457139
 2457234
 2457453
 2457592
 2457811
 2458007
 2458133
 2458174
 2458179
 2458326
 2458339
 2458355
 2458498
 2458608
 2458723
 2458801
 2458847
 2458849
 2458987
 2459117
 2459164
 2459263
 2459324
 2459774
 2459841
 2459887
 2460060
 2460194
 2460289
 2460395
 2460397
 2460570
 2460599
 2460643
 2460754
 2460823
 2461085
 2461236
 2461260
 2461267
 2461268
 2461270
 2461274
 2461336
 2461417
 2461589
 2461624
 2461782
 2461816
 2461915
 2461943
 2462065
 2462095
 2462115
 2462117
 2462193
 2462207
 2462214
 2462378
 2462696
 2462793
 2462851
 2462855
 2462890
 2463020
 2463139
 2463489
 2463512
 2463561
 2463656
 2463698
 2463708
 2463711
 2463771
 2463806
 2463918
 2463968
 2464297
 2464438
 2464546
 2464569
 2464614
 2464773
 2464804
 2464829
 2464836
 2465141
 2465145
 2465367
 2465414
 2465541
 2465783
 2465882
 2465980
 2466638
 2466900
 2467146
 2467159
 2467294
 2467357
 2467379
 2467514
 2467644
 2467717
 2467726
 2468142
 2468329
 2468532
 2468604
 2468717
 2468940
 2468947
 2469004
 2469024
 2469031
 2469080
 2469082
 2469128
 2469242
 2469254
 2469338
 2469677
 2470022
 2470196
 2470201
 2470658
 2470814
 2470842
 2470889
 2470941
 2470969
 2471010
 2471024
 2471062
 2471179
 2471310
 2471534
 2471831
 2471868
 2471942
 2472019
 2472168
 2472261
 2472311
 2472316
 2472342
 2472506
 2472520
 2472537
 2472599
 2472776
 2472901
 2473140
 2473252
 2473253
 2473285
 2473414
 2473427
 2473506
 2473978
 2474127
 2474188
 2474210
 2474436
 2474472
 2474608
 2474660
 2474709
 2474731
 2474839
 2475001
 2475033
 2475050
 2475071
 2475100
 2475103
 2475128
 2475178
 2475180
 2475201
 2475280
 2475332
 2475346
 2475407
 2475455
 2475510
 2475523
 2475839
 2475889
 2476153
 2476272
 2476294
 2476331
 2476500
 2476501
 2476515
 2476698
 2476701
 2476778
 2476788
 2476981
 2476997
 2477001
 2477130
 2477265
 2477476
 2477553
 2477592
 2477615
 2477691
 2477712
 2477715
 2477839
 2478066
 2478074
 2478279
 2478307
 2478321
 2478395
 2478542
 2478554
 2478915
 2478959
 2479085
 2479121
 2479204
 2479287
 2479581
 2479598
 2479897
 2479970
 2480013
 2480130
 2480157
 2480413
 2480501
 2480594
 2480707
 2480758
 2480776
 2480793
 2480850
 2480874
 2480894
 2480943
 2480953
 2480968
 2481052
 2481094
 2481358
 2481415
 2481429
 2481604
 2481611
 2481776
 2481861
 2481934
 2481944
 2482105
 2482122
 2482158
 2482249
 2482267
 2482306
 2482409
 2482443
 2482625
 2482737
 2482739
 2482775
 2482987
 2483356
 2483413
 2483484
 2483560
 2483651
 2483704
 2483774
 2483940
 2484109
 2484312
 2484314
 2484393
 2484399
 2484428
 2484679
 2484987
 2485021
 2485044
 2485064
 2485207
 2485215
 2485245
 2485321
 2485507
 2485755
 2486258
 2486353
 2486363
 2486394
 2486463
 2486576
 2486626
 2486932
 2486944
 2487089
 2487108
 2487231
 2487335
 2487516
 2487568
 2487580
 2487668
 2487961
 2488104
 2488226
 2488301
 2488400
 2488410
 2488436
 2488574
 2488596
 2488642
 2488847
 2489048
 2489080
 2489120
 2489229
 2489343
 2489590
 2489729
 2489906
 2489971
 2489991
 2490073
 2490109
 2490444
 2490777
 2490840
 2490908
 2491012
 2491244
 2491374
 2491385
 2491391
 2491643
 2491671
 2491852
 2492153
 2492396
 2492902
 2492917
 2492983
 2493067
 2493142
 2493155
 2493169
 2493210
 2493364
 2493418
 2493590
 2493700
 2493872
 2493925
 2493940
 2493954
 2494010
 2494024
 2494162
 2494514
 2494526
 2494795
 2494840
 2494849
 2494924
 2494933
 2494979
 2494995
 2495072
 2495626
 2495698
 2495736
 2496010
 2496071
 2496164
 2496192
 2496251
 2496603
 2496682
 2496775
 2496794
 2496820
 2497029
 2497154
 2497217
 2497339
 2497431
 2497481
 2497516
 2497521
 2497688
 2497759
 2497785
 2497875
 2497949
 2497993
 2497996
 2498003
 2498027
 2498179
 2498187
 2498335
 2498354
 2498457
 2498458
 2498469
 2498501
 2498549
 2498668
 2498756
 2498849
 2498956
 2499011
 2499315
 2499584
 2499728
 2499751
 2499826
 2499854
 2500025
 2500128
 2500168
 2500226
 2500452
 2500636
 2500649
 2500778
 2500787
 2500847
 2500856
 2501018
 2501070
 2501160
 2501187
 2501307
 2501317
 2501476
 2501535
 2501608
 2501626
 2501631
 2501664
 2501714
 2501899
 2502064
 2502097
 2502294
 2502296
 2502563
 2502574
 2502708
 2502788
 2502817
 2502865
 2502904
 2503074
 2503140
 2503253
 2503310
 2503429
 2503447
 2503590
 2503666
 2503787
 2503797
 2504025
 2504097
 2504328
 2504353
 2504390
 2504403
 2504986
 2505062
 2505097
 2505111
 2505224
 2505303
 2505350
 2505351
 2505386
 2505525
 2505597
 2505676
 2505860
 2505877
 2505930
 2506131
 2506250
 2506429
 2506645
 2506752
 2506919
 2506994
 2507506
 2507606
 2507656
 2507789
 2507823
 2507827
 2507849
 2507916
 2507981
 2508001
 2508217
 2508485
 2508552
 2508561
 2508585
 2508589
 2508816
 2508877
 2509068
 2509366
 2509367
 2509504
 2509506
 2509509
 2509539
 2509637
 2509664
 2509696
 2510032
 2510035
 2510205
 2510225
 2510326
 2510333
 2510517
 2510829
 2510890
 2510935
 2511032
 2511188
 2511285
 2511441
 2511491
 2511590
 2511643
 2511828
 2511905
 2512154
 2512313
 2512378
 2512477
 2512736
 2512819
 2512870
 2513013
 2513090
 2513094
 2513210
 2513224
 2513426
 2513600
 2513662
 2513681
 2513761
 2513940
 2514005
 2514026
 2514090
 2514091
 2514176
 2514403
 2514610
 2514701
 2515063
 2515105
 2515193
 2515208
 2515422
 2515716
 2515838
 2515854
 2516205
 2516223
 2516284
 2516509
 2516554
 2516699
 2516760
 2516988
 2517005
 2517359
 2517648
 2517755
 2517954
 2517961
 2517996
 2518004
 2518038
 2518154
 2518252
 2518568
 2518582
 2518604
 2518691
 2518811
 2518820
 2518879
 2518944
 2518979
 2519068
 2519226
 2519279
 2519381
 2519488
 2519512
 2519579
 2519689
 2519754
 2519866
 2519918
 2520061
 2520194
 2520200
 2520292
 2520383
 2520561
 2520601
 2520692
 2520731
 2520763
 2520965
 2520974
 2520996
 2521015
 2521018
 2521105
 2521204
 2521299
 2521358
 2521517
 2521642
 2521670
 2521795
 2521861
 2521926
 2521939
 2521993
 2522014
 2522140
 2522456
 2522503
 2522664
 2522674
 2522742
 2522820
 2522925
 2523213
 2523458
 2523496
 2523585
 2523738
 2523901
 2523937
 2524175
 2524207
 2524369
 2524505
 2524567
 2524677
 2524880
 2525036
 2525195
 2525226
 2525250
 2525320
 2525387
 2525591
 2525765
 2526018
 2526085
 2526140
 2526245
 2526398
 2526583
 2526622
 2526823
 2526919
 2527052
 2527101
 2527156
 2527243
 2527255
 2527366
 2527411
 2527452
 2527581
 2527627
 2527694
 2527715
 2527768
 2527844
 2527856
 2528078
 2528289
 2528353
 2528378
 2528399
 2528417
 2528500
 2528611
 2528883
 2528930
 2529059
 2529091
 2529107
 2529153
 2529160
 2529229
 2529244
 2529547
 2529673
 2529676
 2529858
 2529886
 2529966
 2529996
 2530016
 2530044
 2530054
 2530070
 2530478
 2530572
 2530709
 2530848
 2530890
 2531032
 2531062
 2531278
 2531306
 2531364
 2531501
 2531547
 2531608
 2531957
 2531982
 2532153
 2532638
 2532748
 2532782
 2532906
 2533002
 2533118
 2533218
 2533230
 2533528
 2533560
 2533562
 2533610
 2533823
 2534118
 2534233
 2534373
 2534528
 2534594
 2534640
 2534757
 2534810
 2534817
 2534844
 2534845
 2534953
 2535252
 2535296
 2535599
 2535622
 2535663
 2535944
 2535946
 2535951
 2536062
 2536140
 2536180
 2536741
 2537016
 2537092
 2537212
 2537244
 2537286
 2537369
 2537408
 2537586
 2537756
 2537795
 2537931
 2538075
 2538079
 2538114
 2538172
 2538261
 2538304
 2538359
 2538488
 2538507
 2538532
 2538997
 2539142
 2539206
 2539280
 2539282
 2539335
 2539361
 2539383
 2539526
 2539551
 2539553
 2539621
 2539637
 2539775
 2540015
 2540193
 2540320
 2540356
 2540386
 2540484
 2540520
 2540595
 2540871
 2540919
 2541011
 2541022
 2541028
 2541258
 2541306
 2541370
 2541372
 2541377
 2541520
 2541530
 2541573
 2541581
 2541722
 2541747
 2541909
 2542060
 2542214
 2542235
 2542366
 2542483
 2542592
 2542773
 2542781
 2542829
 2542860
 2542892
 2542934
 2542971
 2542988
 2543005
 2543310
 2543311
 2543427
 2543540
 2543677
 2543698
 2543728
 2543795
 2543988
 2544122
 2544146
 2544170
 2544244
 2544287
 2544333
 2544448
 2544478
 2544526
 2544529
 2544536
 2544595
 2544724
 2544735
 2544962
 2545376
 2545403
 2545533
 2545585
 2545611
 2545640
 2545679
 2545707
 2545779
 2545814
 2545903
 2546408
 2546463
 2546466
 2546529
 2546576
 2546604
 2546615
 2546715
 2546721
 2546743
 2546826
 2546837
 2546904
 2546954
 2546957
 2547254
 2547368
 2547717
 2548194
 2548261
 2548467
 2548567
 2548652
 2548755
 2548806
 2548814
 2548822
 2548945
 2548984
 2549032
 2549164
 2549223
 2549309
 2549347
 2549549
 2549606
 2549607
 2549652
 2549660
 2549744
 2549804
 2550064
 2550072
 2550073
 2550125
 2550361
 2550366
 2550370
 2550389
 2550484
 2550741
 2550889
 2551071
 2551141
 2551274
 2551280
 2551465
 2551485
 2551807
 2551911
 2551948
 2552096
 2552160
 2552205
 2552255
 2552439
 2552536
 2552613
 2552687
 2552749
 2552757
 2552787
 2552902
 2553074
 2553229
 2553236
 2553618
 2553714
 2553890
 2553928
 2553990
 2554092
 2554145
 2554360
 2554408
 2554412
 2554795
 2554961
 2555061
 2555082
 2555227
 2555269
 2555281
 2555290
 2555437
 2555537
 2555659
 2555669
 2555752
 2555835
 2555964
 2555981
 2556037
 2556044
 2556233
 2556388
 2556587
 2556709
 2556734
 2556759
 2556948
 2556990
 2557120
 2557171
 2557179
 2557481
 2557549
 2557591
 2557683
 2557799
 2557831
 2557884
 2557930
 2558026
 2558225
 2558228
 2558498
 2558567
 2558612
 2558696
 2558706
 2558904
 2558924
 2558947
 2558948
 2559015
 2559042
 2559066
 2559258
 2559364
 2559434
 2559487
 2559523
 2559546
 2559612
 2559637
 2559793
 2559857
 2560026
 2560096
 2560236
 2560308
 2560533
 2560534
 2560716
 2560744
 2561093
 2561095
 2561223
 2561244
 2561314
 2561331
 2561348
 2561372
 2561439
 2561916
 2562068
 2562148
 2562234
 2562252
 2562255
 2562480
 2562528
 2562570
 2562615
 2562676
 2562778
 2562844
 2563172
 2563265
 2563507
 2563625
 2563796
 2564003
 2564148
 2564250
 2564499
 2564577
 2564810
 2565202
 2565383
 2565473
 2565523
 2565529
 2565561
 2565728
 2565772
 2565784
 2565830
 2565874
 2565908
 2565958
 2566212
 2566419
 2566474
 2566527
 2566562
 2566838
 2566850
 2566920
 2567077
 2567198
 2567220
 2567776
 2567803
 2567944
 2567952
 2567981
 2568095
 2568106
 2568122
 2568176
 2568261
 2568288
 2568409
 2568455
 2568652
 2569142
 2569171
 2569444
 2569503
 2569542
 2569853
 2570071
 2570101
 2570136
 2570241
 2570358
 2570365
 2570415
 2570525
 2570716
 2570755
 2570778
 2570912
 2570946
 2571140
 2571265
 2571358
 2571517
 2571532
 2571610
 2571631
 2571701
 2571737
 2571808
 2572162
 2572622
 2572712
 2572945
 2573049
 2573133
 2573201
 2573477
 2573536
 2573546
 2573652
 2573703
 2573786
 2573966
 2574100
 2574192
 2574212
 2574309
 2574412
 2574531
 2574589
 2574618
 2574664
 2575110
 2575255
 2575309
 2575351
 2575803
 2575859
 2576031
 2576175
 2576454
 2576502
 2576600
 2576610
 2576640
 2576754
 2576813
 2576930
 2577064
 2577072
 2577305
 2577308
 2577564
 2577748
 2577864
 2578293
 2578645
 2578740
 2578800
 2578817
 2578948
 2579001
 2579055
 2579060
 2579191
 2579213
 2579237
 2579249
 2579272
 2579297
 2579314
 2579350
 2579351
 2579510
 2579616
 2579744
 2579778
 2579817
 2579820
 2579834
 2579846
 2579902
 2580141
 2580219
 2580245
 2580351
 2580465
 2580621
 2580749
 2580837
 2580892
 2581048
 2581077
 2581113
 2581210
 2581269
 2581561
 2581631
 2581679
 2581749
 2581947
 2581997
 2582003
 2582111
 2582575
 2582734
 2583084
 2583300
 2583362
 2583515
 2583552
 2583598
 2583710
 2583818
 2583820
 2583860
 2583901
 2583983
 2584034
 2584315
 2584317
 2584331
 2584351
 2584400
 2584589
 2584954
 2585048
 2585107
 2585205
 2585207
 2585262
 2585333
 2585527
 2585622
 2585669
 2585720
 2585958
 2585970
 2586186
 2586408
 2586591
 2586679
 2586754
 2586771
 2586806
 2586998
 2587020
 2587033
 2587052
 2587127
 2587183
 2587231
 2587238
 2587272
 2587345
 2587946
 2588139
 2588212
 2588250
 2588293
 2588309
 2588368
 2588391
 2588482
 2588632
 2588871
 2588904
 2589025
 2589436
 2589447
 2589545
 2589624
 2589914
 2590140
 2590281
 2590419
 2590441
 2590729
 2590800
 2590951
 2590996
 2591281
 2591496
 2591657
 2591726
 2591773
 2591975
 2592072
 2592214
 2592265
 2592569
 2592731
 2592883
 2592995
 2593033
 2593064
 2593092
 2593119
 2593245
 2593286
 2593402
 2593437
 2593451
 2593534
 2593580
 2593793
 2594336
 2594512
 2594618
 2594628
 2594683
 2594701
 2594730
 2594867
 2594922
 2594956
 2594991
 2595133
 2595194
 2595473
 2595552
 2595576
 2595590
 2595631
 2595660
 2595700
 2595725
 2595815
 2595851
 2595859
 2595951
 2596364
 2596598
 2596687
 2596699
 2596729
 2596775
 2596817
 2596867
 2596945
 2596993
 2597013
 2597447
 2597464
 2597777
 2597807
 2597811
 2597858
 2597908
 2597925
 2598048
 2598272
 2598283
 2598334
 2598661
 2598812
 2599012
 2599063
 2599099
 2599190
 2599300
 2599324
 2599681
 2599688
 2599986
 2600032
 2600037
 2600106
 2600143
 2600197
 2600266
 2600512
 2600518
 2600526
 2600536
 2600633
 2600643
 2600692
 2601198
 2601334
 2601415
 2601499
 2601653
 2601663
 2601686
 2601884
 2601919
 2601933
 2602161
 2602190
 2602361
 2602664
 2602706
 2602710
 2602792
 2602794
 2602950
 2603020
 2603187
 2603295
 2603513
 2603524
 2603754
 2603948
 2603972
 2603995
 2604104
 2604277
 2604289
 2604356
 2604398
 2604443
 2604571
 2604625
 2604665
 2604746
 2604940
 2605078
 2605138
 2605399
 2605415
 2605450
 2605483
 2605605
 2605616
 2605687
 2605738
 2605805
 2605908
 2605920
 2605921
 2605996
 2606269
 2606374
 2606511
 2606537
 2606539
 2606575
 2606773
 2606879
 2606949
 2607332
 2607376
 2607402
 2607441
 2607487
 2607539
 2607646
 2607875
 2607915
 2608052
 2608092
 2608135
 2608188
 2608260
 2608360
 2608375
 2608477
 2608694
 2608713
 2608773
 2608816
 2609004
 2609116
 2609134
 2609139
 2609303
 2609353
 2609369
 2609429
 2609458
 2609555
 2609697
 2609703
 2609772
 2609855
 2609889
 2609911
 2609986
 2610042
 2610045
 2610068
 2610221
 2610417
 2610426
 2610429
 2610536
 2610555
 2610612
 2610754
 2610879
 2611113
 2611133
 2611139
 2611362
 2611434
 2611446
 2611541
 2611798
 2611999
 2612113
 2612210
 2612254
 2612330
 2612335
 2612393
 2612416
 2612545
 2612670
 2612697
 2612712
 2612751
 2612851
 2612900
 2612938
 2613110
 2613135
 2613494
 2613510
 2613522
 2613964
 2613972
 2614116
 2614134
 2614146
 2614167
 2614241
 2614308
 2614647
 2614923
 2615166
 2615298
 2615344
 2615360
 2615501
 2615521
 2615522
 2615588
 2615723
 2615809
 2615986
 2616005
 2616099
 2616119
 2616338
 2616375
 2616395
 2616409
 2616419
 2616457
 2616599
 2616680
 2616699
 2616708
 2616731
 2616871
 2616897
 2616973
 2617192
 2617219
 2617452
 2617507
 2617656
 2617690
 2617937
 2617948
 2618084
 2618306
 2618346
 2618487
 2618503
 2618644
 2618768
 2619114
 2619201
 2619203
 2619441
 2619589
 2619591
 2619694
 2619737
 2619885
 2619901
 2619993
 2620081
 2620650
 2620669
 2620720
 2620884
 2621194
 2621370
 2621397
 2621453
 2621469
 2621542
 2621583
 2621679
 2621949
 2622031
 2622049
 2622092
 2622392
 2622668
 2622967
 2623142
 2623358
 2623363
 2623409
 2623412
 2623455
 2623543
 2623999
 2624056
 2624057
 2624060
 2624233
 2624309
 2624344
 2624354
 2624384
 2624647
 2624780
 2624818
 2625096
 2625180
 2625218
 2625462
 2625531
 2625625
 2625705
 2626077
 2626133
 2626234
 2626295
 2626311
 2626391
 2626557
 2626578
 2626614
 2626689
 2626808
 2626853
 2626855
 2627015
 2627228
 2627264
 2627574
 2627695
 2627725
 2627840
 2627846
 2628156
 2628417
 2628441
 2628512
 2628761
 2628889
 2628917
 2629101
 2629174
 2629229
 2629453
 2629474
 2629476
 2629517
 2629743
 2629948
 2630009
 2630137
 2630177
 2630282
 2630301
 2630352
 2630355
 2630527
 2630623
 2630790
 2630791
 2630879
 2630881
 2630908
 2631265
 2631304
 2631344
 2631463
 2631470
 2631593
 2631683
 2631784
 2632064
 2632160
 2632238
 2632389
 2632635
 2632674
 2632772
 2632786
 2632851
 2632874
 2632923
 2633029
 2633174
 2633216
 2633369
 2633439
 2633625
 2633661
 2633958
 2634088
 2634324
 2634445
 2634677
 2634679
 2634705
 2634950
 2634961
 2634962
 2635111
 2635318
 2635347
 2635424
 2635620
 2635728
 2635874
 2635928
 2636076
 2636199
 2636328
 2636575
 2636680
 2636876
 2636945
 2637018
 2637034
 2637208
 2637274
 2637369
 2637428
 2637494
 2637502
 2637512
 2637593
 2637609
 2637610
 2637625
 2637772
 2637851
 2637856
 2637966
 2637967
 2638246
 2638270
 2638294
 2638389
 2638391
 2638776
 2638831
 2638836
 2638942
 2638996
 2639101
 2639107
 2639174
 2639263
 2639296
 2639311
 2639507
 2639561
 2639594
 2639708
 2639778
 2639790
 2639801
 2639888
 2639928
 2639976
 2640033
 2640103
 2640168
 2640206
 2640242
 2640381
 2640451
 2640487
 2640604
 2641009
 2641019
 2641032
 2641270
 2641349
 2641366
 2641421
 2641596
 2641599
 2641891
 2642016
 2642017
 2642026
 2642115
 2642250
 2642382
 2642459
 2642505
 2642681
 2642687
 2642758
 2642764
 2642838
 2642862
 2642870
 2642882
 2643010
 2643048
 2643224
 2643232
 2643246
 2643292
 2643329
 2643391
 2643521
 2643577
 2643588
 2643628
 2643630
 2643799
 2643987
 2644032
 2644034
 2644090
 2644125
 2644257
 2644428
 2644534
 2644593
 2644651
 2644692
 2644741
 2644852
 2644869
 2644875
 2644888
 2644956
 2645009
 2645106
 2645116
 2645263
 2645316
 2645537
 2645738
 2645788
 2645815
 2645999
 2646005
 2646042
 2646113
 2646372
 2646380
 2646453
 2646469
 2646532
 2646621
 2646826
 2646876
 2647239
 2647304
 2647392
 2647453
 2647471
 2647603
 2647642
 2647664
 2648184
 2648244
 2648342
 2648632
 2648754
 2648792
 2648987
 2649025
 2649084
 2649095
 2649131
 2649259
 2649622
 2649693
 2649738
 2649765
 2650055
 2650184
 2650313
 2650335
 2650361
 2650365
 2650389
 2650582
 2650612
 2650632
 2650756
 2650809
 2650851
 2650872
 2651023
 2651156
 2651265
 2651330
 2651509
 2651570
 2651870
 2651969
 2652141
 2652232
 2652255
 2652448
 2652502
 2652595
 2652831
 2652902
 2652981
 2653145
 2653178
 2653304
 2653371
 2653376
 2653398
 2653552
 2653556
 2653570
 2653634
 2653654
 2653696
 2653717
 2653882
 2653889
 2653987
 2653990
 2654082
 2654098
 2654377
 2654379
 2654626
 2654642
 2654681
 2654705
 2654839
 2654842
 2654874
 2655014
 2655041
 2655209
 2655460
 2655482
 2655589
 2655642
 2655776
 2655872
 2656276
 2656390
 2656448
 2656626
 2656686
 2656894
 2656974
 2657008
 2657084
 2657150
 2657172
 2657446
 2657562
 2657798
 2657851
 2657881
 2657941
 2658155
 2658177
 2658433
 2658434
 2658455
 2658613
 2658710
 2658725
 2658981
 2659296
 2659381
 2659423
 2659676
 2659810
 2659896
 2659933
 2660141
 2660317
 2660565
 2660625
 2660844
 2660848
 2660879
 2660894
 2660905
 2660912
 2660926
 2660951
 2661237
 2661265
 2661311
 2661677
 2661732
 2661771
 2661960
 2662103
 2662125
 2662132
 2662162
 2662173
 2662250
 2662266
 2662332
 2662621
 2662718
 2662723
 2662896
 2662998
 2663102
 2663112
 2663176
 2663250
 2663265
 2663291
 2663698
 2663725
 2663727
 2663913
 2664033
 2664058
 2664135
 2664327
 2664372
 2664523
 2664549
 2664738
 2665006
 2665060
 2665113
 2665262
 2665358
 2665404
 2665407
 2665499
 2665567
 2665715
 2665788
 2665796
 2665822
 2665926
 2666155
 2666187
 2666230
 2666329
 2666420
 2666534
 2666717
 2666804
 2666842
 2666926
 2667156
 2667215
 2667249
 2667399
 2667598
 2667601
 2667631
 2667639
 2667822
 2667953
 2668136
 2668200
 2668272
 2668369
 2668412
 2668481
 2668528
 2668543
 2668656
 2668746
 2669008
 2669113
 2669289
 2669334
 2669391
 2669424
 2669461
 2669520
 2669565
 2669749
 2669905
 2669960
 2669983
 2670058
 2670122
 2670140
 2670283
 2670348
 2670386
 2670387
 2670519
 2670562
 2670633
 2670698
 2670867
 2670938
 2671234
 2671398
 2671431
 2671558
 2671559
 2671635
 2671696
 2672124
 2672557
 2672694
 2672759
 2672987
 2673104
 2673148
 2673366
 2673508
 2673516
 2673878
 2674341
 2674505
 2674674
 2674723
 2674736
 2674803
 2675314
 2675356
 2675409
 2675411
 2675435
 2675464
 2675520
 2675657
 2675668
 2675675
 2675721
 2675775
 2675864
 2675907
 2675934
 2676017
 2676029
 2676130
 2676293
 2676405
 2676454
 2676526
 2676545
 2676636
 2676664
 2676719
 2676907
 2677030
 2677031
 2677084
 2677209
 2677219
 2677222
 2677358
 2677363
 2677437
 2677557
 2677568
 2677680
 2677724
 2677732
 2677818
 2677888
 2677893
 2677906
 2677940
 2678016
 2678068
 2678174
 2678245
 2678409
 2678677
 2678708
 2678733
 2678826
 2678907
 2679032
 2679126
 2679128
 2679209
 2679568
 2680232
 2680248
 2680384
 2680769
 2680838
 2680974
 2680992
 2681051
 2681311
 2681323
 2681329
 2681497
 2681672
 2681712
 2681766
 2681827
 2681828
 2681936
 2682139
 2682161
 2682181
 2682208
 2682245
 2682254
 2682522
 2682531
 2682844
 2683192
 2683239
 2683481
 2683545
 2683554
 2683611
 2683650
 2683742
 2684034
 2684106
 2684147
 2684199
 2684295
 2684525
 2684552
 2684933
 2685019
 2685026
 2685109
 2685176
 2685247
 2685265
 2685266
 2685270
 2685275
 2685326
 2685381
 2685463
 2685475
 2685479
 2685490
 2685602
 2685625
 2685779
 2685840
 2685938
 2686268
 2686568
 2686669
 2686907
 2687187
 2687271
 2687360
 2687451
 2687578
 2687708
 2687832
 2687947
 2688026
 2688303
 2688344
 2688367
 2688494
 2688846
 2688869
 2688998
 2689007
 2689120
 2689278
 2689346
 2689428
 2689592
 2689601
 2689615
 2689670
 2689697
 2689871
 2690057
 2690263
 2690287
 2690578
 2690635
 2690717
 2690902
 2690918
 2690971
 2691317
 2691623
 2691725
 2691759
 2691772
 2691987
 2692037
 2692087
 2692110
 2692301
 2692570
 2692608
 2692647
 2692907
 2693077
 2693119
 2693203
 2693286
 2693386
 2693491
 2693680
 2693883
 2693939
 2694029
 2694089
 2694209
 2694228
 2694267
 2694720
 2694877
 2694896
 2694940
 2694944
 2695007
 2695121
 2695175
 2695342
 2695345
 2695431
 2695543
 2695560
 2695598
 2695625
 2695794
 2695800
 2695846
 2695999
 2696022
 2696027
 2696130
 2696158
 2696192
 2696203
 2696393
 2696456
 2696462
 2696502
 2696521
 2696813
 2696909
 2696916
 2697117
 2697191
 2697374
 2697441
 2697445
 2697547
 2697568
 2697649
 2697730
 2697870
 2697960
 2697990
 2698043
 2698081
 2698196
 2698313
 2698510
 2698674
 2698932
 2698985
 2699174
 2699237
 2699272
 2699343
 2699446
 2699626
 2699698
 2699709
 2699829
 2700149
 2700169
 2700373
 2700563
 2700629
 2700634
 2700651
 2700683
 2700728
 2700752
 2700978
 2701162
 2701188
 2701229
 2701272
 2701403
 2701413
 2701636
 2701723
 2701885
 2702097
 2702161
 2702182
 2702189
 2702457
 2702524
 2702565
 2702594
 2702604
 2702645
 2702686
 2702728
 2702790
 2702815
 2702818
 2703051
 2703109
 2703213
 2703214
 2703303
 2703569
 2703576
 2703797
 2703810
 2704074
 2704076
 2704246
 2704271
 2704476
 2704585
 2704831
 2704875
 2704951
 2704972
 2705017
 2705112
 2705248
 2705584
 2705640
 2705674
 2705702
 2705730
 2705780
 2705836
 2705990
 2706035
 2706087
 2706223
 2706338
 2706396
 2706561
 2706704
 2706737
 2706834
 2707060
 2707148
 2707387
 2707413
 2707415
 2707456
 2707482
 2707506
 2707579
 2707610
 2707681
 2707833
 2707849
 2707904
 2707969
 2708041
 2708097
 2708187
 2708320
 2708383
 2708414
 2708425
 2708457
 2708576
 2708613
 2708698
 2708711
 2708721
 2708908
 2708921
 2708989
 2709084
 2709094
 2709100
 2709134
 2709300
 2709397
 2709401
 2709538
 2709559
 2709690
 2709746
 2709819
 2709990
 2710055
 2710344
 2710460
 2710705
 2710733
 2710906
 2710955
 2711211
 2711241
 2711308
 2711356
 2711442
 2711528
 2711747
 2711753
 2711758
 2711793
 2711853
 2711868
 2712188
 2712570
 2712598
 2712614
 2712664
 2712805
 2713029
 2713077
 2713142
 2713317
 2713331
 2713407
 2713445
 2713507
 2713519
 2713628
 2713808
 2714011
 2714205
 2714258
 2714259
 2714270
 2714307
 2714377
 2714392
 2714459
 2714476
 2714580
 2714621
 2714672
 2714675
 2714779
 2714897
 2714899
 2715010
 2715073
 2715119
 2715145
 2715249
 2715360
 2715444
 2715503
 2715831
 2715953
 2716050
 2716557
 2716627
 2716739
 2716840
 2716843
 2717257
 2717407
 2717821
 2717918
 2718340
 2718364
 2718633
 2718744
 2718850
 2719076
 2719134
 2719241
 2719271
 2719288
 2719431
 2719441
 2719459
 2719508
 2719582
 2719942
 2720009
 2720038
 2720116
 2720164
 2720267
 2720287
 2720295
 2720482
 2720651
 2720676
 2720828
 2721013
 2721055
 2721075
 2721099
 2721325
 2721479
 2721494
 2721571
 2721591
 2721644
 2721647
 2721810
 2721867
 2722110
 2722132
 2722184
 2722287
 2722391
 2722456
 2722457
 2722541
 2722590
 2722602
 2722697
 2722874
 2722959
 2722995
 2723038
 2723082
 2723255
 2723805
 2723864
 2723928
 2723940
 2723953
 2724150
 2724210
 2724319
 2724331
 2724479
 2724485
 2724869
 2724934
 2725081
 2725107
 2725202
 2725207
 2725261
 2725383
 2725386
 2725510
 2725584
 2725662
 2725773
 2725838
 2725968
 2726224
 2726392
 2726550
 2726688
 2726819
 2726967
 2727005
 2727112
 2727195
 2727247
 2727344
 2727784
 2728107
 2728372
 2728513
 2728536
 2728627
 2728806
 2728817
 2728856
 2728895
 2729221
 2729278
 2729411
 2729415
 2729482
 2729530
 2729675
 2729760
 2729841
 2729846
 2729931
 2729965
 2730010
 2730076
 2730083
 2730216
 2730303
 2730354
 2730391
 2730402
 2730519
 2730736
 2730801
 2730821
 2730905
 2731008
 2731155
 2731282
 2731481
 2731564
 2731621
 2731864
 2731918
 2732387
 2732529
 2732824
 2732845
 2732899
 2732915
 2733212
 2733282
 2733347
 2733436
 2733466
 2733578
 2733602
 2733611
 2733616
 2733805
 2733930
 2734071
 2734087
 2734194
 2734218
 2734224
 2734375
 2734413
 2734537
 2734679
 2734769
 2734900
 2734990
 2735138
 2735249
 2735468
 2735476
 2735529
 2735615
 2735616
 2735621
 2735655
 2735745
 2735879
 2735979
 2736293
 2736374
 2736480
 2736485
 2736492
 2736561
 2736668
 2736772
 2736821
 2736854
 2736991
 2737211
 2737241
 2737266
 2737269
 2737287
 2737323
 2737406
 2737536
 2737629
 2737769
 2738032
 2738072
 2738191
 2738361
 2738385
 2738508
 2738569
 2738598
 2738775
 2738843
 2738885
 2739038
 2739120
 2739151
 2739223
 2739303
 2739421
 2739576
 2739700
 2739769
 2739804
 2739833
 2740009
 2740108
 2740364
 2740448
 2740488
 2740628
 2740651
 2740673
 2740761
 2740791
 2741050
 2741088
 2741174
 2741432
 2741632
 2741760
 2741874
 2741992
 2742073
 2742197
 2742337
 2742743
 2742817
 2743064
 2743078
 2743160
 2743365
 2743392
 2743489
 2743654
 2743749
 2743814
 2744074
 2744242
 2744397
 2744418
 2744425
 2744652
 2744713
 2744762
 2744861
 2744879
 2744982
 2745059
 2745085
 2745502
 2745563
 2745646
 2745839
 2746301
 2746360
 2746417
 2746501
 2746544
 2746643
 2746713
 2746743
 2746925
 2747059
 2747159
 2747202
 2747246
 2747318
 2747346
 2747484
 2747500
 2747507
 2747786
 2748136
 2748250
 2748367
 2748423
 2748580
 2748610
 2748705
 2748780
 2748841
 2748880
 2748907
 2748969
 2749146
 2749219
 2749240
 2749262
 2749315
 2749348
 2749457
 2749479
 2749536
 2749602
 2749746
 2749787
 2749911
 2749913
 2749950
 2750021
 2750134
 2750155
 2750290
 2750416
 2750679
 2750687
 2750794
 2750873
 2750922
 2750993
 2751084
 2751125
 2751499
 2751540
 2751648
 2751663
 2751745
 2751767
 2751807
 2751809
 2751911
 2752004
 2752079
 2752086
 2752242
 2752598
 2752915
 2752916
 2752969
 2753021
 2753056
 2753110
 2753169
 2753180
 2753318
 2753388
 2753397
 2753464
 2753586
 2753675
 2753681
 2753689
 2753707
 2753908
 2754011
 2754126
 2754171
 2754178
 2754194
 2754302
 2754527
 2754578
 2754652
 2754724
 2754750
 2754804
 2754809
 2754847
 2754976
 2755001
 2755165
 2755420
 2755429
 2755445
 2755584
 2755766
 2755833
 2755935
 2756022
 2756201
 2756506
 2756774
 2756826
 2756906
 2757005
 2757029
 2757085
 2757132
 2757392
 2757409
 2757414
 2757423
 2757612
 2757627
 2757638
 2757886
 2758008
 2758167
 2758369
 2758420
 2758482
 2758540
 2758627
 2758714
 2758807
 2758837
 2758857
 2758873
 2758910
 2758939
 2759090
 2759162
 2759196
 2759357
 2759525
 2759803
 2760445
 2760571
 2760602
 2760678
 2760694
 2760965
 2761078
 2761250
 2761278
 2761292
 2761296
 2761303
 2761395
 2761517
 2761739
 2761788
 2762058
 2762305
 2762353
 2762527
 2762575
 2762714
 2762916
 2762959
 2763016
 2763175
 2763197
 2763298
 2763467
 2763543
 2763566
 2763977
 2764032
 2764064
 2764150
 2764492
 2764559
 2764564
 2764627
 2764783
 2764907
 2764923
 2764963
 2765050
 2765161
 2765257
 2765551
 2765767
 2765805
 2765949
 2766015
 2766302
 2766441
 2766669
 2766673
 2766676
 2766680
 2766798
 2766921
 2767007
 2767428
 2767708
 2767967
 2768081
 2768257
 2768378
 2768405
 2768434
 2768499
 2768586
 2768626
 2768695
 2768700
 2768784
 2768790
 2768826
 2768827
 2768888
 2768954
 2769061
 2769208
 2769310
 2769424
 2769478
 2769498
 2769567
 2769569
 2769593
 2769702
 2769734
 2769914
 2769993
 2770286
 2770287
 2770369
 2770502
 2770549
 2770618
 2770644
 2770797
 2770850
 2770907
 2770947
 2770991
 2771077
 2771159
 2771258
 2771386
 2771556
 2771663
 2771776
 2771801
 2771919
 2771975
 2772056
 2772119
 2772255
 2772348
 2772419
 2772523
 2772567
 2772619
 2772648
 2772835
 2773027
 2773109
 2773111
 2773152
 2773195
 2773270
 2773279
 2773356
 2773377
 2773397
 2773414
 2773436
 2773734
 2773770
 2774014
 2774065
 2774244
 2774290
 2774300
 2774392
 2774477
 2774606
 2774646
 2774805
 2774906
 2774973
 2774980
 2775049
 2775064
 2775083
 2775116
 2775164
 2775225
 2775299
 2775316
 2775337
 2775513
 2775560
 2775662
 2775725
 2775772
 2775779
 2776210
 2776241
 2776265
 2776318
 2776499
 2776545
 2776547
 2776654
 2776677
 2776749
 2776792
 2776867
 2776894
 2776966
 2777055
 2777102
 2777115
 2777146
 2777165
 2777325
 2777334
 2777574
 2777804
 2777809
 2777824
 2778042
 2778073
 2778182
 2778220
 2778248
 2778250
 2778260
 2778281
 2778576
 2778593
 2778599
 2778624
 2778843
 2779167
 2779238
 2779293
 2779358
 2779439
 2779493
 2779524
 2779569
 2779590
 2779661
 2779663
 2779968
 2779992
 2780013
 2780052
 2780161
 2780335
 2780492
 2780574
 2780702
 2780779
 2780842
 2780854
 2780981
 2781009
 2781087
 2781462
 2781594
 2781700
 2781706
 2781774
 2781989
 2782092
 2782096
 2782260
 2782433
 2782457
 2782593
 2782657
 2782728
 2782736
 2782761
 2782912
 2782993
 2783115
 2783149
 2783378
 2783383
 2783439
 2783627
 2783724
 2783780
 2783817
 2784111
 2784287
 2784318
 2784431
 2784481
 2784545
 2784561
 2784591
 2784592
 2784620
 2784650
 2784803
 2784895
 2784939
 2784994
 2785091
 2785155
 2785277
 2785409
 2785489
 2785540
 2785621
 2785712
 2785718
 2786065
 2786081
 2786204
 2786258
 2786274
 2786346
 2786456
 2786593
 2786608
 2786630
 2786666
 2786720
 2786980
 2787064
 2787201
 2787389
 2787527
 2787539
 2787571
 2787627
 2787698
 2787768
 2788053
 2788305
 2788672
 2788865
 2788870
 2788908
 2788979
 2789172
 2789260
 2789342
 2789403
 2789509
 2789555
 2789587
 2789710
 2789808
 2789921
 2789984
 2790157
 2790192
 2790368
 2790383
 2790480
 2790565
 2790583
 2790617
 2790669
 2790853
 2790957
 2790984
 2791050
 2791072
 2791086
 2791112
 2791236
 2791360
 2791425
 2791429
 2791739
 2791792
 2791934
 2792014
 2792047
 2792303
 2792394
 2792450
 2792486
 2792543
 2792624
 2792815
 2792920
 2793420
 2793430
 2793769
 2793912
 2794156
 2794185
 2794540
 2794712
 2794894
 2794895
 2795037
 2795194
 2795570
 2795792
 2795862
 2796487
 2796580
 2796696
 2797011
 2797051
 2797231
 2797593
 2797780
 2797795
 2798046
 2798181
 2798205
 2798303
 2798317
 2798361
 2798428
 2798572
 2798579
 2798589
 2798673
 2798786
 2798842
 2798956
 2799176
 2799251
 2799275
 2799369
 2799413
 2799493
 2799616
 2799776
 2799791
 2799833
 2799864
 2799873
 2800095
 2800363
 2800551
 2800671
 2800886
 2801264
 2801345
 2801426
 2801664
 2801716
 2801916
 2802085
 2802224
 2802315
 2802345
 2802369
 2802559
 2802774
 2802835
 2802841
 2802963
 2803098
 2803141
 2803182
 2803225
 2803300
 2803464
 2803698
 2803748
 2803809
 2804049
 2804057
 2804058
 2804163
 2804279
 2804479
 2804501
 2804628
 2804662
 2804726
 2804727
 2804815
 2805021
 2805138
 2805332
 2805422
 2805550
 2805658
 2805668
 2805683
 2805798
 2805827
 2805836
 2805877
 2805988
 2806256
 2806285
 2806518
 2806671
 2807049
 2807125
 2807127
 2807224
 2807248
 2807450
 2807625
 2807783
 2807800
 2807828
 2807913
 2808287
 2808346
 2808442
 2808448
 2808526
 2808723
 2808755
 2808803
 2809002
 2809167
 2809267
 2809427
 2809514
 2809693
 2809718
 2809824
 2809979
 2810022
 2810056
 2810171
 2810260
 2810319
 2810494
 2810647
 2810850
 2810864
 2810904
 2810963
 2811039
 2811139
 2811234
 2811282
 2811437
 2811466
 2811528
 2811550
 2811742
 2811788
 2811792
 2811797
 2811831
 2812155
 2812187
 2812245
 2812282
 2812410
 2812456
 2812505
 2812510
 2812515
 2812536
 2812795
 2812842
 2812879
 2812923
 2812926
 2813075
 2813081
 2813138
 2813236
 2813266
 2813349
 2813354
 2813527
 2813616
 2813634
 2813758
 2814059
 2814065
 2814132
 2814152
 2814224
 2814380
 2814714
 2814927
 2815247
 2815316
 2815328
 2815343
 2815714
 2815754
 2815937
 2816120
 2816368
 2816446
 2816621
 2816622
 2816636
 2816679
 2816772
 2816858
 2816863
 2817483
 2817533
 2817561
 2817690
 2817704
 2817728
 2817749
 2817890
 2817909
 2817923
 2817954
 2818324
 2818384
 2818496
 2818687
 2818761
 2818792
 2818892
 2818904
 2819104
 2819119
 2819219
 2819246
 2819278
 2819335
 2819395
 2819489
 2819584
 2819709
 2819876
 2819878
 2819949
 2820042
 2820088
 2820239
 2820548
 2820603
 2820643
 2820716
 2820819
 2820901
 2820949
 2820954
 2821200
 2821219
 2821236
 2821367
 2821527
 2821580
 2821680
 2821743
 2822054
 2822532
 2822540
 2822589
 2822768
 2822863
 2822978
 2823012
 2823279
 2823396
 2823459
 2823534
 2823644
 2823673
 2823743
 2823770
 2823837
 2824017
 2824221
 2824238
 2824317
 2824441
 2824482
 2824571
 2824638
 2824667
 2824720
 2824820
 2824976
 2825030
 2825293
 2825451
 2825565
 2825819
 2825909
 2825919
 2825945
 2826023
 2826122
 2826267
 2826356
 2826421
 2826436
 2826520
 2826581
 2826888
 2827052
 2827546
 2827845
 2827852
 2827878
 2827893
 2828094
 2828167
 2828246
 2828314
 2829069
 2829227
 2829273
 2829285
 2829299
 2829419
 2829727
 2829984
 2829990
 2830002
 2830133
 2830134
 2830172
 2830192
 2830251
 2830319
 2830401
 2830498
 2830532
 2830635
 2830686
 2830833
 2830867
 2830914
 2831200
 2831210
 2831293
 2831378
 2831521
 2831642
 2831655
 2831673
 2831685
 2831809
 2832123
 2832208
 2832338
 2832454
 2832859
 2832914
 2832964
 2833023
 2833198
 2833258
 2833358
 2833665
 2833721
 2833734
 2833934
 2833951
 2834248
 2834294
 2834369
 2834491
 2834529
 2834804
 2834884
 2834929
 2835112
 2835271
 2835315
 2835503
 2835601
 2835647
 2835648
 2835708
 2835798
 2835865
 2835986
 2836031
 2836095
 2836139
 2836161
 2836460
 2836547
 2836649
 2836736
 2836763
 2836822
 2836849
 2837017
 2837178
 2837361
 2837404
 2837502
 2837527
 2837529
 2837628
 2837804
 2838151
 2838409
 2838503
 2838512
 2838635
 2838670
 2838711
 2838783
 2838846
 2838871
 2838945
 2838984
 2839223
 2839336
 2839345
 2839397
 2839507
 2839629
 2839737
 2839769
 2839852
 2840032
 2840045
 2840196
 2840315
 2840465
 2840532
 2840581
 2840765
 2840804
 2841061
 2841142
 2841345
 2841383
 2841941
 2841992
 2842027
 2842139
 2842175
 2842194
 2842273
 2842392
 2842795
 2842853
 2842873
 2842920
 2842930
 2842947
 2843125
 2843198
 2843208
 2843296
 2843322
 2843655
 2843656
 2843838
 2843911
 2844174
 2844345
 2844360
 2844399
 2844709
 2844722
 2844741
 2845093
 2845110
 2845117
 2845134
 2845165
 2845339
 2845430
 2845572
 2845663
 2845740
 2845893
 2845894
 2845965
 2845977
 2846253
 2846410
 2846413
 2846514
 2846568
 2846614
 2846756
 2846825
 2846943
 2847211
 2847304
 2847486
 2847494
 2847604
 2847824
 2847831
 2847854
 2847889
 2847896
 2848160
 2848201
 2848344
 2848457
 2848488
 2848591
 2848609
 2848750
 2848871
 2848886
 2848890
 2848966
 2849314
 2849391
 2849416
 2849486
 2849552
 2849622
 2849883
 2850065
 2850066
 2850358
 2850441
 2850455
 2850518
 2850662
 2850685
 2850830
 2850875
 2850912
 2851114
 2851155
 2851157
 2851208
 2851258
 2851324
 2851364
 2851416
 2851504
 2851583
 2851633
 2851856
 2851862
 2852109
 2852225
 2852277
 2852311
 2852333
 2852443
 2852505
 2852625
 2852676
 2852939
 2853218
 2853579
 2853609
 2853810
 2853826
 2854188
 2854203
 2854409
 2854421
 2854487
 2854555
 2854557
 2854817
 2855005
 2855312
 2855439
 2855457
 2855481
 2855504
 2855517
 2855579
 2855682
 2855926
 2855950
 2855987
 2856178
 2856389
 2856393
 2856672
 2856811
 2856908
 2857107
 2857191
 2857229
 2857315
 2857461
 2857546
 2857654
 2857755
 2857815
 2857884
 2857902
 2857928
 2857982
 2858134
 2858218
 2858235
 2858338
 2859062
 2859083
 2859154
 2859333
 2859416
 2859484
 2859522
 2859582
 2859657
 2859808
 2859977
 2860219
 2860469
 2860527
 2860555
 2860715
 2860881
 2861010
 2861208
 2861211
 2861528
 2861562
 2861818
 2861826
 2861922
 2861934
 2861981
 2862035
 2862105
 2862218
 2862269
 2862278
 2862291
 2862411
 2862424
 2862564
 2862639
 2862731
 2862962
 2863012
 2863073
 2863391
 2863671
 2863705
 2863720
 2864049
 2864112
 2864182
 2864334
 2864345
 2864406
 2864442
 2864613
 2864633
 2864707
 2864799
 2865065
 2865480
 2865585
 2865647
 2865724
 2865824
 2865921
 2866068
 2866269
 2866335
 2866520
 2866710
 2866966
 2867002
 2867238
 2867305
 2867458
 2867532
 2868115
 2868123
 2868280
 2868334
 2868336
 2868410
 2868539
 2868560
 2868748
 2868753
 2868757
 2868993
 2869073
 2869175
 2869386
 2869531
 2869763
 2869769
 2869860
 2869877
 2870032
 2870393
 2870443
 2870458
 2870464
 2870547
 2870635
 2870764
 2870877
 2871039
 2871155
 2871529
 2871675
 2871853
 2872031
 2872042
 2872262
 2872448
 2872454
 2872497
 2872850
 2873071
 2873184
 2873267
 2873328
 2873778
 2874093
 2874097
 2874276
 2874330
 2874430
 2874446
 2874683
 2875300
 2875310
 2875553
 2875779
 2875920
 2875996
 2876026
 2876292
 2876422
 2876486
 2876497
 2876521
 2876567
 2876610
 2876642
 2876649
 2876683
 2876821
 2876823
 2876824
 2876902
 2876906
 2876945
 2877021
 2877125
 2877137
 2877235
 2877317
 2877536
 2877625
 2877676
 2877691
 2877711
 2877844
 2877900
 2878001
 2878157
 2878238
 2878400
 2878489
 2878504
 2878819
 2878860
 2878935
 2878950
 2879052
 2879180
 2879211
 2879238
 2879268
 2879369
 2879510
 2879717
 2879937
 2880217
 2880422
 2880535
 2880638
 2880690
 2881119
 2881164
 2881322
 2881371
 2881509
 2881628
 2882056
 2882208
 2882316
 2882332
 2882869
 2882890
 2883158
 2883172
 2883248
 2883328
 2883452
 2883500
 2883583
 2883599
 2883910
 2883966
 2883993
 2884144
 2884185
 2884229
 2884326
 2884345
 2884355
 2884407
 2884453
 2884563
 2884577
 2884748
 2884899
 2884989
 2885044
 2885365
 2885412
 2885436
 2885493
 2885680
 2885795
 2885940
 2886098
 2886118
 2886155
 2886188
 2886304
 2886401
 2886435
 2886618
 2886766
 2886836
 2887112
 2887154
 2887337
 2887377
 2887448
 2887523
 2887552
 2887562
 2887691
 2887725
 2887981
 2888202
 2888223
 2888252
 2888433
 2888513
 2888606
 2888612
 2888713
 2888911
 2888940
 2889278
 2889328
 2889498
 2889544
 2889575
 2889612
 2889637
 2889683
 2889822
 2889894
 2889915
 2890009
 2890396
 2890402
 2890512
 2890528
 2890561
 2890655
 2890854
 2890924
 2890997
 2891119
 2891168
 2891335
 2891611
 2891849
 2892065
 2892072
 2892104
 2892190
 2892327
 2892396
 2892495
 2892559
 2892616
 2892619
 2892728
 2892835
 2892971
 2893079
 2893094
 2893322
 2893357
 2893381
 2893522
 2893555
 2893571
 2893572
 2893620
 2893655
 2893697
 2893777
 2893779
 2893802
 2893813
 2893820
 2893827
 2893930
 2893946
 2893989
 2894166
 2894316
 2894332
 2894728
 2894764
 2894859
 2895001
 2895081
 2895090
 2895278
 2895302
 2895343
 2895414
 2895491
 2895503
 2895704
 2895736
 2895757
 2895760
 2895927
 2895951
 2896042
 2896165
 2896250
 2896346
 2896384
 2896492
 2896609
 2896619
 2896661
 2896722
 2897224
 2897314
 2897463
 2897564
 2897603
 2897616
 2897739
 2897848
 2897917
 2898000
 2898003
 2898006
 2898141
 2898187
 2898497
 2898678
 2898813
 2898816
 2899024
 2899043
 2899159
 2899172
 2899180
 2899412
 2899475
 2899630
 2899644
 2899863
 2899870
 2900207
 2900245
 2900843
 2900935
 2901181
 2901407
 2901429
 2901845
 2901901
 2901955
 2902034
 2902219
 2902314
 2902391
 2902403
 2902411
 2902498
 2902510
 2902542
 2902731
 2903081
 2903206
 2903368
 2903404
 2903446
 2903447
 2903452
 2903493
 2903496
 2903503
 2903573
 2903607
 2903649
 2903737
 2903788
 2904211
 2904299
 2904322
 2904402
 2904492
 2904494
 2904503
 2904526
 2904624
 2904626
 2904699
 2904700
 2904750
 2904915
 2905128
 2905442
 2905590
 2905717
 2905733
 2905839
 2905878
 2906079
 2906173
 2906296
 2906805
 2906825
 2906898
 2906909
 2906964
 2906993
 2907023
 2907299
 2907370
 2907421
 2907578
 2907586
 2907680
 2907842
 2908130
 2908363
 2908395
 2908510
 2908511
 2908601
 2908609
 2908868
 2908876
 2908880
 2908935
 2908967
 2908990
 2909062
 2909251
 2909498
 2909630
 2909673
 2909795
 2909806
 2910377
 2910381
 2910414
 2910427
 2910474
 2910696
 2910866
 2910950
 2911119
 2911167
 2911178
 2911179
 2911195
 2911206
 2911259
 2911303
 2911364
 2911465
 2911912
 2911959
 2911989
 2912044
 2912106
 2912114
 2912483
 2912672
 2912767
 2912775
 2912785
 2912811
 2912921
 2912984
 2913101
 2913178
 2913215
 2913409
 2913450
 2913495
 2913670
 2913709
 2913807
 2913957
 2913975
 2914043
 2914087
 2914169
 2914198
 2914209
 2914246
 2914274
 2914334
 2914464
 2914484
 2914533
 2914611
 2914684
 2914929
 2914938
 2915329
 2915549
 2915652
 2915834
 2916002
 2916046
 2916108
 2916150
 2916188
 2916326
 2916365
 2916421
 2916592
 2916614
 2916659
 2916779
 2916811
 2916945
 2916950
 2916953
 2916959
 2916977
 2916996
 2917032
 2917052
 2917087
 2917142
 2917398
 2917486
 2917510
 2917524
 2917655
 2917873
 2917908
 2917955
 2917976
 2918072
 2918180
 2918193
 2918201
 2918252
 2918364
 2918431
 2918609
 2918771
 2918776
 2918953
 2919104
 2919166
 2919470
 2919659
 2919663
 2919676
 2919788
 2920205
 2920356
 2920368
 2920456
 2920860
 2920943
 2920948
 2920986
 2921045
 2921067
 2921127
 2921153
 2921309
 2921330
 2921418
 2921431
 2921539
 2921670
 2921848
 2921911
 2921977
 2922063
 2922200
 2922233
 2922321
 2922396
 2922611
 2922743
 2922917
 2922954
 2923009
 2923091
 2923372
 2923460
 2923486
 2923681
 2923682
 2923716
 2923834
 2923968
 2924090
 2924152
 2924372
 2924444
 2924592
 2924838
 2924929
 2924931
 2924973
 2924998
 2925057
 2925130
 2925194
 2925203
 2925217
 2925236
 2925398
 2925446
 2925476
 2925564
 2925794
 2925816
 2925839
 2926124
 2926137
 2926268
 2926269
 2926351
 2926462
 2926507
 2926577
 2926631
 2926671
 2926733
 2926806
 2926839
 2927042
 2927135
 2927140
 2927229
 2927295
 2927323
 2927536
 2927736
 2927764
 2927899
 2928051
 2928153
 2928201
 2928222
 2928320
 2928394
 2928445
 2928540
 2928667
 2928937
 2928973
 2928977
 2929176
 2929196
 2929302
 2929364
 2929458
 2929617
 2929713
 2929930
 2930022
 2930078
 2930134
 2930151
 2930180
 2930198
 2930356
 2930397
 2930757
 2930948
 2931106
 2931153
 2931275
 2931322
 2931350
 2931374
 2931600
 2931747
 2931757
 2931781
 2931796
 2931808
 2931820
 2931869
 2931972
 2932218
 2932230
 2932355
 2932500
 2932603
 2932699
 2932928
 2932933
 2933025
 2933120
 2933132
 2933160
 2933222
 2933242
 2933247
 2933254
 2933260
 2933264
 2933320
 2933589
 2933645
 2933745
 2933782
 2933849
 2934087
 2934208
 2934354
 2934462
 2934529
 2934613
 2934658
 2934725
 2934735
 2934915
 2935038
 2935100
 2935130
 2935908
 2935996
 2936009
 2936125
 2936158
 2936278
 2936495
 2936729
 2936794
 2936864
 2936926
 2936977
 2937138
 2937204
 2937267
 2937438
 2937565
 2937702
 2937749
 2937785
 2937983
 2938096
 2938284
 2938286
 2938310
 2938324
 2938350
 2938497
 2938532
 2938586
 2938844
 2939016
 2939218
 2939404
 2939485
 2939561
 2939796
 2939855
 2939908
 2939923
 2940034
 2940245
 2940303
 2940309
 2940529
 2940962
 2941179
 2941879
 2941935
 2942051
 2942135
 2942529
 2942688
 2942923
 2943254
 2943288
 2943492
 2943507
 2943548
 2943550
 2943555
 2943594
 2943804
 2943917
 2943956
 2943999
 2944061
 2944084
 2944243
 2944244
 2944351
 2944551
 2944601
 2944623
 2944668
 2944673
 2944674
 2944680
 2944732
 2944994
 2945081
 2945140
 2945183
 2945238
 2945517
 2945805
 2945838
 2946040
 2946052
 2946274
 2946356
 2946358
 2946504
 2946683
 2946907
 2946937
 2947078
 2947208
 2947234
 2947528
 2947686
 2947704
 2947742
 2947747
 2948023
 2948086
 2948105
 2948224
 2948328
 2948442
 2948471
 2948652
 2948905
 2948936
 2948955
 2949378
 2949546
 2949610
 2949789
 2949849
 2949963
 2949988
 2950052
 2950299
 2950547
 2950578
 2950708
 2950883
 2950894
 2950981
 2951026
 2951137
 2951188
 2951231
 2951263
 2951273
 2951340
 2951369
 2951523
 2951626
 2951699
 2951722
 2951740
 2951747
 2951934
 2952116
 2952181
 2952190
 2952332
 2952379
 2952500
 2952513
 2952653
 2952708
 2952980
 2953170
 2953231
 2953262
 2953353
 2953417
 2953623
 2953640
 2953672
 2953863
 2953923
 2953997
 2954018
 2954108
 2954309
 2954421
 2954579
 2954601
 2954613
 2954815
 2955009
 2955093
 2955172
 2955367
 2955513
 2955570
 2955658
 2955862
 2956057
 2956072
 2956113
 2956133
 2956235
 2956340
 2956404
 2956460
 2956602
 2956673
 2956723
 2956900
 2956933
 2957091
 2957096
 2957295
 2957496
 2957520
 2957544
 2957683
 2957775
 2957783
 2957838
 2957931
 2958009
 2958241
 2958343
 2958378
 2958462
 2958547
 2958879
 2958884
 2958934
 2958974
 2958983
 2958985
 2959148
 2959195
 2959248
 2959367
 2959423
 2959611
 2959617
 2959694
 2959706
 2960134
 2960242
 2960291
 2960323
 2960402
 2960468
 2960483
 2960714
 2960778
 2960819
 2961123
 2961212
 2961216
 2961232
 2961326
 2961352
 2961531
 2961886
 2961892
 2961925
 2962040
 2962089
 2962146
 2962147
 2962538
 2962668
 2962914
 2962971
 2962992
 2963234
 2963379
 2963491
 2963555
 2963594
 2963657
 2963697
 2963857
 2963858
 2963901
 2964099
 2964132
 2964150
 2964176
 2964341
 2964443
 2964459
 2964625
 2965028
 2965083
 2965097
 2965101
 2965235
 2965315
 2965337
 2965346
 2965398
 2965438
 2965533
 2965586
 2965878
 2965962
 2966087
 2966188
 2966872
 2966874
 2966926
 2967155
 2967195
 2967277
 2967290
 2967310
 2967311
 2967384
 2967670
 2967744
 2967862
 2968088
 2968151
 2968230
 2968239
 2968310
 2968337
 2968921
 2969056
 2969078
 2969152
 2969263
 2969343
 2969421
 2969549
 2969618
 2969690
 2970003
 2970008
 2970373
 2970393
 2970439
 2970487
 2970491
 2970547
 2970566
 2970627
 2970650
 2970874
 2970944
 2971209
 2971313
 2971593
 2971868
 2971876
 2971882
 2971916
 2971978
 2972049
 2972080
 2972240
 2972252
 2972352
 2972386
 2972407
 2972413
 2972440
 2972458
 2972491
 2972499
 2972507
 2972532
 2972551
 2972711
 2972734
 2972906
 2973016
 2973046
 2973065
 2973146
 2973248
 2973348
 2973867
 2974094
 2974105
 2974109
 2974307
 2974351
 2974477
 2974565
 2974758
 2974877
 2974902
 2974917
 2974965
 2975046
 2975106
 2975243
 2975465
 2975477
 2975848
 2975879
 2976002
 2976004
 2976049
 2976063
 2976165
 2976253
 2976511
 2976543
 2976644
 2976665
 2976707
 2976737
 2977028
 2977135
 2977165
 2977486
 2977703
 2978002
 2978057
 2978074
 2978139
 2978188
 2978426
 2978542
 2978553
 2978985
 2979045
 2979056
 2979068
 2979100
 2979216
 2979340
 2979510
 2979516
 2979554
 2979668
 2979774
 2980096
 2980158
 2980217
 2980232
 2980400
 2980430
 2980563
 2980568
 2980654
 2980664
 2980748
 2980902
 2981015
 2981143
 2981203
 2981227
 2981304
 2981320
 2981432
 2981609
 2981750
 2981928
 2982350
 2982377
 2982456
 2982474
 2982494
 2982556
 2982582
 2982638
 2982885
 2983092
 2983333
 2983483
 2983492
 2983539
 2983569
 2983651
 2983848
 2983876
 2984140
 2984319
 2984325
 2984397
 2984439
 2984443
 2984637
 2984658
 2984996
 2985074
 2985185
 2985261
 2985309
 2985475
 2985526
 2985687
 2985712
 2985715
 2985864
 2985870
 2986115
 2986124
 2986205
 2986304
 2986434
 2986515
 2986644
 2986731
 2987099
 2987154
 2987164
 2987194
 2987260
 2987357
 2987432
 2987459
 2987543
 2987561
 2987693
 2987697
 2987774
 2987833
 2987859
 2987926
 2987982
 2988074
 2988091
 2988098
 2988394
 2988443
 2988595
 2988672
 2988822
 2989097
 2989121
 2989230
 2989256
 2989262
 2989279
 2989446
 2989644
 2989864
 2990010
 2990052
 2990059
 2990066
 2990110
 2990159
 2990167
 2990421
 2990422
 2990455
 2990460
 2990617
 2990621
 2990624
 2990679
 2990805
 2990816
 2990873
 2990984
 2991182
 2991468
 2991572
 2991859
 2991877
 2991912
 2991945
 2992014
 2992264
 2992289
 2992295
 2992446
 2993082
 2993485
 2993518
 2993556
 2993567
 2993607
 2993722
 2993778
 2993995
 2994083
 2994150
 2994272
 2994273
 2994308
 2994333
 2994407
 2994758
 2994869
 2995001
 2995149
 2995169
 2995186
 2995497
 2995666
 2995720
 2995747
 2996139
 2996354
 2996542
 2996566
 2996575
 2996806
 2996857
 2996881
 2996958
 2996987
 2996997
 2997193
 2997225
 2997251
 2997260
 2997487
 2997534
 2997932
 2998056
 2998133
 2998196
 2998210
 2998259
 2998265
 2998309
 2998343
 2998359
 2998387
 2998809
 2998891
 2998956
 2998961
 2999016
 2999054
 2999108
 2999123
 2999164
 2999220
 2999294
 2999348
 2999501
 2999558
 2999574
 2999631
 2999669
 2999880
 2999982
 2999986
 3000150
 3000205
 3000270
 3000312
 3000325
 3000326
 3000342
 3000362
 3000410
 3000458
 3000587
 3000654
 3000754
 3000910
 3000922
 3001112
 3001220
 3001280
 3001328
 3001858
 3001893
 3001897
 3001951
 3002024
 3002197
 3002361
 3002526
 3002540
 3002678
 3002690
 3002930
 3002943
 3002957
 3002958
 3002974
 3003065
 3003256
 3003273
 3003302
 3003349
 3003418
 3003521
 3003702
 3003753
 3003781
 3004088
 3004108
 3004128
 3004156
 3004359
 3004503
 3004543
 3004879
 3004892
 3004936
 3004965
 3004981
 3005068
 3005207
 3005261
 3005624
 3005764
 3005859
 3005933
 3006064
 3006132
 3006155
 3006213
 3006362
 3006383
 3006540
 3006705
 3006720
 3006742
 3006753
 3006896
 3007038
 3007102
 3007136
 3007419
 3007548
 3007593
 3007629
 3007802
 3007808
 3008083
 3008101
 3008227
 3008306
 3008339
 3008346
 3008381
 3008611
 3008809
 3008904
 3009041
 3009141
 3009237
 3009246
 3009390
 3009412
 3009598
 3009706
 3009861
 3010142
 3010242
 3010314
 3010330
 3010537
 3010591
 3010732
 3010904
 3010958
 3010990
 3011013
 3011021
 3011072
 3011121
 3011264
 3011373
 3011395
 3011490
 3011627
 3011652
 3011812
 3011900
 3012044
 3012078
 3012217
 3012282
 3012384
 3012412
 3012695
 3012852
 3013154
 3013166
 3013287
 3013415
 3013613
 3013748
 3013819
 3013830
 3013950
 3013994
 3014159
 3014187
 3014211
 3014352
 3014365
 3014487
 3014501
 3014548
 3014830
 3014930
 3014956
 3015014
 3015161
 3015576
 3015599
 3015616
 3015693
 3015910
 3015959
 3016164
 3016458
 3016469
 3016496
 3016539
 3016935
 3016952
 3017000
 3017184
 3017253
 3017415
 3017479
 3017487
 3017610
 3017624
 3017676
 3017828
 3017879
 3017910
 3018170
 3018188
 3018236
 3018307
 3018330
 3018431
 3018434
 3018456
 3018477
 3018494
 3018508
 3018520
 3018559
 3018563
 3018577
 3018621
 3018654
 3018823
 3018988
 3019082
 3019547
 3019612
 3019666
 3019673
 3019777
 3019809
 3019879
 3019909
 3019928
 3020017
 3020042
 3020158
 3020470
 3020493
 3020499
 3020514
 3020647
 3020681
 3020701
 3020733
 3020817
 3020957
 3021048
 3021057
 3021134
 3021141
 3021177
 3021260
 3021308
 3021324
 3021336
 3021443
 3021506
 3021521
 3021853
 3021868
 3021963
 3022002
 3022138
 3022201
 3022353
 3022860
 3022889
 3023151
 3023212
 3023221
 3023355
 3023390
 3023400
 3023510
 3023745
 3023823
 3023873
 3023933
 3023975
 3024023
 3024054
 3024070
 3024095
 3024142
 3024309
 3024447
 3024459
 3024673
 3024793
 3024863
 3024978
 3025011
 3025079
 3025112
 3025148
 3025209
 3025281
 3025550
 3025696
 3025748
 3026018
 3026167
 3026539
 3026677
 3026836
 3027032
 3027055
 3027067
 3027392
 3027628
 3027688
 3027760
 3027804
 3027831
 3028034
 3028110
 3028192
 3028326
 3028686
 3028699
 3028749
 3028793
 3028942
 3029065
 3029117
 3029198
 3029363
 3029410
 3029424
 3029500
 3029587
 3029760
 3029820
 3029879
 3029968
 3030046
 3030060
 3030193
 3030251
 3030471
 3030503
 3030600
 3030727
 3030748
 3030918
 3031005
 3031010
 3031022
 3031078
 3031088
 3031135
 3031316
 3031442
 3031570
 3031676
 3031684
 3031734
 3031905
 3031940
 3032053
 3032185
 3032195
 3032380
 3032394
 3032406
 3032479
 3032494
 3032646
 3032755
 3032765
 3032792
 3032888
 3033006
 3033222
 3033417
 3033505
 3033523
 3033552
 3033638
 3033641
 3033674
 3033966
 3034100
 3034473
 3034476
 3034570
 3034597
 3034602
 3034686
 3034752
 3034758
 3034815
 3034836
 3034945
 3035602
 3035617
 3035689
 3035785
 3035805
 3035927
 3035936
 3035953
 3036010
 3036030
 3036039
 3036043
 3036049
 3036080
 3036086
 3036440
 3036563
 3036602
 3036603
 3036654
 3036707
 3036885
 3036898
 3037482
 3037560
 3037636
 3037742
 3037867
 3037940
 3038053
 3038131
 3038138
 3038203
 3038226
 3038306
 3038428
 3038642
 3038842
 3039066
 3039129
 3039206
 3039291
 3039690
 3039799
 3039832
 3039857
 3039894
 3039907
 3040064
 3040133
 3040316
 3040710
 3040773
 3040890
 3040986
 3041055
 3041110
 3041254
 3041406
 3041596
 3041624
 3041705
 3041832
 3041868
 3041872
 3041939
 3042045
 3042240
 3042286
 3042500
 3042528
 3042549
 3042611
 3042861
 3042932
 3042964
 3043159
 3043304
 3043656
 3043825
 3043999
 3044245
 3044321
 3044331
 3044386
 3044610
 3044733
 3044780
 3044956
 3045030
 3045113
 3045277
 3045376
 3045431
 3045481
 3045488
 3045535
 3045612
 3045657
 3045680
 3045804
 3045888
 3045970
 3046030
 3046135
 3046167
 3046252
 3046304
 3046338
 3046372
 3046399
 3046465
 3046548
 3046585
 3046591
 3046655
 3046683
 3046739
 3046801
 3046880
 3046887
 3046904
 3047016
 3047097
 3047281
 3047308
 3047489
 3047501
 3047521
 3047554
 3047587
 3047621
 3047622
 3047632
 3047681
 3047704
 3047857
 3047874
 3048046
 3048080
 3048127
 3048272
 3048420
 3048494
 3048676
 3048719
 3048780
 3048919
 3048984
 3048986
 3048995
 3049047
 3049115
 3049267
 3049487
 3049849
 3049912
 3050034
 3050085
 3050090
 3050201
 3050331
 3050599
 3050822
 3050900
 3051029
 3051112
 3051384
 3051400
 3051466
 3051535
 3051602
 3051672
 3051753
 3051860
 3051873
 3052021
 3052372
 3052471
 3052478
 3052695
 3052761
 3052894
 3052970
 3053014
 3053078
 3053125
 3053220
 3053524
 3053593
 3053594
 3053714
 3054267
 3054410
 3054521
 3054571
 3054642
 3054718
 3054796
 3054811
 3054843
 3054992
 3055061
 3055073
 3055151
 3055168
 3055364
 3055455
 3055498
 3055515
 3056053
 3056455
 3056573
 3056626
 3056687
 3056715
 3056737
 3056795
 3056818
 3057285
 3057294
 3057317
 3057449
 3057518
 3057520
 3057546
 3057776
 3058075
 3058262
 3058347
 3058362
 3058410
 3058552
 3058661
 3058705
 3058714
 3058820
 3058827
 3058828
 3058935
 3058999
 3059240
 3059326
 3059443
 3059461
 3059482
 3059579
 3059745
 3059761
 3059791
 3059852
 3059978
 3060095
 3060276
 3060352
 3060416
 3060427
 3060530
 3060579
 3060639
 3060691
 3060753
 3060855
 3060862
 3060885
 3061040
 3061066
 3061073
 3061598
 3061756
 3061840
 3061880
 3062029
 3062325
 3062368
 3062432
 3062459
 3062521
 3062560
 3062568
 3062573
 3062754
 3062858
 3062951
 3063206
 3063224
 3063270
 3063291
 3063364
 3063475
 3063520
 3063566
 3063653
 3064015
 3064033
 3064036
 3064165
 3064355
 3064453
 3064496
 3064537
 3064596
 3064607
 3064825
 3064945
 3064983
 3065084
 3065259
 3065334
 3065782
 3065835
 3065839
 3065990
 3066008
 3066109
 3066166
 3066171
 3066173
 3066246
 3066269
 3066378
 3066417
 3066507
 3066557
 3066565
 3066818
 3066855
 3066950
 3067023
 3067139
 3067364
 3067378
 3067406
 3067409
 3067461
 3067489
 3067567
 3067571
 3067643
 3067848
 3067968
 3068032
 3068204
 3068302
 3068447
 3068509
 3068516
 3068527
 3068663
 3068674
 3068706
 3068904
 3069388
 3069431
 3069436
 3069794
 3069876
 3069902
 3069957
 3070068
 3070130
 3070138
 3070161
 3070437
 3070441
 3070444
 3070518
 3070587
 3070735
 3070840
 3071164
 3071405
 3071499
 3071501
 3071541
 3071606
 3071812
 3071853
 3071858
 3071927
 3072005
 3072058
 3072115
 3072298
 3072334
 3072417
 3072613
 3072626
 3072697
 3072757
 3072912
 3072978
 3073065
 3073180
 3073294
 3073308
 3073452
 3073457
 3073547
 3073586
 3073621
 3073861
 3073880
 3073982
 3074068
 3074249
 3074297
 3074505
 3074532
 3074622
 3074776
 3074800
 3074835
 3074850
 3075201
 3075210
 3075222
 3075541
 3075590
 3075782
 3075784
 3075876
 3075944
 3075978
 3076011
 3076109
 3076218
 3076434
 3076522
 3076651
 3076873
 3076905
 3076911
 3076918
 3077004
 3077057
 3077156
 3077406
 3077468
 3077707
 3077777
 3077948
 3078026
 3078250
 3078352
 3078371
 3078444
 3078695
 3078699
 3078801
 3078874
 3078965
 3079002
 3079031
 3079173
 3079290
 3079405
 3079413
 3079477
 3079525
 3079564
 3080193
 3080222
 3080330
 3080441
 3080801
 3081085
 3081143
 3081152
 3081208
 3081247
 3081380
 3081501
 3081507
 3081580
 3081606
 3081892
 3081941
 3082248
 3082430
 3082447
 3082611
 3082643
 3082854
 3082869
 3083006
 3083059
 3083201
 3083361
 3083588
 3083628
 3083703
 3083723
 3083782
 3083868
 3083920
 3083996
 3084010
 3084017
 3084041
 3084071
 3084125
 3084205
 3084224
 3084250
 3084277
 3084518
 3084865
 3084909
 3085035
 3085095
 3085108
 3085242
 3085314
 3085555
 3085750
 3086062
 3086175
 3086244
 3086318
 3086320
 3086337
 3086448
 3086581
 3086598
 3086636
 3086757
 3087014
 3087155
 3087198
 3087743
 3087751
 3088132
 3088134
 3088209
 3088407
 3088426
 3089111
 3089188
 3089550
 3089558
 3089699
 3089754
 3089914
 3090016
 3090117
 3090329
 3090354
 3090410
 3090431
 3090439
 3090484
 3090533
 3090560
 3090659
 3090670
 3090679
 3090923
 3090959
 3090988
 3091078
 3091171
 3091205
 3091271
 3091505
 3091534
 3091544
 3091576
 3091688
 3091725
 3091851
 3091892
 3091900
 3091913
 3092263
 3092266
 3092267
 3092281
 3092324
 3092386
 3092430
 3092479
 3092507
 3092519
 3092531
 3092599
 3092678
 3092853
 3092862
 3093104
 3093231
 3093280
 3093285
 3093551
 3093612
 3093620
 3093658
 3093732
 3093834
 3094136
 3094175
 3094269
 3094451
 3094481
 3094513
 3094752
 3094978
 3094987
 3095348
 3095838
 3095863
 3095897
 3095933
 3095940
 3096036
 3096176
 3096311
 3096334
 3096356
 3096444
 3096503
 3096504
 3096567
 3096624
 3096690
 3096708
 3096710
 3096717
 3096866
 3096881
 3097059
 3097161
 3097168
 3097229
 3097255
 3097437
 3097536
 3097667
 3097702
 3097737
 3097755
 3097845
 3097879
 3097962
 3098007
 3098092
 3098112
 3098126
 3098208
 3098275
 3098341
 3098374
 3098450
 3098524
 3098544
 3098813
 3098989
 3099249
 3099358
 3099374
 3099417
 3099521
 3099588
 3099726
 3099915
 3100375
 3100534
 3100551
 3100558
 3100645
 3100664
 3100703
 3100739
 3100748
 3100904
 3100927
 3100942
 3100945
 3100973
 3101030
 3101188
 3101190
 3101365
 3101392
 3101462
 3101482
 3101734
 3101751
 3101804
 3101871
 3101984
 3101987
 3102084
 3102316
 3102505
 3102569
 3102746
 3102798
 3102888
 3103036
 3103061
 3103232
 3103385
 3103389
 3103463
 3103481
 3103500
 3103649
 3103705
 3103712
 3103989
 3104071
 3104352
 3104448
 3104592
 3104675
 3104728
 3104824
 3105182
 3105415
 3105437
 3105459
 3105517
 3105821
 3105968
 3106022
 3106050
 3106151
 3106169
 3106175
 3106176
 3106389
 3106446
 3106464
 3106478
 3106586
 3106775
 3106848
 3106997
 3107014
 3107090
 3107134
 3107178
 3107449
 3107595
 3107646
 3107993
 3108053
 3108368
 3108460
 3108494
 3108549
 3108556
 3108625
 3108657
 3108789
 3109098
 3109151
 3109157
 3109177
 3109212
 3109251
 3109323
 3109337
 3109437
 3109560
 3109632
 3109647
 3109745
 3109834
 3109850
 3109913
 3109939
 3110198
 3110215
 3110228
 3110346
 3110466
 3110510
 3110515
 3110737
 3110756
 3110773
 3110816
 3111182
 3111221
 3111394
 3111466
 3111520
 3111698
 3111816
 3111959
 3111987
 3112080
 3112121
 3112150
 3112251
 3112264
 3112424
 3112555
 3112706
 3112710
 3112716
 3112773
 3112808
 3112978
 3113077
 3113101
 3113159
 3113295
 3113325
 3113338
 3113366
 3113372
 3113660
 3113682
 3113687
 3113813
 3113850
 3114156
 3114182
 3114226
 3114271
 3114381
 3114404
 3114474
 3114606
 3114675
 3114686
 3114797
 3114865
 3115031
 3115065
 3115106
 3115151
 3115158
 3115167
 3115456
 3115695
 3115720
 3115861
 3115955
 3116302
 3116359
 3116424
 3116778
 3116998
 3117016
 3117051
 3117167
 3117399
 3117425
 3117670
 3117826
 3117918
 3117932
 3117950
 3118003
 3118030
 3118201
 3118236
 3118292
 3118471
 3118497
 3118547
 3119067
 3119316
 3119328
 3119336
 3119372
 3119437
 3119447
 3119456
 3119499
 3119536
 3119638
 3119708
 3119714
 3119930
 3120054
 3120263
 3120382
 3120386
 3120487
 3120749
 3120963
 3121115
 3121225
 3121429
 3121460
 3121522
 3121770
 3121787
 3121850
 3122016
 3122036
 3122071
 3122121
 3122372
 3122555
 3122567
 3122815
 3122840
 3122845
 3122901
 3122982
 3123056
 3123066
 3123123
 3123233
 3123251
 3123257
 3123375
 3123478
 3123661
 3123838
 3123848
 3123858
 3123935
 3124017
 3124137
 3124194
 3124198
 3124217
 3124302
 3124404
 3124468
 3124656
 3124917
 3124945
 3125084
 3125125
 3125346
 3125436
 3125692
 3125758
 3125780
 3125793
 3125889
 3126070
 3126272
 3126315
 3126466
 3126630
 3126725
 3126981
 3127042
 3127315
 3127470
 3127580
 3127710
 3127842
 3127876
 3127892
 3127957
 3128016
 3128291
 3128404
 3128421
 3128517
 3128559
 3128597
 3128611
 3128708
 3128753
 3128813
 3128969
 3128989
 3129193
 3129326
 3129424
 3129543
 3129715
 3129841
 3129911
 3130003
 3130115
 3130314
 3130409
 3130614
 3130738
 3130960
 3131033
 3131180
 3131262
 3131274
 3131279
 3131343
 3131478
 3131873
 3131997
 3132031
 3132042
 3132093
 3132099
 3132166
 3132203
 3132304
 3132457
 3132486
 3132506
 3132561
 3132941
 3133012
 3133034
 3133088
 3133155
 3133176
 3133271
 3133279
 3133372
 3133415
 3133433
 3133447
 3133710
 3133711
 3133722
 3133811
 3134221
 3134476
 3134576
 3134675
 3134738
 3134779
 3134805
 3134852
 3135139
 3135235
 3135363
 3135629
 3135780
 3135811
 3135933
 3135991
 3136037
 3136043
 3136053
 3136105
 3136306
 3136408
 3136501
 3136802
 3136940
 3137183
 3137262
 3137270
 3137348
 3137444
 3137530
 3137649
 3138022
 3138128
 3138204
 3138251
 3138480
 3138654
 3138657
 3138955
 3138992
 3139006
 3139086
 3139101
 3139168
 3139281
 3139534
 3139619
 3139641
 3139807
 3140024
 3140058
 3140326
 3140420
 3140610
 3140756
 3140765
 3140912
 3141053
 3141071
 3141096
 3141160
 3141201
 3141264
 3141630
 3141707
 3141714
 3141774
 3141830
 3141869
 3142013
 3142354
 3142451
 3142475
 3142636
 3142646
 3142686
 3143029
 3143110
 3143310
 3143344
 3143482
 3143576
 3143636
 3143872
 3143951
 3144170
 3144247
 3144256
 3144492
 3144591
 3144631
 3144639
 3144805
 3144929
 3144944
 3145100
 3145117
 3145200
 3145650
 3145679
 3145790
 3145876
 3145887
 3146019
 3146163
 3146172
 3146236
 3146237
 3146252
 3146458
 3146722
 3146848
 3146888
 3146975
 3147142
 3147167
 3147287
 3147340
 3147363
 3147511
 3147537
 3147559
 3147635
 3147784
 3147992
 3148138
 3148311
 3148312
 3148649
 3148675
 3148694
 3148753
 3148941
 3148962
 3148973
 3149032
 3149226
 3149249
 3149329
 3149371
 3149423
 3149691
 3149718
 3149816
 3149915
 3149964
 3150015
 3150112
 3150126
 3150138
 3150230
 3150266
 3150300
 3150444
 3150519
 3150520
 3150540
 3150559
 3150562
 3150743
 3150853
 3150926
 3150941
 3151092
 3151237
 3151409
 3151429
 3151536
 3151759
 3151880
 3151885
 3151905
 3152184
 3152378
 3152403
 3152561
 3152898
 3153150
 3153220
 3153226
 3153413
 3153517
 3153550
 3153606
 3153656
 3153658
 3153740
 3153772
 3153775
 3154000
 3154236
 3154239
 3154445
 3154495
 3154496
 3154508
 3154583
 3154647
 3154654
 3154744
 3154772
 3154802
 3154913
 3154936
 3154955
 3155151
 3155322
 3155363
 3155377
 3155386
 3155397
 3155412
 3155495
 3155777
 3155788
 3155841
 3155893
 3156127
 3156426
 3156495
 3156503
 3156558
 3156746
 3156906
 3156912
 3157010
 3157124
 3157156
 3157180
 3157207
 3157232
 3157395
 3157466
 3157531
 3157740
 3157748
 3157869
 3157871
 3157874
 3157884
 3158157
 3158208
 3158305
 3158319
 3158431
 3158433
 3158460
 3158468
 3158543
 3158574
 3158748
 3158930
 3158958
 3159021
 3159038
 3159320
 3159351
 3159492
 3159529
 3159557
 3159790
 3159894
 3159916
 3160053
 3160081
 3160286
 3160372
 3160600
 3160765
 3160780
 3160876
 3160922
 3160971
 3161726
 3161998
 3162192
 3162316
 3162487
 3162492
 3162503
 3162534
 3162594
 3162611
 3162751
 3162871
 3162915
 3162965
 3163106
 3163110
 3163468
 3163534
 3163608
 3163656
 3163679
 3163751
 3163842
 3163949
 3163994
 3164054
 3164072
 3164124
 3164156
 3164189
 3164224
 3164234
 3164253
 3164307
 3164676
 3164686
 3164706
 3164761
 3164925
 3165036
 3165128
 3165350
 3165504
 3165528
 3165876
 3166051
 3166128
 3166247
 3166259
 3166324
 3166661
 3166915
 3166998
 3167121
 3167153
 3167366
 3167367
 3167492
 3167530
 3167593
 3167728
 3167735
 3167751
 3167763
 3167892
 3168128
 3168406
 3168448
 3168629
 3168941
 3169025
 3169254
 3169272
 3169283
 3169506
 3169638
 3169723
 3169733
 3169854
 3169864
 3169874
 3169935
 3170116
 3170130
 3170235
 3170242
 3170267
 3170404
 3170487
 3170908
 3170923
 3170927
 3170945
 3170947
 3171013
 3171129
 3171254
 3171394
 3171525
 3171532
 3171799
 3171908
 3172001
 3172161
 3172225
 3172263
 3172300
 3172440
 3172601
 3172673
 3172700
 3172833
 3172880
 3172901
 3173121
 3173132
 3173137
 3173176
 3173201
 3173280
 3173373
 3173546
 3173563
 3173673
 3173836
 3173885
 3174176
 3174264
 3174289
 3174314
 3174383
 3174412
 3174441
 3174476
 3174505
 3175435
 3175439
 3175501
 3175787
 3175941
 3175984
 3176008
 3176147
 3176274
 3176336
 3176429
 3176572
 3176651
 3176682
 3176689
 3176704
 3176910
 3177333
 3177405
 3177413
 3177451
 3177486
 3177577
 3177639
 3177824
 3178095
 3178194
 3178211
 3178235
 3178265
 3178279
 3178436
 3178501
 3178516
 3178523
 3178805
 3179003
 3179247
 3179304
 3179424
 3179429
 3179730
 3179747
 3179831
 3180088
 3180113
 3180275
 3180366
 3180517
 3180525
 3180699
 3180772
 3180869
 3181138
 3181287
 3181335
 3181337
 3181357
 3181394
 3181525
 3181620
 3181809
 3181948
 3182131
 3182291
 3182352
 3182416
 3182519
 3182701
 3182938
 3182962
 3183121
 3183345
 3183351
 3183370
 3183378
 3183637
 3184000
 3184332
 3184386
 3184496
 3184694
 3185282
 3185398
 3185446
 3185492
 3185546
 3185572
 3185799
 3185877
 3186196
 3186298
 3186305
 3186363
 3186373
 3186420
 3186517
 3186718
 3186794
 3186860
 3186894
 3186934
 3187017
 3187028
 3187048
 3187049
 3187074
 3187336
 3187359
 3187380
 3187435
 3187623
 3187690
 3187736
 3187783
 3187864
 3187953
 3187957
 3187964
 3188088
 3188300
 3188310
 3188535
 3188933
 3188954
 3188982
 3189236
 3189350
 3189559
 3189768
 3189783
 3189835
 3189965
 3190006
 3190040
 3190065
 3190180
 3190189
 3190306
 3190562
 3190604
 3190632
 3190633
 3190677
 3190701
 3190716
 3190796
 3190884
 3190906
 3190971
 3190990
 3191016
 3191040
 3191348
 3191717
 3191798
 3191912
 3191947
 3191995
 3192143
 3192145
 3192208
 3192304
 3192395
 3192810
 3192890
 3192911
 3192991
 3193023
 3193222
 3193285
 3193365
 3193438
 3193549
 3193682
 3193783
 3193822
 3193829
 3194401
 3194427
 3194479
 3194578
 3194623
 3194654
 3194681
 3194735
 3194744
 3194791
 3194958
 3194966
 3194985
 3195005
 3195079
 3195163
 3195268
 3196188
 3196211
 3196301
 3196316
 3196438
 3196450
 3196467
 3196542
 3196613
 3196655
 3196700
 3196752
 3196907
 3196976
 3197096
 3197163
 3197206
 3197375
 3197390
 3197393
 3197445
 3197559
 3197582
 3197587
 3197785
 3197841
 3197875
 3198049
 3198062
 3198079
 3198108
 3198116
 3198175
 3198211
 3198280
 3198418
 3198452
 3198599
 3198965
 3199513
 3199543
 3199602
 3199761
 3199786
 3199852
 3199879
 3199888
 3199904
 3199926
 3200081
 3200115
 3200219
 3200470
 3200530
 3200537
 3200573
 3200829
 3200966
 3201053
 3201054
 3201173
 3201197
 3201367
 3201407
 3201441
 3201465
 3201597
 3201861
 3201864
 3201873
 3201886
 3201961
 3202149
 3202163
 3202257
 3202363
 3202445
 3202531
 3202559
 3202855
 3202870
 3202889
 3202908
 3203208
 3203425
 3203721
 3203877
 3203937
 3203984
 3204022
 3204096
 3204107
 3204313
 3204333
 3204361
 3204380
 3204416
 3204548
 3204554
 3204703
 3204846
 3204931
 3204940
 3204954
 3205045
 3205152
 3205556
 3205694
 3205722
 3205741
 3205868
 3205874
 3205921
 3205934
 3205973
 3205980
 3206006
 3206078
 3206141
 3206210
 3206491
 3206543
 3206589
 3206763
 3206861
 3206909
 3206942
 3207265
 3207294
 3207463
 3207512
 3207531
 3207552
 3207850
 3207986
 3208105
 3208153
 3208531
 3208550
 3208688
 3208707
 3208807
 3208873
 3208885
 3209005
 3209019
 3209358
 3209414
 3209453
 3209478
 3209576
 3209696
 3209735
 3209770
 3209806
 3209818
 3209852
 3209894
 3209942
 3210007
 3210052
 3210081
 3210223
 3210312
 3210335
 3210380
 3210698
 3210805
 3210874
 3210918
 3210940
 3211020
 3211127
 3211138
 3211271
 3211349
 3211363
 3211481
 3211521
 3211550
 3211556
 3211657
 3211697
 3211744
 3211887
 3212103
 3212147
 3212151
 3212156
 3212172
 3212239
 3212355
 3212379
 3212497
 3212868
 3212901
 3212927
 3212965
 3213006
 3213091
 3213187
 3213213
 3213348
 3213480
 3213523
 3213529
 3213606
 3213825
 3213906
 3213970
 3213992
 3214026
 3214028
 3214081
 3214205
 3214208
 3214336
 3214343
 3214405
 3214413
 3214421
 3214424
 3214466
 3214469
 3214849
 3214854
 3215028
 3215085
 3215145
 3215151
 3215165
 3215194
 3215272
 3215287
 3215395
 3215398
 3215480
 3215537
 3215949
 3215974
 3215983
 3216205
 3216252
 3216434
 3216576
 3216804
 3216829
 3217140
 3217187
 3217272
 3217391
 3217487
 3217503
 3217535
 3217658
 3217703
 3217765
 3218130
 3218167
 3218260
 3218363
 3218379
 3218432
 3218434
 3218749
 3218824
 3218841
 3218918
 3219038
 3219316
 3219456
 3219470
 3219486
 3219522
 3219616
 3219677
 3219962
 3220056
 3220222
 3220250
 3220255
 3220502
 3220531
 3220569
 3220574
 3220608
 3220618
 3220798
 3220963
 3221039
 3221078
 3221207
 3221374
 3221461
 3221462
 3221617
 3221800
 3221803
 3221955
 3222137
 3222138
 3222266
 3222396
 3222490
 3222587
 3222605
 3222688
 3222915
 3222998
 3223065
 3223282
 3223311
 3223354
 3223379
 3223536
 3223555
 3223919
 3224161
 3224271
 3224314
 3224317
 3224598
 3224623
 3224633
 3224693
 3224826
 3224883
 3224930
 3225492
 3225556
 3225563
 3225705
 3226176
 3226303
 3226450
 3226452
 3226534
 3226643
 3226662
 3226722
 3226778
 3226801
 3227155
 3227188
 3227236
 3227458
 3227498
 3227644
 3227844
 3227852
 3228005
 3228197
 3228299
 3228339
 3228363
 3228382
 3228578
 3228601
 3228623
 3228657
 3228733
 3228793
 3228822
 3228865
 3229067
 3229197
 3229250
 3229373
 3229399
 3229406
 3229645
 3229863
 3229924
 3229936
 3230037
 3230116
 3230121
 3230143
 3230219
 3230235
 3230451
 3230530
 3230544
 3230678
 3230828
 3230833
 3230985
 3231098
 3231115
 3231146
 3231208
 3231276
 3231483
 3231615
 3231697
 3231707
 3231870
 3231898
 3232002
 3232163
 3232175
 3232181
 3232631
 3232669
 3232831
 3232853
 3232941
 3232948
 3232964
 3233144
 3233162
 3233192
 3233208
 3233285
 3233333
 3233389
 3233438
 3233444
 3233487
 3233657
 3233757
 3233838
 3233858
 3234157
 3234246
 3234280
 3234300
 3234414
 3234419
 3234463
 3234504
 3234645
 3234700
 3234781
 3234852
 3234855
 3234919
 3234967
 3235141
 3235162
 3235662
 3235679
 3235695
 3235730
 3235759
 3235879
 3236015
 3236133
 3236150
 3236159
 3236169
 3236272
 3236426
 3236453
 3236529
 3236637
 3236873
 3236977
 3237156
 3237616
 3237713
 3237794
 3237826
 3237847
 3238023
 3238196
 3238197
 3238330
 3238401
 3238559
 3238744
 3238757
 3238974
 3239000
 3239301
 3239308
 3239321
 3239384
 3239417
 3239518
 3239529
 3239756
 3239765
 3239797
 3239874
 3240020
 3240046
 3240074
 3240086
 3240118
 3240246
 3240400
 3240442
 3240488
 3240515
 3240526
 3240717
 3240957
 3241084
 3241132
 3241395
 3241413
 3241685
 3241710
 3241740
 3241819
 3241827
 3241834
 3241918
 3242119
 3242341
 3242442
 3242541
 3242543
 3242605
 3242652
 3242997
 3243140
 3243163
 3243269
 3243422
 3243498
 3243765
 3243989
 3244055
 3244148
 3244306
 3244322
 3244351
 3244362
 3244609
 3244610
 3244725
 3244970
 3245193
 3245226
 3245454
 3245502
 3245602
 3245730
 3245876
 3246088
 3246133
 3246575
 3246652
 3246719
 3246868
 3246922
 3246964
 3246967
 3247277
 3247391
 3247419
 3247444
 3247506
 3247550
 3247912
 3247934
 3247936
 3247949
 3248188
 3248327
 3248402
 3248403
 3248500
 3248508
 3248539
 3248597
 3248867
 3248872
 3248955
 3248957
 3248978
 3249177
 3249210
 3249308
 3249370
 3249437
 3249480
 3249688
 3249776
 3250127
 3250188
 3250195
 3250299
 3250360
 3250828
 3250953
 3251030
 3251183
 3251534
 3251576
 3251641
 3251679
 3251812
 3251920
 3252204
 3252452
 3252556
 3252864
 3252908
 3252924
 3252986
 3253114
 3253119
 3253128
 3253179
 3253552
 3253554
 3253785
 3253814
 3253868
 3254006
 3254182
 3254370
 3255129
 3255214
 3255342
 3255559
 3255612
 3255665
 3255740
 3255771
 3255811
 3255972
 3256043
 3256112
 3256171
 3256186
 3256196
 3256229
 3256303
 3256397
 3256535
 3256786
 3256915
 3257185
 3257270
 3257426
 3257794
 3257820
 3258022
 3258178
 3258197
 3258284
 3258334
 3258346
 3258526
 3258788
 3258923
 3259191
 3259208
 3259511
 3259671
 3259747
 3259764
 3259780
 3259906
 3259938
 3259982
 3260066
 3260362
 3260501
 3260751
 3260775
 3260888
 3261059
 3261087
 3261109
 3261202
 3261246
 3261255
 3261288
 3261399
 3261587
 3261663
 3262121
 3262151
 3262225
 3262237
 3262245
 3262324
 3262387
 3262430
 3262500
 3262917
 3262982
 3263149
 3263246
 3263326
 3263365
 3263367
 3263414
 3263415
 3263463
 3263549
 3263764
 3263880
 3263882
 3264147
 3264305
 3264493
 3264497
 3264559
 3264597
 3264784
 3264854
 3265244
 3265435
 3265557
 3265577
 3265603
 3265626
 3265947
 3266014
 3266101
 3266148
 3266271
 3266368
 3266373
 3266504
 3266642
 3266789
 3267047
 3267048
 3267292
 3267542
 3267643
 3267718
 3267942
 3268000
 3268019
 3268021
 3268030
 3268090
 3268115
 3268416
 3268474
 3268497
 3268719
 3268748
 3268871
 3268925
 3268964
 3269073
 3269096
 3269123
 3269143
 3269226
 3269260
 3269343
 3269444
 3269484
 3269799
 3269916
 3270012
 3270039
 3270098
 3270130
 3270165
 3270262
 3270417
 3270450
 3270500
 3270572
 3270640
 3270701
 3270782
 3270904
 3270922
 3270978
 3271022
 3271344
 3271549
 3271553
 3271886
 3271964
 3272100
 3272125
 3272240
 3272499
 3272570
 3272594
 3272697
 3272886
 3272887
 3272945
 3273000
 3273061
 3273169
 3273460
 3273538
 3273621
 3273670
 3273971
 3274120
 3274187
 3274451
 3274507
 3274650
 3274667
 3274879
 3274946
 3274960
 3274976
 3275065
 3275290
 3275478
 3275514
 3275518
 3275564
 3275665
 3275688
 3275690
 3275694
 3275712
 3275808
 3275815
 3275951
 3275975
 3276039
 3276139
 3276337
 3276381
 3277211
 3277463
 3277531
 3277636
 3277849
 3278135
 3278243
 3278253
 3278497
 3278781
 3278783
 3278856
 3278871
 3278921
 3279263
 3279323
 3279405
 3279438
 3279563
 3279809
 3279963
 3280051
 3280229
 3280237
 3280392
 3280416
 3280508
 3280514
 3280538
 3280581
 3280592
 3280785
 3280896
 3281039
 3281093
 3281119
 3281196
 3281220
 3281308
 3281795
 3281799
 3281824
 3282025
 3282029
 3282044
 3282174
 3282200
 3282222
 3282280
 3282634
 3282646
 3282795
 3282862
 3282866
 3282951
 3283014
 3283103
 3283110
 3283150
 3283202
 3283216
 3283319
 3283380
 3283396
 3283528
 3283533
 3283558
 3283609
 3283792
 3283851
 3283979
 3284013
 3284050
 3284166
 3284283
 3284296
 3284381
 3284512
 3284592
 3284628
 3284634
 3284764
 3284786
 3284788
 3284802
 3284804
 3285022
 3285162
 3285166
 3285190
 3285267
 3285355
 3285609
 3285683
 3285686
 3285724
 3285737
 3285871
 3285874
 3285878
 3285927
 3286022
 3286072
 3286162
 3286216
 3286220
 3286264
 3286284
 3286316
 3286612
 3286629
 3286648
 3286699
 3286842
 3286862
 3286873
 3287055
 3287097
 3287101
 3287232
 3287271
 3287385
 3287517
 3287546
 3287647
 3287717
 3287800
 3287895
 3288072
 3288083
 3288218
 3288231
 3288286
 3288310
 3288381
 3288475
 3288567
 3288569
 3288584
 3288837
 3289241
 3289345
 3289389
 3289515
 3289599
 3289698
 3289841
 3289923
 3290021
 3290093
 3290099
 3290143
 3290174
 3290292
 3290406
 3290407
 3290433
 3290488
 3290493
 3290503
 3290632
 3290800
 3290838
 3290888
 3291076
 3291110
 3291116
 3291291
 3291435
 3291459
 3291535
 3291567
 3291677
 3291707
 3291732
 3291811
 3291911
 3291933
 3292113
 3292169
 3292378
 3292387
 3292535
 3292580
 3292903
 3293021
 3293106
 3293248
 3293258
 3293300
 3293312
 3293366
 3293409
 3293436
 3293450
 3293486
 3293590
 3293719
 3293835
 3293906
 3293990
 3294015
 3294069
 3294277
 3294321
 3294364
 3294609
 3294615
 3294705
 3294843
 3294880
 3294945
 3295032
 3295121
 3295147
 3295207
 3295215
 3295333
 3295427
 3295435
 3295588
 3296155
 3296234
 3296310
 3296339
 3296389
 3296425
 3296504
 3296637
 3296707
 3296871
 3296914
 3296931
 3296962
 3297092
 3297206
 3297232
 3297323
 3297501
 3297538
 3297706
 3298036
 3298060
 3298172
 3298282
 3298524
 3298654
 3298688
 3298909
 3298987
 3299315
 3299321
 3299508
 3299791
 3299795
 3299889
 3299906
 3300049
 3300256
 3300289
 3300292
 3300342
 3300389
 3300444
 3300699
 3300827
 3301014
 3301090
 3301159
 3301238
 3301270
 3301421
 3301460
 3301610
 3301650
 3301762
 3301773
 3301781
 3301865
 3301871
 3301885
 3301942
 3301990
 3302197
 3302322
 3302411
 3302488
 3302512
 3302631
 3302639
 3302695
 3302807
 3302993
 3303225
 3303436
 3303445
 3303718
 3303831
 3303848
 3303858
 3303881
 3303999
 3304051
 3304100
 3304123
 3304470
 3304520
 3304582
 3304621
 3304652
 3304803
 3304910
 3304953
 3305104
 3305354
 3305751
 3305780
 3305968
 3305990
 3306224
 3306885
 3306910
 3306985
 3307018
 3307246
 3307310
 3307424
 3307454
 3307650
 3307817
 3307824
 3307840
 3308015
 3308195
 3308202
 3308282
 3308416
 3308523
 3308581
 3308605
 3308741
 3308817
 3308943
 3309148
 3309220
 3309268
 3309396
 3309417
 3309466
 3309514
 3309577
 3309730
 3309862
 3309939
 3310210
 3310278
 3310471
 3310481
 3310824
 3311044
 3311045
 3311066
 3311084
 3311196
 3311226
 3311229
 3311247
 3311402
 3311423
 3311424
 3311458
 3311473
 3311577
 3311710
 3311808
 3311966
 3312055
 3312100
 3312124
 3312265
 3312371
 3312532
 3312556
 3312652
 3312670
 3312694
 3313060
 3313069
 3313147
 3313314
 3313476
 3313482
 3313520
 3313606
 3313721
 3313897
 3314374
 3314459
 3314577
 3314631
 3314664
 3314675
 3314845
 3314851
 3314858
 3315041
 3315042
 3315395
 3315524
 3315611
 3315653
 3315812
 3315923
 3315959
 3315972
 3316110
 3316360
 3316456
 3316469
 3316482
 3316633
 3316649
 3316718
 3316807
 3316878
 3317328
 3317483
 3317585
 3317650
 3317651
 3317696
 3317729
 3317743
 3317809
 3317820
 3317871
 3317952
 3317978
 3318050
 3318143
 3318163
 3318169
 3318242
 3318276
 3318303
 3318310
 3318337
 3318384
 3318563
 3318662
 3318706
 3318878
 3318928
 3318935
 3318956
 3318961
 3319266
 3319316
 3319362
 3319412
 3319501
 3319542
 3319588
 3319712
 3319781
 3319980
 3320079
 3320155
 3320220
 3320411
 3320416
 3320437
 3320514
 3320577
 3320697
 3320804
 3320893
 3320927
 3321105
 3321202
 3321390
 3321553
 3321687
 3321761
 3321861
 3321899
 3321902
 3322047
 3322119
 3322277
 3322310
 3322494
 3322541
 3322611
 3322634
 3322748
 3322760
 3322951
 3323052
 3323253
 3323486
 3323557
 3323688
 3323723
 3323828
 3323907
 3324107
 3324285
 3324297
 3324315
 3324559
 3325065
 3325163
 3325311
 3325350
 3325391
 3325471
 3325590
 3325616
 3326089
 3326141
 3326423
 3326600
 3326672
 3326731
 3326826
 3326873
 3327007
 3327208
 3327355
 3327373
 3327647
 3327717
 3327835
 3327847
 3327938
 3328155
 3328181
 3328201
 3328251
 3328322
 3328500
 3328581
 3328612
 3328633
 3328673
 3328913
 3328969
 3328976
 3329050
 3329059
 3329177
 3329284
 3329418
 3329593
 3329611
 3329736
 3329958
 3330026
 3330149
 3330188
 3330400
 3330468
 3330613
 3330678
 3330770
 3330789
 3331045
 3331372
 3331412
 3331455
 3331494
 3331495
 3331536
 3331698
 3331723
 3331832
 3331864
 3331934
 3332157
 3332283
 3332320
 3332430
 3332433
 3332619
 3332675
 3332770
 3332792
 3333140
 3333156
 3333282
 3333289
 3333336
 3333479
 3333556
 3333633
 3333718
 3333766
 3333793
 3333820
 3333883
 3334104
 3334533
 3334578
 3334617
 3334865
 3334993
 3335007
 3335164
 3335537
 3335569
 3335697
 3335821
 3335911
 3335973
 3336090
 3336140
 3336146
 3336268
 3336334
 3336521
 3336533
 3336601
 3336740
 3336796
 3336968
 3337252
 3337272
 3337282
 3337404
 3337467
 3337545
 3337624
 3337715
 3337833
 3337902
 3337904
 3338048
 3338194
 3338221
 3338317
 3338525
 3338648
 3338678
 3338686
 3338809
 3338817
 3338923
 3339100
 3339128
 3339217
 3339424
 3339512
 3339526
 3339621
 3339885
 3339914
 3340076
 3340110
 3340246
 3340315
 3340348
 3340398
 3340439
 3340735
 3340814
 3340891
 3340994
 3341033
 3341062
 3341196
 3341569
 3341686
 3341723
 3341834
 3341858
 3341907
 3341958
 3342016
 3342113
 3342173
 3342284
 3342335
 3342337
 3342361
 3342368
 3342572
 3342597
 3342601
 3342697
 3342728
 3342776
 3342840
 3342930
 3342981
 3343325
 3343532
 3343702
 3343717
 3343947
 3344065
 3344291
 3344292
 3344296
 3344421
 3344490
 3344632
 3344699
 3345151
 3345154
 3345200
 3345421
 3345494
 3345557
 3345612
 3345654
 3345922
 3346006
 3346017
 3346127
 3346163
 3346173
 3346222
 3346390
 3346628
 3346688
 3346691
 3346965
 3347089
 3347344
 3347394
 3347460
 3347481
 3347509
 3347572
 3347577
 3347734
 3347937
 3348058
 3348115
 3348191
 3348288
 3348306
 3348359
 3348427
 3348534
 3348648
 3348655
 3348815
 3348885
 3348937
 3348978
 3349022
 3349069
 3349072
 3349151
 3349192
 3349486
 3349770
 3349776
 3349857
 3349948
 3350004
 3350095
 3350285
 3350334
 3350451
 3350733
 3350896
 3350998
 3351243
 3351409
 3351469
 3351817
 3351891
 3352102
 3352144
 3352202
 3352203
 3352220
 3352357
 3352402
 3352551
 3352556
 3352604
 3352633
 3352686
 3352697
 3352744
 3352764
 3352927
 3352952
 3353054
 3353150
 3353183
 3353286
 3353331
 3353431
 3353550
 3353589
 3353625
 3353629
 3353747
 3353818
 3354175
 3354287
 3354529
 3354538
 3354573
 3354598
 3354653
 3354769
 3354805
 3354877
 3355098
 3355197
 3355437
 3355467
 3355475
 3355619
 3355645
 3355657
 3355745
 3355786
 3355814
 3355861
 3356138
 3356242
 3356310
 3356350
 3356546
 3356743
 3356971
 3356986
 3357104
 3357287
 3357336
 3357361
 3357653
 3357907
 3357955
 3357970
 3357989
 3358083
 3358097
 3358173
 3358277
 3358479
 3358513
 3358608
 3358673
 3358784
 3358918
 3358942
 3358990
 3359009
 3359013
 3359071
 3359108
 3359180
 3359344
 3359492
 3359962
 3360009
 3360023
 3360080
 3360264
 3360306
 3360344
 3360409
 3360580
 3360647
 3360779
 3360928
 3361038
 3361223
 3361329
 3361416
 3361479
 3361615
 3361689
 3361743
 3361882
 3361960
 3362047
 3362053
 3362060
 3362313
 3362614
 3362624
 3362687
 3362708
 3362821
 3362892
 3362930
 3362953
 3363054
 3363256
 3363330
 3363353
 3363365
 3363396
 3363406
 3363454
 3363759
 3363849
 3363851
 3363903
 3364427
 3364468
 3364556
 3364603
 3364668
 3364724
 3365126
 3365361
 3365388
 3365767
 3365881
 3365970
 3366009
 3366121
 3366285
 3366294
 3366319
 3366613
 3366753
 3366828
 3366834
 3366850
 3366930
 3366976
 3366977
 3367018
 3367160
 3367343
 3367882
 3367960
 3367992
 3368026
 3368047
 3368052
 3368099
 3368209
 3368222
 3368413
 3368491
 3368504
 3368531
 3368971
 3369050
 3369156
 3369211
 3369240
 3369331
 3369414
 3369447
 3369488
 3369628
 3369725
 3369757
 3369797
 3369855
 3369912
 3369942
 3369971
 3370043
 3370091
 3370290
 3370426
 3370428
 3370621
 3370751
 3370901
 3371038
 3371142
 3371152
 3371243
 3371448
 3371607
 3371617
 3371750
 3371802
 3371931
 3371989
 3371994
 3372083
 3372143
 3372252
 3372546
 3372581
 3372695
 3372944
 3372995
 3373013
 3373239
 3373326
 3373400
 3373521
 3373726
 3373853
 3374010
 3374070
 3374081
 3374393
 3374551
 3374570
 3374661
 3374737
 3374845
 3374879
 3374915
 3374918
 3374993
 3375439
 3375445
 3375511
 3375609
 3375667
 3375709
 3375725
 3375792
 3376009
 3376078
 3376618
 3376659
 3376672
 3376692
 3376715
 3376742
 3376762
 3376797
 3376826
 3376865
 3376990
 3377231
 3377417
 3377418
 3377674
 3377863
 3378085
 3378151
 3378171
 3378199
 3378392
 3378404
 3378405
 3378417
 3378738
 3378859
 3378879
 3378985
 3379018
 3379051
 3379081
 3379170
 3379210
 3379211
 3379256
 3379303
 3379620
 3379624
 3379736
 3379742
 3379818
 3379986
 3380487
 3380586
 3380622
 3380795
 3380951
 3381058
 3381184
 3381304
 3381415
 3381422
 3381480
 3381522
 3381602
 3381692
 3381772
 3381857
 3381933
 3382078
 3382281
 3382407
 3382429
 3382465
 3382630
 3382781
 3382870
 3383144
 3383275
 3383286
 3383307
 3383309
 3383502
 3384218
 3384410
 3384456
 3384656
 3384697
 3384759
 3384884
 3385121
 3385134
 3385266
 3385360
 3385377
 3385668
 3385727
 3385826
 3385903
 3385914
 3385919
 3386031
 3386046
 3386109
 3386205
 3386256
 3386269
 3386291
 3386320
 3386327
 3386353
 3386393
 3386551
 3386615
 3386649
 3386658
 3386665
 3386790
 3386826
 3386877
 3386907
 3387155
 3387246
 3387345
 3387591
 3387635
 3387659
 3387811
 3387846
 3387853
 3388030
 3388110
 3388174
 3388190
 3388259
 3388263
 3388407
 3388449
 3388470
 3388495
 3388632
 3388638
 3388706
 3388852
 3389119
 3389194
 3389372
 3389467
 3389470
 3389677
 3389713
 3389773
 3390055
 3390079
 3390106
 3390191
 3390623
 3390930
 3390971
 3391028
 3391031
 3391040
 3391056
 3391160
 3391294
 3391348
 3391355
 3391390
 3391536
 3391628
 3391726
 3391801
 3391852
 3391910
 3391940
 3391945
 3392029
 3392120
 3392442
 3392551
 3392684
 3392696
 3392698
 3392791
 3392922
 3393072
 3393208
 3393290
 3393313
 3393372
 3393487
 3393559
 3393590
 3393612
 3393777
 3393821
 3393855
 3394014
 3394064
 3394173
 3394459
 3394550
 3394787
 3394899
 3394917
 3394940
 3395027
 3395113
 3395294
 3395385
 3395498
 3395514
 3396026
 3396245
 3396283
 3396291
 3396408
 3396547
 3396562
 3396570
 3396668
 3396754
 3397019
 3397104
 3397130
 3397215
 3397338
 3397640
 3397666
 3397785
 3397848
 3397862
 3398101
 3398114
 3398172
 3398453
 3398486
 3398549
 3398944
 3399099
 3399163
 3399182
 3399249
 3399538
 3399577
 3399636
 3399640
 3399735
 3399837
 3399948
 3399963
 3400032
 3400225
 3400323
 3400373
 3400518
 3400545
 3400632
 3400700
 3400788
 3400803
 3400833
 3400852
 3400977
 3401006
 3401093
 3401189
 3401278
 3401510
 3401546
 3401548
 3401598
 3401693
 3401863
 3401935
 3402008
 3402063
 3402590
 3402635
 3402725
 3402727
 3402744
 3402817
 3402981
 3403025
 3403075
 3403312
 3403465
 3403490
 3403644
 3403730
 3403770
 3403979
 3404063
 3404135
 3404149
 3404246
 3404433
 3404529
 3404600
 3404698
 3404725
 3404840
 3405084
 3405207
 3405254
 3405317
 3405553
 3405609
 3405732
 3405766
 3405804
 3405933
 3405952
 3405961
 3406162
 3406214
 3406253
 3406666
 3407004
 3407049
 3407333
 3407381
 3407450
 3407457
 3407482
 3407662
 3407697
 3407709
 3407892
 3407909
 3407945
 3408013
 3408215
 3408223
 3408260
 3408655
 3408682
 3408716
 3408730
 3408745
 3408804
 3408911
 3408962
 3408973
 3409027
 3409090
 3409110
 3409167
 3409417
 3409427
 3409515
 3409551
 3409556
 3409574
 3409629
 3409637
 3409638
 3409692
 3409770
 3409812
 3409900
 3409903
 3409938
 3410029
 3410224
 3410300
 3410312
 3410339
 3410380
 3410556
 3410594
 3410689
 3410694
 3410792
 3410858
 3410977
 3411016
 3411047
 3411107
 3411173
 3411271
 3411554
 3411569
 3411613
 3411635
 3411721
 3411951
 3411963
 3412097
 3412203
 3412247
 3412483
 3412524
 3412549
 3412553
 3412716
 3412848
 3413099
 3413146
 3413219
 3413233
 3413448
 3413508
 3413560
 3413600
 3413781
 3413920
 3414026
 3414066
 3414132
 3414551
 3414569
 3414683
 3414974
 3414992
 3415002
 3415021
 3415098
 3415171
 3415280
 3415426
 3415475
 3415555
 3415834
 3416102
 3416323
 3416425
 3416453
 3416518
 3416536
 3416587
 3417299
 3417401
 3417551
 3417857
 3417939
 3418018
 3418049
 3418132
 3418490
 3418552
 3418679
 3418802
 3418819
 3418837
 3418948
 3419013
 3419018
 3419054
 3419273
 3419433
 3419448
 3419599
 3419837
 3419975
 3419980
 3420439
 3420512
 3420717
 3420934
 3421057
 3421082
 3421089
 3421156
 3421240
 3421393
 3421401
 3421523
 3421582
 3421643
 3421665
 3421700
 3421722
 3421800
 3421801
 3421880
 3421920
 3422009
 3422017
 3422324
 3422348
 3422477
 3422741
 3422907
 3422969
 3423003
 3423042
 3423054
 3423066
 3423116
 3423161
 3423168
 3423195
 3423272
 3423296
 3423428
 3423448
 3423494
 3423653
 3423766
 3424040
 3424059
 3424257
 3424306
 3424613
 3424665
 3424745
 3424851
 3424860
 3425173
 3425260
 3425388
 3425464
 3425589
 3425594
 3425600
 3425617
 3425708
 3425848
 3425999
 3426055
 3426130
 3426134
 3426159
 3426174
 3426211
 3426220
 3426437
 3426455
 3426509
 3426564
 3426586
 3426631
 3426697
 3426833
 3426901
 3427093
 3427107
 3427185
 3427453
 3427541
 3427871
 3428030
 3428051
 3428150
 3428291
 3428449
 3428472
 3428474
 3428477
 3428482
 3428520
 3428522
 3428539
 3428572
 3428627
 3428906
 3429118
 3429412
 3429522
 3429587
 3429694
 3429727
 3429970
 3429971
 3430015
 3430468
 3430488
 3430553
 3430613
 3430614
 3430629
 3430796
 3430838
 3430987
 3431041
 3431105
 3431223
 3431265
 3431320
 3431363
 3431647
 3431806
 3431842
 3432017
 3432060
 3432356
 3432481
 3432525
 3432610
 3432638
 3432922
 3432973
 3432999
 3433140
 3433157
 3433173
 3433236
 3433242
 3433266
 3433290
 3433341
 3433377
 3433393
 3433479
 3433511
 3433829
 3433902
 3433974
 3434024
 3434066
 3434215
 3434468
 3434542
 3434990
 3435328
 3435428
 3435437
 3435561
 3435579
 3435639
 3435737
 3435991
 3436024
 3436071
 3436253
 3436345
 3436844
 3437013
 3437195
 3437273
 3437431
 3437518
 3437528
 3437566
 3437627
 3437649
 3437686
 3437803
 3437901
 3438167
 3438316
 3438428
 3438436
 3438509
 3438687
 3438688
 3438733
 3438842
 3438859
 3439094
 3439187
 3439350
 3439543
 3439740
 3439933
 3440175
 3440367
 3440604
 3440625
 3440847
 3440917
 3440967
 3441021
 3441128
 3441196
 3441441
 3441565
 3441598
 3441639
 3441751
 3441776
 3441896
 3441922
 3441927
 3441948
 3442004
 3442043
 3442208
 3442286
 3442412
 3442429
 3442464
 3442670
 3442755
 3443159
 3443225
 3443280
 3443474
 3443491
 3443573
 3443722
 3443744
 3443890
 3443906
 3443956
 3444058
 3444082
 3444361
 3444403
 3444570
 3444719
 3444770
 3444837
 3445298
 3445321
 3445389
 3445505
 3445577
 3445641
 3445746
 3445784
 3445791
 3445863
 3446276
 3446497
 3446607
 3446624
 3446656
 3446840
 3447052
 3447112
 3447480
 3447531
 3448092
 3448241
 3448252
 3448270
 3448295
 3448371
 3448569
 3448798
 3448875
 3449072
 3449523
 3449795
 3449914
 3450031
 3450291
 3450688
 3450994
 3451082
 3451147
 3451284
 3451457
 3451720
 3451768
 3451860
 3451905
 3451948
 3452081
 3452267
 3452440
 3452546
 3452693
 3452764
 3452866
 3453224
 3453288
 3453313
 3453343
 3453390
 3453463
 3453478
 3453481
 3453495
 3453645
 3453690
 3453694
 3453749
 3453940
 3454062
 3454368
 3454461
 3454464
 3454772
 3455049
 3455064
 3455144
 3455258
 3455360
 3455390
 3455487
 3455527
 3455536
 3455549
 3455644
 3455665
 3455681
 3455725
 3455866
 3455917
 3455962
 3456004
 3456031
 3456182
 3456346
 3456362
 3456409
 3456456
 3456725
 3457174
 3457791
 3457809
 3457966
 3457970
 3457993
 3458025
 3458287
 3458694
 3458819
 3459030
 3459043
 3459095
 3459147
 3459186
 3459310
 3459339
 3459458
 3459470
 3459488
 3459495
 3459642
 3459724
 3459923
 3460075
 3460087
 3460115
 3460167
 3460207
 3460467
 3460506
 3460537
 3460760
 3460959
 3461151
 3461249
 3461273
 3461462
 3461580
 3461608
 3462002
 3462044
 3462083
 3462125
 3462179
 3462188
 3462205
 3462248
 3462524
 3462528
 3462650
 3463001
 3463044
 3463111
 3463140
 3463141
 3463186
 3463266
 3463406
 3463426
 3463664
 3464060
 3464565
 3464651
 3464740
 3464777
 3464863
 3464886
 3464891
 3465093
 3465194
 3465348
 3465678
 3465841
 3465885
 3466055
 3466071
 3466189
 3466286
 3466395
 3466404
 3466517
 3466518
 3466565
 3466586
 3466772
 3466832
 3467094
 3467133
 3467210
 3467315
 3467585
 3467734
 3467845
 3467953
 3468080
 3468160
 3468308
 3468579
 3468728
 3468966
 3469355
 3469365
 3469411
 3469563
 3469621
 3469628
 3469654
 3469657
 3469676
 3469735
 3469761
 3469788
 3469941
 3470014
 3470134
 3470152
 3470358
 3470367
 3470499
 3470546
 3470718
 3470773
 3470967
 3471239
 3471273
 3471439
 3471599
 3471844
 3471860
 3471999
 3472068
 3472090
 3472143
 3472197
 3472234
 3472394
 3472397
 3472424
 3472620
 3472634
 3472728
 3472799
 3472896
 3472954
 3473117
 3473239
 3473313
 3473324
 3473345
 3473397
 3473519
 3473552
 3473770
 3473921
 3474061
 3474105
 3474116
 3474178
 3474388
 3474465
 3474492
 3474684
 3474842
 3475050
 3475110
 3475156
 3475176
 3475308
 3475362
 3475432
 3475527
 3475685
 3475687
 3475726
 3475820
 3475960
 3476104
 3476353
 3476368
 3476681
 3476939
 3476997
 3477066
 3477151
 3477172
 3477263
 3477330
 3477413
 3477427
 3477550
 3477604
 3477624
 3477701
 3477742
 3477919
 3478088
 3478184
 3478208
 3478265
 3478378
 3478665
 3478666
 3478760
 3478785
 3478848
 3478862
 3478867
 3478906
 3478912
 3479006
 3479145
 3479311
 3479338
 3480148
 3480166
 3480223
 3480359
 3480483
 3480621
 3480635
 3480649
 3480678
 3480867
 3480868
 3480928
 3480943
 3481311
 3481354
 3481406
 3481413
 3481634
 3481640
 3481703
 3481850
 3481933
 3482114
 3482219
 3482694
 3482720
 3482851
 3483068
 3483274
 3483402
 3483427
 3483457
 3483803
 3483918
 3483958
 3484075
 3484099
 3484285
 3484624
 3484721
 3484728
 3484874
 3484877
 3484964
 3485028
 3485187
 3485446
 3485826
 3485976
 3486091
 3486128
 3486170
 3486172
 3486190
 3486264
 3486305
 3486525
 3486695
 3486711
 3486846
 3486904
 3486931
 3486994
 3487200
 3487313
 3487318
 3487413
 3487774
 3488108
 3488203
 3488773
 3489192
 3489420
 3489710
 3490341
 3490501
 3490527
 3490636
 3490642
 3490663
 3490763
 3490793
 3490807
 3490871
 3490886
 3491103
 3491163
 3491309
 3491328
 3491464
 3491481
 3491485
 3491626
 3491659
 3491822
 3491852
 3492218
 3492242
 3492487
 3492734
 3492747
 3492914
 3492928
 3492943
 3493201
 3493261
 3493278
 3493395
 3493398
 3493475
 3493500
 3493564
 3493583
 3493602
 3493629
 3493714
 3493786
 3493801
 3493829
 3494098
 3494197
 3494352
 3494386
 3494387
 3494458
 3494635
 3494818
 3494960
 3495020
 3495061
 3495125
 3495218
 3495319
 3495518
 3495520
 3495611
 3495678
 3495773
 3495791
 3495941
 3495986
 3496148
 3496316
 3496377
 3496510
 3496552
 3496559
 3496574
 3496738
 3496929
 3497075
 3497262
 3497504
 3497543
 3497635
 3497790
 3497822
 3497827
 3497903
 3497955
 3498133
 3498219
 3498334
 3498368
 3498646
 3498826
 3498893
 3498945
 3499091
 3499172
 3499286
 3499292
 3499392
 3499532
 3499553
 3499590
 3499608
 3499994
 3500216
 3500246
 3500464
 3500560
 3500617
 3500807
 3500855
 3500859
 3500873
 3501015
 3501095
 3501186
 3501231
 3501494
 3501602
 3501627
 3501647
 3501660
 3501771
 3502128
 3502180
 3502200
 3502270
 3502302
 3502333
 3502502
 3502552
 3502581
 3502593
 3502595
 3502608
 3502905
 3502997
 3503356
 3503371
 3503391
 3503413
 3503569
 3503750
 3503784
 3503867
 3503924
 3503959
 3503978
 3504084
 3504158
 3504187
 3504262
 3504443
 3504446
 3504482
 3504553
 3504719
 3505220
 3505450
 3505493
 3505537
 3505616
 3505650
 3505671
 3505709
 3505951
 3506067
 3506259
 3506269
 3506279
 3506552
 3506812
 3506870
 3506971
 3506986
 3507163
 3507164
 3507199
 3507262
 3507432
 3507434
 3507438
 3507580
 3507761
 3507769
 3507866
 3508048
 3508077
 3508084
 3508160
 3508166
 3508364
 3508464
 3508534
 3508629
 3508646
 3508746
 3508788
 3508929
 3508938
 3508987
 3509094
 3509307
 3509455
 3509486
 3509570
 3509763
 3509856
 3509877
 3509921
 3509972
 3509990
 3510268
 3510432
 3510566
 3510603
 3510687
 3510916
 3511027
 3511032
 3511058
 3511237
 3511585
 3511590
 3511608
 3511614
 3511674
 3511720
 3511832
 3511863
 3512075
 3512111
 3512294
 3512298
 3512469
 3512521
 3512531
 3512691
 3512885
 3513009
 3513021
 3513106
 3513171
 3513302
 3513326
 3513367
 3513371
 3513512
 3513865
 3513907
 3514017
 3514111
 3514183
 3514366
 3514472
 3514729
 3514736
 3514763
 3514945
 3515160
 3515164
 3515200
 3515248
 3515800
 3515924
 3515943
 3515953
 3515976
 3516023
 3516460
 3516649
 3516799
 3516904
 3516969
 3517055
 3517215
 3517225
 3517300
 3517545
 3517878
 3517951
 3518136
 3518223
 3518351
 3518514
 3518546
 3518586
 3518650
 3518667
 3518838
 3518988
 3519164
 3519171
 3519308
 3519542
 3519572
 3519634
 3520006
 3520120
 3520162
 3520200
 3520203
 3520273
 3520346
 3520409
 3520545
 3520557
 3520627
 3521081
 3521146
 3521224
 3521393
 3521406
 3521551
 3521571
 3521683
 3522009
 3522024
 3522409
 3522422
 3522525
 3522780
 3522803
 3522965
 3523034
 3523297
 3523382
 3523654
 3523775
 3523879
 3523930
 3523940
 3524159
 3524228
 3524352
 3524359
 3524418
 3524599
 3524620
 3524786
 3525241
 3525384
 3525404
 3525413
 3525443
 3525477
 3525512
 3525660
 3526016
 3526144
 3526156
 3526270
 3526303
 3526306
 3526372
 3526391
 3526414
 3526466
 3526509
 3526584
 3526636
 3526676
 3526705
 3526842
 3527005
 3527011
 3527022
 3527058
 3527112
 3527384
 3527461
 3527478
 3527734
 3527856
 3527879
 3528208
 3528324
 3528351
 3528354
 3528679
 3528784
 3528804
 3529098
 3529133
 3529152
 3529171
 3529222
 3529326
 3529331
 3529348
 3529387
 3529625
 3529644
 3529695
 3529786
 3529896
 3529945
 3530090
 3530389
 3530521
 3530561
 3530625
 3530816
 3530857
 3531048
 3531073
 3531184
 3531469
 3531712
 3531813
 3532095
 3532177
 3532204
 3532212
 3532375
 3532415
 3532458
 3532659
 3532686
 3532755
 3532875
 3533191
 3533332
 3533420
 3533536
 3533672
 3533765
 3533873
 3533905
 3533909
 3534019
 3534291
 3534314
 3534344
 3534473
 3534481
 3534484
 3534491
 3534627
 3535203
 3535659
 3535714
 3535781
 3535860
 3535901
 3535931
 3536140
 3536188
 3536456
 3536656
 3536779
 3536968
 3537126
 3537185
 3537265
 3537387
 3537449
 3537533
 3537825
 3537831
 3537868
 3537940
 3538001
 3538012
 3538050
 3538872
 3538954
 3539078
 3539093
 3539114
 3539141
 3539292
 3539316
 3539354
 3539500
 3539718
 3539748
 3539941
 3539994
 3540144
 3540196
 3540296
 3540399
 3540730
 3540872
 3540879
 3540907
 3540952
 3541085
 3541140
 3541600
 3541701
 3541794
 3541845
 3541869
 3541896
 3541971
 3542155
 3542512
 3542584
 3542706
 3542753
 3542836
 3542896
 3542922
 3542973
 3542978
 3543047
 3543149
 3543193
 3543329
 3543347
 3543553
 3543590
 3543649
 3543717
 3543773
 3543776
 3543935
 3543990
 3544199
 3544413
 3544426
 3544678
 3544707
 3544709
 3544769
 3544880
 3544884
 3545019
 3545150
 3545312
 3545463
 3545500
 3545596
 3545769
 3546026
 3546242
 3546347
 3546404
 3546446
 3546543
 3546666
 3546725
 3546778
 3546799
 3546812
 3546859
 3546892
 3546949
 3547201
 3547221
 3547230
 3547251
 3547333
 3547434
 3547449
 3547742
 3547863
 3547876
 3548036
 3548068
 3548149
 3548270
 3548318
 3548379
 3548440
 3548503
 3548988
 3549172
 3549181
 3549226
 3549316
 3549329
 3549379
 3549714
 3549808
 3549850
 3550023
 3550035
 3550536
 3550584
 3550635
 3550857
 3550951
 3551001
 3551121
 3551129
 3551182
 3551386
 3551425
 3551442
 3551487
 3551511
 3551592
 3551606
 3551697
 3551716
 3551809
 3551839
 3551841
 3551862
 3551899
 3552053
 3552267
 3552270
 3552313
 3552397
 3552465
 3552626
 3552666
 3552885
 3552928
 3552942
 3553309
 3553338
 3553427
 3553527
 3553656
 3553665
 3553701
 3553733
 3553736
 3553758
 3553871
 3553900
 3554079
 3554162
 3554170
 3554195
 3554202
 3554332
 3554386
 3554508
 3554752
 3554765
 3554889
 3555262
 3555525
 3555609
 3555714
 3555718
 3555967
 3555995
 3556088
 3556190
 3556242
 3556255
 3556384
 3556447
 3556485
 3556516
 3556672
 3556849
 3556867
 3556877
 3556894
 3556909
 3557152
 3557158
 3557190
 3557391
 3557593
 3557617
 3558002
 3558040
 3558060
 3558116
 3558142
 3558235
 3558260
 3558292
 3558317
 3558397
 3558698
 3558866
 3558978
 3559021
 3559103
 3559125
 3559208
 3559369
 3559486
 3559610
 3559680
 3559691
 3559705
 3559707
 3559780
 3559964
 3560016
 3560119
 3560394
 3560475
 3560761
 3560844
 3561247
 3561369
 3561402
 3561403
 3561432
 3561462
 3561478
 3561629
 3561631
 3561642
 3561767
 3561801
 3562111
 3562140
 3562400
 3562421
 3562511
 3562553
 3562604
 3562702
 3562745
 3562755
 3562764
 3562829
 3562845
 3562851
 3563128
 3563384
 3563683
 3563810
 3563822
 3563991
 3564231
 3564333
 3564386
 3564409
 3564564
 3564613
 3564770
 3564784
 3564808
 3564882
 3564897
 3565058
 3565087
 3565139
 3565256
 3565290
 3565348
 3565443
 3565593
 3565600
 3565709
 3565713
 3565740
 3565907
 3565976
 3566381
 3566470
 3566557
 3566633
 3566740
 3566742
 3566856
 3566905
 3567124
 3567287
 3567339
 3567532
 3567585
 3567863
 3567908
 3568016
 3568154
 3568188
 3568459
 3568593
 3568604
 3568764
 3568774
 3568815
 3568888
 3568960
 3568990
 3569084
 3569225
 3569279
 3569442
 3569476
 3569509
 3570005
 3570103
 3570146
 3570389
 3570427
 3570726
 3570768
 3570772
 3570855
 3570860
 3570984
 3571150
 3571156
 3571186
 3571271
 3571285
 3571298
 3571453
 3571463
 3571503
 3571518
 3571737
 3571739
 3571756
 3571768
 3571789
 3571896
 3572050
 3572085
 3572146
 3572320
 3572369
 3572665
 3573006
 3573022
 3573155
 3573474
 3573579
 3573586
 3573614
 3573641
 3573983
 3574159
 3574419
 3574448
 3574510
 3574626
 3574637
 3574827
 3575002
 3575053
 3575061
 3575098
 3575112
 3575212
 3575247
 3575319
 3575408
 3575675
 3575780
 3575827
 3575993
 3576022
 3576040
 3576077
 3576241
 3576251
 3576379
 3576395
 3576411
 3576495
 3576508
 3576574
 3576592
 3576646
 3576816
 3577010
 3577025
 3577067
 3577157
 3577559
 3577660
 3577842
 3578240
 3578284
 3578459
 3578461
 3578521
 3578602
 3578632
 3578958
 3579044
 3579051
 3579075
 3579110
 3579228
 3579421
 3579425
 3579477
 3579547
 3579573
 3579675
 3579787
 3579990
 3580157
 3580318
 3580548
 3580645
 3580688
 3581338
 3581418
 3581676
 3581752
 3581846
 3581863
 3581975
 3581982
 3581987
 3582056
 3582083
 3582188
 3582337
 3582447
 3582472
 3582473
 3582836
 3583035
 3583043
 3583049
 3583255
 3583275
 3583287
 3583328
 3583514
 3583517
 3583538
 3583592
 3583630
 3583902
 3583967
 3583972
 3584078
 3584138
 3584285
 3584310
 3584462
 3584478
 3584706
 3584737
 3584809
 3584839
 3584840
 3584844
 3584889
 3585178
 3585355
 3585501
 3585511
 3585556
 3585636
 3585726
 3586100
 3586128
 3586203
 3586400
 3586446
 3586500
 3586539
 3586615
 3586738
 3586944
 3586995
 3587039
 3587116
 3587162
 3587210
 3587264
 3587433
 3587455
 3587642
 3587757
 3587798
 3587925
 3587966
 3587989
 3588221
 3588316
 3588459
 3588490
 3588529
 3588567
 3588683
 3588801
 3588892
 3589136
 3589177
 3589447
 3589541
 3589680
 3590098
 3590165
 3590224
 3590234
 3590291
 3590327
 3590441
 3590863
 3590881
 3590884
 3590909
 3591010
 3591059
 3591165
 3591240
 3591290
 3591363
 3591401
 3591504
 3591510
 3591524
 3591667
 3591723
 3591912
 3591923
 3591934
 3591941
 3591962
 3592088
 3592172
 3592322
 3592324
 3592479
 3592521
 3592569
 3592782
 3592789
 3592868
 3592927
 3593010
 3593072
 3593116
 3593183
 3593207
 3593323
 3593361
 3593362
 3593466
 3593482
 3593663
 3593666
 3593928
 3593929
 3594002
 3594073
 3594275
 3594336
 3594395
 3594599
 3594638
 3594768
 3594827
 3594986
 3595002
 3595099
 3595374
 3595383
 3595509
 3595649
 3595743
 3595789
 3595949
 3596135
 3596304
 3596499
 3596526
 3596587
 3596611
 3596835
 3596963
 3597408
 3597490
 3597513
 3597590
 3597627
 3597846
 3597856
 3597868
 3597953
 3598046
 3598216
 3598262
 3598268
 3598409
 3598431
 3598433
 3598575
 3598855
 3598944
 3598953
 3598998
 3599044
 3599147
 3599164
 3599369
 3599643
 3599658
 3599660
 3599695
 3599737
 3599810
 3599883
 3600007
 3600247
 3600473
 3600513
 3600535
 3600625
 3600651
 3600755
 3600850
 3601008
 3601120
 3601158
 3601168
 3601351
 3601617
 3601756
 3601923
 3602016
 3602390
 3602539
 3602793
 3602800
 3602866
 3602886
 3602947
 3603054
 3603056
 3603339
 3603419
 3603505
 3603640
 3603698
 3603867
 3603888
 3604062
 3604164
 3604165
 3604248
 3604275
 3604290
 3604297
 3604388
 3604513
 3604543
 3604547
 3604720
 3605032
 3605192
 3605284
 3605348
 3605432
 3605442
 3605718
 3606017
 3606030
 3606247
 3606573
 3606716
 3606841
 3606911
 3606930
 3606956
 3606985
 3607111
 3607315
 3607357
 3607569
 3607667
 3607843
 3608080
 3608171
 3608194
 3608603
 3608702
 3608760
 3608800
 3608921
 3608929
 3608970
 3609020
 3609095
 3609221
 3609254
 3609471
 3609484
 3609677
 3609713
 3609770
 3609780
 3609837
 3609842
 3610112
 3610127
 3610232
 3610248
 3610303
 3610355
 3610531
 3610621
 3610735
 3611115
 3611185
 3611207
 3611265
 3611344
 3611478
 3611534
 3611565
 3611568
 3611669
 3611819
 3611955
 3612077
 3612101
 3612124
 3612132
 3612174
 3612337
 3612456
 3612490
 3612495
 3612819
 3612878
 3612942
 3613032
 3613040
 3613099
 3613240
 3613380
 3613524
 3613642
 3613778
 3613819
 3613962
 3614021
 3614087
 3614212
 3614281
 3614553
 3614629
 3614724
 3614727
 3614756
 3614810
 3614841
 3614913
 3614943
 3615187
 3615233
 3615287
 3615386
 3615443
 3615664
 3615736
 3615745
 3615879
 3615937
 3615943
 3615954
 3616022
 3616044
 3616084
 3616327
 3616512
 3616780
 3616954
 3616959
 3617098
 3617143
 3617214
 3617389
 3617480
 3617687
 3617840
 3618117
 3618262
 3618367
 3618396
 3618623
 3619062
 3619177
 3619216
 3619260
 3619344
 3619598
 3619775
 3619902
 3619940
 3620229
 3620416
 3620476
 3620627
 3620777
 3620833
 3621003
 3621069
 3621182
 3621372
 3621465
 3621595
 3621598
 3621665
 3621861
 3621898
 3622040
 3622182
 3622267
 3622352
 3622441
 3622591
 3622902
 3622932
 3623075
 3623099
 3623223
 3623613
 3623685
 3623717
 3623781
 3623959
 3624002
 3624012
 3624025
 3624202
 3624275
 3624289
 3624305
 3624384
 3624478
 3624600
 3624604
 3624721
 3624758
 3624804
 3624872
 3624968
 3625132
 3625185
 3625211
 3625359
 3625580
 3625768
 3625948
 3626071
 3626161
 3626480
 3626481
 3626518
 3626580
 3626602
 3626729
 3627022
 3627073
 3627116
 3627249
 3627328
 3627465
 3627557
 3627596
 3627680
 3627687
 3627747
 3627783
 3627801
 3627903
 3627931
 3627951
 3628013
 3628032
 3628100
 3628167
 3628334
 3628420
 3628596
 3628598
 3628986
 3629068
 3629101
 3629167
 3629196
 3629225
 3629320
 3629360
 3629501
 3629537
 3629654
 3629689
 3629815
 3629861
 3630143
 3630226
 3630350
 3630484
 3630513
 3630574
 3630635
 3630657
 3630987
 3631009
 3631067
 3631209
 3631325
 3631361
 3631362
 3631449
 3631532
 3631536
 3631568
 3631714
 3632187
 3632622
 3632635
 3632655
 3632683
 3633097
 3633168
 3633357
 3633407
 3633482
 3633652
 3633719
 3633882
 3633892
 3633907
 3633973
 3634010
 3634172
 3634381
 3634429
 3634435
 3634512
 3634770
 3634888
 3634945
 3635044
 3635178
 3635248
 3635288
 3635332
 3635346
 3635432
 3635537
 3635609
 3635611
 3635651
 3635657
 3635931
 3636050
 3636118
 3636120
 3636262
 3636292
 3636573
 3636585
 3636758
 3636775
 3636827
 3636912
 3637087
 3637203
 3637239
 3637337
 3637454
 3637597
 3637625
 3637652
 3637656
 3637845
 3637962
 3638030
 3638103
 3638194
 3638273
 3638595
 3638674
 3638883
 3638906
 3638929
 3638931
 3638972
 3639023
 3639035
 3639047
 3639129
 3639179
 3639182
 3639191
 3639328
 3639463
 3639473
 3639481
 3639741
 3639757
 3639780
 3639999
 3640012
 3640089
 3640200
 3640334
 3640594
 3640684
 3640711
 3640808
 3640845
 3640903
 3640911
 3640964
 3641040
 3641186
 3641279
 3641419
 3641431
 3641491
 3641763
 3641845
 3641923
 3641938
 3642020
 3642142
 3642191
 3642270
 3642295
 3642399
 3642596
 3642602
 3642824
 3642857
 3642970
 3643045
 3643071
 3643344
 3643531
 3643558
 3643630
 3643659
 3643917
 3644155
 3644595
 3644843
 3644935
 3644980
 3645201
 3645274
 3645286
 3645405
 3645414
 3645416
 3645455
 3645667
 3645762
 3645773
 3645974
 3646253
 3646290
 3646635
 3646961
 3647002
 3647041
 3647057
 3647240
 3647302
 3647340
 3647437
 3647541
 3647562
 3647606
 3647665
 3647743
 3647864
 3648049
 3648072
 3648134
 3648272
 3648326
 3648384
 3648430
 3648608
 3648759
 3648763
 3648961
 3649010
 3649013
 3649032
 3649034
 3649050
 3649060
 3649220
 3649239
 3649463
 3649568
 3649843
 3649968
 3650005
 3650093
 3650136
 3650225
 3650347
 3650418
 3650504
 3650569
 3650618
 3650725
 3650753
 3650908
 3650919
 3651118
 3651247
 3651297
 3651557
 3651722
 3651829
 3652017
 3652044
 3652422
 3652472
 3652613
 3652858
 3652911
 3653089
 3653305
 3653373
 3653410
 3653423
 3653550
 3653567
 3653792
 3654078
 3654168
 3654208
 3654264
 3654348
 3654362
 3654431
 3654522
 3654745
 3654832
 3654879
 3655259
 3655342
 3655452
 3655576
 3655712
 3655756
 3655810
 3655847
 3655950
 3655965
 3656007
 3656105
 3656271
 3656497
 3656520
 3656522
 3656553
 3656720
 3656754
 3656771
 3656854
 3657060
 3657235
 3657269
 3657397
 3657540
 3657678
 3657711
 3657741
 3657898
 3657916
 3657955
 3657982
 3658024
 3658207
 3658213
 3658540
 3658655
 3658806
 3658836
 3658863
 3659029
 3659069
 3659076
 3659233
 3659402
 3659554
 3659557
 3659660
 3659682
 3659732
 3659905
 3659910
 3659952
 3659997
 3660024
 3660098
 3660177
 3660245
 3660369
 3660492
 3660526
 3660628
 3660647
 3660684
 3660751
 3660912
 3660937
 3660997
 3661099
 3661437
 3661486
 3661507
 3661554
 3661576
 3661598
 3661670
 3661709
 3661785
 3661794
 3662003
 3662190
 3662374
 3662471
 3662504
 3662534
 3662543
 3663068
 3663100
 3663120
 3663123
 3663174
 3663331
 3663557
 3663715
 3663812
 3663815
 3663854
 3663904
 3664069
 3664169
 3664630
 3664687
 3664706
 3664717
 3664949
 3665030
 3665102
 3665441
 3665575
 3665607
 3666126
 3666152
 3666157
 3666265
 3666284
 3666431
 3666619
 3666626
 3666698
 3666899
 3667363
 3667616
 3667653
 3667864
 3668169
 3668177
 3668200
 3668345
 3668451
 3668547
 3668686
 3668779
 3668837
 3668897
 3668923
 3669139
 3669174
 3669211
 3669212
 3669329
 3669575
 3669581
 3669607
 3669806
 3669872
 3669907
 3669914
 3669924
 3670033
 3670237
 3670607
 3670639
 3670720
 3670954
 3671063
 3671130
 3671273
 3671453
 3671478
 3671496
 3671573
 3671690
 3671724
 3671883
 3671887
 3672021
 3672054
 3672060
 3672062
 3672601
 3672686
 3672708
 3672770
 3672787
 3672896
 3672911
 3672926
 3672958
 3672982
 3673083
 3673260
 3673290
 3673392
 3673467
 3673502
 3673842
 3674129
 3674287
 3674385
 3674440
 3674700
 3674736
 3674767
 3674823
 3674865
 3674890
 3674924
 3675140
 3675168
 3675196
 3675224
 3675387
 3675500
 3675519
 3675658
 3675837
 3676144
 3676195
 3676339
 3676362
 3676410
 3676420
 3676510
 3676631
 3676635
 3676722
 3676778
 3676813
 3676820
 3676886
 3676952
 3676979
 3677170
 3677271
 3677367
 3677418
 3677680
 3677947
 3678148
 3678187
 3678192
 3678194
 3678394
 3678612
 3678629
 3678938
 3679234
 3679250
 3679286
 3679569
 3679596
 3679761
 3679781
 3679909
 3679992
 3680002
 3680041
 3680053
 3680275
 3680384
 3680583
 3680627
 3680712
 3680829
 3680960
 3681082
 3681087
 3681241
 3681267
 3681425
 3681536
 3681582
 3681587
 3681936
 3681956
 3681962
 3681968
 3681985
 3682001
 3682189
 3682303
 3682312
 3682354
 3682367
 3682373
 3682542
 3682580
 3682605
 3682868
 3682948
 3683000
 3683019
 3683078
 3683147
 3683389
 3683394
 3683431
 3683579
 3683701
 3683705
 3683795
 3683899
 3683937
 3683972
 3684008
 3684147
 3684471
 3684547
 3684641
 3684692
 3684750
 3684824
 3684988
 3684991
 3685111
 3685316
 3685322
 3685334
 3685403
 3685579
 3685614
 3685714
 3685741
 3685760
 3685798
 3685878
 3685975
 3685985
 3686014
 3686029
 3686153
 3686367
 3686551
 3686566
 3686614
 3686633
 3686662
 3686685
 3686826
 3686991
 3687064
 3687071
 3687125
 3687169
 3687208
 3687309
 3687716
 3687882
 3687914
 3687961
 3688100
 3688197
 3688228
 3688270
 3688285
 3688373
 3688432
 3688435
 3688442
 3688531
 3688581
 3688649
 3688748
 3688861
 3688940
 3688984
 3689085
 3689316
 3689618
 3689619
 3689622
 3689631
 3689677
 3689763
 3689765
 3689825
 3689865
 3690181
 3690186
 3690204
 3690234
 3690276
 3690384
 3690434
 3690673
 3690677
 3690815
 3691103
 3691134
 3691178
 3691210
 3691289
 3691357
 3691881
 3691993
 3692067
 3692143
 3692337
 3692343
 3692366
 3692426
 3692758
 3692965
 3692970
 3693004
 3693017
 3693132
 3693147
 3693432
 3693578
 3693601
 3693737
 3693878
 3693925
 3693926
 3693963
 3694156
 3694314
 3694384
 3694539
 3694614
 3694679
 3694708
 3694755
 3694859
 3695075
 3695120
 3695161
 3695274
 3695278
 3695440
 3695447
 3695529
 3695577
 3695633
 3695761
 3695950
 3696111
 3696215
 3696501
 3696657
 3696682
 3696984
 3696990
 3697318
 3697393
 3697439
 3697616
 3698116
 3698261
 3698351
 3698360
 3698369
 3698375
 3698463
 3698536
 3698557
 3698591
 3698724
 3698731
 3698816
 3698860
 3698899
 3699000
 3699043
 3699105
 3699131
 3699205
 3699469
 3699470
 3699539
 3699588
 3699609
 3699626
 3699697
 3699874
 3700000
 3700078
 3700169
 3700275
 3700283
 3700284
 3700367
 3700373
 3700404
 3700463
 3700520
 3700549
 3700629
 3701068
 3701138
 3701163
 3701543
 3701709
 3701817
 3701847
 3701886
 3701905
 3702095
 3702177
 3702183
 3702294
 3702996
 3703355
 3703455
 3703560
 3703762
 3703816
 3703891
 3703990
 3704198
 3704244
 3704256
 3704285
 3704308
 3704493
 3704883
 3704897
 3704920
 3704936
 3704949
 3704983
 3705028
 3705222
 3705478
 3705603
 3705639
 3705816
 3705895
 3706012
 3706052
 3706441
 3706648
 3706661
 3706696
 3706824
 3706966
 3707023
 3707141
 3707299
 3707334
 3707349
 3707821
 3707924
 3708033
 3708096
 3708192
 3708208
 3708335
 3708435
 3708612
 3708640
 3708944
 3709027
 3709120
 3709264
 3709266
 3709296
 3709339
 3709376
 3709540
 3709543
 3709635
 3709717
 3709799
 3709849
 3709924
 3709953
 3710092
 3710113
 3710130
 3710165
 3710168
 3710329
 3710332
 3710360
 3710374
 3710497
 3710583
 3710691
 3710911
 3710946
 3710954
 3711011
 3711107
 3711148
 3711243
 3711284
 3711289
 3711313
 3711315
 3711383
 3711433
 3711476
 3711554
 3711953
 3711960
 3711986
 3712322
 3712463
 3712916
 3712924
 3712936
 3712961
 3712994
 3713247
 3713455
 3713505
 3714010
 3714084
 3714261
 3714593
 3714622
 3714646
 3714677
 3714773
 3714810
 3714859
 3714860
 3714891
 3714904
 3714989
 3715036
 3715089
 3715097
 3715314
 3715347
 3715418
 3715423
 3715645
 3715726
 3715805
 3715943
 3716437
 3716550
 3716792
 3717141
 3717199
 3717221
 3717325
 3717504
 3717598
 3717682
 3717719
 3717771
 3717779
 3717847
 3717848
 3717903
 3717915
 3717969
 3717982
 3718133
 3718172
 3718176
 3718225
 3718358
 3718496
 3718642
 3718654
 3718745
 3718858
 3719122
 3719261
 3719491
 3719670
 3719689
 3719709
 3719792
 3719925
 3720255
 3720317
 3720332
 3720349
 3720739
 3720817
 3720943
 3720945
 3721019
 3721034
 3721042
 3721116
 3721217
 3721363
 3721394
 3721511
 3721822
 3721897
 3721945
 3722022
 3722186
 3722291
 3722304
 3722361
 3722392
 3722488
 3722678
 3722804
 3723110
 3723155
 3723225
 3723303
 3723395
 3723624
 3723656
 3723791
 3723817
 3723820
 3723834
 3724121
 3724123
 3724295
 3724355
 3724543
 3724589
 3724682
 3724735
 3724868
 3725029
 3725154
 3725312
 3725444
 3725515
 3725557
 3725635
 3725679
 3725692
 3725748
 3725875
 3725918
 3726113
 3726189
 3726191
 3726195
 3726258
 3726268
 3726352
 3726658
 3726950
 3727095
 3727100
 3727116
 3727153
 3727229
 3727289
 3727334
 3727375
 3727396
 3727418
 3727490
 3727556
 3727712
 3727822
 3727992
 3728023
 3728068
 3728250
 3728450
 3728469
 3728474
 3728510
 3728631
 3728661
 3728772
 3728783
 3728822
 3728999
 3729034
 3729103
 3729335
 3729394
 3729609
 3729770
 3729796
 3730161
 3730313
 3730398
 3730416
 3730442
 3730491
 3730725
 3730731
 3730765
 3730778
 3730891
 3731047
 3731211
 3731461
 3731791
 3731813
 3731846
 3731861
 3732029
 3732275
 3732363
 3732544
 3732561
 3732574
 3732603
 3732640
 3732656
 3732756
 3732889
 3732921
 3732972
 3733050
 3733073
 3733693
 3733783
 3733995
 3734050
 3734071
 3734122
 3734146
 3734571
 3734600
 3734929
 3734945
 3735244
 3735359
 3735449
 3735505
 3735554
 3735683
 3735777
 3735832
 3735948
 3736020
 3736068
 3736200
 3736384
 3736455
 3736552
 3736585
 3736589
 3736693
 3736699
 3736723
 3736724
 3736755
 3736963
 3736972
 3737028
 3737153
 3737220
 3737285
 3737647
 3737904
 3737913
 3737940
 3737969
 3738166
 3738263
 3738418
 3738825
 3738889
 3738962
 3739382
 3739484
 3739529
 3739709
 3739718
 3739871
 3740121
 3740484
 3740530
 3741065
 3741081
 3741151
 3741183
 3741235
 3741419
 3741430
 3741491
 3741883
 3741896
 3741901
 3741965
 3742041
 3742116
 3742265
 3742460
 3742475
 3742585
 3742629
 3742643
 3742786
 3742880
 3742891
 3743075
 3743093
 3743209
 3743231
 3743232
 3743617
 3743789
 3743924
 3743925
 3743982
 3744086
 3744129
 3744323
 3744386
 3744415
 3744484
 3744519
 3744532
 3744652
 3744654
 3744764
 3744784
 3744834
 3744883
 3744915
 3744956
 3744979
 3745038
 3745120
 3745161
 3745341
 3745636
 3745690
 3745812
 3745893
 3746024
 3746086
 3746112
 3746405
 3746625
 3746668
 3746681
 3746734
 3746798
 3746902
 3747004
 3747009
 3747036
 3747125
 3747209
 3747221
 3747257
 3747292
 3747310
 3747698
 3747778
 3747956
 3748127
 3748178
 3748233
 3748312
 3748365
 3748381
 3748457
 3748652
 3748857
 3748894
 3748910
 3748984
 3749169
 3749503
 3749506
 3749548
 3749875
 3749890
 3749963
 3750159
 3750263
 3750332
 3750355
 3750497
 3750560
 3750660
 3750700
 3750778
 3750867
 3750869
 3750872
 3750970
 3751039
 3751078
 3751082
 3751124
 3751284
 3751362
 3751391
 3751655
 3751659
 3751746
 3751749
 3751932
 3752117
 3752173
 3752277
 3752313
 3752369
 3752459
 3752514
 3752532
 3752657
 3752716
 3752841
 3752858
 3752892
 3753013
 3753061
 3753095
 3753186
 3753396
 3753397
 3753419
 3753456
 3753467
 3753492
 3753634
 3753693
 3753705
 3753777
 3753980
 3754213
 3754325
 3754508
 3754515
 3754687
 3754713
 3754791
 3754806
 3754845
 3754914
 3754943
 3755179
 3755203
 3755440
 3755520
 3755562
 3755574
 3755595
 3755601
 3755603
 3755699
 3755802
 3755810
 3755902
 3755916
 3755977
 3756183
 3756332
 3756400
 3756511
 3756618
 3756627
 3756693
 3756728
 3756973
 3757305
 3757581
 3757591
 3757902
 3758004
 3758012
 3758147
 3758230
 3758258
 3758300
 3758415
 3758474
 3758643
 3758737
 3758753
 3758815
 3758829
 3758993
 3759136
 3759154
 3759716
 3759741
 3759804
 3759937
 3759954
 3759973
 3760146
 3760157
 3760191
 3760238
 3760275
 3760359
 3760761
 3760829
 3760886
 3761238
 3761388
 3761408
 3761415
 3761593
 3761677
 3761690
 3761780
 3761913
 3761922
 3762049
 3762050
 3762180
 3762286
 3762301
 3762342
 3762393
 3762489
 3762747
 3762801
 3762811
 3762953
 3762985
 3763099
 3763236
 3763272
 3763699
 3763803
 3763825
 3763851
 3764042
 3764160
 3764476
 3764713
 3764765
 3764773
 3764880
 3765027
 3765147
 3765160
 3765167
 3765229
 3765241
 3765251
 3765657
 3765735
 3765972
 3766022
 3766050
 3766150
 3766491
 3766521
 3766561
 3766587
 3766621
 3766660
 3766701
 3766718
 3766844
 3766948
 3767083
 3767095
 3767655
 3767877
 3768179
 3768214
 3768265
 3768315
 3768409
 3768519
 3768601
 3768721
 3768729
 3768805
 3768911
 3768959
 3769008
 3769025
 3769036
 3769041
 3769043
 3769113
 3769228
 3769305
 3769398
 3769442
 3769572
 3769596
 3769696
 3770148
 3770178
 3770211
 3770312
 3770364
 3770432
 3770583
 3770622
 3770768
 3770790
 3770873
 3770891
 3770944
 3771021
 3771105
 3771109
 3771245
 3771541
 3771920
 3771987
 3771988
 3772200
 3772493
 3772747
 3772843
 3772871
 3773073
 3773106
 3773109
 3773159
 3773254
 3773430
 3773532
 3773677
 3773679
 3773805
 3773818
 3773946
 3773948
 3773991
 3774159
 3774332
 3774420
 3774426
 3774668
 3774895
 3775130
 3775174
 3775238
 3775315
 3775399
 3775438
 3775585
 3775614
 3775809
 3775927
 3775957
 3775966
 3775981
 3776198
 3776426
 3776577
 3776677
 3776699
 3776756
 3777000
 3777113
 3777122
 3777131
 3777307
 3777341
 3777620
 3777762
 3777870
 3777918
 3777925
 3778082
 3778102
 3778124
 3778189
 3778190
 3778216
 3778235
 3778282
 3778297
 3778317
 3778512
 3778526
 3778563
 3778590
 3778637
 3778690
 3778713
 3778721
 3778749
 3778777
 3778787
 3778793
 3778961
 3779209
 3779283
 3779484
 3779499
 3779535
 3779661
 3779711
 3779879
 3779908
 3779922
 3780049
 3780102
 3780125
 3780217
 3780603
 3780726
 3780820
 3780843
 3780911
 3781236
 3781326
 3781715
 3781753
 3781848
 3781933
 3781957
 3782142
 3782270
 3782302
 3782333
 3782504
 3782788
 3782870
 3782944
 3782973
 3783046
 3783217
 3783531
 3783815
 3783871
 3783958
 3783989
 3784060
 3784407
 3784588
 3784641
 3784794
 3784893
 3785018
 3785164
 3785168
 3785171
 3785174
 3785329
 3785433
 3785605
 3785714
 3785778
 3785789
 3785968
 3786084
 3786180
 3786261
 3786280
 3786303
 3786491
 3786516
 3786543
 3786569
 3786658
 3786910
 3786923
 3787057
 3787097
 3787241
 3787286
 3787428
 3787513
 3787597
 3787731
 3787738
 3787752
 3787807
 3787860
 3787875
 3787996
 3788028
 3788030
 3788053
 3788432
 3788470
 3788856
 3788866
 3788874
 3789043
 3789096
 3789447
 3789450
 3789531
 3789645
 3789669
 3789743
 3789892
 3790173
 3790233
 3790249
 3790330
 3790460
 3790603
 3790685
 3790926
 3790952
 3791239
 3791402
 3791493
 3791559
 3791563
 3791568
 3791747
 3791751
 3791758
 3791765
 3791856
 3791913
 3791915
 3791990
 3792106
 3792146
 3792363
 3792408
 3792683
 3793002
 3793003
 3793129
 3793131
 3793318
 3793383
 3793403
 3793683
 3793836
 3793883
 3794033
 3794206
 3794234
 3794284
 3794394
 3794548
 3794571
 3794612
 3794707
 3794813
 3794871
 3794928
 3794973
 3795143
 3795267
 3795327
 3795379
 3795385
 3795402
 3795602
 3795637
 3795788
 3795865
 3796074
 3796121
 3796163
 3796178
 3796276
 3796466
 3796624
 3796636
 3796655
 3796685
 3796800
 3797111
 3797241
 3797251
 3797611
 3797631
 3797645
 3797717
 3797829
 3797990
 3798112
 3798118
 3798169
 3798227
 3798321
 3798390
 3798429
 3798490
 3798622
 3799128
 3799241
 3799291
 3799335
 3799446
 3799532
 3799698
 3799882
 3800235
 3800543
 3800632
 3800917
 3800995
 3801106
 3801152
 3801373
 3801453
 3802176
 3802234
 3802240
 3802320
 3802499
 3802772
 3802779
 3802786
 3802795
 3803040
 3803047
 3803332
 3803349
 3803428
 3803524
 3803557
 3803622
 3803749
 3803812
 3803928
 3803985
 3804062
 3804107
 3804128
 3804237
 3804438
 3804444
 3804474
 3804492
 3804599
 3804601
 3804763
 3804822
 3805063
 3805256
 3805267
 3805331
 3805481
 3805492
 3805512
 3806001
 3806181
 3806244
 3806288
 3806483
 3806546
 3806582
 3806613
 3806730
 3806790
 3806823
 3807052
 3807230
 3807311
 3807452
 3807559
 3807653
 3807666
 3807824
 3807960
 3808016
 3808044
 3808060
 3808165
 3808179
 3808389
 3808461
 3808605
 3808759
 3808783
 3809036
 3809108
 3809282
 3809413
 3809519
 3809583
 3809697
 3809711
 3809899
 3809993
 3810430
 3810555
 3810597
 3810734
 3810748
 3810790
 3810865
 3810875
 3810952
 3810982
 3811074
 3811119
 3811237
 3811400
 3811483
 3812022
 3812026
 3812058
 3812291
 3812341
 3812391
 3812420
 3812618
 3812703
 3812788
 3812789
 3812863
 3812991
 3813009
 3813066
 3813267
 3813419
 3813454
 3813510
 3813533
 3813564
 3813661
 3813939
 3814042
 3814118
 3814171
 3814473
 3814488
 3814601
 3814790
 3814864
 3814892
 3814998
 3815063
 3815137
 3815217
 3815226
 3815238
 3815327
 3815357
 3815376
 3815526
 3815570
 3815706
 3815804
 3816040
 3816111
 3816491
 3816778
 3816819
 3816884
 3817044
 3817183
 3817292
 3817463
 3817740
 3817797
 3817824
 3818051
 3818121
 3818189
 3818232
 3818248
 3818394
 3818401
 3818457
 3818521
 3818656
 3818669
 3818710
 3818784
 3818840
 3818887
 3818978
 3819075
 3819158
 3819275
 3819331
 3819402
 3819533
 3819800
 3819849
 3820188
 3820232
 3820275
 3820296
 3820385
 3820411
 3820624
 3820784
 3820849
 3820962
 3820972
 3821204
 3821249
 3821360
 3821384
 3821593
 3821622
 3821641
 3821743
 3821773
 3822111
 3822475
 3822568
 3822577
 3822715
 3822774
 3822815
 3822940
 3823005
 3823173
 3823253
 3823464
 3823495
 3823531
 3823690
 3823981
 3824105
 3824159
 3824207
 3824311
 3824336
 3824460
 3824750
 3824810
 3825108
 3825184
 3825703
 3825758
 3825773
 3825807
 3825968
 3826018
 3826128
 3826282
 3826352
 3826451
 3826460
 3826509
 3826718
 3826757
 3826865
 3826924
 3826955
 3826988
 3827137
 3827140
 3827294
 3827362
 3827402
 3827404
 3827469
 3827533
 3827592
 3827713
 3827842
 3827917
 3827977
 3828183
 3828420
 3828438
 3828518
 3828574
 3828649
 3828666
 3828785
 3828827
 3828839
 3828875
 3829038
 3829218
 3829296
 3829306
 3829450
 3829602
 3829817
 3830003
 3830205
 3830485
 3830496
 3830519
 3830679
 3830855
 3831022
 3831103
 3831226
 3831248
 3831406
 3831471
 3831503
 3831695
 3831785
 3831796
 3831923
 3832006
 3832041
 3832074
 3832232
 3832371
 3832373
 3832458
 3832515
 3832524
 3832539
 3832596
 3832779
 3832894
 3832991
 3833026
 3833166
 3833221
 3833249
 3833425
 3833489
 3833697
 3833879
 3833940
 3834324
 3834483
 3834597
 3834901
 3834927
 3835037
 3835069
 3835266
 3835432
 3835533
 3835656
 3835673
 3835736
 3835748
 3835810
 3835822
 3835895
 3835938
 3836208
 3836398
 3836416
 3836516
 3836709
 3836803
 3837093
 3837193
 3837281
 3837429
 3837454
 3837535
 3837706
 3837892
 3838112
 3838154
 3838159
 3838220
 3838245
 3838251
 3838290
 3838335
 3838436
 3838526
 3838608
 3838919
 3838928
 3838963
 3838974
 3839136
 3839536
 3839670
 3839744
 3839769
 3839850
 3840103
 3840126
 3840212
 3840547
 3840586
 3840679
 3840839
 3840847
 3840861
 3840872
 3841030
 3841269
 3841329
 3841566
 3841621
 3841714
 3841756
 3841869
 3842060
 3842105
 3842131
 3842135
 3842399
 3842413
 3842454
 3842526
 3842607
 3842797
 3842968
 3843072
 3843153
 3843156
 3843308
 3843316
 3843529
 3843674
 3843702
 3843718
 3843780
 3843851
 3843899
 3843906
 3844213
 3844488
 3844779
 3844859
 3844952
 3845319
 3845390
 3845449
 3845615
 3845642
 3845750
 3845821
 3845872
 3845879
 3846043
 3846177
 3846209
 3846246
 3846257
 3846690
 3846907
 3846992
 3846995
 3847044
 3847086
 3847202
 3847210
 3847232
 3847337
 3847526
 3847550
 3847704
 3847721
 3847768
 3847983
 3848154
 3848166
 3848184
 3848381
 3848401
 3848438
 3848589
 3848594
 3848768
 3848779
 3848794
 3848859
 3848869
 3849052
 3849057
 3849154
 3849197
 3849198
 3849231
 3849407
 3849586
 3849650
 3849900
 3849931
 3850029
 3850052
 3850073
 3850244
 3850287
 3850436
 3850490
 3850515
 3851039
 3851111
 3851148
 3851189
 3851744
 3851856
 3851861
 3851912
 3852006
 3852356
 3852394
 3852669
 3852817
 3853031
 3853142
 3853229
 3853272
 3853323
 3853471
 3853503
 3853628
 3853718
 3853919
 3853938
 3853946
 3853959
 3854144
 3854149
 3854172
 3854201
 3854327
 3854348
 3854484
 3854499
 3854547
 3854563
 3854588
 3854894
 3854896
 3854921
 3855054
 3855065
 3855154
 3855247
 3855372
 3855529
 3855558
 3855637
 3855658
 3855724
 3855729
 3855777
 3856084
 3856098
 3856108
 3856251
 3856334
 3856372
 3856406
 3856473
 3856973
 3857036
 3857047
 3857121
 3857188
 3857302
 3857563
 3857610
 3857642
 3857709
 3857826
 3857896
 3858040
 3858337
 3858442
 3858497
 3858500
 3858623
 3858713
 3858718
 3858753
 3859064
 3859328
 3859337
 3859353
 3859443
 3859584
 3859662
 3859788
 3859846
 3859866
 3859953
 3860087
 3860096
 3860148
 3860156
 3860160
 3860376
 3860526
 3860818
 3860839
 3860854
 3860927
 3860992
 3861120
 3861284
 3861392
 3861592
 3861673
 3861727
 3861747
 3861837
 3861956
 3862035
 3862098
 3862111
 3862181
 3862233
 3862264
 3862365
 3862402
 3862498
 3862513
 3862582
 3862747
 3862861
 3862876
 3862919
 3862925
 3862961
 3863258
 3863335
 3863344
 3863413
 3863497
 3863741
 3863957
 3864242
 3864313
 3864352
 3864392
 3864448
 3864491
 3864711
 3864836
 3864846
 3864932
 3864954
 3865048
 3865106
 3865352
 3865709
 3865808
 3865815
 3865867
 3865894
 3865989
 3865996
 3866013
 3866074
 3866096
 3866356
 3866361
 3866431
 3866635
 3866637
 3866803
 3866818
 3866827
 3866990
 3867123
 3867125
 3867228
 3867587
 3867607
 3867619
 3867675
 3867676
 3867788
 3867828
 3867891
 3868045
 3868056
 3868109
 3868136
 3868186
 3868487
 3868655
 3868864
 3868872
 3869092
 3869103
 3869163
 3869311
 3869386
 3869486
 3869719
 3869721
 3869749
 3869773
 3869903
 3869935
 3869948
 3869965
 3870004
 3870104
 3870184
 3870312
 3870329
 3870437
 3870519
 3870832
 3870838
 3871008
 3871100
 3871180
 3871273
 3871285
 3871291
 3871344
 3871345
 3871346
 3871369
 3871571
 3871589
 3871733
 3871741
 3871805
 3871991
 3872016
 3872110
 3872158
 3872320
 3872330
 3872442
 3872461
 3872562
 3872651
 3872682
 3873119
 3873286
 3873325
 3873345
 3873367
 3873475
 3873533
 3873577
 3873975
 3874094
 3874101
 3874149
 3874381
 3874416
 3874446
 3874737
 3874740
 3874836
 3874893
 3874975
 3875081
 3875171
 3875404
 3875510
 3875512
 3875536
 3875562
 3875576
 3875598
 3875627
 3875649
 3875651
 3875664
 3875961
 3875971
 3876096
 3876119
 3876265
 3876506
 3876517
 3876534
 3876561
 3876598
 3876635
 3876665
 3876679
 3876774
 3876776
 3876834
 3876854
 3876884
 3877188
 3877230
 3877333
 3877424
 3877482
 3877738
 3877852
 3877882
 3878078
 3878178
 3878428
 3878543
 3878629
 3878732
 3878880
 3879175
 3879240
 3879336
 3879358
 3879942
 3880186
 3880215
 3880246
 3880442
 3880505
 3880518
 3880528
 3880615
 3880739
 3880796
 3880839
 3880853
 3881010
 3881121
 3881190
 3881204
 3881345
 3881394
 3881423
 3881753
 3881759
 3881944
 3881969
 3882045
 3882154
 3882341
 3882404
 3882410
 3882583
 3882600
 3882652
 3882829
 3882900
 3882911
 3882950
 3882973
 3883066
 3883091
 3883131
 3883193
 3883401
 3883413
 3883416
 3883610
 3883816
 3883921
 3884022
 3884054
 3884182
 3884192
 3884257
 3884430
 3884671
 3884692
 3884765
 3884809
 3884831
 3884922
 3885193
 3885210
 3885234
 3885237
 3885927
 3885989
 3886036
 3886040
 3886121
 3886139
 3886190
 3886305
 3886325
 3886559
 3886733
 3886765
 3886930
 3887082
 3887091
 3887107
 3887313
 3887595
 3887646
 3887667
 3887771
 3887802
 3887804
 3887979
 3888103
 3888114
 3888345
 3888387
 3888417
 3888500
 3888523
 3888588
 3888663
 3888805
 3888823
 3889111
 3889123
 3889135
 3889222
 3889422
 3889439
 3889446
 3889534
 3889569
 3889598
 3889684
 3889996
 3890034
 3890076
 3890185
 3890291
 3890334
 3890435
 3890590
 3890638
 3890641
 3890889
 3890907
 3890951
 3891050
 3891133
 3891225
 3891319
 3891351
 3891416
 3891605
 3891619
 3891646
 3891680
 3891764
 3891766
 3892031
 3892104
 3892272
 3892335
 3892440
 3892456
 3892471
 3892693
 3892703
 3892788
 3892796
 3892835
 3893187
 3893471
 3893501
 3893509
 3893793
 3893919
 3893978
 3893980
 3893983
 3894052
 3894089
 3894256
 3894261
 3894382
 3894400
 3894561
 3895016
 3895046
 3895060
 3895310
 3895643
 3895648
 3895715
 3895731
 3895798
 3895932
 3896002
 3896156
 3896186
 3896212
 3896227
 3896290
 3896303
 3896543
 3896616
 3896792
 3896815
 3896833
 3896892
 3896921
 3896930
 3897020
 3897118
 3897202
 3897230
 3897558
 3897586
 3897665
 3897735
 3897865
 3897975
 3898088
 3898220
 3898328
 3898432
 3898507
 3898699
 3898728
 3898801
 3899250
 3899287
 3899400
 3899508
 3899548
 3899634
 3899953
 3899999
 3900102
 3900539
 3900669
 3900690
 3900854
 3900942
 3901115
 3901162
 3901168
 3901205
 3901220
 3901235
 3901276
 3901587
 3901664
 3901840
 3901908
 3901948
 3902116
 3902231
 3902284
 3902467
 3902476
 3902485
 3902494
 3902528
 3902550
 3902749
 3902910
 3903130
 3903177
 3903183
 3903260
 3903278
 3903326
 3903346
 3903423
 3903434
 3903447
 3903651
 3903678
 3903847
 3903908
 3903935
 3904045
 3904126
 3904178
 3904264
 3904293
 3904509
 3904572
 3904754
 3904797
 3904852
 3904868
 3905112
 3905129
 3905351
 3905443
 3905604
 3905924
 3905941
 3905948
 3906035
 3906138
 3906272
 3906279
 3906340
 3906387
 3906457
 3906530
 3906567
 3906733
 3906776
 3906779
 3906785
 3906805
 3906891
 3906978
 3907185
 3907193
 3907322
 3907749
 3907856
 3908030
 3908466
 3908519
 3908528
 3908638
 3908673
 3908707
 3909200
 3909469
 3909776
 3909826
 3909861
 3909866
 3909881
 3910064
 3910148
 3910193
 3910261
 3910530
 3910713
 3910722
 3910725
 3910744
 3910775
 3910897
 3910940
 3910998
 3911009
 3911037
 3911221
 3911226
 3911325
 3911334
 3911452
 3911552
 3911844
 3911976
 3912273
 3912322
 3912346
 3912507
 3912515
 3912546
 3912773
 3912792
 3912807
 3912828
 3912835
 3912872
 3913148
 3913289
 3913300
 3913316
 3913319
 3913354
 3913386
 3913485
 3913510
 3913703
 3913705
 3913883
 3914014
 3914083
 3914107
 3914109
 3914120
 3914395
 3914721
 3915020
 3915024
 3915164
 3915194
 3915235
 3915300
 3915454
 3915512
 3915636
 3915755
 3915774
 3915902
 3915903
 3915991
 3916001
 3916071
 3916138
 3916169
 3916209
 3916235
 3916262
 3916566
 3916640
 3916682
 3916723
 3916740
 3916807
 3916857
 3916872
 3916891
 3916902
 3917012
 3917107
 3917215
 3917283
 3917312
 3917480
 3917560
 3917781
 3917876
 3917906
 3917966
 3918001
 3918095
 3918198
 3918205
 3918226
 3918467
 3918616
 3918671
 3918753
 3918924
 3918979
 3918993
 3919109
 3919211
 3919261
 3919284
 3919301
 3919402
 3919561
 3919575
 3919617
 3919660
 3920203
 3920298
 3920502
 3920512
 3920549
 3920571
 3920656
 3920684
 3920703
 3920714
 3920812
 3920815
 3920852
 3920957
 3920968
 3921107
 3921115
 3921128
 3921164
 3921194
 3921317
 3921477
 3921577
 3921656
 3921706
 3921892
 3921953
 3922141
 3922174
 3922199
 3922265
 3922350
 3922437
 3922486
 3922635
 3922777
 3922788
 3922871
 3922890
 3923039
 3923060
 3923077
 3923098
 3923119
 3923310
 3923314
 3923318
 3923401
 3923880
 3923894
 3923905
 3924128
 3924346
 3924393
 3924406
 3924582
 3924627
 3924714
 3924958
 3925029
 3925471
 3925537
 3925685
 3925706
 3925929
 3925956
 3926035
 3926145
 3926187
 3926217
 3926251
 3926462
 3926750
 3926790
 3927024
 3927073
 3927078
 3927394
 3927427
 3927429
 3927518
 3927650
 3927889
 3928033
 3928122
 3928123
 3928322
 3928476
 3928604
 3928662
 3928717
 3928821
 3928960
 3928996
 3929169
 3929173
 3929218
 3929288
 3929369
 3929524
 3929569
 3929581
 3929671
 3929943
 3929995
 3930050
 3930059
 3930069
 3930090
 3930105
 3930521
 3930540
 3930541
 3930595
 3930882
 3930977
 3930980
 3931291
 3931436
 3931475
 3931583
 3931788
 3932190
 3932226
 3932303
 3932326
 3932556
 3932559
 3932636
 3932653
 3932721
 3932828
 3932843
 3932889
 3933139
 3933207
 3933261
 3933463
 3933499
 3933552
 3933617
 3933909
 3934058
 3934104
 3934264
 3934299
 3934390
 3934402
 3934499
 3934544
 3934601
 3934673
 3934827
 3934943
 3935021
 3935128
 3935160
 3935195
 3935452
 3935501
 3935580
 3935633
 3935759
 3935787
 3935937
 3935989
 3935992
 3936258
 3936270
 3936271
 3936386
 3936444
 3936537
 3936718
 3936803
 3936878
 3937095
 3937323
 3937386
 3937431
 3937696
 3937814
 3938026
 3938039
 3938074
 3938143
 3938239
 3938279
 3938339
 3938412
 3938427
 3938524
 3938585
 3938661
 3938820
 3938936
 3938953
 3939160
 3939364
 3939562
 3939689
 3939793
 3940075
 3940216
 3940404
 3940471
 3940498
 3940556
 3940685
 3940946
 3941021
 3941105
 3941135
 3941155
 3941248
 3941392
 3941537
 3941674
 3941679
 3941695
 3941873
 3942122
 3942144
 3942149
 3942297
 3942301
 3942307
 3942375
 3942520
 3942525
 3942563
 3942593
 3942625
 3942716
 3942768
 3942796
 3942804
 3942870
 3943033
 3943078
 3943146
 3943278
 3943406
 3943441
 3943454
 3943505
 3943511
 3943517
 3943542
 3943592
 3943870
 3943882
 3943914
 3944049
 3944259
 3944429
 3944430
 3944446
 3944466
 3944587
 3944606
 3944759
 3944799
 3944815
 3944846
 3944944
 3944991
 3945132
 3945157
 3945183
 3945195
 3945390
 3945442
 3945531
 3945623
 3945715
 3945904
 3946087
 3946116
 3946164
 3946419
 3946758
 3946771
 3946814
 3946835
 3947044
 3947233
 3947322
 3947382
 3947417
 3947448
 3947453
 3947477
 3947575
 3947663
 3947786
 3947790
 3947815
 3947866
 3948085
 3948165
 3948173
 3948199
 3948375
 3948386
 3948403
 3948415
 3948648
 3948725
 3948869
 3948892
 3948985
 3949123
 3949178
 3949331
 3949350
 3949683
 3949704
 3949774
 3950021
 3950089
 3950155
 3950193
 3950333
 3950512
 3950660
 3950711
 3950736
 3950750
 3950752
 3950767
 3951045
 3951273
 3951331
 3951362
 3951525
 3951857
 3951862
 3951989
 3952153
 3952163
 3952167
 3952355
 3952362
 3952396
 3952782
 3952945
 3953017
 3953104
 3953121
 3953160
 3953169
 3953427
 3953459
 3953640
 3953672
 3953674
 3953841
 3954427
 3954441
 3954451
 3954492
 3954645
 3954760
 3954869
 3954922
 3954968
 3955037
 3955095
 3955361
 3955488
 3955598
 3955616
 3955625
 3955695
 3955816
 3956045
 3956057
 3956075
 3956185
 3956304
 3956446
 3956475
 3956561
 3956593
 3956794
 3956922
 3956980
 3957057
 3957132
 3957278
 3957305
 3957342
 3957584
 3957598
 3957889
 3958000
 3958068
 3958403
 3958445
 3958479
 3958507
 3958522
 3958734
 3959292
 3959377
 3959742
 3959754
 3959806
 3960174
 3960374
 3960440
 3960516
 3960628
 3960630
 3960648
 3960720
 3960733
 3960765
 3960839
 3960893
 3960899
 3961053
 3961148
 3961192
 3961282
 3961332
 3961385
 3961436
 3961644
 3961797
 3961945
 3961949
 3961985
 3962001
 3962022
 3962098
 3962150
 3962315
 3962431
 3962474
 3962604
 3962625
 3962665
 3962854
 3963015
 3963143
 3963224
 3963226
 3963267
 3963404
 3963552
 3963631
 3963683
 3963708
 3964066
 3964348
 3964443
 3964623
 3964625
 3964668
 3964738
 3964769
 3964920
 3965110
 3965161
 3965256
 3965270
 3965278
 3965392
 3965435
 3965499
 3965613
 3965661
 3965798
 3965804
 3965982
 3966011
 3966163
 3966263
 3966289
 3966488
 3966607
 3966737
 3966767
 3966790
 3966989
 3967104
 3967161
 3967806
 3967976
 3968156
 3968247
 3968540
 3968555
 3968576
 3968621
 3968639
 3968672
 3968722
 3968881
 3968884
 3968935
 3968953
 3968970
 3969279
 3969296
 3969333
 3969363
 3969457
 3969609
 3969802
 3970009
 3970143
 3970182
 3970231
 3970312
 3970405
 3970409
 3970493
 3970674
 3970675
 3970767
 3970838
 3970994
 3971174
 3971265
 3971551
 3971916
 3971969
 3972303
 3972559
 3972719
 3972840
 3972875
 3972879
 3973043
 3973084
 3973097
 3973179
 3973245
 3973272
 3973579
 3973600
 3973695
 3973723
 3973792
 3973833
 3973844
 3973961
 3973971
 3973987
 3974043
 3974179
 3974202
 3974325
 3974367
 3974421
 3974464
 3974591
 3974752
 3974843
 3975018
 3975040
 3975119
 3975153
 3975195
 3975308
 3975370
 3975418
 3975455
 3975460
 3975493
 3975610
 3975848
 3975930
 3976111
 3976136
 3976275
 3976333
 3976423
 3976596
 3976663
 3976870
 3976921
 3977000
 3977159
 3977239
 3977803
 3978043
 3978243
 3978267
 3978354
 3978389
 3978399
 3978410
 3978585
 3978798
 3979347
 3979597
 3979676
 3979687
 3979761
 3979986
 3980038
 3980153
 3980256
 3980334
 3980415
 3980497
 3980533
 3980798
 3980923
 3980978
 3980992
 3981046
 3981105
 3981158
 3981169
 3981266
 3981341
 3981392
 3981437
 3981972
 3982005
 3982052
 3982260
 3982484
 3982495
 3982703
 3982847
 3982904
 3983064
 3983127
 3983129
 3983189
 3983243
 3983244
 3983415
 3983417
 3983503
 3983547
 3983561
 3983778
 3983820
 3984140
 3984207
 3984265
 3984308
 3984400
 3984486
 3984492
 3984493
 3984618
 3984627
 3984769
 3984954
 3985222
 3985263
 3985532
 3985580
 3985955
 3986054
 3986230
 3986236
 3986309
 3986387
 3986409
 3986447
 3986469
 3986528
 3986710
 3986832
 3987097
 3987156
 3987513
 3987532
 3987605
 3987923
 3988040
 3988182
 3988251
 3988449
 3988626
 3988985
 3989078
 3989085
 3989126
 3989130
 3989196
 3989295
 3989482
 3989661
 3989696
 3989758
 3989781
 3989894
 3990005
 3990019
 3990136
 3990161
 3990182
 3990189
 3990635
 3990969
 3991156
 3991194
 3991263
 3991368
 3991607
 3991717
 3991863
 3991927
 3991956
 3991965
 3992112
 3992154
 3992219
 3992396
 3992410
 3992465
 3992578
 3992642
 3992666
 3992699
 3992935
 3993070
 3993111
 3993248
 3993377
 3993458
 3993466
 3993499
 3993641
 3993668
 3993731
 3993760
 3994022
 3994080
 3994187
 3994209
 3994257
 3994466
 3994484
 3994561
 3994774
 3994892
 3994935
 3995040
 3995106
 3995137
 3995159
 3995184
 3995276
 3995489
 3995793
 3995834
 3995938
 3996134
 3996135
 3996194
 3996201
 3996239
 3996911
 3996951
 3996980
 3997092
 3997286
 3997300
 3997405
 3997525
 3997748
 3997919
 3997921
 3998018
 3998048
 3998068
 3998139
 3998211
 3998297
 3998339
 3998373
 3998553
 3998780
 3998783
 3998870
 3998880
 3998956
 3999042
 3999121
 3999800
 3999836
 3999861
 3999878
 3999914
 3999922
 3999950
 4000055
 4000089
 4000181
 4000235
 4000548
 4000795
 4000914
 4001066
 4001293
 4001398
 4001399
 4001447
 4001483
 4001623
 4001761
 4001776
 4001926
 4002045
 4002058
 4002175
 4002519
 4002542
 4002945
 4003051
 4003054
 4003110
 4003315
 4003505
 4003536
 4003626
 4003685
 4003735
 4003755
 4003984
 4004249
 4004316
 4004428
 4004455
 4004694
 4004936
 4004958
 4005042
 4005203
 4005214
 4005240
 4005315
 4005317
 4005344
 4005415
 4005541
 4005641
 4005752
 4006014
 4006283
 4006349
 4006406
 4006632
 4006637
 4006712
 4006780
 4006804
 4006871
 4006984
 4007074
 4007206
 4007350
 4007375
 4007430
 4007452
 4007459
 4007488
 4007519
 4007572
 4007625
 4007829
 4007873
 4007897
 4007949
 4008007
 4008018
 4008111
 4008539
 4008594
 4008672
 4008689
 4008691
 4008742
 4008780
 4008897
 4009270
 4009292
 4009637
 4009846
 4009871
 4009887
 4009954
 4010174
 4010239
 4010263
 4010299
 4010308
 4010697
 4010776
 4010856
 4010942
 4010950
 4010987
 4011065
 4011274
 4011511
 4011555
 4011599
 4011685
 4011775
 4011844
 4011850
 4011858
 4011935
 4012181
 4012423
 4012510
 4012627
 4012824
 4012930
 4013049
 4013066
 4013096
 4013143
 4013151
 4013233
 4013285
 4013335
 4013360
 4013485
 4013805
 4013823
 4013875
 4013895
 4014114
 4014129
 4014299
 4014310
 4014382
 4014430
 4014514
 4014835
 4014971
 4015087
 4015192
 4015248
 4015294
 4015520
 4015573
 4015589
 4015922
 4016131
 4016236
 4016406
 4016483
 4016622
 4016650
 4016703
 4016776
 4016786
 4016826
 4016871
 4016896
 4017053
 4017177
 4017380
 4017731
 4017866
 4017872
 4017924
 4017970
 4018076
 4018098
 4018149
 4018329
 4018351
 4018370
 4018377
 4018752
 4018906
 4018960
 4018967
 4019128
 4019372
 4019380
 4019455
 4019557
 4019643
 4019657
 4019712
 4019808
 4020263
 4020283
 4020384
 4020723
 4020940
 4020949
 4021270
 4021321
 4021347
 4021447
 4021582
 4021596
 4021639
 4021720
 4021859
 4022132
 4022224
 4022227
 4022259
 4022449
 4022454
 4022518
 4022597
 4022670
 4022854
 4023188
 4023218
 4023276
 4023388
 4023503
 4023603
 4023855
 4023863
 4023865
 4023933
 4023940
 4023960
 4024052
 4024106
 4024217
 4024307
 4024461
 4024483
 4024532
 4024588
 4024714
 4024846
 4024859
 4024982
 4025083
 4025179
 4025289
 4025325
 4025434
 4025521
 4025552
 4025758
 4025850
 4026128
 4026213
 4026324
 4026535
 4026642
 4026699
 4026728
 4026738
 4026756
 4026837
 4027078
 4027205
 4027377
 4027383
 4027414
 4027501
 4027622
 4027729
 4027930
 4027960
 4028064
 4028211
 4028228
 4028301
 4028406
 4028521
 4028525
 4028610
 4028715
 4028810
 4028866
 4028876
 4029054
 4029182
 4029317
 4029392
 4029399
 4029474
 4029617
 4029686
 4029743
 4029867
 4029883
 4029918
 4030107
 4030115
 4030323
 4030412
 4030628
 4030837
 4030921
 4031324
 4031404
 4031483
 4031559
 4031590
 4031756
 4031834
 4032127
 4032199
 4032367
 4032422
 4032473
 4032594
 4032734
 4032746
 4032895
 4032906
 4033010
 4033235
 4033317
 4033320
 4033608
 4033989
 4034007
 4034140
 4034168
 4034192
 4034399
 4034587
 4034599
 4035004
 4035145
 4035169
 4035237
 4035326
 4035352
 4035445
 4035520
 4035530
 4035560
 4035762
 4035801
 4035851
 4035860
 4035922
 4035931
 4036121
 4036186
 4036221
 4036329
 4036387
 4036667
 4036703
 4036929
 4036968
 4036998
 4037174
 4037432
 4037537
 4037560
 4037603
 4037611
 4037634
 4037792
 4037821
 4038045
 4038077
 4038156
 4038179
 4038288
 4038337
 4038568
 4038572
 4038577
 4038625
 4038635
 4038668
 4038720
 4039164
 4039200
 4039245
 4039467
 4039511
 4039512
 4039625
 4039631
 4039726
 4039753
 4039780
 4039924
 4040104
 4040220
 4040231
 4040241
 4040313
 4040320
 4040431
 4040443
 4040506
 4041078
 4041079
 4041384
 4041659
 4041713
 4041734
 4041797
 4041843
 4041870
 4041923
 4042017
 4042218
 4042321
 4042331
 4042386
 4042518
 4042713
 4042900
 4043063
 4043066
 4043103
 4043109
 4043132
 4043144
 4043179
 4043182
 4043247
 4043289
 4043397
 4043562
 4043626
 4043667
 4043754
 4043763
 4043940
 4043989
 4044032
 4044222
 4044447
 4044457
 4044458
 4044476
 4044577
 4044672
 4044866
 4044876
 4044915
 4045060
 4045094
 4045130
 4045177
 4045261
 4045602
 4045609
 4045642
 4045748
 4045799
 4045801
 4045863
 4045873
 4045928
 4045990
 4046093
 4046198
 4046420
 4046707
 4046754
 4046809
 4046894
 4047179
 4047238
 4047280
 4047296
 4047323
 4047486
 4047558
 4047609
 4047640
 4047740
 4048129
 4048392
 4048478
 4048497
 4048652
 4048657
 4048782
 4048922
 4048973
 4049244
 4049319
 4049385
 4049402
 4049639
 4049666
 4049723
 4049797
 4049832
 4049833
 4049845
 4049889
 4049914
 4049924
 4050046
 4050068
 4050117
 4050164
 4050251
 4050351
 4050415
 4050694
 4050735
 4050884
 4050898
 4050925
 4051020
 4051035
 4051057
 4051058
 4051264
 4051291
 4051404
 4051410
 4051477
 4051805
 4051862
 4051895
 4051981
 4052073
 4052085
 4052305
 4052437
 4052595
 4052604
 4052623
 4052777
 4052859
 4053079
 4053097
 4053151
 4053182
 4053306
 4053575
 4053614
 4053642
 4053711
 4053872
 4053968
 4054025
 4054056
 4054167
 4054213
 4054626
 4054736
 4054812
 4054870
 4054871
 4054872
 4054982
 4055134
 4055208
 4055245
 4055296
 4055383
 4055407
 4055465
 4055519
 4055754
 4055858
 4055886
 4055985
 4056023
 4056025
 4056047
 4056303
 4056375
 4056622
 4056641
 4056863
 4056898
 4057150
 4057545
 4057652
 4057814
 4057989
 4058034
 4058070
 4058316
 4058411
 4058557
 4058922
 4058956
 4059175
 4059227
 4059242
 4059519
 4059683
 4059718
 4059728
 4059796
 4059807
 4060097
 4060157
 4060179
 4060199
 4060314
 4060769
 4060847
 4060938
 4061046
 4061142
 4061229
 4061238
 4061249
 4061320
 4061494
 4061536
 4061540
 4061596
 4061609
 4061802
 4061934
 4061947
 4061974
 4062287
 4062479
 4062548
 4062584
 4062736
 4062775
 4062836
 4062874
 4062877
 4062998
 4063291
 4063351
 4063718
 4063745
 4063986
 4064042
 4064097
 4064447
 4064531
 4064598
 4064779
 4064820
 4064849
 4064891
 4064909
 4065159
 4065218
 4065272
 4065399
 4065442
 4065458
 4065533
 4065650
 4065741
 4065777
 4065899
 4066252
 4066271
 4066354
 4066385
 4066489
 4066517
 4066651
 4066948
 4067167
 4067222
 4067275
 4067312
 4067376
 4067537
 4067583
 4067668
 4067771
 4067783
 4067887
 4068000
 4068135
 4068159
 4068337
 4068395
 4068428
 4068449
 4068458
 4068729
 4068813
 4069002
 4069076
 4069194
 4069419
 4069451
 4069554
 4069597
 4069603
 4069751
 4069799
 4069832
 4069982
 4069988
 4070042
 4070271
 4070469
 4070514
 4070542
 4070624
 4070710
 4070737
 4070775
 4070808
 4070888
 4070917
 4070952
 4070962
 4071143
 4071237
 4071354
 4071455
 4071519
 4071539
 4071544
 4071596
 4071606
 4071663
 4071688
 4071784
 4071883
 4071936
 4072103
 4072447
 4072526
 4072542
 4072788
 4073186
 4073197
 4073236
 4073321
 4073353
 4073456
 4073748
 4073870
 4074416
 4074460
 4074546
 4074552
 4074557
 4074640
 4074708
 4074803
 4074920
 4074922
 4075005
 4075097
 4075125
 4075213
 4075221
 4075262
 4075411
 4075670
 4075765
 4075885
 4076186
 4076212
 4076253
 4076454
 4076478
 4076673
 4076829
 4076844
 4076886
 4076914
 4076924
 4076929
 4077102
 4077167
 4077312
 4077374
 4077397
 4077508
 4077659
 4077678
 4077831
 4077890
 4077952
 4078014
 4078145
 4078164
 4078338
 4078393
 4078473
 4078485
 4078500
 4078516
 4078557
 4078596
 4078887
 4078894
 4078906
 4078912
 4078947
 4079387
 4079642
 4079908
 4080129
 4080138
 4080282
 4080454
 4080540
 4080633
 4080851
 4080990
 4081229
 4081242
 4081282
 4081352
 4081389
 4081404
 4081611
 4081659
 4081778
 4081788
 4081887
 4081898
 4081970
 4082070
 4082679
 4082713
 4082715
 4083002
 4083112
 4083116
 4083117
 4083245
 4083446
 4083525
 4083532
 4083570
 4083830
 4083889
 4084216
 4084559
 4084703
 4084737
 4084777
 4084784
 4084800
 4084988
 4085112
 4085362
 4085745
 4085952
 4085993
 4086082
 4086101
 4086235
 4086360
 4086428
 4086473
 4086757
 4086764
 4086868
 4087065
 4087157
 4087243
 4087261
 4087273
 4087616
 4087760
 4087907
 4087917
 4088088
 4088096
 4088221
 4088531
 4088542
 4088649
 4088770
 4089018
 4089128
 4089134
 4089292
 4089313
 4089319
 4089331
 4089353
 4089557
 4089660
 4089713
 4089974
 4089991
 4090227
 4090303
 4090454
 4090586
 4090689
 4090846
 4090854
 4090885
 4091306
 4091315
 4091392
 4091430
 4091463
 4091626
 4091668
 4091694
 4092137
 4092195
 4092232
 4092265
 4092280
 4092433
 4092541
 4092670
 4092699
 4092758
 4092933
 4092944
 4093242
 4093255
 4093277
 4093285
 4093317
 4093321
 4093325
 4093346
 4093604
 4093714
 4093819
 4094008
 4094152
 4094404
 4094639
 4094841
 4094851
 4094999
 4095027
 4095056
 4095166
 4095407
 4095422
 4095538
 4095621
 4095635
 4095792
 4095867
 4095976
 4095987
 4096097
 4096376
 4096568
 4096811
 4096848
 4096853
 4096934
 4096979
 4097142
 4097180
 4097185
 4097229
 4097441
 4097696
 4097756
 4097804
 4097991
 4098085
 4098092
 4098112
 4098298
 4098427
 4098689
 4098782
 4098843
 4098845
 4098889
 4099010
 4099341
 4099532
 4099546
 4099784
 4099790
 4099808
 4099822
 4099884
 4099941
 4099999
 4100033
 4100332
 4100350
 4100447
 4100508
 4100519
 4100554
 4100595
 4100653
 4100658
 4100692
 4100835
 4101152
 4101263
 4101400
 4101433
 4101534
 4101550
 4101584
 4101616
 4101781
 4101937
 4101946
 4102109
 4102171
 4102174
 4102285
 4102593
 4102618
 4102777
 4102951
 4102955
 4102963
 4102975
 4103104
 4103309
 4103602
 4103830
 4103833
 4103941
 4104163
 4104331
 4104369
 4104379
 4104389
 4104616
 4104618
 4104650
 4104659
 4104711
 4104931
 4105019
 4105156
 4105190
 4105268
 4105295
 4105415
 4105456
 4105750
 4105831
 4105861
 4106033
 4106353
 4106392
 4106425
 4106637
 4106669
 4106712
 4106748
 4106765
 4106835
 4106902
 4107173
 4107382
 4107648
 4107750
 4107903
 4108001
 4108438
 4108454
 4108542
 4108736
 4108859
 4108894
 4108947
 4108991
 4109208
 4109262
 4109519
 4109602
 4109603
 4109668
 4109729
 4109790
 4109930
 4109955
 4110233
 4110249
 4110326
 4110649
 4110681
 4110687
 4110989
 4111073
 4111130
 4111154
 4111359
 4111511
 4111520
 4111680
 4111953
 4112360
 4112397
 4112816
 4112977
 4113014
 4113264
 4113449
 4113453
 4113681
 4113738
 4113779
 4113878
 4114129
 4114161
 4114274
 4114376
 4114411
 4114516
 4114535
 4114632
 4114660
 4114710
 4114920
 4115091
 4115104
 4115207
 4115220
 4115604
 4115706
 4115723
 4115733
 4115749
 4115904
 4116140
 4116241
 4116580
 4116659
 4116680
 4116718
 4116825
 4116905
 4116935
 4116989
 4117131
 4117276
 4117463
 4117698
 4117945
 4118110
 4118393
 4118437
 4118883
 4119002
 4119206
 4119244
 4119332
 4119366
 4119484
 4119543
 4119587
 4119654
 4119835
 4119933
 4120055
 4120166
 4120255
 4120337
 4120739
 4120831
 4120979
 4121050
 4121115
 4121210
 4121264
 4121278
 4121298
 4121391
 4121563
 4121724
 4121791
 4122010
 4122188
 4122424
 4122482
 4122608
 4122750
 4122798
 4122801
 4122865
 4122958
 4122974
 4122999
 4123009
 4123032
 4123039
 4123073
 4123096
 4123111
 4123150
 4123540
 4123806
 4123843
 4123867
 4124046
 4124169
 4124683
 4124818
 4125011
 4125016
 4125084
 4125146
 4125156
 4125382
 4125445
 4125455
 4125589
 4125647
 4125794
 4125845
 4126049
 4126184
 4126230
 4126301
 4126326
 4126428
 4126456
 4126469
 4126735
 4127005
 4127076
 4127097
 4127273
 4127365
 4127468
 4127480
 4127522
 4127612
 4127696
 4127758
 4127867
 4127882
 4128050
 4128153
 4128240
 4128286
 4128562
 4128565
 4128804
 4129008
 4129235
 4129260
 4129321
 4129328
 4129357
 4129426
 4129482
 4129579
 4129759
 4129779
 4129896
 4130006
 4130017
 4130051
 4130087
 4130164
 4130302
 4130341
 4130386
 4130622
 4130627
 4130753
 4130782
 4130786
 4130927
 4130929
 4131177
 4131272
 4131352
 4131448
 4131817
 4131829
 4131830
 4131963
 4132057
 4132114
 4132304
 4132308
 4132453
 4132461
 4132534
 4132546
 4132584
 4132765
 4132796
 4132822
 4133066
 4133146
 4133583
 4133736
 4133884
 4133940
 4134133
 4134171
 4134463
 4134497
 4134897
 4135127
 4135150
 4135186
 4135356
 4135418
 4135482
 4135559
 4135560
 4135643
 4135659
 4135668
 4135779
 4135780
 4135962
 4136077
 4136143
 4136272
 4136377
 4136597
 4136620
 4136712
 4136841
 4137241
 4137338
 4137404
 4137445
 4137477
 4137561
 4137562
 4137618
 4137695
 4138087
 4138192
 4138605
 4138610
 4138723
 4138811
 4138853
 4139170
 4139218
 4139282
 4139283
 4139580
 4139602
 4139619
 4139722
 4139959
 4139960
 4139973
 4140029
 4140043
 4140126
 4140180
 4140245
 4140249
 4140262
 4140384
 4140399
 4140764
 4141023
 4141190
 4141248
 4141423
 4141501
 4141611
 4141618
 4141630
 4141694
 4141708
 4141832
 4141840
 4141983
 4142038
 4142073
 4142100
 4142120
 4142268
 4142332
 4142391
 4142398
 4142408
 4142445
 4142795
 4142980
 4142995
 4143164
 4143214
 4143458
 4143683
 4143695
 4143756
 4144094
 4144169
 4144275
 4144367
 4144388
 4144408
 4144414
 4144423
 4144574
 4144715
 4144722
 4144852
 4144868
 4144904
 4144909
 4144955
 4145021
 4145271
 4145296
 4145305
 4145367
 4145377
 4145427
 4145542
 4145607
 4145636
 4145637
 4145661
 4145698
 4145768
 4145771
 4145933
 4146021
 4146054
 4146138
 4146312
 4146369
 4146453
 4146473
 4147127
 4147130
 4147192
 4147286
 4147304
 4147337
 4147560
 4147713
 4147716
 4147724
 4147775
 4148170
 4148194
 4148273
 4148378
 4148401
 4148522
 4148585
 4148749
 4148759
 4149015
 4149116
 4149155
 4149297
 4149386
 4149533
 4149632
 4149664
 4149954
 4150128
 4150349
 4150355
 4150362
 4150416
 4150482
 4150531
 4150637
 4150834
 4150952
 4151080
 4151104
 4151133
 4151246
 4151292
 4151370
 4151418
 4151572
 4151603
 4151847
 4152304
 4152315
 4152362
 4152552
 4152572
 4152617
 4152745
 4152802
 4152808
 4152870
 4152969
 4153001
 4153202
 4153371
 4153466
 4153538
 4153775
 4153795
 4153813
 4153836
 4153868
 4153984
 4154070
 4154103
 4154110
 4154139
 4154226
 4154279
 4154328
 4154403
 4154434
 4154546
 4154634
 4154635
 4154727
 4154791
 4154838
 4154999
 4155030
 4155076
 4155082
 4155102
 4155315
 4155473
 4155512
 4155631
 4156069
 4156126
 4156216
 4156227
 4156320
 4156393
 4156417
 4156428
 4156551
 4156630
 4156702
 4156727
 4156828
 4157017
 4157108
 4157237
 4157319
 4157695
 4157788
 4157852
 4157878
 4157879
 4158023
 4158099
 4158109
 4158445
 4158512
 4158652
 4158699
 4158795
 4158828
 4158880
 4158923
 4159149
 4159356
 4159444
 4159572
 4159587
 4159605
 4159693
 4159699
 4159700
 4159754
 4160000
 4160044
 4160103
 4160120
 4160222
 4160232
 4160302
 4160640
 4160748
 4160942
 4160982
 4161042
 4161071
 4161099
 4161125
 4161222
 4161471
 4161527
 4161568
 4161594
 4161632
 4161925
 4162074
 4162199
 4162219
 4162437
 4162523
 4162622
 4162732
 4162881
 4163261
 4163359
 4163395
 4163588
 4163602
 4163713
 4163716
 4163760
 4163890
 4164351
 4164711
 4165097
 4165235
 4165546
 4165566
 4165763
 4165892
 4165955
 4165989
 4166086
 4166137
 4166181
 4166212
 4166213
 4166325
 4166407
 4166503
 4166656
 4166817
 4166971
 4167063
 4167072
 4167076
 4167201
 4167278
 4167285
 4167301
 4167309
 4167332
 4167370
 4167417
 4167541
 4167571
 4167619
 4167871
 4167964
 4167978
 4168105
 4168328
 4168559
 4168567
 4168603
 4169046
 4169163
 4169211
 4169245
 4169270
 4169387
 4169610
 4169623
 4169655
 4169826
 4169891
 4170017
 4170054
 4170364
 4170417
 4170436
 4170740
 4170818
 4170875
 4170945
 4171130
 4171179
 4171237
 4171274
 4171300
 4171449
 4171582
 4171723
 4171747
 4171763
 4171821
 4171864
 4171903
 4171935
 4171983
 4171986
 4172024
 4172214
 4172469
 4172542
 4172590
 4172629
 4172778
 4172792
 4172900
 4172950
 4173066
 4173142
 4173242
 4173295
 4173301
 4173317
 4173321
 4173430
 4173496
 4173524
 4173552
 4173901
 4174030
 4174421
 4174433
 4174735
 4174973
 4175156
 4175197
 4175226
 4175242
 4175250
 4175357
 4175413
 4175511
 4175641
 4175673
 4175770
 4175833
 4175951
 4176012
 4176341
 4176378
 4176390
 4176468
 4176543
 4176627
 4176698
 4176743
 4176933
 4177181
 4177374
 4177403
 4177447
 4177918
 4178120
 4178132
 4178246
 4178369
 4178531
 4178579
 4178605
 4178638
 4178655
 4178691
 4178812
 4179029
 4179148
 4179154
 4179520
 4179526
 4179724
 4179781
 4179938
 4180119
 4180193
 4180322
 4180395
 4180397
 4180418
 4180523
 4180525
 4180617
 4180710
 4180715
 4180735
 4180754
 4180762
 4180944
 4180983
 4180998
 4181002
 4181058
 4181085
 4181112
 4181115
 4181156
 4181163
 4181216
 4181403
 4181465
 4181481
 4181746
 4181845
 4182150
 4182272
 4182314
 4182323
 4182329
 4182337
 4182460
 4182489
 4182612
 4182732
 4182800
 4182897
 4182915
 4183097
 4183295
 4183326
 4183342
 4183351
 4183636
 4183651
 4183750
 4183752
 4183842
 4183890
 4183901
 4183928
 4184046
 4184097
 4184338
 4184577
 4184593
 4184634
 4184751
 4184864
 4184898
 4184997
 4185058
 4185119
 4185227
 4185344
 4185407
 4185430
 4185537
 4185609
 4185655
 4185950
 4185961
 4186005
 4186085
 4186229
 4186334
 4186337
 4186421
 4186488
 4186557
 4186613
 4186646
 4186665
 4186680
 4186823
 4186891
 4186903
 4186990
 4187271
 4187283
 4187296
 4187300
 4187362
 4187371
 4187373
 4187471
 4187732
 4187776
 4187881
 4187917
 4187982
 4187999
 4188010
 4188020
 4188263
 4188378
 4188435
 4188473
 4188692
 4188707
 4188728
 4188749
 4188782
 4188855
 4188890
 4188902
 4188985
 4189399
 4189712
 4189803
 4189829
 4189989
 4190021
 4190103
 4190206
 4190232
 4190244
 4190301
 4190448
 4190454
 4190801
 4190900
 4190937
 4190991
 4191180
 4191259
 4191458
 4191592
 4191768
 4191823
 4191836
 4192075
 4192153
 4192159
 4192261
 4192340
 4192437
 4192597
 4192763
 4192815
 4192885
 4192968
 4192976
 4193239
 4193317
 4193464
 4193495
 4193505
 4193638
 4193736
 4193747
 4193753
 4193866
 4193928
 4193991
 4194053
 4194255
 4194308
 4194618
 4194712
 4194746
 4194943
 4195276
 4195346
 4195469
 4195775
 4195925
 4195938
 4196163
 4196369
 4196385
 4196498
 4196537
 4196585
 4196697
 4196798
 4196887
 4196949
 4196986
 4197031
 4197055
 4197066
 4197077
 4197136
 4197479
 4197542
 4197609
 4197771
 4197776
 4197812
 4197821
 4197859
 4198053
 4198069
 4198248
 4198385
 4198424
 4198540
 4198876
 4198986
 4199047
 4199050
 4199119
 4199136
 4199227
 4199302
 4199307
 4199410
 4199441
 4199517
 4199536
 4199551
 4199569
 4199609
 4199636
 4199751
 4199931
 4199961
 4199982
 4199983
 4200082
 4200353
 4200614
 4200644
 4200792
 4200963
 4201039
 4201168
 4201216
 4201418
 4201608
 4201611
 4201625
 4201634
 4201635
 4201776
 4201861
 4202121
 4202227
 4202244
 4202280
 4202308
 4202450
 4202521
 4202525
 4202708
 4202947
 4203029
 4203178
 4203450
 4203456
 4203459
 4203589
 4203842
 4203870
 4204717
 4205102
 4205113
 4205150
 4205186
 4205376
 4205388
 4205392
 4205440
 4205468
 4205480
 4205527
 4205533
 4205565
 4205568
 4205741
 4205747
 4205931
 4206168
 4206216
 4206247
 4206253
 4206258
 4206309
 4206318
 4206389
 4206552
 4206657
 4206679
 4206770
 4206780
 4206907
 4207027
 4207050
 4207129
 4207169
 4207205
 4207243
 4207362
 4207533
 4207721
 4207764
 4207828
 4207896
 4208104
 4208177
 4208269
 4208468
 4208493
 4208518
 4208587
 4208694
 4208972
 4209040
 4209210
 4209403
 4209410
 4209851
 4209865
 4210010
 4210303
 4210622
 4210658
 4210727
 4210749
 4210771
 4211008
 4211036
 4211091
 4211149
 4211373
 4211433
 4211588
 4211659
 4211923
 4212083
 4212160
 4212211
 4212504
 4212734
 4212735
 4212977
 4213027
 4213049
 4213059
 4213175
 4213242
 4213298
 4213310
 4213385
 4213432
 4213459
 4213637
 4213719
 4213769
 4213775
 4213820
 4213854
 4213898
 4213983
 4214010
 4214014
 4214358
 4214384
 4214415
 4214489
 4214564
 4214681
 4214741
 4214754
 4214848
 4214979
 4215004
 4215045
 4215194
 4215280
 4215321
 4215381
 4215554
 4215625
 4215919
 4215984
 4216162
 4216227
 4216311
 4216319
 4216411
 4216429
 4216610
 4216678
 4217103
 4217130
 4217143
 4217218
 4217324
 4217354
 4217370
 4217455
 4217489
 4217684
 4217685
 4217870
 4218021
 4218360
 4218490
 4218742
 4218763
 4218780
 4219005
 4219020
 4219042
 4219072
 4219222
 4219368
 4219574
 4219814
 4219869
 4220123
 4220125
 4220243
 4220257
 4220338
 4220411
 4220486
 4220628
 4220676
 4220752
 4220925
 4220928
 4220932
 4220993
 4221022
 4221327
 4221547
 4221666
 4221793
 4221819
 4221886
 4221892
 4221937
 4222069
 4222098
 4222155
 4222257
 4222265
 4222629
 4222759
 4222839
 4222902
 4222996
 4223035
 4223255
 4223310
 4223463
 4223478
 4223491
 4223581
 4223632
 4223698
 4223730
 4223732
 4223780
 4223783
 4223798
 4223852
 4223951
 4224117
 4224119
 4224150
 4224165
 4224183
 4224432
 4224439
 4224464
 4224550
 4224830
 4224842
 4224852
 4224856
 4224982
 4225162
 4225213
 4225364
 4225378
 4225414
 4225474
 4226001
 4226026
 4226031
 4226060
 4226078
 4226128
 4226286
 4226296
 4226370
 4226387
 4226480
 4226520
 4226606
 4226672
 4226682
 4226801
 4226845
 4226927
 4227221
 4227341
 4227577
 4227586
 4227675
 4227701
 4227760
 4228028
 4228101
 4228281
 4228386
 4228401
 4228440
 4228456
 4228604
 4228800
 4228891
 4229056
 4229206
 4229259
 4229489
 4229550
 4229640
 4229660
 4229754
 4229810
 4229968
 4230116
 4230310
 4230340
 4230518
 4230594
 4230674
 4231018
 4231070
 4231106
 4231117
 4231121
 4231181
 4231252
 4231321
 4231374
 4231441
 4231695
 4231703
 4231851
 4231863
 4231900
 4231950
 4231975
 4232058
 4232199
 4232368
 4232523
 4232826
 4232986
 4233003
 4233050
 4233122
 4233123
 4233165
 4233271
 4233297
 4233318
 4233319
 4233689
 4233923
 4234043
 4234195
 4234333
 4234368
 4234383
 4234484
 4234701
 4234709
 4234749
 4234936
 4234947
 4234952
 4235024
 4235082
 4235224
 4235324
 4235465
 4235533
 4235767
 4235905
 4236024
 4236082
 4236157
 4236277
 4236282
 4236421
 4236458
 4236495
 4236540
 4236750
 4236888
 4237012
 4237032
 4237086
 4237298
 4237399
 4237555
 4237664
 4237767
 4237972
 4238111
 4238215
 4238313
 4238374
 4238457
 4238690
 4239018
 4239053
 4239166
 4239187
 4239193
 4239287
 4239399
 4239535
 4239655
 4239805
 4239873
 4239894
 4240035
 4240192
 4240224
 4240291
 4240311
 4240360
 4240423
 4240526
 4240676
 4240724
 4240727
 4240915
 4241280
 4241346
 4241451
 4241867
 4242072
 4242336
 4242382
 4242428
 4242494
 4242498
 4242744
 4242792
 4243031
 4243073
 4243172
 4243537
 4243726
 4243858
 4243871
 4243951
 4243993
 4244081
 4244104
 4244162
 4244544
 4244782
 4245009
 4245040
 4245129
 4245256
 4245364
 4245368
 4245462
 4245485
 4245549
 4245668
 4245682
 4245714
 4245729
 4245792
 4245794
 4246004
 4246008
 4246050
 4246168
 4246221
 4246341
 4246524
 4246619
 4246720
 4246735
 4246880
 4246923
 4247011
 4247217
 4247361
 4247362
 4247383
 4247482
 4247496
 4247535
 4247630
 4247637
 4247727
 4247885
 4247899
 4247923
 4248363
 4248411
 4248569
 4248644
 4248681
 4248692
 4248919
 4249128
 4249272
 4249333
 4249480
 4249559
 4249619
 4249730
 4249736
 4249818
 4250074
 4250214
 4250426
 4250444
 4250512
 4250607
 4250625
 4250679
 4250755
 4250765
 4250907
 4251129
 4251303
 4251556
 4251743
 4251984
 4252320
 4252496
 4252529
 4252670
 4252698
 4252771
 4252870
 4252947
 4252954
 4253024
 4253045
 4253098
 4253447
 4253556
 4253792
 4253823
 4254582
 4254620
 4254640
 4254652
 4254796
 4254989
 4255124
 4255318
 4255421
 4255468
 4255529
 4255534
 4255633
 4255676
 4255692
 4255712
 4255944
 4256001
 4256109
 4256130
 4256137
 4256266
 4256360
 4256428
 4256451
 4256567
 4256605
 4256724
 4256798
 4256810
 4256895
 4257004
 4257051
 4257222
 4257268
 4257336
 4257514
 4257591
 4257677
 4257807
 4257923
 4258239
 4258265
 4258710
 4258745
 4258783
 4258892
 4258917
 4258940
 4259203
 4259268
 4259291
 4259390
 4259401
 4259466
 4259558
 4259758
 4259877
 4259972
 4260122
 4260228
 4260270
 4260543
 4260639
 4260651
 4260816
 4260819
 4260866
 4260896
 4261005
 4261232
 4261258
 4261307
 4261343
 4261346
 4261353
 4261397
 4261547
 4262030
 4262172
 4262281
 4262312
 4262380
 4262579
 4262634
 4262639
 4262731
 4262733
 4262738
 4262855
 4262943
 4262962
 4263249
 4263250
 4263281
 4263342
 4263439
 4263616
 4263744
 4263768
 4263792
 4263830
 4263852
 4264014
 4264025
 4264078
 4264145
 4264190
 4264318
 4264373
 4264425
 4264482
 4264603
 4264696
 4264709
 4264819
 4265122
 4265150
 4265351
 4265407
 4265605
 4265979
 4265991
 4266024
 4266098
 4266208
 4266288
 4266430
 4266445
 4266474
 4266551
 4266589
 4266668
 4266689
 4266745
 4266835
 4266854
 4266862
 4266927
 4266930
 4267035
 4267098
 4267127
 4267252
 4267265
 4267408
 4267502
 4267514
 4267646
 4267720
 4267735
 4267783
 4267799
 4267841
 4267864
 4267872
 4267998
 4268084
 4268188
 4268290
 4268418
 4268526
 4268542
 4268586
 4268671
 4268789
 4268817
 4268856
 4268970
 4269015
 4269087
 4269129
 4269260
 4269467
 4269564
 4269577
 4269803
 4269916
 4269918
 4270016
 4270083
 4270096
 4270164
 4270262
 4270445
 4270588
 4270618
 4270637
 4270755
 4270890
 4271043
 4271209
 4271212
 4271228
 4271252
 4271310
 4271357
 4271637
 4271650
 4271662
 4271685
 4271711
 4271733
 4271768
 4271778
 4271843
 4271862
 4271918
 4272306
 4272446
 4272458
 4272500
 4272754
 4272948
 4272954
 4273049
 4273161
 4273244
 4273398
 4273416
 4273454
 4273475
 4273647
 4274234
 4274341
 4274345
 4274385
 4274401
 4274838
 4274955
 4275126
 4275147
 4275423
 4275472
 4275473
 4275619
 4275702
 4275768
 4275780
 4275784
 4275879
 4275911
 4275942
 4275949
 4276051
 4276228
 4276257
 4276356
 4276422
 4276567
 4276618
 4276621
 4276626
 4276709
 4276734
 4276745
 4276770
 4276909
 4277058
 4277143
 4277195
 4277208
 4277310
 4277409
 4277470
 4277766
 4277863
 4278435
 4278617
 4278688
 4278714
 4278742
 4278777
 4278787
 4278808
 4278890
 4279249
 4279319
 4279462
 4279728
 4279787
 4279870
 4279906
 4279931
 4279981
 4280048
 4280110
 4280180
 4280270
 4280286
 4280338
 4280363
 4280373
 4280435
 4280541
 4280712
 4280713
 4280728
 4280779
 4280784
 4280859
 4281209
 4281275
 4281331
 4281468
 4281580
 4281609
 4281814
 4281838
 4282045
 4282096
 4282305
 4282515
 4282566
 4282571
 4282726
 4282838
 4282874
 4283039
 4283110
 4283281
 4283323
 4283361
 4283412
 4283478
 4283500
 4283599
 4283655
 4283755
 4283767
 4283844
 4283936
 4284033
 4284048
 4284487
 4284564
 4284802
 4285279
 4285303
 4285408
 4285731
 4285752
 4285830
 4286075
 4286201
 4286222
 4286225
 4286263
 4286414
 4286419
 4286521
 4286804
 4286851
 4286924
 4287171
 4287183
 4287212
 4287387
 4287467
 4287487
 4287608
 4287659
 4287787
 4287802
 4287875
 4288061
 4288332
 4288588
 4288593
 4288627
 4288936
 4288956
 4289048
 4289123
 4289155
 4289281
 4289285
 4289315
 4289320
 4289365
 4289372
 4289539
 4289648
 4289705
 4289721
 4289825
 4290221
 4290295
 4290352
 4290446
 4290532
 4290550
 4290596
 4290631
 4290760
 4290897
 4290974
 4291029
 4291085
 4291117
 4291219
 4291239
 4291322
 4291404
 4291414
 4291456
 4291535
 4291640
 4291653
 4291956
 4292188
 4292389
 4292503
 4292595
 4292618
 4292689
 4292696
 4292777
 4292965
 4293047
 4293123
 4293125
 4293142
 4293284
 4293325
 4293532
 4293630
 4293817
 4293856
 4293953
 4294221
 4294259
 4294535
 4294584
 4294646
 4294673
 4294870
 4294979
 4295030
 4295216
 4295245
 4295355
 4295455
 4295516
 4295702
 4295827
 4295831
 4295878
 4296026
 4296093
 4296218
 4296257
 4296435
 4296660
 4296915
 4296943
 4296949
 4296955
 4297057
 4297094
 4297251
 4297273
 4297293
 4297504
 4297506
 4297617
 4297684
 4297757
 4297786
 4297813
 4297891
 4297980
 4298080
 4298169
 4298272
 4298276
 4298496
 4298587
 4298589
 4298727
 4298758
 4298953
 4299307
 4299405
 4299583
 4300026
 4300082
 4300239
 4300251
 4300272
 4300407
 4300418
 4300455
 4300489
 4300588
 4300623
 4300651
 4300678
 4300779
 4300833
 4300940
 4301085
 4301147
 4301313
 4301327
 4301395
 4301468
 4301609
 4301642
 4301655
 4301898
 4301963
 4302115
 4302132
 4302135
 4302400
 4302491
 4302528
 4302614
 4302712
 4302744
 4302816
 4303032
 4303063
 4303190
 4303311
 4303312
 4303369
 4303437
 4303558
 4303596
 4303611
 4303648
 4303673
 4303799
 4303866
 4303977
 4304031
 4304033
 4304092
 4304370
 4304495
 4304591
 4304752
 4304845
 4304877
 4304887
 4304888
 4305247
 4305269
 4305483
 4305505
 4305507
 4305563
 4305713
 4305915
 4305966
 4306097
 4306168
 4306359
 4306469
 4306943
 4306979
 4307022
 4307506
 4307569
 4307578
 4307589
 4307688
 4307734
 4307804
 4307873
 4307981
 4308148
 4308159
 4308272
 4308306
 4308375
 4308415
 4308499
 4308514
 4308593
 4308819
 4308954
 4308998
 4309178
 4309198
 4309200
 4309321
 4309510
 4309544
 4309557
 4309614
 4309632
 4309744
 4309755
 4310036
 4310248
 4310263
 4310274
 4310394
 4310453
 4310547
 4310586
 4310704
 4310979
 4311074
 4311613
 4311646
 4311855
 4311916
 4312287
 4312462
 4312577
 4312650
 4312756
 4312790
 4312925
 4312955
 4312963
 4313243
 4313256
 4313293
 4313296
 4313511
 4313670
 4313851
 4313878
 4313907
 4314358
 4314415
 4314463
 4314510
 4314528
 4314794
 4314810
 4314835
 4314879
 4314959
 4314970
 4315123
 4315234
 4315523
 4315528
 4315711
 4315755
 4315813
 4315910
 4316054
 4316245
 4316658
 4316816
 4316976
 4317026
 4317029
 4317190
 4317290
 4317457
 4317594
 4317640
 4317666
 4317735
 4317764
 4317850
 4317980
 4318207
 4318232
 4318289
 4318295
 4318308
 4318412
 4318662
 4318849
 4319239
 4319265
 4319455
 4319523
 4319554
 4319602
 4319947
 4320007
 4320043
 4320134
 4320388
 4320449
 4320687
 4320915
 4320935
 4320973
 4320997
 4321147
 4321249
 4321348
 4321445
 4321539
 4321540
 4321797
 4321872
 4321922
 4322012
 4322187
 4322248
 4322428
 4322444
 4322495
 4322535
 4322765
 4323196
 4323210
 4323248
 4323371
 4323575
 4323611
 4323686
 4323911
 4323938
 4324083
 4324094
 4324180
 4324210
 4324241
 4324260
 4324620
 4324634
 4324757
 4324871
 4325021
 4325217
 4325249
 4325347
 4325530
 4325540
 4325671
 4325710
 4325769
 4325772
 4325811
 4325888
 4325933
 4326009
 4326045
 4326357
 4326395
 4326450
 4326562
 4326730
 4326748
 4327024
 4327052
 4327131
 4327254
 4327300
 4327361
 4327530
 4328095
 4328305
 4328333
 4328394
 4328432
 4328599
 4328670
 4328701
 4328796
 4328825
 4328896
 4328941
 4328980
 4329063
 4329171
 4329184
 4329225
 4329251
 4329359
 4329424
 4329454
 4329467
 4329670
 4329931
 4329936
 4330093
 4330101
 4330151
 4330158
 4330193
 4330316
 4330334
 4330475
 4330592
 4330756
 4330941
 4330971
 4330985
 4331313
 4331355
 4331440
 4331505
 4331761
 4331788
 4331945
 4331990
 4331993
 4332042
 4332179
 4332284
 4332351
 4332405
 4332424
 4332472
 4332637
 4332740
 4332747
 4332803
 4332816
 4332829
 4332963
 4333162
 4333167
 4333202
 4333300
 4333481
 4333571
 4333576
 4333660
 4333935
 4333943
 4333964
 4333967
 4333994
 4333995
 4333997
 4334059
 4334066
 4334075
 4334125
 4334403
 4334558
 4334616
 4334701
 4334922
 4335007
 4335023
 4335120
 4335122
 4335184
 4335220
 4335266
 4335295
 4335312
 4335369
 4335376
 4335397
 4335431
 4335539
 4335579
 4335852
 4335889
 4336039
 4336047
 4336133
 4336249
 4336261
 4336343
 4336485
 4336678
 4336783
 4337069
 4337241
 4337504
 4337583
 4337685
 4337778
 4337838
 4337852
 4337956
 4337987
 4338120
 4338252
 4338453
 4338467
 4338625
 4338654
 4338674
 4338730
 4338989
 4339165
 4339339
 4339641
 4339658
 4339686
 4339757
 4339841
 4339861
 4339880
 4339881
 4339920
 4339948
 4339964
 4339967
 4340048
 4340067
 4340291
 4340498
 4341038
 4341082
 4341277
 4341295
 4341406
 4341423
 4341480
 4341487
 4341651
 4341659
 4341675
 4341740
 4341816
 4341911
 4341933
 4342018
 4342027
 4342140
 4342158
 4342248
 4342426
 4342467
 4342537
 4342620
 4342643
 4342671
 4342974
 4343015
 4343072
 4343121
 4343251
 4343368
 4343413
 4343471
 4343521
 4343584
 4343726
 4343963
 4344041
 4344142
 4344341
 4344637
 4344686
 4344718
 4344875
 4345024
 4345032
 4345226
 4345397
 4345428
 4345469
 4345540
 4345546
 4345550
 4345559
 4345633
 4345646
 4345728
 4345818
 4345942
 4345985
 4345986
 4346001
 4346094
 4346113
 4346215
 4346417
 4346616
 4346816
 4346920
 4347015
 4347163
 4347270
 4347313
 4347341
 4347391
 4347510
 4347654
 4347736
 4347766
 4347926
 4348065
 4348115
 4348346
 4348382
 4348428
 4348438
 4348459
 4348673
 4348723
 4348738
 4349004
 4349081
 4349140
 4349171
 4349258
 4349320
 4349417
 4349552
 4349620
 4349769
 4350119
 4350150
 4350191
 4350245
 4350325
 4350397
 4350539
 4350558
 4350680
 4350715
 4350805
 4350878
 4350974
 4351062
 4351461
 4351536
 4351671
 4351823
 4351867
 4352087
 4352261
 4352294
 4352561
 4352611
 4352629
 4352889
 4352919
 4352957
 4353219
 4353231
 4353311
 4353324
 4353379
 4353402
 4353447
 4353533
 4353643
 4353668
 4353683
 4353733
 4353788
 4354001
 4354082
 4354227
 4354519
 4354618
 4354682
 4354700
 4354734
 4354763
 4354781
 4354782
 4354797
 4354814
 4355035
 4355064
 4355087
 4355246
 4355336
 4355732
 4355851
 4356117
 4356411
 4356550
 4356907
 4357037
 4357269
 4357295
 4357326
 4357393
 4357444
 4357518
 4357595
 4357775
 4357999
 4358171
 4358337
 4358361
 4358554
 4358657
 4358750
 4358848
 4358872
 4358940
 4359048
 4359268
 4359336
 4359424
 4359509
 4359527
 4359577
 4359601
 4359649
 4359658
 4359937
 4359984
 4360361
 4360366
 4360431
 4360458
 4360466
 4360508
 4360595
 4360880
 4361035
 4361112
 4361295
 4361355
 4361623
 4361674
 4361841
 4362122
 4362246
 4362283
 4362351
 4362503
 4362581
 4362638
 4362647
 4362718
 4362732
 4362765
 4362787
 4362810
 4362991
 4363188
 4363256
 4363340
 4363485
 4363564
 4363957
 4363977
 4364233
 4364319
 4364447
 4364543
 4364635
 4364691
 4364702
 4364726
 4364773
 4364797
 4364956
 4365017
 4365103
 4365499
 4365543
 4365760
 4366134
 4366274
 4366610
 4366670
 4366696
 4366708
 4366881
 4366913
 4367015
 4367042
 4367063
 4367298
 4367512
 4367579
 4367755
 4368069
 4368131
 4368276
 4368371
 4368450
 4368457
 4368515
 4368566
 4368584
 4368769
 4368774
 4368788
 4368922
 4368978
 4369079
 4369147
 4369279
 4369457
 4369525
 4369666
 4369803
 4369887
 4369963
 4370032
 4370035
 4370120
 4370422
 4370446
 4370599
 4370646
 4370733
 4371017
 4371265
 4371399
 4371626
 4371785
 4371908
 4371970
 4372106
 4372142
 4372189
 4372195
 4372211
 4372232
 4372281
 4372308
 4372317
 4372342
 4372499
 4372566
 4372571
 4372610
 4372673
 4372782
 4372961
 4373149
 4373418
 4373687
 4373732
 4373904
 4373931
 4373996
 4374412
 4374808
 4374847
 4374898
 4375210
 4375267
 4375375
 4375533
 4375619
 4375794
 4375810
 4376097
 4376161
 4376183
 4376184
 4376196
 4376210
 4376218
 4376235
 4376712
 4376853
 4377027
 4377287
 4377303
 4377471
 4377480
 4377733
 4378002
 4378109
 4378138
 4378149
 4378203
 4378255
 4378710
 4378858
 4378870
 4379018
 4379107
 4379217
 4379246
 4379452
 4379573
 4379633
 4379665
 4379763
 4379803
 4379819
 4379940
 4380000
 4380037
 4380117
 4380124
 4380450
 4380487
 4380576
 4380673
 4380842
 4381017
 4381030
 4381080
 4381097
 4381143
 4381189
 4381242
 4381256
 4381324
 4381370
 4381631
 4381760
 4381772
 4381795
 4381804
 4382087
 4382105
 4382451
 4382566
 4382685
 4382798
 4382900
 4382927
 4383008
 4383075
 4383183
 4383187
 4383431
 4383500
 4383643
 4383756
 4383861
 4383863
 4383871
 4384033
 4384101
 4384104
 4384234
 4384403
 4384407
 4384505
 4384531
 4384575
 4384607
 4384728
 4384745
 4384846
 4384861
 4385155
 4385215
 4385326
 4385547
 4385561
 4385655
 4385824
 4385849
 4385893
 4386032
 4386217
 4386403
 4386438
 4386581
 4386717
 4386765
 4386873
 4386984
 4387026
 4387045
 4387075
 4387291
 4387298
 4387466
 4387494
 4387562
 4387705
 4387771
 4387802
 4387831
 4387902
 4387903
 4387940
 4387961
 4387996
 4388082
 4388251
 4388255
 4388313
 4388467
 4388495
 4388559
 4388852
 4388890
 4388912
 4388931
 4388954
 4389064
 4389105
 4389155
 4389171
 4389409
 4389491
 4389604
 4389753
 4389831
 4389860
 4389878
 4390131
 4390374
 4390417
 4390477
 4390531
 4390591
 4390739
 4390890
 4390990
 4391038
 4391048
 4391108
 4391321
 4391350
 4391410
 4391445
 4391576
 4391588
 4391660
 4391821
 4391943
 4392126
 4392524
 4392667
 4392858
 4393019
 4393146
 4393328
 4393341
 4393357
 4393452
 4393483
 4393510
 4393634
 4393652
 4393736
 4393802
 4393973
 4393993
 4394053
 4394286
 4394562
 4394943
 4394981
 4395085
 4395181
 4395201
 4395307
 4395346
 4395465
 4395473
 4395503
 4395528
 4395600
 4395834
 4395892
 4396019
 4396052
 4396074
 4396138
 4396181
 4396361
 4396521
 4396579
 4396593
 4396748
 4396816
 4396890
 4397216
 4397258
 4397289
 4397303
 4397337
 4397415
 4397706
 4397871
 4397940
 4397943
 4397992
 4398065
 4398105
 4398196
 4398306
 4398424
 4398738
 4398845
 4398999
 4399116
 4399157
 4399178
 4399207
 4399290
 4399318
 4399448
 4399621
 4399669
 4399755
 4399782
 4399830
 4399848
 4399912
 4400336
 4400381
 4400492
 4400545
 4400809
 4400810
 4400850
 4400916
 4400961
 4401144
 4401166
 4401205
 4401360
 4401630
 4401722
 4401782
 4401802
 4402009
 4402089
 4402111
 4402143
 4402230
 4402303
 4402351
 4402410
 4402605
 4403257
 4403275
 4403391
 4403740
 4403746
 4403767
 4403808
 4404336
 4404342
 4404409
 4404465
 4404498
 4404708
 4404718
 4404729
 4404779
 4404811
 4404863
 4404996
 4405093
 4405115
 4405171
 4405355
 4405508
 4405770
 4405921
 4405998
 4406058
 4406441
 4406562
 4406583
 4406675
 4406748
 4406787
 4406802
 4406840
 4406962
 4406980
 4407052
 4407084
 4407195
 4407329
 4407414
 4407599
 4408012
 4408056
 4408102
 4408145
 4408222
 4408240
 4408274
 4408294
 4408609
 4408639
 4408683
 4408699
 4408996
 4409043
 4409092
 4409229
 4409274
 4409293
 4409416
 4409546
 4409583
 4409612
 4409635
 4409736
 4409759
 4409823
 4410059
 4410156
 4410396
 4410505
 4410583
 4410648
 4410885
 4411097
 4411152
 4411230
 4411254
 4411303
 4411397
 4411407
 4411418
 4411520
 4411752
 4411837
 4411846
 4412105
 4412144
 4412215
 4412395
 4412422
 4412440
 4412550
 4412642
 4412981
 4413094
 4413143
 4413168
 4413185
 4413238
 4413318
 4413421
 4413529
 4413620
 4413632
 4413802
 4413826
 4413893
 4414008
 4414011
 4414023
 4414024
 4414026
 4414037
 4414041
 4414110
 4414200
 4414238
 4414266
 4414285
 4414296
 4414318
 4414444
 4414457
 4414608
 4414638
 4414644
 4414665
 4414747
 4414768
 4414887
 4414898
 4415031
 4415180
 4415198
 4415400
 4415614
 4415719
 4415820
 4415966
 4416053
 4416068
 4416092
 4416167
 4416231
 4416237
 4416246
 4416340
 4416635
 4416754
 4416780
 4416951
 4417003
 4417031
 4417116
 4417192
 4417242
 4417330
 4417652
 4417689
 4417835
 4417922
 4418163
 4418461
 4418484
 4418721
 4418819
 4418909
 4419010
 4419239
 4419352
 4419405
 4419439
 4419592
 4419628
 4419678
 4420164
 4420386
 4420470
 4420714
 4420944
 4420987
 4421318
 4421328
 4421353
 4421388
 4421429
 4421556
 4421693
 4421736
 4421776
 4421777
 4421868
 4421885
 4422164
 4422241
 4422246
 4422301
 4422306
 4422336
 4422436
 4422656
 4422753
 4422927
 4422955
 4423009
 4423033
 4423203
 4423378
 4423487
 4423709
 4423887
 4424240
 4424261
 4424273
 4424282
 4424346
 4424353
 4424391
 4424399
 4424473
 4424585
 4424594
 4424634
 4424762
 4424766
 4424783
 4425082
 4425476
 4425581
 4425707
 4425767
 4425839
 4425894
 4425993
 4426141
 4426159
 4426403
 4426428
 4426656
 4426825
 4426847
 4426878
 4426892
 4426991
 4427001
 4427146
 4427241
 4427317
 4427467
 4427505
 4427555
 4427606
 4427887
 4427908
 4427995
 4428048
 4428354
 4428361
 4428364
 4428421
 4428467
 4428653
 4428658
 4428700
 4428775
 4428940
 4429146
 4429175
 4429215
 4429216
 4429366
 4429368
 4429373
 4429437
 4429536
 4429537
 4429578
 4429618
 4429874
 4429905
 4429911
 4429996
 4430020
 4430169
 4430181
 4430233
 4430279
 4430376
 4430528
 4430545
 4430777
 4430866
 4430924
 4430946
 4430973
 4431058
 4431061
 4431069
 4431165
 4431230
 4431402
 4431731
 4431869
 4432120
 4432181
 4432335
 4432426
 4432440
 4432443
 4432620
 4432668
 4432673
 4432695
 4432740
 4432767
 4432804
 4432836
 4432942
 4432951
 4432987
 4433047
 4433056
 4433217
 4433387
 4433430
 4433529
 4433578
 4433596
 4433688
 4433880
 4434019
 4434111
 4434146
 4434257
 4434437
 4434457
 4434471
 4434699
 4434739
 4434747
 4434990
 4435142
 4435168
 4435224
 4435366
 4435899
 4435922
 4436064
 4436174
 4436193
 4436279
 4436377
 4436522
 4436566
 4436685
 4436696
 4436799
 4437118
 4437197
 4437203
 4437284
 4437310
 4437315
 4437367
 4437750
 4437886
 4437905
 4437916
 4437995
 4438011
 4438026
 4438182
 4438195
 4438213
 4438380
 4438405
 4438557
 4438631
 4438887
 4438998
 4439163
 4439181
 4439554
 4439587
 4439685
 4439690
 4439844
 4439962
 4439971
 4439991
 4440022
 4440057
 4440170
 4440304
 4440349
 4440388
 4440403
 4440498
 4440625
 4440647
 4440817
 4440871
 4440927
 4441376
 4441571
 4441647
 4441662
 4441664
 4441841
 4441885
 4441942
 4442121
 4442189
 4442338
 4442418
 4442601
 4442843
 4442891
 4442902
 4442913
 4443010
 4443023
 4443471
 4443475
 4443578
 4443612
 4443705
 4443721
 4443919
 4443973
 4444021
 4444099
 4444140
 4444178
 4444219
 4444226
 4444380
 4444590
 4444599
 4444629
 4444683
 4444691
 4444797
 4444857
 4445134
 4445244
 4445259
 4445688
 4445926
 4445930
 4445966
 4445982
 4446219
 4446276
 4446336
 4446378
 4446420
 4446619
 4446732
 4446835
 4446893
 4447030
 4447091
 4447147
 4447266
 4447424
 4447437
 4447500
 4447658
 4447826
 4447844
 4448111
 4448154
 4448164
 4448206
 4448236
 4448285
 4448356
 4448359
 4448451
 4448723
 4448883
 4448905
 4449027
 4449123
 4449343
 4449406
 4449419
 4449894
 4449956
 4449975
 4449991
 4450151
 4450200
 4450301
 4450312
 4450543
 4450690
 4450718
 4450794
 4450816
 4450880
 4450885
 4450985
 4451176
 4451194
 4451204
 4451244
 4451248
 4451254
 4451479
 4451550
 4451578
 4451623
 4451766
 4451787
 4451802
 4451836
 4451871
 4452018
 4452106
 4452161
 4452208
 4452453
 4452481
 4452486
 4452547
 4452647
 4452660
 4452696
 4452754
 4452761
 4453025
 4453141
 4453249
 4453310
 4453346
 4453354
 4453651
 4453654
 4453678
 4453748
 4453763
 4453780
 4453882
 4453974
 4453995
 4454308
 4454354
 4454375
 4454520
 4454561
 4454633
 4454691
 4454707
 4454721
 4455034
 4455060
 4455176
 4455200
 4455235
 4455298
 4455392
 4455485
 4455762
 4455832
 4455872
 4456036
 4456045
 4456106
 4456264
 4456425
 4456428
 4456601
 4456730
 4456908
 4456922
 4456954
 4457150
 4457209
 4457344
 4457366
 4457431
 4457639
 4457813
 4457937
 4458174
 4458351
 4458386
 4458456
 4458511
 4458728
 4458868
 4458914
 4459020
 4459069
 4459259
 4459313
 4459324
 4459441
 4459676
 4459876
 4459997
 4460027
 4460066
 4460116
 4460136
 4460313
 4460384
 4460414
 4460602
 4460633
 4460650
 4460736
 4460754
 4460825
 4461042
 4461465
 4461772
 4462029
 4462044
 4462114
 4462149
 4462282
 4462308
 4462321
 4462349
 4462386
 4462634
 4462680
 4462788
 4462921
 4462989
 4463200
 4463240
 4463273
 4463317
 4463446
 4463454
 4463479
 4463651
 4463786
 4463913
 4463957
 4464029
 4464048
 4464051
 4464054
 4464201
 4464304
 4464456
 4464574
 4464586
 4464634
 4464666
 4464891
 4465057
 4465322
 4465738
 4465966
 4466026
 4466127
 4466195
 4466199
 4466283
 4466420
 4466551
 4466634
 4466708
 4466854
 4466879
 4466927
 4467351
 4467403
 4467527
 4467533
 4467553
 4467576
 4467643
 4468030
 4468092
 4468171
 4468193
 4468345
 4468460
 4468605
 4468634
 4468721
 4468782
 4468839
 4468892
 4469027
 4469078
 4469098
 4469116
 4469170
 4469185
 4469259
 4469322
 4469355
 4469361
 4469407
 4469425
 4469882
 4470012
 4470160
 4470223
 4470273
 4470298
 4470528
 4470865
 4470921
 4470954
 4471064
 4471102
 4471246
 4471248
 4471339
 4471533
 4471592
 4471700
 4471929
 4472073
 4472190
 4472427
 4472577
 4472618
 4472639
 4472661
 4472857
 4472890
 4473093
 4473147
 4473197
 4473394
 4473420
 4473444
 4473501
 4473525
 4473594
 4473696
 4473737
 4473938
 4474118
 4474125
 4474160
 4474194
 4474267
 4474414
 4474517
 4474580
 4474614
 4475129
 4475191
 4475197
 4475201
 4475239
 4475462
 4475477
 4475586
 4476010
 4476144
 4476225
 4476297
 4476343
 4476387
 4476461
 4476635
 4476669
 4476735
 4476959
 4477137
 4477261
 4477324
 4477355
 4477507
 4477566
 4477591
 4477699
 4478005
 4478059
 4478093
 4478187
 4478480
 4478603
 4478641
 4478689
 4478759
 4478765
 4478844
 4479186
 4479691
 4479736
 4479758
 4479763
 4479900
 4480004
 4480137
 4480138
 4480311
 4480315
 4480534
 4480554
 4480573
 4480599
 4480603
 4480736
 4480742
 4480758
 4480761
 4480837
 4480838
 4480852
 4480857
 4480995
 4481039
 4481241
 4481329
 4481350
 4481403
 4481554
 4482040
 4482060
 4482084
 4482086
 4482141
 4482299
 4482301
 4482322
 4482340
 4482572
 4482735
 4482783
 4482796
 4483082
 4483506
 4483627
 4483759
 4483837
 4483939
 4484143
 4484375
 4484459
 4484539
 4484627
 4484755
 4484778
 4485164
 4485207
 4485587
 4485667
 4485858
 4485989
 4486151
 4486157
 4486191
 4486227
 4486253
 4486427
 4486441
 4486559
 4486564
 4486725
 4486731
 4486809
 4486830
 4486969
 4487091
 4487102
 4487107
 4487322
 4487356
 4487600
 4487684
 4487834
 4487907
 4487932
 4488129
 4488256
 4488498
 4488659
 4488739
 4488747
 4488749
 4488823
 4488954
 4488970
 4489022
 4489074
 4489102
 4489122
 4489371
 4489388
 4489398
 4489511
 4489619
 4489650
 4489666
 4489706
 4489768
 4489782
 4489870
 4489978
 4490049
 4490112
 4490176
 4490320
 4490562
 4490570
 4490579
 4490644
 4490674
 4490774
 4490870
 4490980
 4491079
 4491237
 4491288
 4491343
 4491374
 4491549
 4491605
 4491684
 4491925
 4491970
 4492156
 4492299
 4492337
 4492361
 4492706
 4492709
 4492905
 4493024
 4493095
 4493214
 4493617
 4493633
 4493647
 4493809
 4493905
 4493942
 4494102
 4494120
 4494481
 4494652
 4494656
 4494820
 4494919
 4494939
 4494992
 4495069
 4495085
 4495090
 4495151
 4495215
 4495226
 4495255
 4495311
 4495334
 4495385
 4495409
 4495442
 4495453
 4495599
 4495679
 4495825
 4495874
 4495976
 4496078
 4496165
 4496180
 4496201
 4496316
 4496598
 4496605
 4496843
 4496848
 4496866
 4496893
 4497033
 4497390
 4497696
 4497788
 4497840
 4498074
 4498174
 4498292
 4498610
 4498779
 4498780
 4498937
 4499109
 4499325
 4499498
 4499553
 4499657
 4499756
 4499981
 4500200
 4500335
 4500417
 4500507
 4500535
 4500710
 4500777
 4500901
 4500922
 4500926
 4500984
 4501154
 4501188
 4501404
 4501469
 4501664
 4501773
 4501869
 4501984
 4502144
 4502152
 4502239
 4502395
 4502471
 4502472
 4502692
 4502708
 4502802
 4502870
 4503161
 4503166
 4503489
 4503513
 4503579
 4503691
 4503709
 4503745
 4503807
 4503893
 4503898
 4504086
 4504127
 4504269
 4504560
 4504593
 4504717
 4504860
 4504913
 4504915
 4504977
 4504999
 4505094
 4505117
 4505244
 4505358
 4505463
 4505594
 4505634
 4505799
 4505995
 4506208
 4506252
 4506294
 4506488
 4506646
 4506870
 4506991
 4507021
 4507032
 4507198
 4507205
 4507277
 4507329
 4507358
 4507407
 4507413
 4507700
 4507705
 4507923
 4508263
 4508488
 4508494
 4508540
 4508724
 4508742
 4508756
 4508795
 4508871
 4508914
 4508938
 4508971
 4509124
 4509247
 4509267
 4509308
 4509366
 4509504
 4509526
 4509575
 4509679
 4509730
 4509860
 4510089
 4510098
 4510329
 4510497
 4510563
 4511030
 4511035
 4511110
 4511171
 4511186
 4511438
 4511596
 4511668
 4511722
 4511729
 4511806
 4511816
 4512000
 4512046
 4512104
 4512187
 4512195
 4512519
 4512527
 4512564
 4512653
 4512733
 4512734
 4512763
 4512875
 4512904
 4513000
 4513108
 4513146
 4513158
 4513207
 4513229
 4513253
 4513255
 4513290
 4513322
 4513370
 4513391
 4513400
 4513508
 4513523
 4513661
 4513699
 4513787
 4513913
 4514096
 4514177
 4514207
 4514478
 4514641
 4514806
 4514908
 4514940
 4514988
 4515004
 4515069
 4515161
 4515191
 4515195
 4515223
 4515248
 4515266
 4515270
 4515300
 4515356
 4515471
 4515640
 4515918
 4515977
 4515981
 4516070
 4516316
 4516347
 4516495
 4516500
 4516596
 4516656
 4516726
 4516756
 4516804
 4516888
 4516906
 4517004
 4517009
 4517093
 4517336
 4517560
 4517659
 4517815
 4517842
 4517895
 4517910
 4518042
 4518410
 4518455
 4518484
 4518499
 4518529
 4518629
 4518642
 4518697
 4518730
 4518826
 4518917
 4518931
 4518979
 4519110
 4519154
 4519240
 4519247
 4519306
 4519498
 4519620
 4519806
 4519866
 4519986
 4519987
 4520468
 4520551
 4520554
 4520580
 4520595
 4520748
 4520755
 4520784
 4520806
 4520946
 4521002
 4521095
 4521213
 4521266
 4521351
 4521359
 4521522
 4521570
 4521583
 4521893
 4521923
 4521940
 4521996
 4522041
 4522145
 4522280
 4522298
 4522590
 4522654
 4522750
 4522823
 4522930
 4522993
 4523069
 4523142
 4523346
 4523383
 4523641
 4523770
 4523877
 4523933
 4523973
 4524020
 4524063
 4524257
 4524278
 4524300
 4524306
 4524316
 4524356
 4524366
 4524386
 4524475
 4524585
 4524634
 4524715
 4524738
 4524748
 4524867
 4524961
 4524975
 4525268
 4525498
 4525737
 4525961
 4526030
 4526318
 4526561
 4526586
 4526659
 4526796
 4527118
 4527248
 4527713
 4527754
 4527757
 4527885
 4528062
 4528108
 4528165
 4528340
 4528395
 4528779
 4529122
 4529128
 4529297
 4529332
 4529519
 4529544
 4529640
 4529832
 4530040
 4530196
 4530228
 4530252
 4530338
 4530342
 4530365
 4530523
 4530788
 4530839
 4530851
 4530892
 4530902
 4530916
 4530929
 4530938
 4530980
 4530996
 4531037
 4531080
 4531163
 4531223
 4531248
 4531349
 4531487
 4531488
 4531625
 4531681
 4531689
 4531700
 4531741
 4532205
 4532230
 4532273
 4532291
 4532332
 4532338
 4532403
 4532509
 4532511
 4532593
 4532684
 4532745
 4533007
 4533048
 4533127
 4533487
 4533771
 4533851
 4533895
 4533920
 4533980
 4534085
 4534134
 4534372
 4534435
 4534437
 4534531
 4534728
 4534747
 4534820
 4534927
 4534937
 4534956
 4535231
 4535242
 4535273
 4535418
 4535429
 4535784
 4535880
 4536046
 4536151
 4536232
 4536340
 4536356
 4536450
 4536527
 4536549
 4536572
 4536582
 4536594
 4536653
 4536901
 4537072
 4537290
 4537372
 4537419
 4537491
 4537555
 4537591
 4537703
 4537741
 4537784
 4537807
 4537816
 4537854
 4537884
 4537985
 4537994
 4538041
 4538159
 4538351
 4538454
 4538477
 4538528
 4538536
 4538596
 4538618
 4538852
 4538952
 4538978
 4539080
 4539297
 4539364
 4539365
 4539572
 4539598
 4539600
 4539601
 4539626
 4539681
 4539836
 4539942
 4540002
 4540027
 4540214
 4540275
 4540288
 4540365
 4540602
 4540644
 4540725
 4540813
 4540900
 4541008
 4541172
 4541453
 4541475
 4541479
 4541495
 4541521
 4541556
 4541617
 4541811
 4541848
 4542026
 4542301
 4542404
 4542648
 4542746
 4542750
 4542757
 4542885
 4542931
 4543078
 4543085
 4543101
 4543177
 4543265
 4543272
 4543345
 4543542
 4544000
 4544115
 4544396
 4544477
 4544496
 4544587
 4544595
 4544877
 4544878
 4544948
 4545062
 4545374
 4545659
 4545688
 4545833
 4545891
 4546016
 4546037
 4546144
 4546310
 4546340
 4546568
 4546602
 4546734
 4546776
 4546866
 4546984
 4547237
 4547250
 4547454
 4547481
 4547593
 4547798
 4547903
 4548080
 4548137
 4548342
 4548385
 4548518
 4548596
 4548751
 4548802
 4549089
 4549212
 4549390
 4549428
 4549538
 4549551
 4549671
 4549825
 4550011
 4550018
 4550069
 4550094
 4550301
 4550308
 4550332
 4550355
 4550422
 4550431
 4550521
 4550683
 4550692
 4550745
 4551018
 4551347
 4551487
 4551642
 4551877
 4551974
 4552006
 4552146
 4552174
 4552215
 4552304
 4552450
 4552470
 4552523
 4552825
 4552968
 4553058
 4553209
 4553384
 4553572
 4553666
 4553735
 4553745
 4553838
 4554022
 4554067
 4554361
 4554563
 4554601
 4554762
 4554803
 4554911
 4555029
 4555342
 4555368
 4555404
 4555841
 4555872
 4555900
 4556063
 4556138
 4556269
 4556521
 4556546
 4556654
 4556671
 4556675
 4556770
 4556773
 4556985
 4556991
 4557038
 4557044
 4557198
 4557265
 4557269
 4557359
 4557366
 4557382
 4557393
 4557395
 4557429
 4557537
 4557699
 4557891
 4558032
 4558034
 4558316
 4558420
 4558569
 4558691
 4558725
 4558808
 4559024
 4559100
 4559126
 4559204
 4559210
 4559248
 4559463
 4559506
 4559544
 4559566
 4559603
 4559711
 4559719
 4559765
 4559898
 4559906
 4560006
 4560025
 4560084
 4560103
 4560152
 4560338
 4560425
 4560506
 4560551
 4560574
 4560624
 4560625
 4560649
 4560650
 4560747
 4560802
 4561077
 4561192
 4561301
 4561358
 4561361
 4561615
 4561628
 4561640
 4561733
 4561739
 4561911
 4561917
 4562139
 4562398
 4562413
 4562616
 4562703
 4562738
 4562802
 4563075
 4563117
 4563156
 4563630
 4563641
 4563728
 4563741
 4563793
 4563805
 4563854
 4564066
 4564196
 4564571
 4564650
 4564797
 4564919
 4565057
 4565098
 4565243
 4565253
 4565257
 4565368
 4565454
 4565519
 4565730
 4565756
 4565771
 4566108
 4566329
 4566605
 4566654
 4566719
 4566769
 4566781
 4566882
 4567003
 4567128
 4567143
 4567358
 4567385
 4567406
 4567616
 4567684
 4567709
 4567797
 4567812
 4568145
 4568496
 4568528
 4568559
 4568565
 4568624
 4568637
 4568678
 4568934
 4569141
 4569181
 4569323
 4569496
 4569563
 4569672
 4569697
 4569796
 4569799
 4569856
 4569899
 4569925
 4569996
 4570055
 4570068
 4570070
 4570120
 4570221
 4570262
 4570282
 4570576
 4570579
 4570585
 4570709
 4570886
 4570984
 4570990
 4570995
 4571087
 4571195
 4571196
 4571229
 4571394
 4571510
 4571808
 4571839
 4571921
 4572314
 4572436
 4572563
 4572602
 4572846
 4573244
 4573350
 4573416
 4573651
 4573733
 4573751
 4573791
 4573961
 4574045
 4574099
 4574101
 4574103
 4574137
 4574197
 4574286
 4574539
 4574658
 4574689
 4574722
 4574837
 4574898
 4575091
 4575213
 4575307
 4575359
 4575612
 4575637
 4575639
 4575780
 4575893
 4575994
 4575997
 4576213
 4576556
 4576648
 4576819
 4576894
 4576956
 4577334
 4577493
 4577945
 4578048
 4578339
 4578397
 4578410
 4578668
 4578716
 4578780
 4578795
 4578911
 4578956
 4578971
 4578979
 4578990
 4579003
 4579010
 4579078
 4579202
 4579210
 4579221
 4579314
 4579326
 4579351
 4579495
 4579643
 4579732
 4579988
 4579991
 4580080
 4580125
 4580383
 4580460
 4580597
 4580647
 4580723
 4580786
 4580884
 4580917
 4581119
 4581141
 4581302
 4581366
 4581492
 4581504
 4581544
 4581984
 4582555
 4582699
 4582853
 4583023
 4583141
 4583163
 4583256
 4583270
 4583362
 4583490
 4583513
 4583687
 4583717
 4583737
 4583742
 4583759
 4583981
 4584008
 4584037
 4584108
 4584124
 4584352
 4584547
 4584605
 4584635
 4584709
 4584916
 4584924
 4585063
 4585092
 4585204
 4585335
 4585613
 4585719
 4585746
 4585896
 4586011
 4586048
 4586101
 4586355
 4586455
 4586611
 4586830
 4586835
 4586848
 4587357
 4587528
 4587556
 4587755
 4587955
 4587974
 4587979
 4588046
 4588311
 4588475
 4588610
 4588613
 4588636
 4588643
 4588667
 4588852
 4588900
 4588970
 4589114
 4589160
 4589164
 4589549
 4589554
 4589555
 4589746
 4589860
 4589966
 4590071
 4590151
 4590188
 4590228
 4590233
 4590318
 4590384
 4590409
 4590534
 4590698
 4590830
 4590881
 4590949
 4591009
 4591324
 4591331
 4591365
 4591559
 4591822
 4591841
 4592052
 4592092
 4592117
 4592140
 4592142
 4592349
 4592359
 4592402
 4592848
 4592931
 4592999
 4593081
 4593095
 4593147
 4593435
 4593477
 4593500
 4593511
 4593577
 4593850
 4593962
 4594276
 4594336
 4594401
 4594482
 4594516
 4594574
 4594593
 4594660
 4594838
 4594909
 4594984
 4595200
 4595283
 4595425
 4595519
 4595621
 4595811
 4596054
 4596078
 4596160
 4596484
 4596517
 4596573
 4596789
 4596922
 4597153
 4597156
 4597225
 4597390
 4597604
 4597800
 4597905
 4597932
 4597968
 4598133
 4598136
 4598453
 4598522
 4598553
 4598573
 4598634
 4598683
 4598691
 4598829
 4598888
 4599117
 4599127
 4599167
 4599221
 4599398
 4599415
 4599479
 4599515
 4599533
 4599587
 4599692
 4599789
 4599804
 4599816
 4599973
 4599992
 4600246
 4600303
 4600575
 4600634
 4600635
 4600747
 4601007
 4601028
 4601031
 4601154
 4601223
 4601265
 4601480
 4601627
 4601738
 4601756
 4601786
 4601815
 4601842
 4601853
 4601857
 4601867
 4601934
 4602059
 4602313
 4602407
 4602450
 4602494
 4602624
 4602665
 4602859
 4602980
 4603039
 4603141
 4603181
 4603470
 4603501
 4603787
 4603793
 4603801
 4604017
 4604393
 4604513
 4604524
 4604609
 4604851
 4604972
 4605026
 4605161
 4605429
 4605607
 4605634
 4605660
 4605870
 4605913
 4605970
 4605971
 4606000
 4606142
 4606232
 4606368
 4606542
 4606698
 4606727
 4606889
 4606916
 4607127
 4607239
 4607274
 4607326
 4607586
 4607630
 4607792
 4607894
 4607901
 4608082
 4608317
 4608450
 4608467
 4608495
 4608518
 4608648
 4608654
 4608754
 4608792
 4608885
 4608901
 4609013
 4609068
 4609229
 4609485
 4609490
 4609624
 4609676
 4609694
 4609910
 4609936
 4609987
 4610000
 4610701
 4610820
 4610838
 4610864
 4610970
 4611314
 4611483
 4611529
 4611541
 4611620
 4611696
 4611849
 4612107
 4612308
 4612396
 4612461
 4612473
 4612478
 4612710
 4612718
 4612777
 4612827
 4612900
 4612918
 4612970
 4613048
 4613158
 4613638
 4613730
 4613816
 4613876
 4614042
 4614056
 4614062
 4614096
 4614263
 4614274
 4614282
 4614305
 4614382
 4614503
 4614720
 4614770
 4614936
 4615099
 4615374
 4615383
 4615436
 4615510
 4615638
 4615792
 4615895
 4615924
 4616117
 4616138
 4616218
 4616230
 4616314
 4616323
 4616367
 4616388
 4616575
 4616614
 4616829
 4616978
 4617016
 4617111
 4617324
 4617352
 4617422
 4617450
 4617771
 4617837
 4617844
 4617871
 4618003
 4618035
 4618067
 4618220
 4618253
 4618272
 4618540
 4618722
 4618748
 4618866
 4619070
 4619071
 4619175
 4619330
 4619455
 4619849
 4620108
 4620147
 4620153
 4620228
 4620232
 4620724
 4620832
 4621068
 4621388
 4621427
 4621484
 4621508
 4621643
 4621976
 4622049
 4622171
 4622199
 4622295
 4622473
 4622505
 4622920
 4623041
 4623075
 4623089
 4623138
 4623351
 4623354
 4623555
 4623646
 4623689
 4623833
 4623926
 4623989
 4624019
 4624039
 4624040
 4624141
 4624145
 4624163
 4624262
 4624483
 4624541
 4624579
 4624710
 4624804
 4624875
 4624944
 4625036
 4625039
 4625111
 4625155
 4625271
 4625304
 4625316
 4625333
 4625342
 4625519
 4625537
 4625737
 4625799
 4625869
 4625895
 4625932
 4625936
 4626543
 4626548
 4626673
 4626730
 4626853
 4627012
 4627034
 4627465
 4627493
 4627597
 4627635
 4627644
 4627659
 4627856
 4627860
 4627990
 4628040
 4628076
 4628143
 4628258
 4628400
 4628564
 4628584
 4628641
 4628761
 4628766
 4628805
 4628905
 4628934
 4628959
 4629008
 4629104
 4629185
 4629248
 4629252
 4629283
 4629390
 4629393
 4629511
 4629836
 4629862
 4629927
 4630024
 4630059
 4630191
 4630225
 4630455
 4630535
 4630714
 4630742
 4630806
 4630865
 4630951
 4631022
 4631082
 4631236
 4631303
 4631410
 4631416
 4631474
 4631585
 4631595
 4631641
 4631684
 4631809
 4631820
 4632028
 4632055
 4632098
 4632110
 4632188
 4632336
 4632443
 4632595
 4632681
 4632761
 4632982
 4633038
 4633039
 4633284
 4633287
 4633415
 4633581
 4633588
 4633614
 4633632
 4633636
 4633705
 4633723
 4633745
 4633996
 4634063
 4634093
 4634130
 4634173
 4634272
 4634308
 4634348
 4634598
 4634771
 4634803
 4634832
 4635003
 4635043
 4635143
 4635303
 4635447
 4635455
 4635569
 4635716
 4635829
 4635940
 4635985
 4636065
 4636106
 4636141
 4636168
 4636357
 4636409
 4636469
 4636526
 4636621
 4636699
 4636739
 4636854
 4636874
 4637073
 4637083
 4637395
 4637462
 4637566
 4637707
 4637850
 4637909
 4637960
 4638048
 4638143
 4638198
 4638322
 4638509
 4638651
 4638762
 4638775
 4638783
 4638906
 4639174
 4639493
 4639606
 4639613
 4639706
 4639733
 4639932
 4639985
 4640821
 4641022
 4641163
 4641503
 4641523
 4641673
 4641704
 4641841
 4641920
 4641989
 4641995
 4642044
 4642305
 4642427
 4642574
 4642843
 4642875
 4642944
 4643254
 4643285
 4643551
 4643557
 4643636
 4643664
 4643670
 4643861
 4643900
 4643950
 4643979
 4644001
 4644002
 4644100
 4644134
 4644142
 4644167
 4644451
 4644554
 4644680
 4644740
 4644757
 4644776
 4644807
 4644914
 4644978
 4645218
 4645254
 4645329
 4645330
 4645665
 4645920
 4646019
 4646588
 4646692
 4646755
 4646847
 4647060
 4647066
 4647515
 4647655
 4647658
 4647802
 4647868
 4647928
 4648039
 4648080
 4648089
 4648108
 4648177
 4648182
 4648292
 4648319
 4648436
 4648444
 4648458
 4648461
 4648589
 4648646
 4648917
 4649050
 4649282
 4649528
 4649610
 4649630
 4649724
 4649798
 4649921
 4649996
 4650066
 4650113
 4650233
 4650326
 4650330
 4650411
 4650558
 4650728
 4650729
 4650818
 4650947
 4651010
 4651042
 4651098
 4651161
 4651245
 4651298
 4651430
 4651461
 4651632
 4651683
 4651702
 4651733
 4651782
 4651832
 4651850
 4651924
 4651943
 4652204
 4652261
 4652448
 4652456
 4652489
 4652556
 4652763
 4652788
 4652865
 4652884
 4652889
 4652905
 4652916
 4653024
 4653029
 4653050
 4653140
 4653226
 4653300
 4653410
 4653430
 4653516
 4653590
 4653744
 4653828
 4654448
 4654880
 4654893
 4655028
 4655149
 4655183
 4655194
 4655423
 4655427
 4655494
 4655817
 4655860
 4655912
 4655928
 4656067
 4656588
 4656612
 4656718
 4656734
 4656976
 4657062
 4657089
 4657187
 4657211
 4657342
 4657477
 4657613
 4657626
 4657646
 4657674
 4657676
 4657691
 4657761
 4657796
 4657829
 4657878
 4658117
 4658119
 4658203
 4658276
 4658284
 4658552
 4658562
 4658577
 4658614
 4658662
 4658739
 4658803
 4658863
 4658934
 4658971
 4659029
 4659164
 4659196
 4659216
 4659226
 4659421
 4659466
 4659570
 4659584
 4659615
 4659761
 4659782
 4659802
 4659815
 4659821
 4659872
 4659898
 4660100
 4660112
 4660131
 4660264
 4660302
 4660376
 4660427
 4660447
 4660570
 4660804
 4660808
 4660881
 4661420
 4661442
 4661544
 4661613
 4661627
 4661714
 4661785
 4661935
 4662162
 4662184
 4662832
 4662880
 4662889
 4663037
 4663051
 4663095
 4663136
 4663221
 4663276
 4663355
 4663410
 4663480
 4663590
 4663609
 4663763
 4663806
 4663875
 4663910
 4664026
 4664065
 4664233
 4664509
 4664561
 4664579
 4664656
 4664670
 4664903
 4665160
 4665214
 4665273
 4665279
 4665422
 4665433
 4665463
 4665490
 4665491
 4665613
 4665659
 4665698
 4665759
 4666224
 4666241
 4666282
 4666382
 4666403
 4666619
 4666635
 4666657
 4666944
 4667027
 4667083
 4667274
 4667306
 4667329
 4667465
 4667607
 4667621
 4667727
 4667907
 4668008
 4668164
 4668260
 4668332
 4668344
 4668498
 4668503
 4668518
 4668636
 4668732
 4668814
 4668816
 4668841
 4668848
 4669173
 4669474
 4669661
 4669751
 4669863
 4669875
 4669933
 4670015
 4670034
 4670058
 4670100
 4670132
 4670181
 4670201
 4670454
 4670529
 4670913
 4670917
 4671008
 4671126
 4671175
 4671280
 4671373
 4671423
 4671495
 4671506
 4671548
 4671561
 4671568
 4671640
 4671660
 4671669
 4671887
 4671921
 4672549
 4672687
 4672827
 4672845
 4672930
 4672996
 4673016
 4673122
 4673133
 4673236
 4673238
 4673427
 4673450
 4673473
 4673623
 4673757
 4673808
 4673879
 4673918
 4674006
 4674016
 4674155
 4674202
 4674311
 4674399
 4674447
 4674458
 4674568
 4674634
 4674693
 4674785
 4674805
 4674942
 4675001
 4675133
 4675153
 4675174
 4675198
 4675280
 4675297
 4675480
 4675500
 4675693
 4675864
 4676139
 4676272
 4676305
 4676661
 4676749
 4676776
 4676951
 4677104
 4677166
 4677274
 4677382
 4677580
 4677601
 4677671
 4677685
 4677750
 4677949
 4677975
 4678133
 4678165
 4678248
 4678294
 4678472
 4678502
 4678659
 4678731
 4678759
 4678861
 4678971
 4679113
 4679211
 4679530
 4679605
 4679885
 4679913
 4680032
 4680038
 4680136
 4680274
 4680278
 4680561
 4680592
 4680697
 4680770
 4680816
 4680854
 4680973
 4681049
 4681328
 4681336
 4681370
 4681444
 4681514
 4681675
 4681772
 4682102
 4682229
 4682480
 4682658
 4682706
 4682713
 4682900
 4682995
 4683010
 4683058
 4683190
 4683304
 4683347
 4683410
 4683587
 4683610
 4683727
 4683857
 4683908
 4684022
 4684436
 4684469
 4684607
 4684767
 4684875
 4685021
 4685111
 4685182
 4685287
 4685351
 4685353
 4685474
 4685635
 4685698
 4685867
 4685925
 4685973
 4686455
 4686470
 4686539
 4686582
 4686598
 4686654
 4686678
 4686914
 4687133
 4687259
 4687406
 4687436
 4687525
 4687601
 4687695
 4687701
 4687960
 4687969
 4688003
 4688299
 4688386
 4688434
 4688749
 4689032
 4689061
 4689146
 4689560
 4689722
 4689731
 4689873
 4690125
 4690133
 4690151
 4690237
 4690345
 4690549
 4690618
 4690757
 4691095
 4691186
 4691193
 4691194
 4691309
 4691408
 4691568
 4691601
 4691624
 4691660
 4691701
 4691756
 4691764
 4691854
 4692289
 4692433
 4692481
 4692671
 4692821
 4692876
 4692963
 4693082
 4693263
 4693328
 4693329
 4693330
 4693407
 4693482
 4693528
 4693557
 4693773
 4693793
 4693815
 4693863
 4693872
 4693877
 4693927
 4694157
 4694176
 4694185
 4694275
 4694433
 4694667
 4694769
 4694906
 4694948
 4695064
 4695197
 4695352
 4695521
 4695603
 4695680
 4695787
 4695978
 4696104
 4696318
 4696454
 4696460
 4696461
 4696588
 4696822
 4696923
 4696949
 4696985
 4696987
 4697086
 4697406
 4697447
 4697551
 4697723
 4697737
 4697739
 4697754
 4698047
 4698065
 4698125
 4698248
 4698289
 4698396
 4698437
 4698501
 4698535
 4698545
 4698610
 4698681
 4698757
 4698811
 4698885
 4699006
 4699109
 4699140
 4699190
 4699198
 4699262
 4699283
 4699364
 4699438
 4699464
 4699555
 4699844
 4699902
 4699956
 4700065
 4700438
 4700470
 4700650
 4700735
 4700810
 4700878
 4700970
 4701010
 4701039
 4701172
 4701178
 4701490
 4702028
 4702087
 4702124
 4702253
 4702355
 4702356
 4702438
 4702559
 4702673
 4702682
 4702720
 4702740
 4703126
 4703189
 4703215
 4703317
 4703383
 4703386
 4703399
 4703418
 4703436
 4703488
 4703513
 4703607
 4703729
 4703863
 4703870
 4703913
 4704181
 4704232
 4704394
 4704550
 4704659
 4704691
 4704796
 4704940
 4704990
 4705048
 4705132
 4705156
 4705169
 4705236
 4705253
 4705314
 4705367
 4705499
 4705555
 4705598
 4705612
 4705651
 4705723
 4706016
 4706135
 4706255
 4706277
 4706416
 4706440
 4706463
 4706484
 4706842
 4706856
 4707018
 4707100
 4707190
 4707254
 4707296
 4707349
 4707363
 4707418
 4707501
 4707562
 4707748
 4708032
 4708067
 4708144
 4708363
 4708390
 4708440
 4708442
 4708571
 4708591
 4708616
 4708718
 4708739
 4708867
 4708961
 4709000
 4709060
 4709098
 4709390
 4709431
 4709444
 4709529
 4709575
 4709584
 4709601
 4709725
 4709759
 4709815
 4709908
 4709931
 4709948
 4710092
 4710101
 4710179
 4710506
 4710614
 4710653
 4710697
 4710963
 4711019
 4711028
 4711067
 4711112
 4711142
 4711414
 4711539
 4711674
 4711780
 4711853
 4711959
 4712138
 4712274
 4712388
 4712474
 4712531
 4712632
 4712693
 4712803
 4712898
 4713077
 4713259
 4713442
 4713541
 4713564
 4713631
 4713901
 4713907
 4714123
 4714283
 4714325
 4714564
 4715093
 4715157
 4715242
 4715369
 4715390
 4715469
 4715568
 4715920
 4716166
 4716518
 4716696
 4716930
 4717020
 4717160
 4717241
 4717253
 4717323
 4717442
 4717508
 4717549
 4717690
 4717861
 4718045
 4718152
 4718244
 4718389
 4718445
 4718461
 4718488
 4718654
 4718736
 4719020
 4719186
 4719404
 4719474
 4719591
 4719598
 4719618
 4719706
 4719787
 4719903
 4719956
 4719981
 4720169
 4720197
 4720327
 4720432
 4720569
 4720634
 4720671
 4720779
 4721205
 4721382
 4721401
 4721502
 4721543
 4721559
 4721662
 4722004
 4722122
 4722125
 4722360
 4722548
 4722671
 4722676
 4723033
 4723118
 4723145
 4723222
 4723236
 4723589
 4723762
 4723946
 4724219
 4724303
 4724312
 4724626
 4724627
 4724636
 4724768
 4724814
 4724830
 4724850
 4724924
 4724939
 4725130
 4725159
 4725252
 4725319
 4725478
 4725544
 4725645
 4725875
 4725899
 4725982
 4725986
 4726076
 4726109
 4726144
 4726196
 4726217
 4726292
 4726340
 4726412
 4726464
 4726506
 4726551
 4726563
 4726883
 4727044
 4727077
 4727183
 4727314
 4727356
 4727370
 4727446
 4727767
 4728023
 4728058
 4728188
 4728206
 4728218
 4728460
 4728939
 4729228
 4729248
 4729287
 4729381
 4729426
 4729469
 4729951
 4730308
 4730408
 4730457
 4730537
 4730732
 4730772
 4730782
 4730898
 4731409
 4731420
 4731523
 4731652
 4731865
 4732060
 4732080
 4732091
 4732092
 4732116
 4732177
 4732497
 4732539
 4732570
 4732587
 4732608
 4732632
 4732765
 4732833
 4732986
 4733326
 4733441
 4733512
 4733749
 4733765
 4733911
 4734152
 4734181
 4734267
 4734279
 4734304
 4734337
 4734469
 4734520
 4734648
 4735052
 4735095
 4735401
 4735409
 4735518
 4735622
 4735716
 4735750
 4735924
 4736194
 4736204
 4736405
 4736458
 4736532
 4736615
 4736639
 4736843
 4736921
 4737071
 4737105
 4737144
 4737213
 4737418
 4737474
 4737485
 4737686
 4737705
 4737766
 4737777
 4737843
 4738066
 4738169
 4738450
 4738460
 4738488
 4738510
 4738560
 4738735
 4738959
 4739037
 4739063
 4739184
 4739301
 4739315
 4739350
 4739434
 4739637
 4739856
 4739953
 4740032
 4740110
 4740179
 4740338
 4740478
 4740482
 4740523
 4740697
 4740753
 4740916
 4741101
 4741178
 4741239
 4741257
 4741294
 4741389
 4741573
 4741610
 4741639
 4741668
 4741673
 4741725
 4741726
 4741783
 4741832
 4741860
 4741877
 4741880
 4741955
 4742293
 4742319
 4742348
 4742448
 4742549
 4742552
 4742645
 4742699
 4742725
 4742752
 4742770
 4742914
 4743007
 4743027
 4743075
 4743147
 4743165
 4743254
 4743272
 4743341
 4743415
 4743495
 4743510
 4743548
 4743556
 4743561
 4743607
 4743760
 4743784
 4743803
 4744213
 4744325
 4744536
 4744591
 4744612
 4744655
 4744771
 4744776
 4744837
 4744906
 4744997
 4745202
 4745587
 4745595
 4745698
 4745701
 4745707
 4746053
 4746072
 4746108
 4746130
 4746193
 4746241
 4746271
 4746287
 4746345
 4746360
 4746376
 4746429
 4746500
 4746547
 4746634
 4746660
 4746778
 4746808
 4747190
 4747254
 4747323
 4747352
 4747423
 4747547
 4747562
 4747586
 4747872
 4748004
 4748152
 4748288
 4748512
 4748586
 4748640
 4748645
 4748676
 4749086
 4749128
 4749298
 4749305
 4749450
 4749823
 4749924
 4750322
 4750340
 4750359
 4750610
 4750671
 4750897
 4750952
 4751003
 4751055
 4751118
 4751195
 4751209
 4751227
 4751692
 4751757
 4751879
 4751916
 4751917
 4751996
 4752019
 4752165
 4752251
 4752434
 4752623
 4752701
 4752781
 4753115
 4753191
 4753323
 4753388
 4753601
 4753628
 4753789
 4754001
 4754020
 4754037
 4754073
 4754170
 4754202
 4754260
 4754265
 4754335
 4754470
 4754494
 4754569
 4754694
 4754761
 4754781
 4754796
 4755240
 4755261
 4755322
 4755404
 4755477
 4755584
 4755716
 4755909
 4755927
 4755989
 4756225
 4756363
 4756515
 4757048
 4757211
 4757492
 4757733
 4757750
 4757907
 4758014
 4758125
 4758192
 4758202
 4758218
 4758223
 4758318
 4758361
 4758597
 4759104
 4759151
 4759154
 4759463
 4759487
 4759510
 4759549
 4759584
 4759732
 4759853
 4759859
 4759901
 4759934
 4760124
 4760226
 4760285
 4760398
 4760517
 4760518
 4760677
 4760689
 4760725
 4760862
 4760869
 4761022
 4761055
 4761153
 4761178
 4761207
 4761209
 4761272
 4761313
 4761323
 4761504
 4761535
 4762044
 4762085
 4762090
 4762130
 4762171
 4762320
 4762359
 4762362
 4762527
 4762718
 4762725
 4762920
 4762931
 4762968
 4763110
 4763181
 4763183
 4763241
 4763349
 4763354
 4763363
 4763452
 4763516
 4763575
 4763582
 4763586
 4763659
 4763733
 4763789
 4764127
 4764131
 4764140
 4764231
 4764265
 4764324
 4764402
 4764411
 4764518
 4764538
 4764741
 4764852
 4764853
 4764876
 4764891
 4764991
 4765126
 4765168
 4765585
 4765727
 4765856
 4765962
 4765983
 4766012
 4766121
 4766130
 4766219
 4766227
 4766466
 4766674
 4766755
 4766774
 4767138
 4767215
 4767236
 4767373
 4767490
 4767650
 4767720
 4767889
 4767956
 4768154
 4768290
 4768497
 4768598
 4768704
 4768942
 4769047
 4769120
 4769188
 4769309
 4769444
 4769623
 4769654
 4769695
 4769898
 4769988
 4770052
 4770067
 4770112
 4770120
 4770208
 4770445
 4770572
 4770621
 4770655
 4770740
 4770762
 4770800
 4770882
 4770887
 4770953
 4770964
 4771003
 4771136
 4771398
 4771505
 4771586
 4771606
 4771647
 4771723
 4771799
 4771801
 4771818
 4771932
 4772024
 4772092
 4772454
 4772545
 4772570
 4772873
 4772982
 4773240
 4773288
 4773428
 4773456
 4773640
 4773912
 4774075
 4774427
 4774526
 4774587
 4774607
 4774715
 4774763
 4774833
 4774897
 4775001
 4775153
 4775180
 4775319
 4775423
 4775885
 4775904
 4775934
 4775979
 4776125
 4776229
 4776239
 4776286
 4776290
 4776416
 4776648
 4776686
 4776693
 4776860
 4776877
 4777412
 4777494
 4777585
 4777731
 4777945
 4778202
 4778353
 4778356
 4778419
 4778541
 4778544
 4778642
 4778730
 4778746
 4778839
 4778946
 4779309
 4779489
 4779582
 4779713
 4779730
 4779788
 4779900
 4779921
 4780074
 4780157
 4780184
 4780431
 4780482
 4780545
 4780672
 4780724
 4780953
 4781075
 4781209
 4781285
 4781320
 4781342
 4781384
 4781391
 4781443
 4781510
 4781587
 4781606
 4781655
 4781745
 4781755
 4781807
 4781911
 4781920
 4781960
 4781984
 4782127
 4782257
 4782471
 4782565
 4782643
 4782669
 4782679
 4782836
 4782852
 4783118
 4783364
 4783407
 4783461
 4783528
 4783565
 4783599
 4783940
 4784054
 4784109
 4784184
 4784275
 4784285
 4784543
 4784570
 4784629
 4784691
 4784750
 4784787
 4784876
 4785053
 4785106
 4785400
 4785612
 4785649
 4786217
 4786236
 4786331
 4786495
 4786555
 4786785
 4786789
 4786926
 4787008
 4787038
 4787044
 4787099
 4787463
 4787752
 4787853
 4787961
 4788147
 4788258
 4788355
 4788359
 4788423
 4788434
 4788543
 4788802
 4788804
 4788969
 4788979
 4789174
 4789193
 4789408
 4789526
 4789563
 4789691
 4789711
 4789800
 4789884
 4789905
 4789922
 4790110
 4790230
 4790232
 4790263
 4790276
 4790363
 4790429
 4790499
 4790618
 4790701
 4790717
 4790815
 4790899
 4790911
 4790990
 4791084
 4791203
 4791253
 4791316
 4791345
 4791359
 4791436
 4791556
 4791575
 4791778
 4791972
 4792090
 4792125
 4792145
 4792367
 4792400
 4792749
 4792800
 4792828
 4793152
 4793346
 4793360
 4793382
 4793457
 4793644
 4793676
 4793681
 4793690
 4793722
 4793728
 4793812
 4793849
 4793934
 4793948
 4793960
 4794013
 4794044
 4794180
 4794329
 4794408
 4794447
 4794742
 4794778
 4794806
 4794986
 4795073
 4795167
 4795590
 4795702
 4795848
 4796040
 4796046
 4796096
 4796135
 4796321
 4796365
 4796508
 4796596
 4796598
 4797135
 4797295
 4797362
 4797495
 4797587
 4797618
 4797730
 4798076
 4798143
 4798442
 4798536
 4798736
 4798896
 4798991
 4799066
 4799116
 4799304
 4799319
 4799524
 4799681
 4799877
 4799923
 4799966
 4800042
 4800131
 4800150
 4800194
 4800265
 4800270
 4800274
 4800370
 4800477
 4800587
 4800710
 4800762
 4800887
 4801043
 4801092
 4801283
 4801284
 4801345
 4801428
 4801512
 4801598
 4801815
 4801991
 4802084
 4802231
 4802306
 4802335
 4802336
 4802418
 4802593
 4802598
 4802637
 4802709
 4802865
 4802870
 4802890
 4803029
 4803297
 4803414
 4803492
 4803648
 4803816
 4803844
 4803953
 4804153
 4804223
 4804362
 4804376
 4804589
 4804675
 4804777
 4804910
 4805050
 4805053
 4805096
 4805258
 4805381
 4805406
 4805574
 4805663
 4805818
 4805929
 4806109
 4806314
 4806506
 4806539
 4806596
 4806613
 4807207
 4807480
 4807521
 4807606
 4807644
 4807775
 4807964
 4808113
 4808120
 4808200
 4808236
 4808239
 4808278
 4808395
 4808492
 4808607
 4808694
 4808879
 4808888
 4808903
 4809024
 4809220
 4809540
 4809599
 4809996
 4810062
 4810198
 4810226
 4810276
 4810485
 4810559
 4810562
 4810603
 4810684
 4810725
 4810830
 4810954
 4810957
 4811024
 4811127
 4811201
 4811229
 4811377
 4811502
 4811724
 4811743
 4811897
 4812070
 4812161
 4812182
 4812521
 4812560
 4812570
 4812575
 4812681
 4812752
 4812983
 4813051
 4813616
 4813643
 4813874
 4813966
 4813991
 4813996
 4814008
 4814067
 4814239
 4814447
 4814728
 4814820
 4814887
 4815035
 4815068
 4815126
 4815186
 4815397
 4815491
 4815510
 4815674
 4815742
 4815880
 4815978
 4816155
 4816219
 4816245
 4816246
 4816301
 4816308
 4816377
 4816414
 4816508
 4816589
 4816595
 4816709
 4817251
 4817272
 4817290
 4817387
 4817398
 4817430
 4817432
 4817493
 4817556
 4817642
 4817691
 4817766
 4817850
 4817973
 4818228
 4818233
 4818242
 4818267
 4818316
 4818568
 4818593
 4818634
 4818658
 4819034
 4819200
 4819223
 4819274
 4819324
 4819592
 4819596
 4819656
 4819854
 4819916
 4819941
 4819986
 4819994
 4820241
 4820320
 4820524
 4820620
 4820733
 4820851
 4820864
 4820924
 4820962
 4820969
 4821301
 4821326
 4821520
 4821820
 4821856
 4821969
 4822028
 4822043
 4822046
 4822138
 4822373
 4822395
 4822473
 4822487
 4822496
 4822559
 4822633
 4822793
 4822798
 4823215
 4823223
 4823472
 4823589
 4823633
 4823696
 4823725
 4823748
 4823788
 4823905
 4824016
 4824055
 4824083
 4824263
 4824377
 4824534
 4824618
 4825067
 4825105
 4825111
 4825187
 4825262
 4825304
 4825445
 4825470
 4825617
 4825641
 4825907
 4825949
 4825976
 4826105
 4826231
 4826232
 4826269
 4826327
 4826338
 4826428
 4826543
 4826584
 4826688
 4827061
 4827227
 4827282
 4827430
 4827439
 4827724
 4827802
 4827936
 4827974
 4828018
 4828097
 4828139
 4828228
 4828293
 4828587
 4828658
 4828778
 4828785
 4828943
 4828954
 4829095
 4829103
 4829354
 4829377
 4829420
 4829570
 4829659
 4829675
 4829930
 4830046
 4830153
 4830222
 4830237
 4830251
 4830368
 4830394
 4830902
 4830904
 4830913
 4830931
 4830951
 4831102
 4831122
 4831137
 4831259
 4831266
 4831311
 4831344
 4831352
 4831544
 4831976
 4831986
 4831987
 4832114
 4832127
 4832139
 4832193
 4832325
 4832415
 4832535
 4832544
 4832668
 4832733
 4832784
 4832828
 4832864
 4832985
 4833092
 4833313
 4833423
 4833552
 4833589
 4833658
 4833672
 4833735
 4833825
 4833847
 4834087
 4834099
 4834313
 4834332
 4834336
 4834534
 4834749
 4834795
 4834986
 4834995
 4835086
 4835185
 4835249
 4835324
 4835369
 4835533
 4835577
 4835593
 4835683
 4835711
 4835722
 4835741
 4835795
 4836421
 4836431
 4836455
 4836790
 4836831
 4837123
 4837147
 4837243
 4837597
 4837921
 4837971
 4838021
 4838270
 4838302
 4838375
 4838419
 4838601
 4838606
 4838642
 4838742
 4838791
 4838952
 4839205
 4839302
 4839306
 4839435
 4839438
 4839511
 4839610
 4839661
 4839677
 4839792
 4839911
 4839989
 4840078
 4840139
 4840360
 4840494
 4840561
 4840641
 4840961
 4840984
 4841188
 4841446
 4841792
 4841813
 4841839
 4841841
 4841878
 4841965
 4842027
 4842153
 4842203
 4842220
 4842269
 4842489
 4842535
 4842603
 4842720
 4842736
 4842787
 4842908
 4842951
 4842987
 4843015
 4843218
 4843321
 4843341
 4843510
 4843552
 4843623
 4843727
 4843739
 4843765
 4843819
 4843960
 4844069
 4844073
 4844318
 4844483
 4844514
 4844570
 4844822
 4844856
 4844921
 4844998
 4845007
 4845014
 4845095
 4845550
 4845565
 4845613
 4845639
 4845678
 4845797
 4845809
 4845855
 4846031
 4846070
 4846125
 4846222
 4846366
 4846412
 4846426
 4846442
 4846569
 4846650
 4846699
 4846792
 4846852
 4846855
 4847119
 4847185
 4847187
 4847223
 4847291
 4847365
 4847447
 4847493
 4847528
 4847551
 4847618
 4847685
 4848350
 4848396
 4848437
 4848457
 4848535
 4848667
 4848703
 4848829
 4848886
 4848901
 4848914
 4849005
 4849148
 4849553
 4849858
 4849871
 4849963
 4849965
 4850010
 4850092
 4850140
 4850207
 4850225
 4850495
 4850616
 4850624
 4850992
 4851031
 4851178
 4851270
 4851274
 4851339
 4851430
 4851537
 4851919
 4851967
 4852075
 4852151
 4852449
 4852508
 4852942
 4853012
 4853019
 4853058
 4853108
 4853139
 4853144
 4853189
 4853404
 4853479
 4853489
 4853537
 4853627
 4853771
 4853879
 4854019
 4854105
 4854361
 4854580
 4854672
 4854720
 4855476
 4855649
 4855687
 4855857
 4855901
 4856047
 4856095
 4856312
 4856416
 4856476
 4856545
 4856560
 4856566
 4856599
 4856756
 4856857
 4856997
 4856999
 4857163
 4857239
 4857282
 4857417
 4857424
 4857456
 4857499
 4857582
 4857611
 4857612
 4857636
 4857640
 4857872
 4857936
 4858147
 4858222
 4858283
 4858358
 4858369
 4858392
 4858459
 4858556
 4858683
 4859049
 4859128
 4859146
 4859338
 4859428
 4859434
 4859687
 4859776
 4859813
 4859891
 4859965
 4860159
 4860262
 4860396
 4860461
 4860511
 4860562
 4860751
 4860787
 4860802
 4860925
 4861017
 4861117
 4861294
 4861331
 4861353
 4861377
 4861480
 4861486
 4861644
 4861694
 4861722
 4861840
 4861933
 4862071
 4862140
 4862426
 4862597
 4862745
 4862822
 4862849
 4862917
 4863013
 4863033
 4863038
 4863067
 4863222
 4863322
 4863442
 4863507
 4863582
 4863634
 4863700
 4863763
 4863934
 4863944
 4864100
 4864155
 4864241
 4864259
 4864270
 4864337
 4864355
 4864385
 4864512
 4864533
 4864687
 4864712
 4864718
 4864750
 4864799
 4864801
 4864933
 4864966
 4865046
 4865333
 4865359
 4865360
 4865468
 4865523
 4865638
 4865863
 4865875
 4865891
 4865921
 4865928
 4866228
 4866251
 4866532
 4866691
 4866760
 4866866
 4866892
 4866912
 4867051
 4867090
 4867185
 4867329
 4867491
 4867495
 4867580
 4867637
 4867742
 4867768
 4867956
 4867971
 4868017
 4868073
 4868231
 4868250
 4868445
 4868542
 4868604
 4868690
 4868693
 4868736
 4868794
 4868818
 4868894
 4869300
 4869419
 4869472
 4869482
 4869500
 4869660
 4869718
 4869734
 4869840
 4869983
 4870022
 4870063
 4870136
 4870145
 4870272
 4870369
 4870377
 4870410
 4870470
 4870640
 4870673
 4870883
 4870916
 4871362
 4871364
 4871553
 4871570
 4871583
 4871728
 4871733
 4871766
 4871871
 4871937
 4871966
 4872153
 4872219
 4872343
 4872396
 4872399
 4872505
 4872513
 4872565
 4872616
 4872674
 4872730
 4873274
 4873357
 4873404
 4873412
 4873450
 4873699
 4873721
 4873880
 4873987
 4874084
 4874215
 4874223
 4874278
 4874488
 4874555
 4874597
 4874666
 4874702
 4874728
 4874998
 4875062
 4875074
 4875088
 4875092
 4875231
 4875289
 4875432
 4875435
 4875467
 4875581
 4875623
 4875641
 4875829
 4875834
 4875866
 4876079
 4876174
 4876183
 4876250
 4876327
 4876455
 4876513
 4876733
 4877120
 4877153
 4877211
 4877215
 4877406
 4877420
 4877589
 4877627
 4877669
 4877773
 4877904
 4877954
 4878053
 4878100
 4878192
 4878272
 4878369
 4878629
 4878678
 4878766
 4878769
 4878772
 4878814
 4878986
 4879093
 4879146
 4879266
 4879381
 4879450
 4879848
 4880318
 4880491
 4880569
 4880614
 4880742
 4880833
 4880834
 4880844
 4880848
 4880942
 4881021
 4881383
 4881384
 4881731
 4881883
 4881949
 4882104
 4882130
 4882226
 4882345
 4882422
 4882822
 4882919
 4882936
 4882969
 4883030
 4883061
 4883081
 4883179
 4883329
 4883404
 4883513
 4883517
 4883710
 4883839
 4883973
 4883996
 4884059
 4884322
 4884352
 4884814
 4884932
 4885213
 4885272
 4885412
 4885503
 4885556
 4885642
 4885659
 4885743
 4885857
 4885892
 4886006
 4886125
 4886137
 4886252
 4886270
 4886384
 4886423
 4886527
 4886529
 4886560
 4886667
 4886689
 4886719
 4886772
 4887039
 4887143
 4887233
 4887260
 4887323
 4887349
 4887472
 4887479
 4887482
 4887500
 4887594
 4887743
 4887752
 4887786
 4887805
 4887918
 4888013
 4888028
 4888117
 4888212
 4888228
 4888322
 4888357
 4888365
 4888459
 4889000
 4889012
 4889059
 4889067
 4889088
 4889240
 4889333
 4889340
 4889464
 4889658
 4889780
 4889956
 4890302
 4890315
 4890372
 4890433
 4890537
 4890652
 4890799
 4891027
 4891316
 4891365
 4891662
 4891771
 4891896
 4891997
 4892065
 4892164
 4892186
 4892545
 4892702
 4892733
 4892860
 4892889
 4893034
 4893140
 4893326
 4893410
 4893557
 4893715
 4893746
 4893947
 4894193
 4894410
 4894444
 4894495
 4894538
 4894703
 4894750
 4894753
 4894886
 4895069
 4895223
 4895297
 4895390
 4895607
 4895685
 4895843
 4895879
 4895895
 4895930
 4895989
 4896123
 4896188
 4896288
 4896516
 4896731
 4896818
 4896878
 4896909
 4897035
 4897095
 4897100
 4897144
 4897157
 4897219
 4897477
 4897795
 4897854
 4897900
 4898147
 4898149
 4898156
 4898252
 4898322
 4898364
 4898460
 4898488
 4898514
 4898540
 4898570
 4898573
 4898823
 4898945
 4899205
 4899262
 4899270
 4899302
 4899316
 4899361
 4899419
 4899510
 4899573
 4899666
 4899768
 4900070
 4900107
 4900211
 4900241
 4900354
 4900368
 4900471
 4900494
 4900537
 4900558
 4900578
 4900685
 4900686
 4900739
 4900814
 4900943
 4900945
 4900971
 4901183
 4901214
 4901617
 4901646
 4901873
 4901980
 4902055
 4902106
 4902206
 4902262
 4902442
 4902595
 4902865
 4903146
 4903383
 4903473
 4903575
 4903629
 4903665
 4903789
 4903815
 4903836
 4903932
 4904064
 4904235
 4904262
 4904341
 4904364
 4904382
 4904732
 4904858
 4904909
 4905348
 4905356
 4905380
 4905408
 4905482
 4905492
 4905903
 4905925
 4906082
 4906176
 4906215
 4906363
 4906388
 4906791
 4906883
 4907095
 4907108
 4907143
 4907260
 4907321
 4907364
 4907462
 4907909
 4908253
 4908412
 4908479
 4908503
 4908509
 4908574
 4908709
 4908912
 4909107
 4909155
 4909326
 4909505
 4909642
 4909696
 4909753
 4909777
 4909856
 4909955
 4909970
 4910020
 4910031
 4910179
 4910455
 4910675
 4910777
 4910974
 4911010
 4911028
 4911154
 4911185
 4911439
 4911511
 4911550
 4911607
 4911720
 4911867
 4912135
 4912150
 4912216
 4912220
 4912244
 4912398
 4912501
 4912517
 4912518
 4912538
 4912659
 4912700
 4912701
 4912770
 4912817
 4912853
 4912898
 4912924
 4913053
 4913066
 4913072
 4913079
 4913332
 4913393
 4913411
 4913465
 4913478
 4913543
 4913752
 4913801
 4914173
 4914197
 4914289
 4914315
 4914377
 4914382
 4914440
 4914707
 4914796
 4914826
 4914877
 4915018
 4915190
 4915258
 4915322
 4915396
 4915502
 4915528
 4915530
 4915533
 4915535
 4915615
 4915734
 4915799
 4915853
 4916002
 4916045
 4916294
 4916317
 4916545
 4916716
 4916741
 4916776
 4916798
 4917112
 4917201
 4917298
 4917397
 4917436
 4917444
 4917498
 4917558
 4917689
 4917740
 4917761
 4917970
 4918214
 4918234
 4918575
 4918620
 4918685
 4918692
 4918736
 4918958
 4918997
 4919059
 4919443
 4919615
 4919825
 4919867
 4920198
 4920237
 4920400
 4920470
 4920547
 4920794
 4920844
 4920908
 4921102
 4921116
 4921122
 4921378
 4921496
 4921537
 4921584
 4921860
 4922188
 4922231
 4922238
 4922367
 4922411
 4922555
 4922711
 4922838
 4922917
 4923073
 4923304
 4923544
 4923603
 4923637
 4923742
 4923883
 4923976
 4924067
 4924204
 4924219
 4924508
 4924659
 4924765
 4924915
 4925029
 4925030
 4925252
 4925276
 4925284
 4925424
 4925443
 4925511
 4925543
 4925878
 4925891
 4925933
 4926192
 4926802
 4926887
 4926891
 4926909
 4927050
 4927149
 4927217
 4927514
 4927614
 4927636
 4927767
 4928158
 4928644
 4928782
 4928808
 4928914
 4928962
 4929254
 4929257
 4929452
 4929520
 4929802
 4930051
 4930065
 4930081
 4930084
 4930228
 4930430
 4930472
 4930536
 4930661
 4930775
 4930966
 4931142
 4931173
 4931237
 4931409
 4931600
 4931634
 4931682
 4931725
 4931783
 4932029
 4932097
 4932484
 4932538
 4932729
 4932774
 4932850
 4932887
 4932901
 4933095
 4933159
 4933220
 4933377
 4933428
 4933510
 4933605
 4933619
 4933834
 4933847
 4933910
 4933937
 4934100
 4934123
 4934160
 4934172
 4934241
 4934298
 4934324
 4934385
 4934552
 4934763
 4934771
 4934835
 4934990
 4935008
 4935181
 4935276
 4935288
 4935302
 4935320
 4935378
 4935400
 4935587
 4935644
 4935783
 4935802
 4935956
 4936087
 4936126
 4936138
 4936177
 4936189
 4936201
 4936213
 4936280
 4936387
 4936470
 4936548
 4936646
 4936677
 4936797
 4936869
 4937098
 4937112
 4937145
 4937277
 4937303
 4937316
 4937378
 4937492
 4937592
 4937618
 4937688
 4937775
 4937871
 4937878
 4938050
 4938118
 4938201
 4938293
 4938349
 4938467
 4938480
 4938530
 4938865
 4938867
 4939132
 4939571
 4939638
 4939639
 4939647
 4939751
 4939857
 4940027
 4940139
 4940201
 4940362
 4940810
 4940834
 4941007
 4941183
 4941302
 4941693
 4941721
 4941785
 4941812
 4941925
 4941935
 4941994
 4942020
 4942026
 4942035
 4942129
 4942183
 4942291
 4942371
 4942873
 4942927
 4942948
 4943041
 4943219
 4943452
 4943534
 4943587
 4943828
 4943891
 4944036
 4944094
 4944215
 4944297
 4944331
 4944381
 4944449
 4944455
 4944464
 4944534
 4944624
 4944812
 4944822
 4944830
 4945023
 4945057
 4945111
 4945161
 4945168
 4945245
 4945309
 4945327
 4945338
 4945368
 4945370
 4945616
 4945703
 4945705
 4945732
 4945813
 4945912
 4946087
 4946179
 4946207
 4946274
 4946497
 4946579
 4946605
 4946687
 4946958
 4947108
 4947113
 4947133
 4947135
 4947163
 4947433
 4947476
 4947635
 4947683
 4947796
 4947860
 4948011
 4948012
 4948016
 4948186
 4948239
 4948289
 4948390
 4948400
 4948476
 4948575
 4948661
 4948728
 4948885
 4948949
 4949016
 4949059
 4949129
 4949265
 4949378
 4949457
 4949572
 4949600
 4949788
 4949855
 4949880
 4949882
 4949907
 4950141
 4950144
 4950212
 4950389
 4950399
 4950527
 4950617
 4950706
 4950728
 4950780
 4950905
 4950938
 4951001
 4951182
 4951556
 4951570
 4951595
 4951625
 4951674
 4951728
 4951786
 4951866
 4951954
 4952055
 4952059
 4952094
 4952106
 4952186
 4952243
 4952247
 4952267
 4952384
 4952403
 4952482
 4952531
 4952642
 4952685
 4952849
 4953020
 4953032
 4953054
 4953087
 4953189
 4953232
 4953342
 4953605
 4953636
 4953747
 4953870
 4953887
 4953938
 4953942
 4954083
 4954311
 4954566
 4954953
 4955009
 4955077
 4955497
 4955498
 4955540
 4955691
 4955795
 4955952
 4956002
 4956401
 4956468
 4956630
 4957074
 4957099
 4957138
 4957143
 4957526
 4957532
 4957544
 4957611
 4957613
 4957711
 4957764
 4957847
 4957960
 4958149
 4958167
 4958234
 4958406
 4958484
 4958490
 4958506
 4958519
 4958589
 4958641
 4958758
 4959274
 4959449
 4959561
 4959617
 4959624
 4959668
 4959719
 4959815
 4959858
 4960114
 4960310
 4960314
 4960651
 4960714
 4960790
 4960927
 4960936
 4961035
 4961443
 4961629
 4961655
 4961692
 4961792
 4961851
 4961891
 4961921
 4962130
 4962240
 4962274
 4962280
 4962483
 4962500
 4962589
 4962639
 4962723
 4962838
 4962864
 4963222
 4963238
 4963618
 4963680
 4963739
 4963804
 4964064
 4964240
 4964339
 4964564
 4965039
 4965133
 4965169
 4965170
 4965172
 4965291
 4965333
 4965356
 4965518
 4965543
 4965654
 4965694
 4965777
 4965830
 4965942
 4966107
 4966140
 4966165
 4966220
 4966447
 4966521
 4966577
 4966775
 4966832
 4966948
 4967051
 4967300
 4967302
 4967391
 4967428
 4967731
 4967939
 4968006
 4968078
 4968145
 4968285
 4968495
 4968779
 4968797
 4968833
 4969077
 4969129
 4969191
 4969303
 4969330
 4969536
 4969575
 4969632
 4969686
 4969691
 4969707
 4969916
 4970048
 4970104
 4970291
 4970517
 4970533
 4970578
 4970589
 4970595
 4970648
 4970725
 4971324
 4971350
 4971392
 4971429
 4971456
 4971576
 4971875
 4972089
 4972110
 4972284
 4972358
 4972404
 4973159
 4973175
 4973374
 4973405
 4973460
 4973481
 4973593
 4973620
 4973661
 4973668
 4973733
 4974026
 4974061
 4974326
 4974559
 4974725
 4974733
 4974755
 4974882
 4975188
 4975348
 4975402
 4975629
 4975756
 4975805
 4976121
 4976206
 4976299
 4976411
 4976655
 4976758
 4976771
 4976810
 4976856
 4977277
 4977516
 4977660
 4977838
 4977912
 4978088
 4978124
 4978223
 4978246
 4978261
 4978275
 4978338
 4978740
 4979034
 4979137
 4979151
 4979217
 4979383
 4979412
 4979480
 4979524
 4979847
 4979883
 4980030
 4980137
 4980265
 4980301
 4980474
 4980506
 4980543
 4980624
 4980872
 4981076
 4981146
 4981435
 4981455
 4981631
 4981691
 4981907
 4981991
 4982116
 4982177
 4982471
 4982521
 4982887
 4983124
 4983142
 4983274
 4983438
 4983445
 4983705
 4983844
 4984021
 4984031
 4984179
 4984238
 4984264
 4984479
 4984490
 4984548
 4984789
 4984851
 4984912
 4984944
 4985175
 4985349
 4985465
 4985476
 4985512
 4985643
 4985663
 4985854
 4985894
 4985898
 4985935
 4985982
 4986149
 4986210
 4986243
 4986296
 4986337
 4986397
 4986587
 4986752
 4986843
 4987033
 4987337
 4987364
 4987370
 4987429
 4987582
 4987848
 4987967
 4988189
 4988304
 4988310
 4988524
 4988897
 4989168
 4989275
 4989279
 4989356
 4989359
 4989376
 4989566
 4989592
 4989917
 4990007
 4990021
 4990106
 4990202
 4990208
 4990221
 4990236
 4990446
 4990602
 4990686
 4990855
 4990862
 4990863
 4990891
 4990914
 4990987
 4991146
 4991214
 4991299
 4991367
 4991426
 4991486
 4991697
 4991987
 4991997
 4992031
 4992062
 4992203
 4992247
 4992263
 4992395
 4992408
 4992414
 4992558
 4992623
 4992661
 4992730
 4992771
 4993033
 4993258
 4993553
 4993599
 4993712
 4993727
 4993936
 4993995
 4994080
 4994087
 4994091
 4994551
 4994635
 4994701
 4994789
 4994832
 4995095
 4995100
 4995179
 4995381
 4995386
 4995399
 4995418
 4995955
 4995979
 4996090
 4996252
 4996302
 4996337
 4996503
 4996563
 4996682
 4996819
 4996947
 4996959
 4997071
 4997170
 4997195
 4997296
 4997536
 4997652
 4997749
 4997905
 4998035
 4998087
 4998098
 4998110
 4998258
 4998300
 4998388
 4998405
 4998422
 4998453
 4998519
 4998793
 4998834
 4998887
 4999010
 4999115
 4999245
 4999531
 4999577
 4999639
 4999660
 4999840
 5000196
 5000354
 5000448
 5000477
 5000573
 5000614
 5000652
 5000761
 5000821
 5000970
 5001278
 5001315
 5001335
 5001424
 5001505
 5001538
 5001554
 5001623
 5001698
 5001704
 5001870
 5001933
 5001942
 5001958
 5002026
 5002051
 5002143
 5002176
 5002211
 5002346
 5002373
 5002462
 5002482
 5002627
 5002978
 5003057
 5003281
 5003344
 5003364
 5003555
 5003601
 5003724
 5003729
 5003799
 5003838
 5003941
 5004017
 5004063
 5004079
 5004202
 5004238
 5004317
 5004622
 5004709
 5004751
 5005143
 5005291
 5005429
 5005518
 5005596
 5005863
 5005964
 5006012
 5006234
 5006396
 5006409
 5006642
 5006683
 5006774
 5006907
 5007134
 5007149
 5007415
 5007468
 5007553
 5007556
 5007568
 5007634
 5007712
 5007763
 5007799
 5007888
 5008124
 5008176
 5008205
 5008397
 5008529
 5008571
 5008591
 5008747
 5008770
 5008774
 5008792
 5008913
 5008924
 5008974
 5009023
 5009027
 5009065
 5009165
 5009385
 5009408
 5009430
 5009559
 5009568
 5009641
 5009862
 5009930
 5009956
 5010114
 5010325
 5010346
 5010383
 5010425
 5010599
 5010638
 5010681
 5011223
 5011234
 5011241
 5011430
 5011632
 5011731
 5011802
 5011943
 5012237
 5012300
 5012433
 5012585
 5012691
 5012831
 5012979
 5012997
 5013113
 5013235
 5013315
 5013443
 5013608
 5013702
 5013745
 5013889
 5013924
 5014089
 5014182
 5014281
 5014312
 5014511
 5014569
 5014632
 5014699
 5014819
 5014827
 5014878
 5014943
 5014998
 5015013
 5015014
 5015072
 5015157
 5015178
 5015263
 5015370
 5015576
 5015581
 5015599
 5015600
 5015640
 5015816
 5015820
 5015968
 5015978
 5016095
 5016153
 5016309
 5016515
 5016527
 5016643
 5016822
 5016884
 5016901
 5016983
 5017024
 5017158
 5017271
 5017314
 5017372
 5017447
 5017459
 5017636
 5017795
 5017968
 5018129
 5018287
 5018458
 5018484
 5018559
 5018584
 5018630
 5018653
 5018739
 5018804
 5018867
 5019339
 5019516
 5019529
 5019581
 5019628
 5019794
 5019837
 5019873
 5019881
 5019995
 5020088
 5020188
 5020195
 5020386
 5020421
 5020605
 5020684
 5020685
 5020735
 5020914
 5020952
 5021094
 5021536
 5021633
 5021717
 5021844
 5021926
 5022025
 5022149
 5022212
 5022253
 5022296
 5022527
 5022555
 5022653
 5022698
 5022717
 5022727
 5022997
 5023044
 5023189
 5023310
 5023460
 5023582
 5023655
 5023683
 5023763
 5023948
 5024065
 5024175
 5024678
 5024691
 5024781
 5024937
 5024969
 5025157
 5025182
 5025256
 5025332
 5025377
 5025446
 5025467
 5025497
 5025513
 5025533
 5025607
 5025635
 5025911
 5026036
 5026072
 5026207
 5026211
 5026226
 5026728
 5026829
 5026946
 5026988
 5027036
 5027082
 5027307
 5027332
 5027397
 5027567
 5027674
 5027882
 5027992
 5028130
 5028285
 5028588
 5028878
 5029052
 5029098
 5029141
 5029459
 5029516
 5029524
 5029716
 5029822
 5030068
 5030351
 5030429
 5030432
 5030745
 5030867
 5030875
 5030948
 5031082
 5031089
 5031223
 5031505
 5031872
 5031888
 5031939
 5032127
 5032179
 5032217
 5032299
 5032444
 5032571
 5032594
 5032619
 5032669
 5032693
 5032745
 5032866
 5033025
 5033080
 5033198
 5033350
 5033693
 5033939
 5033944
 5034024
 5034063
 5034090
 5034253
 5034325
 5034360
 5034504
 5034565
 5034612
 5034749
 5035182
 5035326
 5035330
 5035388
 5035472
 5035642
 5035697
 5035702
 5035713
 5035927
 5036045
 5036080
 5036106
 5036131
 5036208
 5036624
 5036642
 5036704
 5036755
 5036822
 5036901
 5036938
 5036942
 5037038
 5037085
 5037150
 5037213
 5037246
 5037261
 5037319
 5037382
 5037483
 5037493
 5037662
 5037672
 5037773
 5037783
 5037989
 5038002
 5038079
 5038242
 5038284
 5038459
 5038471
 5038498
 5038560
 5038623
 5038652
 5038948
 5039075
 5039191
 5039332
 5039370
 5039570
 5039880
 5039891
 5039898
 5039908
 5039988
 5039996
 5040049
 5040218
 5040234
 5040320
 5040338
 5040358
 5040373
 5040495
 5040940
 5041095
 5041119
 5041125
 5041128
 5041231
 5041313
 5041443
 5041542
 5041589
 5041708
 5041748
 5041852
 5042037
 5042155
 5042203
 5042208
 5042216
 5042223
 5042492
 5042499
 5042917
 5043123
 5043216
 5043532
 5043593
 5043824
 5043854
 5044026
 5044179
 5044199
 5044317
 5044540
 5044554
 5044838
 5045090
 5045224
 5045298
 5045305
 5045329
 5045351
 5045519
 5045533
 5045685
 5045850
 5045875
 5045928
 5045929
 5045962
 5046090
 5046200
 5046295
 5046311
 5046316
 5046382
 5046411
 5046428
 5046431
 5046498
 5046539
 5046561
 5046753
 5046776
 5046882
 5046898
 5046915
 5046963
 5046966
 5047065
 5047107
 5047367
 5047498
 5047502
 5047751
 5048095
 5048180
 5048213
 5048379
 5048396
 5048444
 5048474
 5048584
 5048609
 5048663
 5048986
 5048989
 5049098
 5049162
 5049327
 5049465
 5049549
 5049822
 5049841
 5049913
 5049958
 5050131
 5050342
 5050380
 5050401
 5050404
 5050563
 5050651
 5050673
 5050795
 5050813
 5050856
 5050871
 5050938
 5050943
 5051147
 5051281
 5051393
 5051533
 5051736
 5051804
 5052060
 5052102
 5052116
 5052154
 5052220
 5052408
 5052411
 5052424
 5052646
 5052661
 5052766
 5052812
 5052939
 5053028
 5053134
 5053225
 5053331
 5053489
 5053598
 5053725
 5053939
 5054176
 5054218
 5054238
 5054277
 5054345
 5054348
 5054376
 5054497
 5054510
 5054549
 5054705
 5054947
 5054970
 5055104
 5055106
 5055121
 5055196
 5055463
 5055485
 5055529
 5055663
 5055800
 5055859
 5055885
 5055986
 5056105
 5056130
 5056185
 5056193
 5056494
 5056504
 5056641
 5056754
 5056756
 5057095
 5057219
 5057302
 5057334
 5057372
 5057411
 5057445
 5057485
 5057673
 5057739
 5057741
 5057791
 5057982
 5058370
 5058623
 5058666
 5058764
 5058781
 5058880
 5059160
 5059444
 5059458
 5059500
 5059647
 5059685
 5059713
 5059815
 5059828
 5059895
 5059902
 5060051
 5060227
 5060239
 5060312
 5060535
 5060653
 5060862
 5060878
 5060923
 5060962
 5060976
 5061054
 5061249
 5061403
 5061440
 5061515
 5061648
 5061661
 5061790
 5062096
 5062112
 5062144
 5062190
 5062319
 5062469
 5062485
 5062583
 5062602
 5062709
 5062716
 5062799
 5062913
 5063109
 5063171
 5063189
 5063192
 5063204
 5063311
 5063585
 5063649
 5063827
 5063958
 5064058
 5064110
 5064201
 5064367
 5065045
 5065158
 5065304
 5065325
 5065327
 5065328
 5065435
 5065643
 5065922
 5065987
 5066213
 5066234
 5066432
 5066581
 5066615
 5066663
 5066712
 5066778
 5066780
 5067082
 5067208
 5067254
 5067348
 5067406
 5067409
 5067482
 5067572
 5067678
 5067884
 5067891
 5067959
 5068069
 5068263
 5068288
 5068302
 5068404
 5068623
 5068711
 5068753
 5068890
 5068911
 5068960
 5068964
 5069008
 5069009
 5069103
 5069122
 5069135
 5069159
 5069160
 5069223
 5069444
 5069455
 5069459
 5070031
 5070066
 5070098
 5070202
 5070316
 5070388
 5070414
 5070430
 5070654
 5070676
 5071014
 5071152
 5071227
 5071235
 5071378
 5071542
 5071673
 5071762
 5071763
 5071856
 5072101
 5072338
 5072788
 5073054
 5073110
 5073314
 5073345
 5073369
 5073435
 5073672
 5073846
 5074306
 5074752
 5074769
 5074774
 5074817
 5075013
 5075071
 5075409
 5075683
 5075750
 5075807
 5075969
 5076119
 5076157
 5076276
 5076339
 5076635
 5076640
 5076675
 5076685
 5076735
 5076754
 5076786
 5076897
 5077104
 5077195
 5077291
 5077303
 5077306
 5077500
 5077577
 5077705
 5077780
 5077845
 5077944
 5077970
 5078040
 5078090
 5078362
 5078371
 5078402
 5078508
 5078535
 5078638
 5078641
 5078747
 5078805
 5079062
 5079119
 5079225
 5079229
 5079320
 5079381
 5079443
 5079459
 5079605
 5079831
 5079873
 5079882
 5079953
 5079958
 5080007
 5080283
 5080350
 5080461
 5080613
 5080615
 5080831
 5080884
 5080945
 5081140
 5081344
 5081420
 5081733
 5081798
 5081856
 5081865
 5081932
 5082017
 5082025
 5082031
 5082101
 5082135
 5082252
 5082433
 5082569
 5082608
 5082733
 5082892
 5082903
 5083115
 5083127
 5083130
 5083497
 5083514
 5083519
 5083526
 5083572
 5083666
 5083673
 5083681
 5083796
 5083849
 5083861
 5083882
 5083886
 5084164
 5084326
 5084328
 5084339
 5084380
 5084418
 5084581
 5084614
 5085034
 5085055
 5085091
 5085128
 5085143
 5085168
 5085240
 5085260
 5085492
 5085642
 5085995
 5086013
 5086125
 5086248
 5086299
 5086482
 5086489
 5086564
 5086603
 5086631
 5086711
 5086797
 5087117
 5087161
 5087204
 5087317
 5087404
 5087525
 5087850
 5088024
 5088032
 5088374
 5088417
 5088651
 5088717
 5088756
 5088865
 5088893
 5088963
 5089017
 5089193
 5089370
 5089574
 5089589
 5089882
 5090002
 5090064
 5090141
 5090178
 5090213
 5090298
 5090514
 5090626
 5090736
 5090773
 5090800
 5090955
 5090997
 5091013
 5091167
 5091503
 5091570
 5091775
 5091792
 5091856
 5091857
 5091867
 5091872
 5091919
 5091946
 5092274
 5092330
 5092405
 5092437
 5092454
 5092539
 5093162
 5093175
 5093380
 5093495
 5093550
 5093725
 5093940
 5094025
 5094060
 5094064
 5094110
 5094119
 5094185
 5094376
 5094420
 5094620
 5094857
 5094978
 5095023
 5095076
 5095238
 5095436
 5095461
 5095477
 5095556
 5095659
 5095664
 5095733
 5096213
 5096330
 5096386
 5096579
 5096743
 5096834
 5096854
 5096882
 5097387
 5097528
 5097701
 5097868
 5097871
 5098033
 5098073
 5098211
 5098219
 5098326
 5098651
 5098705
 5098790
 5098813
 5098835
 5098841
 5098875
 5098953
 5099043
 5099127
 5099581
 5099599
 5099798
 5099932
 5099938
 5099979
 5100025
 5100038
 5100108
 5100192
 5100211
 5100262
 5100282
 5100297
 5100326
 5100456
 5100480
 5100548
 5100553
 5100622
 5100719
 5100978
 5101263
 5101305
 5101341
 5101343
 5101367
 5101398
 5101420
 5101537
 5101631
 5101682
 5101728
 5101735
 5101846
 5102230
 5102275
 5102488
 5102544
 5102565
 5102713
 5102749
 5102764
 5102955
 5103172
 5103223
 5103289
 5103397
 5103438
 5103488
 5103542
 5103577
 5103964
 5104028
 5104040
 5104047
 5104142
 5104186
 5104203
 5104518
 5104645
 5104698
 5104706
 5104816
 5105126
 5105127
 5105222
 5105308
 5105346
 5105579
 5105598
 5105736
 5105927
 5106061
 5106213
 5106216
 5106281
 5106309
 5106536
 5106609
 5106704
 5106882
 5107035
 5107314
 5107526
 5107541
 5107679
 5107882
 5107885
 5107969
 5108121
 5108198
 5108287
 5108398
 5108959
 5108961
 5108974
 5109121
 5109244
 5109307
 5109358
 5109415
 5109422
 5109476
 5109594
 5109927
 5110043
 5110081
 5110107
 5110264
 5110312
 5110509
 5110654
 5110684
 5110770
 5110868
 5110877
 5110935
 5111065
 5111134
 5111437
 5111441
 5111708
 5111872
 5111903
 5112026
 5112057
 5112180
 5112211
 5112295
 5112380
 5112571
 5112747
 5112790
 5112819
 5112970
 5113099
 5113208
 5113232
 5113399
 5113469
 5113491
 5113584
 5113972
 5114127
 5114131
 5114350
 5114365
 5114478
 5114606
 5114818
 5115055
 5115112
 5115176
 5115247
 5115291
 5115335
 5115604
 5115612
 5115673
 5115810
 5115887
 5115975
 5116116
 5116207
 5116231
 5116383
 5116474
 5116597
 5116959
 5117274
 5117415
 5117790
 5117792
 5117872
 5117932
 5118020
 5118053
 5118270
 5118362
 5118410
 5118562
 5118635
 5118637
 5118741
 5118757
 5118793
 5118899
 5118905
 5119066
 5119117
 5119370
 5119547
 5119646
 5119668
 5119682
 5119715
 5119781
 5119785
 5119793
 5119995
 5120092
 5120144
 5120182
 5120184
 5120465
 5120579
 5120606
 5120626
 5120755
 5120756
 5120808
 5120888
 5120918
 5121028
 5121043
 5121061
 5121205
 5121387
 5121447
 5121485
 5121582
 5121672
 5121702
 5121894
 5122310
 5122684
 5122760
 5122923
 5123063
 5123321
 5123560
 5123609
 5123773
 5123821
 5123990
 5124045
 5124119
 5124121
 5124469
 5124493
 5124521
 5124599
 5124604
 5124637
 5124707
 5124775
 5124933
 5125097
 5125157
 5125183
 5125219
 5125440
 5125587
 5125704
 5125712
 5125794
 5125849
 5125875
 5125881
 5126055
 5126058
 5126217
 5126381
 5126519
 5126560
 5126695
 5126748
 5126777
 5126930
 5126978
 5127170
 5127201
 5127252
 5127275
 5127285
 5127314
 5127335
 5127378
 5127387
 5127396
 5127490
 5127564
 5127671
 5127741
 5127841
 5128108
 5128157
 5128250
 5128311
 5128416
 5128524
 5128527
 5128588
 5128591
 5128628
 5128662
 5128694
 5128722
 5128760
 5128767
 5128807
 5128867
 5128946
 5128953
 5129000
 5129228
 5129414
 5129547
 5129710
 5129718
 5129903
 5129945
 5130010
 5130025
 5130128
 5130205
 5130319
 5130347
 5130411
 5130473
 5130477
 5130591
 5130717
 5130741
 5131169
 5131191
 5131329
 5131359
 5131412
 5131532
 5131610
 5131611
 5131614
 5131781
 5131803
 5131847
 5131926
 5132021
 5132025
 5132163
 5132182
 5132209
 5132264
 5132309
 5132372
 5132378
 5132504
 5132516
 5132646
 5132827
 5132931
 5132987
 5133102
 5133141
 5133160
 5133261
 5133388
 5133762
 5133849
 5133984
 5133996
 5134010
 5134081
 5134125
 5134159
 5134177
 5134344
 5134379
 5134665
 5134755
 5134837
 5134973
 5135006
 5135037
 5135051
 5135091
 5135109
 5135219
 5135232
 5135419
 5135595
 5135614
 5135711
 5135817
 5136068
 5136167
 5136172
 5136204
 5136354
 5136370
 5136374
 5136408
 5136487
 5136570
 5136717
 5136986
 5137005
 5137206
 5137217
 5137284
 5137466
 5137503
 5137520
 5137948
 5137955
 5137992
 5138244
 5138684
 5138860
 5138907
 5139045
 5139170
 5139308
 5139330
 5139518
 5139570
 5139603
 5139706
 5139781
 5139897
 5139984
 5140065
 5140072
 5140159
 5140305
 5140821
 5140857
 5141084
 5141260
 5141484
 5141508
 5141894
 5141937
 5141943
 5142029
 5142166
 5142395
 5142427
 5142485
 5142538
 5142580
 5142678
 5142770
 5142885
 5142916
 5143009
 5143253
 5143356
 5143522
 5143690
 5143769
 5143972
 5144016
 5144028
 5144029
 5144074
 5144312
 5144329
 5144412
 5144490
 5144767
 5145113
 5145161
 5145199
 5145345
 5145450
 5145703
 5145708
 5145769
 5145794
 5145849
 5145877
 5145964
 5146071
 5146104
 5146219
 5146271
 5146397
 5146476
 5146535
 5146569
 5146735
 5146737
 5146827
 5146921
 5147097
 5147292
 5147348
 5147392
 5147474
 5147719
 5147772
 5147978
 5148173
 5148375
 5148387
 5148501
 5148522
 5148969
 5149028
 5149058
 5149198
 5149418
 5149599
 5149730
 5149742
 5149839
 5149987
 5150135
 5150358
 5150472
 5150540
 5150669
 5150766
 5150815
 5150843
 5150878
 5150888
 5150910
 5151015
 5151021
 5151095
 5151205
 5151363
 5151424
 5151594
 5151606
 5151627
 5151674
 5151733
 5151785
 5151886
 5152000
 5152216
 5152231
 5152285
 5152331
 5152462
 5152603
 5152769
 5152783
 5152834
 5152852
 5152861
 5152875
 5152920
 5153171
 5153209
 5153215
 5153220
 5153241
 5153422
 5153438
 5153577
 5153589
 5153656
 5153900
 5153936
 5153956
 5154081
 5154215
 5154220
 5154325
 5154693
 5154993
 5155140
 5155408
 5155440
 5155468
 5155504
 5155788
 5155898
 5155971
 5156023
 5156105
 5156152
 5156261
 5156312
 5156334
 5156448
 5156570
 5156639
 5156695
 5156946
 5157050
 5157173
 5157179
 5157235
 5157353
 5157510
 5157575
 5157619
 5157702
 5157704
 5158032
 5158037
 5158232
 5158384
 5158477
 5158592
 5158657
 5158665
 5158731
 5158932
 5159116
 5159332
 5159363
 5159417
 5159551
 5159596
 5159808
 5159883
 5160300
 5160678
 5160833
 5161001
 5161066
 5161092
 5161350
 5161450
 5161477
 5161688
 5161710
 5161731
 5162066
 5162107
 5162168
 5162169
 5162229
 5162275
 5162361
 5162557
 5162582
 5162718
 5162801
 5162814
 5162899
 5163087
 5163173
 5163235
 5163431
 5163502
 5163536
 5163599
 5163657
 5163732
 5163899
 5164026
 5164102
 5164127
 5164244
 5164338
 5164427
 5164533
 5164730
 5164757
 5164776
 5165036
 5165066
 5165128
 5165356
 5165610
 5165806
 5165870
 5165942
 5165948
 5165956
 5165966
 5166111
 5166116
 5166456
 5166477
 5166606
 5166840
 5166845
 5167217
 5167264
 5167339
 5167442
 5167461
 5167491
 5167588
 5167906
 5168025
 5168119
 5168166
 5168171
 5168178
 5168247
 5168303
 5168458
 5168494
 5168532
 5168639
 5168881
 5169090
 5169110
 5169175
 5169243
 5169258
 5169291
 5169400
 5169468
 5169487
 5169540
 5169551
 5169590
 5169723
 5169779
 5169874
 5170159
 5170187
 5170226
 5170239
 5170286
 5170318
 5170712
 5170798
 5170924
 5170928
 5171021
 5171064
 5171204
 5171251
 5171643
 5171661
 5171741
 5171837
 5171900
 5171938
 5171984
 5172141
 5172241
 5172291
 5172315
 5172342
 5172376
 5172563
 5172593
 5172686
 5172716
 5172753
 5173105
 5173138
 5173209
 5173370
 5173553
 5173862
 5173888
 5173892
 5173916
 5174022
 5174032
 5174071
 5174171
 5174289
 5174405
 5174477
 5174488
 5174956
 5175127
 5175249
 5175306
 5175311
 5175516
 5175618
 5175747
 5175898
 5175899
 5175996
 5175997
 5176083
 5176140
 5176346
 5176420
 5176630
 5176750
 5176885
 5176911
 5176913
 5176920
 5176969
 5177022
 5177049
 5177273
 5177380
 5177387
 5177491
 5177757
 5177850
 5177853
 5177911
 5177997
 5178084
 5178552
 5178684
 5178724
 5178964
 5179170
 5179172
 5179399
 5179522
 5179555
 5179687
 5179782
 5180107
 5180121
 5180207
 5180278
 5180571
 5180673
 5180799
 5181061
 5181184
 5181221
 5181288
 5181540
 5182111
 5182145
 5182322
 5182421
 5182446
 5182534
 5182871
 5182994
 5183028
 5183061
 5183110
 5183128
 5183284
 5183310
 5183586
 5183622
 5183723
 5184084
 5184265
 5184378
 5184424
 5184466
 5184532
 5184738
 5184862
 5184893
 5185160
 5185205
 5185295
 5185372
 5185511
 5185525
 5185899
 5185904
 5185922
 5185930
 5186028
 5186049
 5186181
 5186223
 5186273
 5186305
 5186441
 5186541
 5186553
 5186841
 5187003
 5187061
 5187214
 5187230
 5187607
 5187713
 5187775
 5187791
 5187872
 5187933
 5187934
 5187995
 5188108
 5188390
 5188488
 5188499
 5188500
 5188670
 5188700
 5189020
 5189054
 5189062
 5189222
 5189409
 5189538
 5189583
 5189673
 5189683
 5189933
 5189966
 5190115
 5190268
 5190379
 5190480
 5190560
 5190627
 5190691
 5190752
 5190886
 5190907
 5191003
 5191166
 5191270
 5191504
 5191569
 5191635
 5191665
 5191679
 5191829
 5191866
 5191883
 5191927
 5192090
 5192268
 5192299
 5192509
 5192601
 5192627
 5192838
 5192852
 5192943
 5193004
 5193010
 5193090
 5193101
 5193499
 5193675
 5193691
 5193692
 5194069
 5194121
 5194145
 5194548
 5194598
 5194721
 5194802
 5194847
 5195051
 5195072
 5195201
 5195262
 5195367
 5195451
 5195518
 5195579
 5195647
 5195653
 5195755
 5195794
 5195915
 5196128
 5196185
 5196215
 5196261
 5196319
 5196328
 5196563
 5196572
 5196612
 5196640
 5196926
 5196996
 5197113
 5197214
 5197243
 5197256
 5197314
 5197502
 5197632
 5197702
 5197721
 5197764
 5197770
 5197931
 5198183
 5198459
 5198591
 5198635
 5198723
 5198913
 5198925
 5199177
 5199250
 5199587
 5199660
 5199673
 5199707
 5200070
 5200083
 5200425
 5200684
 5200740
 5200741
 5200745
 5200762
 5200867
 5201460
 5201505
 5201817
 5201855
 5201868
 5201877
 5202194
 5202361
 5202425
 5202441
 5202493
 5202699
 5202871
 5202886
 5202900
 5202991
 5203019
 5203063
 5203102
 5203488
 5203599
 5203621
 5203705
 5204168
 5204180
 5204181
 5204268
 5204270
 5204433
 5204460
 5204806
 5204832
 5204995
 5205147
 5205219
 5205277
 5205360
 5205390
 5205428
 5205458
 5205462
 5205764
 5205781
 5205791
 5206088
 5206143
 5206160
 5206162
 5206188
 5206199
 5206397
 5206638
 5206645
 5206686
 5206741
 5206802
 5206807
 5206866
 5206917
 5206963
 5207044
 5207090
 5207121
 5207180
 5207248
 5207822
 5207912
 5208018
 5208057
 5208097
 5208158
 5208202
 5208404
 5208477
 5208563
 5208795
 5208930
 5208963
 5209128
 5209162
 5209215
 5209306
 5209741
 5209749
 5209776
 5209810
 5209927
 5209935
 5210044
 5210087
 5210126
 5210149
 5210301
 5210324
 5210593
 5210905
 5210955
 5210962
 5211132
 5211411
 5211530
 5211697
 5211802
 5211888
 5211934
 5211958
 5212237
 5212266
 5212310
 5212411
 5212444
 5212535
 5212716
 5212862
 5212917
 5212989
 5213175
 5213197
 5213223
 5213472
 5213473
 5213530
 5213684
 5213759
 5213790
 5213828
 5213887
 5213907
 5213942
 5213985
 5214121
 5214142
 5214146
 5214150
 5214265
 5214271
 5214455
 5214509
 5214606
 5214643
 5214778
 5214800
 5214841
 5214878
 5214897
 5215003
 5215050
 5215238
 5215307
 5215381
 5215529
 5215604
 5215641
 5215643
 5215653
 5215663
 5215743
 5216036
 5216163
 5216480
 5216759
 5216776
 5216837
 5216863
 5216909
 5216930
 5216936
 5217221
 5217359
 5217362
 5217579
 5217745
 5217866
 5217871
 5218248
 5218306
 5218349
 5218365
 5218604
 5218665
 5218681
 5218877
 5218895
 5218993
 5219088
 5219172
 5219319
 5219477
 5219497
 5219675
 5219755
 5219764
 5219858
 5219888
 5220046
 5220106
 5220127
 5220391
 5220412
 5220474
 5220542
 5220718
 5220859
 5220971
 5221013
 5221019
 5221165
 5221181
 5221255
 5221296
 5221571
 5221708
 5222251
 5222328
 5222432
 5222581
 5222591
 5222598
 5222830
 5223106
 5223195
 5223404
 5223441
 5223540
 5223617
 5223648
 5223796
 5223891
 5224168
 5224247
 5224341
 5224601
 5224756
 5224776
 5224980
 5225041
 5225071
 5225115
 5225167
 5225182
 5225190
 5225327
 5225351
 5225440
 5225494
 5225582
 5225585
 5225602
 5225733
 5225734
 5225797
 5225890
 5225934
 5226338
 5226492
 5226546
 5226632
 5226920
 5227016
 5227017
 5227239
 5227259
 5227414
 5227540
 5227548
 5227713
 5227803
 5228169
 5228224
 5228416
 5228450
 5228525
 5228657
 5228677
 5228761
 5229137
 5229412
 5229561
 5229676
 5229854
 5229889
 5229893
 5229939
 5229967
 5230006
 5230029
 5230060
 5230099
 5230217
 5230472
 5230657
 5230671
 5230789
 5230880
 5230957
 5230959
 5231155
 5231159
 5231180
 5231395
 5231457
 5231492
 5231583
 5231837
 5231856
 5231978
 5232159
 5232197
 5232260
 5232285
 5232536
 5232642
 5232647
 5232761
 5232806
 5232885
 5233349
 5233520
 5233605
 5233668
 5233678
 5233765
 5233876
 5233981
 5234014
 5234444
 5234461
 5234564
 5234791
 5234914
 5234920
 5234979
 5235337
 5235662
 5235718
 5235744
 5235784
 5235810
 5236020
 5236116
 5236320
 5236369
 5236437
 5236593
 5236683
 5236789
 5236994
 5237079
 5237138
 5237302
 5237329
 5237407
 5237428
 5237519
 5237533
 5237664
 5237682
 5237687
 5237969
 5237994
 5238058
 5238138
 5238150
 5238185
 5238303
 5238445
 5238463
 5238473
 5238762
 5239128
 5239319
 5239349
 5239479
 5239540
 5239598
 5239636
 5239713
 5239848
 5239928
 5239960
 5240063
 5240258
 5240501
 5240511
 5240683
 5240723
 5240775
 5240787
 5240852
 5240866
 5241020
 5241176
 5241322
 5241375
 5241631
 5241715
 5241831
 5241847
 5241890
 5241911
 5242069
 5242558
 5242668
 5242710
 5242782
 5242922
 5243044
 5243232
 5243258
 5243283
 5243317
 5243322
 5243417
 5243441
 5243563
 5243697
 5243710
 5243769
 5243985
 5243997
 5244051
 5244127
 5244206
 5244242
 5244262
 5244307
 5244510
 5244790
 5244931
 5245222
 5245252
 5245284
 5245292
 5245298
 5245400
 5245471
 5245611
 5245653
 5245691
 5245917
 5245992
 5246012
 5246025
 5246173
 5246267
 5246373
 5246415
 5246433
 5246527
 5246528
 5246640
 5246773
 5246877
 5247002
 5247030
 5247040
 5247067
 5247109
 5247319
 5247320
 5247335
 5247389
 5247418
 5247635
 5248094
 5248104
 5248295
 5248310
 5248337
 5248599
 5248629
 5248690
 5248871
 5248924
 5248990
 5249131
 5249180
 5249239
 5249258
 5249363
 5249373
 5249374
 5249403
 5249405
 5249444
 5249475
 5249483
 5249833
 5249841
 5249980
 5250043
 5250118
 5250135
 5250331
 5250443
 5250764
 5250806
 5250908
 5251005
 5251055
 5251126
 5251278
 5251283
 5251543
 5251618
 5251637
 5251666
 5251683
 5251765
 5251806
 5251981
 5252013
 5252018
 5252088
 5252125
 5252138
 5252152
 5252177
 5252232
 5252478
 5252758
 5252795
 5252884
 5253037
 5253052
 5253128
 5253161
 5253215
 5253236
 5253418
 5253445
 5253545
 5253667
 5253758
 5253819
 5253912
 5253993
 5254039
 5254044
 5254060
 5254115
 5254270
 5254285
 5254413
 5254577
 5254631
 5254705
 5254714
 5254729
 5254973
 5255000
 5255028
 5255076
 5255208
 5255279
 5255528
 5255577
 5255675
 5255717
 5255749
 5255814
 5255899
 5256196
 5256246
 5256828
 5256950
 5256982
 5256992
 5257112
 5257213
 5257313
 5257379
 5257403
 5257603
 5257625
 5257864
 5257879
 5257890
 5257917
 5258022
 5258180
 5258346
 5258554
 5258706
 5258715
 5258987
 5259043
 5259237
 5259396
 5259577
 5259671
 5259794
 5259837
 5259903
 5260248
 5260306
 5260389
 5260571
 5260779
 5260993
 5261056
 5261155
 5261187
 5261411
 5261491
 5261614
 5262048
 5262074
 5262205
 5262227
 5262432
 5262504
 5262509
 5262511
 5262645
 5262827
 5262889
 5262909
 5263060
 5263089
 5263126
 5263333
 5263519
 5263913
 5263974
 5263980
 5263981
 5263992
 5263998
 5264056
 5264091
 5264196
 5264286
 5264521
 5264559
 5264701
 5264836
 5264928
 5265038
 5265192
 5265212
 5265367
 5265732
 5265923
 5266061
 5266251
 5266267
 5266309
 5266842
 5267035
 5267139
 5267313
 5267432
 5267480
 5267631
 5267652
 5267761
 5267814
 5268047
 5268063
 5268068
 5268108
 5268203
 5268298
 5268464
 5268471
 5268593
 5268692
 5268864
 5269034
 5269147
 5269591
 5269632
 5269645
 5269788
 5269833
 5269876
 5270052
 5270190
 5270197
 5270215
 5270351
 5270411
 5270573
 5270792
 5270918
 5270922
 5270994
 5271153
 5271162
 5271177
 5271204
 5271226
 5271348
 5271365
 5271470
 5271515
 5271723
 5271736
 5271911
 5271957
 5272029
 5272214
 5272223
 5272302
 5272499
 5272542
 5272803
 5272809
 5273056
 5273090
 5273139
 5273156
 5273161
 5273203
 5273204
 5273309
 5273370
 5273375
 5273379
 5273407
 5273425
 5273520
 5274045
 5274093
 5274221
 5274336
 5274501
 5274545
 5274725
 5274907
 5274939
 5274992
 5274995
 5275074
 5275298
 5275362
 5275394
 5275397
 5275450
 5275559
 5275655
 5275667
 5275755
 5275781
 5275894
 5275970
 5276376
 5276487
 5276519
 5276650
 5276744
 5276804
 5276806
 5276849
 5276923
 5277047
 5277053
 5277403
 5277523
 5277569
 5277742
 5277805
 5277861
 5277908
 5277918
 5278026
 5278048
 5278399
 5278438
 5278443
 5278512
 5278850
 5278878
 5278898
 5278930
 5279093
 5279104
 5279197
 5279255
 5279337
 5279360
 5279556
 5279590
 5279591
 5279594
 5279613
 5279619
 5279677
 5279740
 5279748
 5279773
 5279809
 5280226
 5280234
 5280312
 5280329
 5280449
 5280554
 5280624
 5280666
 5280671
 5280700
 5280899
 5280951
 5280994
 5281084
 5281129
 5281171
 5281195
 5281259
 5281271
 5281288
 5281472
 5281495
 5281513
 5281601
 5281703
 5281882
 5281910
 5282130
 5282210
 5282304
 5282429
 5282480
 5282512
 5282578
 5282765
 5282952
 5282965
 5283016
 5283039
 5283145
 5283223
 5283443
 5283540
 5283641
 5283753
 5283850
 5283898
 5284025
 5284053
 5284087
 5284252
 5284328
 5284373
 5284380
 5284509
 5284874
 5285241
 5285282
 5285286
 5285378
 5285493
 5285720
 5285743
 5285811
 5285875
 5285920
 5286150
 5286180
 5286226
 5286767
 5286872
 5286981
 5287167
 5287247
 5287280
 5287520
 5287542
 5287727
 5287783
 5287935
 5287990
 5288008
 5288076
 5288144
 5288420
 5288516
 5288556
 5288707
 5288788
 5288812
 5288867
 5288906
 5289070
 5289138
 5289173
 5289188
 5289216
 5289333
 5289382
 5289410
 5289603
 5289691
 5289802
 5289929
 5290088
 5290191
 5290323
 5290403
 5290452
 5290472
 5290985
 5291188
 5291207
 5291276
 5291380
 5291477
 5291559
 5291668
 5291794
 5291833
 5291855
 5291951
 5292017
 5292027
 5292082
 5292221
 5292265
 5292321
 5292393
 5292475
 5292563
 5292582
 5292583
 5292788
 5292962
 5292965
 5293217
 5293252
 5293471
 5293483
 5293626
 5293836
 5293937
 5294119
 5294195
 5294346
 5294437
 5294531
 5294648
 5294696
 5294700
 5294712
 5294830
 5295019
 5295037
 5295128
 5295235
 5295240
 5295302
 5295377
 5295592
 5295860
 5296014
 5296027
 5296481
 5296609
 5296698
 5297131
 5297489
 5297521
 5297522
 5297541
 5297661
 5298098
 5298102
 5298507
 5298564
 5298621
 5299153
 5299156
 5299247
 5299276
 5299365
 5299856
 5299928
 5300237
 5300371
 5300399
 5300432
 5300520
 5300522
 5300832
 5300911
 5300912
 5300960
 5300994
 5301628
 5301695
 5301699
 5301996
 5302010
 5302036
 5302065
 5302091
 5302102
 5302125
 5302263
 5302488
 5302494
 5302585
 5302624
 5302774
 5302826
 5302848
 5303158
 5303320
 5303323
 5303590
 5303688
 5303786
 5303836
 5303854
 5304068
 5304072
 5304471
 5304501
 5304656
 5304805
 5304880
 5304984
 5305084
 5305189
 5305244
 5305321
 5305438
 5305501
 5305703
 5305778
 5305794
 5305892
 5305893
 5305957
 5306044
 5306096
 5306103
 5306206
 5306330
 5306403
 5306411
 5306420
 5306601
 5306616
 5306637
 5306687
 5306866
 5307002
 5307097
 5307153
 5307398
 5307425
 5307428
 5307612
 5307657
 5307665
 5307739
 5307881
 5308141
 5308206
 5308464
 5308480
 5308546
 5308583
 5308650
 5308666
 5308713
 5308846
 5308871
 5308878
 5308886
 5309032
 5309127
 5309195
 5309417
 5309462
 5309491
 5309807
 5309858
 5309955
 5310075
 5310110
 5310130
 5310221
 5310258
 5310391
 5310509
 5310620
 5311136
 5311196
 5311216
 5311268
 5311325
 5311417
 5311500
 5311660
 5311792
 5311972
 5311983
 5312305
 5312317
 5312337
 5312383
 5312542
 5312558
 5312586
 5312643
 5312827
 5312885
 5312924
 5313143
 5313172
 5313225
 5313231
 5313247
 5313375
 5313386
 5313416
 5313461
 5313619
 5313800
 5313838
 5313921
 5314106
 5314466
 5314541
 5314735
 5314751
 5314838
 5314903
 5314939
 5315046
 5315151
 5315217
 5315357
 5315413
 5315646
 5315648
 5315870
 5315946
 5315974
 5316102
 5316240
 5316307
 5316352
 5316410
 5316531
 5316887
 5316899
 5317455
 5317510
 5317571
 5317626
 5317666
 5317721
 5317992
 5318004
 5318164
 5318182
 5318199
 5318350
 5318689
 5318763
 5318839
 5318847
 5318988
 5319098
 5319272
 5319300
 5319638
 5319660
 5319665
 5319754
 5319955
 5320159
 5320256
 5320436
 5320553
 5320773
 5320961
 5321042
 5321269
 5321273
 5321296
 5321343
 5321402
 5321477
 5321611
 5321621
 5321895
 5321961
 5322037
 5322349
 5322389
 5322480
 5322580
 5322599
 5323096
 5323216
 5323384
 5323460
 5323627
 5323884
 5324110
 5324272
 5324418
 5324498
 5324582
 5324590
 5324667
 5324771
 5324859
 5324875
 5325025
 5325087
 5325262
 5325321
 5325616
 5325636
 5325684
 5325697
 5325720
 5325755
 5325778
 5325825
 5325855
 5326035
 5326125
 5326154
 5326264
 5326431
 5326444
 5326774
 5326787
 5326811
 5326866
 5326966
 5326977
 5327038
 5327091
 5327194
 5327234
 5327378
 5327421
 5327594
 5327663
 5327664
 5327765
 5327868
 5327871
 5327890
 5328125
 5328355
 5328384
 5328419
 5328459
 5328562
 5328594
 5328728
 5328796
 5328862
 5328890
 5328921
 5329164
 5329615
 5329731
 5329875
 5329880
 5329882
 5330119
 5330439
 5330552
 5330568
 5330596
 5330691
 5330822
 5330855
 5330872
 5331024
 5331037
 5331089
 5331105
 5331244
 5331260
 5331275
 5331349
 5331512
 5331703
 5331765
 5331774
 5331948
 5331990
 5332031
 5332056
 5332065
 5332066
 5332193
 5332232
 5332436
 5332469
 5332491
 5332500
 5332534
 5332624
 5332759
 5332790
 5332822
 5332866
 5332867
 5333062
 5333372
 5333395
 5333669
 5333706
 5333761
 5334031
 5334048
 5334080
 5334119
 5334144
 5334450
 5334489
 5334564
 5334651
 5334848
 5334899
 5334926
 5334973
 5335126
 5335228
 5335245
 5335357
 5335418
 5335554
 5335564
 5335671
 5335716
 5335995
 5336105
 5336222
 5336242
 5336252
 5336424
 5336436
 5336547
 5336558
 5336586
 5336625
 5336858
 5337040
 5337044
 5337052
 5337054
 5337279
 5337304
 5337371
 5337450
 5337549
 5337562
 5337706
 5337739
 5337749
 5337845
 5337870
 5337897
 5337929
 5337946
 5337996
 5338108
 5338148
 5338207
 5338402
 5338484
 5338575
 5338650
 5338750
 5338763
 5338985
 5339037
 5339128
 5339190
 5339206
 5339212
 5339364
 5339390
 5339431
 5339495
 5339505
 5339526
 5339581
 5339712
 5339750
 5339848
 5339922
 5339927
 5340100
 5340161
 5340187
 5340218
 5340318
 5340353
 5340521
 5340542
 5340555
 5340563
 5340622
 5340625
 5340686
 5340822
 5340863
 5340939
 5340972
 5341046
 5341206
 5341363
 5341552
 5341583
 5341587
 5341602
 5341682
 5341689
 5341738
 5341886
 5342072
 5342129
 5342208
 5342546
 5342548
 5342953
 5343029
 5343364
 5343367
 5343400
 5343573
 5343617
 5343655
 5343734
 5343808
 5343844
 5344230
 5344634
 5344654
 5344677
 5344808
 5344975
 5345007
 5345010
 5345275
 5345367
 5345423
 5345639
 5345877
 5346060
 5346097
 5346154
 5346292
 5346442
 5346462
 5346555
 5346587
 5347004
 5347183
 5347198
 5347231
 5347599
 5347603
 5347705
 5347742
 5347839
 5348003
 5348354
 5348436
 5348565
 5348595
 5348603
 5348627
 5348713
 5348750
 5348888
 5348957
 5349103
 5349536
 5349676
 5349777
 5349803
 5349815
 5350204
 5350264
 5350353
 5350355
 5350492
 5350729
 5351013
 5351180
 5351185
 5351439
 5351476
 5351496
 5351522
 5351615
 5351656
 5351791
 5351848
 5351887
 5352064
 5352188
 5352235
 5352351
 5352401
 5352402
 5352523
 5352589
 5352722
 5352804
 5353016
 5353075
 5353088
 5353361
 5353365
 5353423
 5353617
 5353710
 5353727
 5353818
 5353831
 5354224
 5354318
 5354610
 5354680
 5354682
 5354792
 5354948
 5354954
 5355124
 5355287
 5355641
 5355741
 5355768
 5355773
 5355807
 5355997
 5356116
 5356194
 5356265
 5356396
 5356513
 5356620
 5356679
 5356933
 5356999
 5357159
 5357275
 5357496
 5357794
 5358053
 5358242
 5358383
 5358436
 5358460
 5358604
 5358661
 5358753
 5358817
 5358845
 5358883
 5358912
 5359286
 5359447
 5359535
 5359570
 5359625
 5359680
 5359846
 5360018
 5360049
 5360103
 5360171
 5360330
 5360385
 5360441
 5360471
 5360602
 5360637
 5360707
 5360721
 5360859
 5360960
 5360966
 5361038
 5361213
 5361343
 5361411
 5361500
 5361527
 5361590
 5361636
 5361658
 5361683
 5361687
 5361727
 5361928
 5361958
 5361979
 5362215
 5362415
 5362497
 5362607
 5362717
 5363016
 5363083
 5363284
 5363502
 5363625
 5363631
 5363632
 5363701
 5363876
 5363986
 5363994
 5364020
 5364163
 5364187
 5364301
 5364493
 5364561
 5364573
 5364838
 5364934
 5365769
 5365786
 5365787
 5365850
 5365879
 5365958
 5366126
 5366139
 5366149
 5366150
 5366226
 5366404
 5366410
 5366438
 5366441
 5366470
 5366545
 5366788
 5366875
 5367100
 5367159
 5367171
 5367193
 5367381
 5367444
 5367462
 5367684
 5367835
 5367899
 5367919
 5367950
 5367991
 5368058
 5368083
 5368125
 5368190
 5368227
 5368256
 5368727
 5368864
 5368999
 5369125
 5369162
 5369232
 5369241
 5369339
 5369403
 5369512
 5369664
 5370238
 5370324
 5370466
 5370680
 5370725
 5370750
 5371001
 5371067
 5371082
 5371335
 5371552
 5371561
 5371574
 5371698
 5371724
 5371849
 5371975
 5372240
 5372283
 5372363
 5372467
 5372539
 5372540
 5372595
 5372653
 5372684
 5372742
 5372746
 5372816
 5372858
 5373087
 5373113
 5373133
 5373134
 5373143
 5373175
 5373265
 5373490
 5373539
 5373631
 5373745
 5373820
 5373839
 5373944
 5373949
 5374000
 5374050
 5374262
 5374333
 5374703
 5374851
 5374985
 5375063
 5375076
 5375237
 5375262
 5375374
 5375388
 5375461
 5375557
 5375805
 5376263
 5376875
 5377061
 5377093
 5377107
 5377143
 5377148
 5377351
 5377520
 5377633
 5378057
 5378101
 5378196
 5378232
 5378316
 5378481
 5378482
 5378571
 5378792
 5378866
 5378911
 5378912
 5379299
 5379306
 5379318
 5379323
 5379412
 5379518
 5379606
 5379659
 5380087
 5380158
 5380230
 5380302
 5380323
 5380387
 5380399
 5380455
 5380523
 5380568
 5380686
 5380750
 5380985
 5381083
 5381219
 5381338
 5381378
 5381407
 5381438
 5381607
 5381784
 5381907
 5381914
 5382042
 5382090
 5382220
 5382239
 5382312
 5382526
 5382758
 5382867
 5382902
 5382903
 5382930
 5382936
 5383030
 5383513
 5383620
 5383675
 5383692
 5383771
 5383809
 5383818
 5383965
 5384102
 5384434
 5384484
 5384510
 5384516
 5384550
 5384591
 5384592
 5384704
 5384830
 5384834
 5384928
 5385155
 5385167
 5385199
 5385271
 5385300
 5385313
 5385351
 5385405
 5385417
 5385485
 5385545
 5385688
 5385706
 5385811
 5386014
 5386140
 5386196
 5386217
 5386467
 5386560
 5386692
 5386770
 5386824
 5386950
 5387085
 5387275
 5387533
 5387564
 5387654
 5387718
 5387909
 5388091
 5388207
 5388246
 5388262
 5388326
 5388449
 5388620
 5388801
 5388989
 5389001
 5389128
 5389220
 5389224
 5389252
 5389355
 5389374
 5389776
 5389779
 5389856
 5389986
 5390254
 5390413
 5390460
 5390548
 5390709
 5390751
 5390912
 5391075
 5391177
 5391370
 5391394
 5391445
 5391526
 5391548
 5391590
 5391615
 5391731
 5391885
 5391952
 5392146
 5392221
 5392285
 5392513
 5392561
 5392630
 5392678
 5392753
 5393023
 5393074
 5393142
 5393225
 5393266
 5393285
 5393315
 5393339
 5393410
 5393722
 5393762
 5393949
 5393959
 5394084
 5394123
 5394261
 5394314
 5394523
 5394800
 5394819
 5394933
 5395062
 5395241
 5395411
 5395617
 5395668
 5395709
 5395756
 5395763
 5395846
 5395861
 5395868
 5395949
 5395961
 5395976
 5395980
 5395984
 5396041
 5396050
 5396078
 5396140
 5396145
 5396330
 5396468
 5396481
 5396519
 5396543
 5396550
 5396593
 5396629
 5396822
 5396827
 5396884
 5396897
 5396907
 5396908
 5396995
 5397181
 5397187
 5397253
 5397337
 5397466
 5397577
 5397646
 5397675
 5397704
 5397897
 5397913
 5398038
 5398223
 5398233
 5398554
 5398631
 5398754
 5398766
 5398896
 5398907
 5399003
 5399147
 5399153
 5399353
 5399488
 5399522
 5399665
 5399718
 5399773
 5399922
 5399935
 5399939
 5399965
 5400061
 5400232
 5400290
 5400377
 5400598
 5400614
 5400733
 5400760
 5400808
 5400845
 5400905
 5400950
 5400982
 5401035
 5401095
 5401190
 5401321
 5401339
 5401478
 5401693
 5401694
 5401852
 5402015
 5402044
 5402260
 5402372
 5402489
 5402515
 5402521
 5402532
 5402562
 5402630
 5402662
 5402688
 5402742
 5402777
 5402952
 5402956
 5403252
 5403287
 5403384
 5403741
 5403754
 5403950
 5403990
 5404250
 5404274
 5404320
 5404623
 5404800
 5404889
 5404919
 5404959
 5405053
 5405090
 5405093
 5405132
 5405151
 5405276
 5405435
 5405446
 5405546
 5405629
 5405645
 5405688
 5405826
 5406017
 5406058
 5406117
 5406194
 5406536
 5406541
 5406686
 5406883
 5406964
 5407281
 5407415
 5407732
 5407756
 5407904
 5407981
 5407989
 5408093
 5408135
 5408213
 5408242
 5408244
 5408345
 5408350
 5408352
 5408450
 5408490
 5408530
 5408775
 5408812
 5408827
 5408883
 5408938
 5409216
 5409249
 5409289
 5409347
 5409373
 5409412
 5409461
 5409523
 5409524
 5409681
 5410003
 5410005
 5410445
 5410469
 5410571
 5410594
 5410633
 5410728
 5410788
 5410858
 5411109
 5411142
 5411144
 5411246
 5411405
 5411493
 5411523
 5411524
 5411593
 5411636
 5411657
 5411680
 5411755
 5411773
 5411789
 5411796
 5411800
 5411875
 5412038
 5412208
 5412212
 5412355
 5412511
 5412532
 5412699
 5412810
 5413076
 5413133
 5413144
 5413176
 5413191
 5413236
 5413355
 5413382
 5413422
 5413563
 5413573
 5413689
 5413732
 5413991
 5414019
 5414116
 5414229
 5414416
 5414486
 5414560
 5414682
 5414859
 5415154
 5415193
 5415236
 5415245
 5415323
 5415457
 5415688
 5415715
 5415754
 5415783
 5415816
 5415817
 5415945
 5416062
 5416142
 5416182
 5416260
 5416351
 5416450
 5416518
 5416552
 5416662
 5416753
 5416842
 5417028
 5417101
 5417163
 5417207
 5417215
 5417226
 5417473
 5417486
 5417573
 5417864
 5418065
 5418087
 5418102
 5418292
 5418295
 5418469
 5418506
 5418543
 5418566
 5418643
 5419193
 5419245
 5419293
 5419462
 5419609
 5419611
 5419628
 5419838
 5419979
 5420289
 5420320
 5420468
 5420679
 5420705
 5421241
 5421300
 5421697
 5421751
 5421933
 5422055
 5422164
 5422411
 5422472
 5422792
 5422952
 5422959
 5422973
 5423036
 5423089
 5423517
 5423809
 5423975
 5423981
 5424030
 5424117
 5424229
 5424497
 5424619
 5424733
 5424962
 5425048
 5425228
 5425313
 5425803
 5426474
 5426597
 5426764
 5427017
 5427086
 5427187
 5427247
 5427304
 5427461
 5427488
 5427506
 5427622
 5427726
 5427800
 5427912
 5427954
 5428022
 5428092
 5428136
 5428176
 5428259
 5428457
 5428598
 5428622
 5428635
 5428647
 5428720
 5428753
 5428755
 5428860
 5428888
 5429046
 5429069
 5429096
 5429132
 5429223
 5429268
 5429336
 5429345
 5429425
 5429647
 5429660
 5429702
 5429996
 5430014
 5430015
 5430016
 5430084
 5430091
 5430132
 5430195
 5430309
 5430362
 5430424
 5430684
 5430788
 5430795
 5430854
 5430881
 5430978
 5431015
 5431215
 5431229
 5431447
 5431473
 5431510
 5431515
 5431636
 5431644
 5431651
 5431924
 5432330
 5432346
 5432646
 5432773
 5432810
 5433034
 5433063
 5433098
 5433099
 5433113
 5433256
 5433257
 5433290
 5433328
 5433584
 5433616
 5433706
 5433778
 5433826
 5433903
 5434099
 5434265
 5434288
 5434430
 5434435
 5434461
 5434543
 5434834
 5434990
 5435070
 5435203
 5435409
 5435419
 5435485
 5435537
 5435795
 5435839
 5435976
 5436015
 5436065
 5436300
 5436359
 5436491
 5436530
 5436665
 5436684
 5436792
 5436967
 5436984
 5437012
 5437036
 5437053
 5437113
 5437213
 5437370
 5437424
 5437522
 5437882
 5437907
 5438122
 5438172
 5438185
 5438255
 5438341
 5438348
 5438541
 5438600
 5438742
 5438817
 5438927
 5439033
 5439080
 5439221
 5439238
 5439241
 5439407
 5439467
 5439549
 5439573
 5439585
 5439619
 5439784
 5439897
 5439920
 5440023
 5440132
 5440342
 5440509
 5440547
 5440592
 5440598
 5440666
 5440677
 5440722
 5440723
 5440760
 5440900
 5440901
 5441288
 5441317
 5441377
 5441423
 5441722
 5441768
 5441813
 5441816
 5441965
 5442040
 5442177
 5442205
 5442244
 5442355
 5442459
 5442479
 5442615
 5442753
 5442925
 5443220
 5443299
 5443338
 5443494
 5443542
 5443614
 5443671
 5443745
 5443766
 5443773
 5443933
 5443941
 5443972
 5444002
 5444035
 5444084
 5444325
 5444455
 5445186
 5445369
 5445398
 5445482
 5445575
 5445638
 5445721
 5445738
 5445932
 5446106
 5446156
 5446204
 5446255
 5446292
 5446377
 5446504
 5446555
 5446602
 5446667
 5447159
 5447242
 5447300
 5447492
 5447493
 5447552
 5447701
 5447722
 5447790
 5447858
 5447934
 5448142
 5448228
 5448275
 5448294
 5448384
 5448425
 5448447
 5448498
 5448509
 5448548
 5448555
 5448640
 5448669
 5449062
 5449095
 5449130
 5449134
 5449206
 5449360
 5449424
 5449493
 5449588
 5449631
 5449697
 5449802
 5449996
 5450466
 5450512
 5450532
 5450747
 5450770
 5450851
 5450998
 5451056
 5451080
 5451091
 5451106
 5451109
 5451112
 5451116
 5451188
 5451283
 5451409
 5451564
 5451692
 5451746
 5451963
 5452047
 5452151
 5452162
 5452193
 5452379
 5452389
 5452422
 5452479
 5452509
 5452581
 5452731
 5452817
 5452871
 5453009
 5453065
 5453323
 5453384
 5453414
 5453464
 5453547
 5453960
 5453964
 5454132
 5454163
 5454720
 5454921
 5454974
 5454979
 5455020
 5455026
 5455133
 5455154
 5455185
 5455240
 5455347
 5455468
 5455580
 5455787
 5455798
 5455950
 5456038
 5456050
 5456258
 5456367
 5456419
 5456607
 5456741
 5456787
 5456797
 5456899
 5456953
 5457040
 5457173
 5457186
 5457202
 5457253
 5457442
 5457543
 5457657
 5457675
 5457846
 5457928
 5458146
 5458321
 5458346
 5458479
 5458512
 5458561
 5458714
 5458828
 5458893
 5458898
 5459034
 5459177
 5459196
 5459220
 5459305
 5459314
 5459315
 5459455
 5459547
 5459750
 5459786
 5459787
 5459965
 5459995
 5460051
 5460089
 5460146
 5460307
 5460390
 5460463
 5460505
 5460517
 5460874
 5460898
 5461010
 5461034
 5461053
 5461105
 5461146
 5461189
 5461239
 5461272
 5461285
 5461477
 5461493
 5461531
 5461601
 5461639
 5461710
 5461729
 5461786
 5461862
 5461885
 5462081
 5462102
 5462130
 5462169
 5462281
 5462507
 5462770
 5462778
 5462847
 5462957
 5463072
 5463089
 5463114
 5463163
 5463172
 5463274
 5463341
 5463501
 5463536
 5463604
 5463607
 5463633
 5463690
 5463892
 5464229
 5464258
 5464346
 5464473
 5464496
 5464551
 5464607
 5464675
 5464691
 5464708
 5465086
 5465094
 5465187
 5465374
 5465456
 5465734
 5465927
 5465953
 5465964
 5465988
 5466341
 5466626
 5466771
 5466862
 5467021
 5467033
 5467265
 5467318
 5467408
 5467473
 5467515
 5467602
 5467709
 5467985
 5468362
 5468453
 5468606
 5468876
 5468878
 5469110
 5469113
 5469155
 5469418
 5469461
 5469512
 5469531
 5469695
 5469748
 5469971
 5469986
 5470065
 5470067
 5470473
 5470668
 5470711
 5470860
 5470979
 5471008
 5471018
 5471115
 5471155
 5471162
 5471205
 5471228
 5471503
 5471525
 5471572
 5471639
 5471674
 5471830
 5471947
 5471956
 5471971
 5472055
 5472127
 5472224
 5472267
 5472409
 5472465
 5472485
 5472564
 5472917
 5472927
 5473049
 5473114
 5473552
 5473760
 5474066
 5474222
 5474236
 5474427
 5474502
 5474841
 5474909
 5474931
 5475131
 5475379
 5475413
 5475514
 5475529
 5475636
 5475703
 5475921
 5475961
 5476001
 5476041
 5476054
 5476221
 5476270
 5476345
 5476415
 5476469
 5476675
 5477025
 5477053
 5477119
 5477612
 5477836
 5477904
 5477905
 5478048
 5478137
 5478168
 5478386
 5478909
 5478999
 5479043
 5479149
 5479192
 5479200
 5479224
 5479314
 5479331
 5479346
 5479358
 5479409
 5479722
 5480168
 5480188
 5480221
 5480262
 5480419
 5480465
 5480582
 5480655
 5480899
 5481049
 5481175
 5481407
 5481447
 5481451
 5481468
 5481493
 5481558
 5481620
 5481694
 5481714
 5481715
 5481753
 5481845
 5481849
 5482026
 5482113
 5482174
 5482221
 5482255
 5482434
 5482517
 5482848
 5483036
 5483154
 5483179
 5483219
 5483223
 5483337
 5483525
 5483644
 5483650
 5483658
 5483795
 5483827
 5483907
 5483984
 5484000
 5484015
 5484039
 5484132
 5484269
 5484337
 5484371
 5484390
 5484461
 5484489
 5484533
 5484809
 5484864
 5485054
 5485215
 5485367
 5485642
 5485746
 5485788
 5485878
 5485987
 5486258
 5486259
 5486303
 5486346
 5486565
 5486613
 5486666
 5486685
 5486865
 5486967
 5487008
 5487063
 5487131
 5487132
 5487215
 5487241
 5487365
 5487392
 5487567
 5487584
 5487607
 5487643
 5487671
 5487704
 5487938
 5488099
 5488112
 5488505
 5488774
 5489202
 5489241
 5489303
 5489399
 5489512
 5489520
 5489574
 5489609
 5489805
 5489887
 5490011
 5490151
 5490231
 5490467
 5490497
 5490509
 5490647
 5490784
 5490798
 5491076
 5491456
 5491588
 5491599
 5491612
 5491866
 5492063
 5492064
 5492080
 5492145
 5492170
 5492255
 5492279
 5492399
 5492762
 5492828
 5492987
 5493156
 5493236
 5493252
 5493333
 5493551
 5494148
 5494149
 5494236
 5494265
 5494390
 5494414
 5494532
 5494577
 5494717
 5494733
 5494906
 5494965
 5495027
 5495063
 5495169
 5495201
 5495261
 5495622
 5495803
 5495814
 5496101
 5496246
 5496262
 5496313
 5496368
 5496389
 5496553
 5496588
 5496664
 5496790
 5496870
 5496898
 5496912
 5496917
 5496984
 5496993
 5497044
 5497231
 5497598
 5497651
 5497844
 5497923
 5498216
 5498333
 5498338
 5498375
 5498461
 5498506
 5498534
 5498699
 5498875
 5498919
 5499043
 5499108
 5499111
 5499123
 5499287
 5499351
 5499436
 5499442
 5499633
 5499727
 5499820
 5499865
 5499933
 5500043
 5500050
 5500089
 5500153
 5500156
 5500211
 5500460
 5500906
 5500923
 5501064
 5501077
 5501166
 5501186
 5501188
 5501375
 5501480
 5501577
 5501954
 5502011
 5502027
 5502304
 5502329
 5502516
 5502589
 5502756
 5502766
 5502953
 5503060
 5503160
 5503281
 5503316
 5503482
 5503514
 5503839
 5504052
 5504184
 5504185
 5504289
 5504307
 5504399
 5504606
 5504678
 5504762
 5504846
 5504865
 5505027
 5505101
 5505158
 5505527
 5505667
 5505739
 5505813
 5505818
 5505850
 5505896
 5505906
 5505991
 5506055
 5506210
 5506479
 5506582
 5506753
 5506784
 5506813
 5506918
 5507117
 5507141
 5507289
 5507312
 5507499
 5507550
 5507570
 5507601
 5507625
 5507657
 5507665
 5507676
 5507753
 5507840
 5507986
 5508077
 5508432
 5508483
 5508515
 5508659
 5508668
 5508768
 5508797
 5508852
 5508974
 5508984
 5509107
 5509508
 5509615
 5509624
 5509653
 5509747
 5509756
 5509771
 5509822
 5509910
 5509951
 5510001
 5510097
 5510135
 5510177
 5510193
 5510422
 5510427
 5510470
 5510594
 5510611
 5510630
 5510660
 5510721
 5510998
 5511062
 5511225
 5511296
 5511361
 5511578
 5511651
 5511752
 5511759
 5511844
 5511947
 5512016
 5512270
 5512462
 5512594
 5512839
 5512912
 5512936
 5513205
 5513217
 5513306
 5513444
 5513476
 5513664
 5513669
 5513673
 5513676
 5513840
 5513865
 5513911
 5513917
 5513970
 5514205
 5514317
 5514657
 5514678
 5514758
 5514845
 5514862
 5514883
 5514914
 5514917
 5514932
 5514946
 5515103
 5515105
 5515148
 5515284
 5515379
 5515664
 5515690
 5515954
 5515994
 5516022
 5516067
 5516153
 5516194
 5516199
 5516218
 5516274
 5516525
 5516530
 5516800
 5516833
 5516865
 5516882
 5516922
 5516929
 5516944
 5516990
 5517001
 5517077
 5517364
 5517487
 5517584
 5517674
 5517815
 5517836
 5517858
 5517903
 5517967
 5518033
 5518107
 5518127
 5518270
 5518274
 5518291
 5518333
 5518478
 5518532
 5518561
 5518576
 5518875
 5519055
 5519110
 5519357
 5519359
 5519453
 5519509
 5519517
 5519783
 5520092
 5520193
 5520233
 5520310
 5520735
 5520843
 5520923
 5520938
 5520996
 5521108
 5521273
 5521276
 5521651
 5521822
 5521893
 5522138
 5522292
 5522336
 5522403
 5522439
 5522721
 5522762
 5522796
 5523012
 5523034
 5523122
 5523216
 5523226
 5523270
 5523296
 5523394
 5523496
 5523582
 5523608
 5523617
 5523760
 5523769
 5523893
 5524127
 5524276
 5524389
 5524451
 5524472
 5524698
 5524983
 5525131
 5525132
 5525188
 5525434
 5525485
 5525600
 5525873
 5525892
 5525895
 5526104
 5526138
 5526310
 5526507
 5526513
 5526699
 5526777
 5526779
 5526877
 5527059
 5527090
 5527346
 5527400
 5527435
 5527575
 5527612
 5527617
 5527667
 5527856
 5528037
 5528065
 5528188
 5528194
 5528378
 5528398
 5528456
 5528533
 5528586
 5528635
 5528696
 5528821
 5528879
 5528910
 5528921
 5529158
 5529249
 5529252
 5529274
 5529550
 5530177
 5530232
 5530260
 5530311
 5530322
 5530422
 5530442
 5530496
 5530544
 5530714
 5530881
 5530918
 5530922
 5531121
 5531320
 5531347
 5531536
 5531566
 5531707
 5531781
 5531903
 5531991
 5532039
 5532079
 5532085
 5532181
 5532328
 5532562
 5532587
 5532600
 5532618
 5532728
 5532875
 5532987
 5532994
 5533218
 5533233
 5533236
 5533270
 5533406
 5533423
 5533448
 5533529
 5533594
 5533610
 5533615
 5533701
 5533749
 5533787
 5533820
 5533892
 5533999
 5534030
 5534234
 5534335
 5534660
 5534707
 5534781
 5534839
 5535091
 5535290
 5535464
 5535500
 5535507
 5535578
 5535641
 5535706
 5535725
 5535737
 5535750
 5535769
 5535771
 5535786
 5536015
 5536133
 5536297
 5536307
 5536328
 5536336
 5536342
 5536471
 5536602
 5536612
 5536804
 5536819
 5537377
 5537378
 5537451
 5537665
 5537718
 5537776
 5537852
 5537950
 5538007
 5538162
 5538170
 5538343
 5538506
 5538544
 5538553
 5538563
 5538700
 5538711
 5538773
 5538989
 5539006
 5539193
 5539263
 5539339
 5539750
 5540132
 5540152
 5540179
 5540257
 5540383
 5540427
 5540455
 5540456
 5540604
 5540627
 5540634
 5540800
 5540834
 5540907
 5541368
 5541538
 5541601
 5541666
 5541682
 5541684
 5541763
 5541779
 5541795
 5541822
 5541889
 5541890
 5542041
 5542137
 5542282
 5542371
 5542488
 5542559
 5542922
 5542958
 5543023
 5543179
 5543191
 5543297
 5543358
 5543389
 5543682
 5543720
 5543760
 5543774
 5543836
 5543937
 5544187
 5544255
 5544578
 5544616
 5544751
 5544756
 5544897
 5545123
 5545247
 5545542
 5545696
 5546064
 5546078
 5546257
 5546263
 5546291
 5546349
 5546429
 5546447
 5546700
 5546702
 5546841
 5546883
 5546942
 5547199
 5547217
 5547294
 5547419
 5547756
 5547803
 5547895
 5547961
 5547970
 5548044
 5548194
 5548199
 5548333
 5548355
 5548564
 5548767
 5549170
 5549248
 5549288
 5549321
 5549405
 5549490
 5549511
 5549536
 5549610
 5549717
 5550218
 5550252
 5550387
 5550392
 5550536
 5550607
 5550794
 5550971
 5551103
 5551162
 5551168
 5551232
 5551267
 5551304
 5551452
 5551513
 5551563
 5551708
 5551795
 5551812
 5551927
 5552083
 5552110
 5552141
 5552179
 5552240
 5552422
 5552567
 5552664
 5552738
 5552747
 5552780
 5552943
 5553043
 5553074
 5553198
 5553360
 5553365
 5553422
 5553445
 5553502
 5553529
 5553799
 5553881
 5553967
 5554003
 5554089
 5554194
 5554210
 5554353
 5554366
 5554404
 5554447
 5554501
 5554885
 5554897
 5554925
 5554953
 5554956
 5555119
 5555183
 5555559
 5555601
 5555824
 5555945
 5556044
 5556105
 5556109
 5556169
 5556185
 5556186
 5556474
 5556522
 5556606
 5556724
 5556754
 5556794
 5556827
 5556838
 5556848
 5556853
 5556970
 5557328
 5557334
 5557338
 5557557
 5557572
 5557791
 5557835
 5557908
 5558290
 5558384
 5558393
 5558625
 5558926
 5559109
 5559528
 5559705
 5559744
 5559774
 5560042
 5560261
 5560312
 5560327
 5560404
 5560516
 5560651
 5560718
 5560737
 5560792
 5560801
 5560962
 5561060
 5561163
 5561399
 5561410
 5561473
 5561549
 5561612
 5561766
 5561919
 5561944
 5561983
 5562039
 5562043
 5562144
 5562643
 5562732
 5562774
 5562868
 5562990
 5563118
 5563158
 5563201
 5563293
 5563408
 5563429
 5563484
 5563497
 5563696
 5563773
 5564137
 5564198
 5564251
 5564297
 5564348
 5564439
 5564492
 5564754
 5564772
 5564849
 5564886
 5564919
 5565007
 5565023
 5565069
 5565233
 5565272
 5565557
 5565735
 5566031
 5566089
 5566200
 5566239
 5566253
 5566567
 5566681
 5566831
 5566873
 5566927
 5567204
 5567281
 5567394
 5567509
 5567634
 5567691
 5567726
 5567755
 5567905
 5567915
 5567976
 5568011
 5568283
 5568302
 5568316
 5568381
 5568383
 5568539
 5568933
 5569015
 5569032
 5569158
 5569193
 5569303
 5569426
 5569607
 5569673
 5569812
 5569832
 5569988
 5570150
 5570243
 5570275
 5570358
 5570551
 5570832
 5570854
 5571145
 5571164
 5571186
 5571226
 5571476
 5571517
 5571599
 5571702
 5571787
 5571824
 5571837
 5571895
 5572006
 5572141
 5572188
 5572238
 5572412
 5572527
 5572571
 5572594
 5572962
 5573016
 5573017
 5573217
 5573318
 5573631
 5573823
 5573884
 5573943
 5573977
 5574077
 5574091
 5574167
 5574201
 5574288
 5574381
 5574390
 5574907
 5574939
 5575084
 5575105
 5575290
 5575384
 5575796
 5576088
 5576139
 5576172
 5576230
 5576333
 5576398
 5576530
 5576931
 5576934
 5576966
 5577098
 5577159
 5577167
 5577175
 5577212
 5577342
 5577419
 5577487
 5577553
 5577665
 5577824
 5577995
 5578005
 5578052
 5578113
 5578254
 5578342
 5578373
 5578440
 5578528
 5578631
 5578726
 5578750
 5578828
 5578895
 5579029
 5579073
 5579156
 5579167
 5579466
 5579474
 5579550
 5579654
 5579738
 5579784
 5579964
 5580015
 5580079
 5580101
 5580201
 5580236
 5580621
 5580714
 5580728
 5580741
 5580854
 5580978
 5581170
 5581200
 5581228
 5581270
 5581335
 5581432
 5581883
 5582060
 5582235
 5582292
 5582306
 5582498
 5582512
 5582540
 5582886
 5582996
 5583391
 5583453
 5583536
 5583555
 5583827
 5583873
 5584120
 5584770
 5584849
 5584959
 5585169
 5585485
 5585832
 5585842
 5585886
 5586146
 5586155
 5586288
 5586331
 5586383
 5586453
 5586475
 5586523
 5586546
 5586547
 5586777
 5587229
 5587262
 5587412
 5587425
 5587556
 5587572
 5587765
 5587870
 5587945
 5587947
 5588161
 5588427
 5588522
 5588530
 5588538
 5588651
 5588935
 5589062
 5589091
 5589222
 5589598
 5589613
 5589634
 5589752
 5589789
 5589837
 5589859
 5589916
 5590144
 5590169
 5590304
 5590534
 5590537
 5590550
 5590930
 5591102
 5591476
 5591553
 5591600
 5591698
 5591781
 5591782
 5591793
 5591817
 5591884
 5591933
 5591972
 5591979
 5592390
 5592425
 5592433
 5592968
 5592969
 5593128
 5593309
 5593416
 5593426
 5593492
 5593512
 5593634
 5593687
 5593727
 5594001
 5594037
 5594119
 5594270
 5594384
 5594578
 5594585
 5594652
 5594745
 5595112
 5595230
 5595317
 5595373
 5595429
 5595493
 5595563
 5595607
 5595650
 5595653
 5595802
 5595896
 5595920
 5595999
 5596080
 5596112
 5596231
 5596232
 5596350
 5596450
 5596475
 5596663
 5597039
 5597115
 5597269
 5597289
 5597317
 5597356
 5597449
 5597798
 5597810
 5597970
 5598034
 5598206
 5598314
 5598323
 5598327
 5598392
 5598484
 5598489
 5598842
 5598853
 5599209
 5599214
 5599246
 5599296
 5599512
 5599627
 5599671
 5599749
 5599862
 5599902
 5599918
 5599952
 5600238
 5600314
 5600459
 5600560
 5600569
 5600793
 5600900
 5600947
 5601162
 5601183
 5601210
 5601298
 5601302
 5601405
 5601586
 5601593
 5601640
 5601840
 5601875
 5601911
 5601973
 5602013
 5602027
 5602167
 5602219
 5602272
 5602335
 5602339
 5602378
 5602396
 5602461
 5602827
 5602853
 5602869
 5602978
 5602985
 5603039
 5603065
 5603207
 5603216
 5603313
 5603409
 5603489
 5603604
 5603623
 5603636
 5603653
 5603682
 5603883
 5603981
 5604162
 5604168
 5604239
 5604372
 5604413
 5604542
 5604662
 5604781
 5604842
 5604845
 5604971
 5605184
 5605237
 5605253
 5605600
 5605629
 5605667
 5605742
 5605751
 5605761
 5605851
 5605930
 5606110
 5606198
 5606240
 5606284
 5606285
 5606347
 5606378
 5606395
 5606503
 5606599
 5606687
 5606713
 5606729
 5606889
 5606984
 5607144
 5607324
 5607486
 5607707
 5607712
 5607866
 5607951
 5607964
 5608167
 5608222
 5608393
 5608581
 5608592
 5608731
 5608967
 5609138
 5609154
 5609186
 5609335
 5609366
 5609500
 5609543
 5609564
 5609614
 5609646
 5609817
 5609881
 5609924
 5609981
 5610182
 5610291
 5610459
 5610466
 5610506
 5610517
 5610833
 5610938
 5611033
 5611059
 5611094
 5611145
 5611319
 5611485
 5611568
 5611709
 5611762
 5612041
 5612190
 5612214
 5612250
 5612256
 5612669
 5612838
 5612918
 5613068
 5613070
 5613133
 5613176
 5613250
 5613337
 5613509
 5613528
 5613584
 5613634
 5613692
 5613817
 5613967
 5614000
 5614058
 5614278
 5614315
 5614368
 5614711
 5614748
 5614801
 5614831
 5614987
 5614990
 5615019
 5615053
 5615056
 5615073
 5615115
 5615288
 5615295
 5615327
 5615360
 5615400
 5615443
 5615497
 5615503
 5615716
 5615906
 5615913
 5616101
 5616120
 5616150
 5616152
 5616176
 5616412
 5616440
 5616506
 5616579
 5616662
 5616684
 5616764
 5616857
 5616918
 5616950
 5616975
 5617246
 5617294
 5617316
 5617427
 5617511
 5617526
 5617590
 5617644
 5617777
 5617810
 5617831
 5617982
 5617998
 5618015
 5618017
 5618033
 5618043
 5618066
 5618085
 5618217
 5618430
 5618437
 5618447
 5618475
 5618553
 5618601
 5618748
 5618765
 5618873
 5618940
 5619053
 5619165
 5619188
 5619280
 5619436
 5619530
 5619791
 5619807
 5619818
 5619948
 5619965
 5620002
 5620324
 5620339
 5620345
 5620364
 5620638
 5620707
 5620724
 5621118
 5621766
 5621923
 5622016
 5622034
 5622095
 5622105
 5622175
 5622201
 5622348
 5622350
 5622374
 5622531
 5623180
 5623188
 5623209
 5623337
 5623578
 5623670
 5623743
 5623753
 5623762
 5623936
 5623937
 5624238
 5624240
 5624794
 5624847
 5624868
 5625182
 5625184
 5625222
 5625274
 5625337
 5625533
 5625557
 5625646
 5625782
 5625870
 5625978
 5626098
 5626123
 5626140
 5626314
 5626352
 5626369
 5626430
 5626634
 5626925
 5627067
 5627100
 5627324
 5627366
 5627388
 5627528
 5627801
 5627815
 5628018
 5628068
 5628256
 5628265
 5628321
 5628389
 5628480
 5628753
 5629098
 5629120
 5629164
 5629191
 5629262
 5629407
 5629440
 5629455
 5629499
 5629554
 5629614
 5629754
 5629782
 5630050
 5630174
 5630385
 5630447
 5630592
 5630647
 5630764
 5630820
 5630975
 5631101
 5631164
 5631278
 5631323
 5631342
 5631446
 5631666
 5631715
 5631748
 5631780
 5631787
 5631852
 5631875
 5631968
 5632293
 5632420
 5632466
 5632562
 5632585
 5632627
 5632636
 5632703
 5632733
 5632741
 5632919
 5632966
 5633017
 5633166
 5633171
 5633244
 5633366
 5633587
 5633606
 5633614
 5633703
 5633812
 5633835
 5633956
 5633989
 5634018
 5634066
 5634157
 5634236
 5634675
 5634851
 5634864
 5634943
 5635010
 5635140
 5635144
 5635165
 5635497
 5635512
 5635518
 5635783
 5635861
 5635875
 5636024
 5636129
 5636148
 5636345
 5636393
 5636395
 5636446
 5636520
 5636681
 5636806
 5636837
 5636974
 5637348
 5637575
 5637963
 5638050
 5638093
 5638168
 5638339
 5638455
 5638484
 5638682
 5638690
 5638895
 5638988
 5639005
 5639158
 5639227
 5639310
 5639392
 5639511
 5639536
 5639541
 5639654
 5639669
 5639827
 5639939
 5640337
 5640604
 5640613
 5640763
 5640972
 5641032
 5641239
 5641271
 5641482
 5641651
 5641798
 5641799
 5642044
 5642064
 5642231
 5642265
 5642312
 5642541
 5642668
 5642809
 5642848
 5642908
 5642923
 5643078
 5643290
 5643350
 5643391
 5643409
 5643417
 5643440
 5643568
 5643686
 5643740
 5643781
 5643936
 5644045
 5644046
 5644128
 5644160
 5644164
 5644296
 5644414
 5644499
 5644656
 5644689
 5644879
 5644890
 5644990
 5645032
 5645179
 5645333
 5645431
 5645784
 5645978
 5646013
 5646041
 5646126
 5646392
 5646615
 5646721
 5646827
 5647055
 5647088
 5647241
 5647282
 5647450
 5647575
 5647662
 5647798
 5647805
 5647816
 5647860
 5647886
 5647908
 5647959
 5648019
 5648160
 5648178
 5648454
 5648471
 5648519
 5648536
 5648594
 5648654
 5648677
 5648711
 5648911
 5648964
 5649003
 5649082
 5649164
 5649436
 5649454
 5649484
 5649614
 5649811
 5649839
 5649919
 5649964
 5650101
 5650123
 5650176
 5650240
 5650371
 5650397
 5650499
 5650514
 5650821
 5650994
 5651009
 5651026
 5651184
 5651202
 5651212
 5651267
 5651277
 5651741
 5651837
 5651860
 5651910
 5651930
 5652083
 5652109
 5652127
 5652314
 5652621
 5652631
 5652781
 5653010
 5653133
 5653291
 5653404
 5653672
 5653751
 5653990
 5654044
 5654144
 5654234
 5654332
 5654368
 5655214
 5655308
 5655345
 5655526
 5655535
 5655774
 5655853
 5655927
 5655946
 5655967
 5656038
 5656259
 5656312
 5656350
 5656422
 5656754
 5656856
 5656922
 5657080
 5657212
 5657282
 5657363
 5657445
 5657516
 5657626
 5657737
 5657849
 5657904
 5657950
 5658012
 5658020
 5658048
 5658457
 5658695
 5658723
 5658745
 5658851
 5658872
 5658892
 5658912
 5658949
 5659143
 5659154
 5659173
 5659477
 5659523
 5659595
 5659605
 5659654
 5659747
 5659771
 5659830
 5659844
 5660014
 5660254
 5660328
 5660425
 5660510
 5660715
 5660756
 5660834
 5660965
 5660982
 5661123
 5661299
 5661330
 5661577
 5661627
 5661703
 5661705
 5661720
 5661759
 5661990
 5662183
 5662204
 5662306
 5662691
 5662715
 5662937
 5663081
 5663140
 5663238
 5663265
 5663396
 5663452
 5663463
 5663951
 5664042
 5664358
 5664367
 5664370
 5664383
 5664404
 5664464
 5664483
 5664680
 5664784
 5664793
 5664833
 5664839
 5665112
 5665194
 5665255
 5665414
 5665609
 5665623
 5665711
 5665914
 5665954
 5665981
 5666045
 5666181
 5666242
 5666247
 5666297
 5666397
 5666411
 5666687
 5666877
 5666888
 5667058
 5667115
 5667380
 5667419
 5667643
 5667663
 5667705
 5667824
 5668197
 5668391
 5668737
 5668804
 5668816
 5668826
 5668901
 5669139
 5669212
 5669414
 5669675
 5669729
 5669767
 5669848
 5669894
 5669907
 5670222
 5670244
 5670359
 5670393
 5670567
 5670636
 5670676
 5670830
 5670921
 5671029
 5671031
 5671043
 5671077
 5671194
 5671267
 5671362
 5671526
 5671563
 5671686
 5671703
 5671720
 5671752
 5671884
 5671948
 5672056
 5672108
 5672141
 5672223
 5673011
 5673086
 5673199
 5673260
 5673273
 5673351
 5673353
 5673719
 5673744
 5673873
 5674311
 5674399
 5674403
 5674500
 5674517
 5674700
 5674743
 5674768
 5674904
 5674940
 5674964
 5675051
 5675131
 5675173
 5675276
 5675298
 5675392
 5675440
 5675564
 5675680
 5675729
 5675817
 5675910
 5676014
 5676109
 5676127
 5676167
 5676405
 5676503
 5676546
 5676554
 5676938
 5676941
 5676947
 5677310
 5677341
 5677518
 5677558
 5677801
 5677844
 5677869
 5677928
 5678103
 5678166
 5678288
 5678423
 5678752
 5678791
 5678838
 5678947
 5678969
 5679054
 5679202
 5679343
 5679400
 5679407
 5679483
 5679633
 5679702
 5679803
 5680336
 5680369
 5680424
 5680472
 5680481
 5680486
 5680524
 5680663
 5680729
 5680770
 5680820
 5680970
 5681231
 5681420
 5681543
 5681662
 5681814
 5681845
 5681988
 5682046
 5682066
 5682200
 5682251
 5682260
 5682288
 5682311
 5682487
 5682609
 5682693
 5682742
 5682758
 5682794
 5682832
 5683003
 5683021
 5683079
 5683446
 5683458
 5683493
 5683808
 5683954
 5684104
 5684150
 5684250
 5684272
 5684288
 5684298
 5684502
 5684506
 5684599
 5684642
 5684696
 5684807
 5684843
 5684883
 5684922
 5685259
 5685272
 5685317
 5685599
 5685781
 5685853
 5685867
 5685998
 5686001
 5686031
 5686078
 5686166
 5686172
 5686181
 5686195
 5686396
 5686494
 5686495
 5686515
 5686599
 5686606
 5686621
 5686821
 5686933
 5687025
 5687180
 5687189
 5687200
 5687363
 5687526
 5687558
 5687585
 5687652
 5687910
 5687995
 5688248
 5688297
 5688336
 5688393
 5688465
 5688508
 5688523
 5688547
 5688775
 5689147
 5689187
 5689213
 5689245
 5689477
 5689492
 5689552
 5689588
 5689682
 5689812
 5689990
 5690008
 5690159
 5690161
 5690218
 5690363
 5690692
 5690998
 5691007
 5691154
 5691199
 5691380
 5691813
 5691824
 5691857
 5691925
 5692155
 5692177
 5692246
 5692291
 5692482
 5692597
 5692751
 5692887
 5692958
 5692973
 5693185
 5693194
 5693200
 5693217
 5693219
 5693231
 5693246
 5693261
 5693278
 5693357
 5693420
 5693603
 5693628
 5693671
 5693741
 5693782
 5693783
 5693798
 5694004
 5694267
 5694400
 5694555
 5694653
 5694995
 5695053
 5695055
 5695119
 5695284
 5695381
 5695533
 5695573
 5695620
 5695653
 5695711
 5695738
 5695750
 5695849
 5696015
 5696035
 5696083
 5696162
 5696259
 5696386
 5696542
 5696719
 5696842
 5696862
 5696897
 5697125
 5697148
 5697245
 5697294
 5697324
 5697509
 5697525
 5697571
 5697891
 5697951
 5697993
 5698000
 5698157
 5698166
 5698194
 5698431
 5698630
 5698736
 5698951
 5698984
 5698992
 5699200
 5699209
 5699349
 5699490
 5699624
 5699659
 5699817
 5699837
 5699893
 5700051
 5700089
 5700134
 5700144
 5700161
 5700213
 5700235
 5700250
 5700260
 5700334
 5700478
 5700502
 5700531
 5700757
 5700768
 5701066
 5701089
 5701140
 5701220
 5701308
 5701337
 5701364
 5701477
 5701516
 5701643
 5701781
 5701785
 5702010
 5702048
 5702065
 5702192
 5702196
 5702355
 5702453
 5702536
 5702706
 5702942
 5703103
 5703274
 5703280
 5703313
 5703326
 5703367
 5703537
 5703703
 5703798
 5704001
 5704007
 5704030
 5704575
 5704690
 5704817
 5704850
 5704851
 5704933
 5705052
 5705368
 5705598
 5705626
 5705648
 5705708
 5705757
 5705872
 5706260
 5706343
 5706377
 5706398
 5706578
 5706580
 5706601
 5706627
 5706707
 5706933
 5706965
 5706969
 5707002
 5707026
 5707088
 5707120
 5707146
 5707228
 5707459
 5707539
 5707712
 5707760
 5707793
 5707832
 5707965
 5708127
 5708250
 5708414
 5708432
 5708534
 5708571
 5708589
 5708731
 5708870
 5708934
 5709041
 5709161
 5709173
 5709316
 5709319
 5709458
 5709510
 5709524
 5709619
 5709625
 5709684
 5709771
 5709856
 5709883
 5710121
 5710675
 5710777
 5710892
 5711130
 5711136
 5711156
 5711288
 5711319
 5711533
 5711590
 5711882
 5712009
 5712027
 5712076
 5712105
 5712200
 5712227
 5712275
 5712315
 5712364
 5712513
 5712516
 5712706
 5713000
 5713013
 5713063
 5713088
 5713179
 5713306
 5713312
 5713695
 5713927
 5714201
 5714453
 5714741
 5714904
 5714965
 5714982
 5714983
 5714985
 5715004
 5715156
 5715220
 5715236
 5715452
 5715464
 5715674
 5715824
 5715847
 5716169
 5716207
 5716302
 5716401
 5716447
 5716561
 5716595
 5716817
 5716852
 5716899
 5716923
 5716983
 5717198
 5717316
 5717332
 5717389
 5717427
 5717596
 5717816
 5717943
 5718085
 5718106
 5718129
 5718144
 5718248
 5718373
 5718412
 5718463
 5718542
 5718592
 5718698
 5718699
 5718703
 5718820
 5718831
 5718870
 5719046
 5719256
 5719288
 5719401
 5719450
 5719551
 5719596
 5719669
 5719735
 5719787
 5719797
 5719857
 5719861
 5719945
 5720076
 5720363
 5720505
 5720538
 5720767
 5720802
 5720906
 5721222
 5721234
 5721468
 5721780
 5721832
 5722041
 5722209
 5722336
 5722533
 5722623
 5722869
 5723011
 5723043
 5723101
 5723121
 5723189
 5723294
 5723299
 5723325
 5723333
 5723359
 5723783
 5723950
 5724303
 5724439
 5724516
 5724558
 5724750
 5724815
 5724829
 5724914
 5724952
 5724955
 5724980
 5725099
 5725112
 5725162
 5725199
 5725420
 5725433
 5725491
 5725534
 5725549
 5725589
 5725690
 5725715
 5725743
 5725756
 5725814
 5725824
 5725828
 5726004
 5726025
 5726095
 5726099
 5726233
 5726281
 5726327
 5726340
 5726359
 5726395
 5726472
 5726514
 5726521
 5726658
 5726714
 5726718
 5726757
 5726811
 5726989
 5726992
 5727040
 5727058
 5727137
 5727166
 5727207
 5727233
 5727340
 5727596
 5727848
 5728148
 5728397
 5728449
 5728471
 5728563
 5728605
 5728668
 5728725
 5728847
 5728875
 5729042
 5729189
 5729380
 5729381
 5729391
 5729567
 5729676
 5729877
 5729912
 5730068
 5730084
 5730227
 5730346
 5730489
 5730541
 5730739
 5730880
 5730907
 5730930
 5731070
 5731219
 5731273
 5731363
 5731460
 5731645
 5731816
 5731864
 5731905
 5731992
 5732120
 5732212
 5732420
 5732472
 5732536
 5732692
 5732759
 5732992
 5733106
 5733299
 5733472
 5733505
 5733685
 5733823
 5734013
 5734027
 5734143
 5734367
 5734400
 5734647
 5734687
 5734693
 5734868
 5734953
 5734971
 5734983
 5735056
 5735129
 5735251
 5735265
 5735606
 5735709
 5735755
 5736024
 5736118
 5736143
 5736232
 5736234
 5736450
 5736535
 5736565
 5736628
 5736842
 5736872
 5736878
 5736969
 5737001
 5737016
 5737195
 5737198
 5737213
 5737304
 5737325
 5737424
 5737455
 5737551
 5737595
 5737631
 5737675
 5737716
 5737746
 5737846
 5737959
 5738325
 5738350
 5738490
 5738554
 5738588
 5738603
 5738625
 5738704
 5738730
 5738753
 5738761
 5738767
 5738786
 5738834
 5738959
 5739040
 5739054
 5739134
 5739260
 5739520
 5739532
 5739613
 5739873
 5740000
 5740063
 5740203
 5740266
 5740281
 5740563
 5740574
 5740768
 5740963
 5741018
 5741145
 5741278
 5741321
 5741339
 5741576
 5741808
 5741848
 5741891
 5742159
 5742407
 5742421
 5742605
 5742621
 5742740
 5742986
 5743064
 5743242
 5743271
 5743617
 5743677
 5743752
 5743795
 5743808
 5743820
 5743947
 5744027
 5744057
 5744138
 5744155
 5744188
 5744232
 5744385
 5744497
 5744538
 5744572
 5744598
 5744616
 5744660
 5744837
 5744948
 5745146
 5745180
 5745209
 5745323
 5745413
 5745437
 5745454
 5745583
 5745734
 5745827
 5746093
 5746377
 5746445
 5746487
 5746586
 5746731
 5746757
 5746891
 5747138
 5747307
 5747523
 5747563
 5747638
 5747714
 5747806
 5747817
 5747993
 5748018
 5748188
 5748189
 5748224
 5748398
 5748454
 5748503
 5748561
 5748708
 5748755
 5748788
 5748943
 5749078
 5749348
 5749527
 5749592
 5749805
 5749845
 5749911
 5749963
 5749992
 5750273
 5750329
 5750339
 5750459
 5750560
 5750667
 5750780
 5751073
 5751297
 5751338
 5751423
 5751476
 5751583
 5751837
 5751896
 5751965
 5752126
 5752183
 5752353
 5752382
 5752392
 5752959
 5752972
 5752995
 5753019
 5753081
 5753242
 5753276
 5753407
 5753524
 5753640
 5753673
 5753734
 5754305
 5754379
 5754401
 5754542
 5754612
 5754711
 5754806
 5754837
 5754873
 5754928
 5754946
 5755018
 5755184
 5755193
 5755308
 5755351
 5755436
 5755471
 5756035
 5756037
 5756339
 5756399
 5756409
 5756466
 5757001
 5757137
 5757176
 5757231
 5757300
 5757649
 5757675
 5757794
 5757884
 5758038
 5758172
 5758254
 5758499
 5758517
 5758521
 5758557
 5758627
 5758629
 5758658
 5758696
 5758749
 5758839
 5758868
 5758967
 5758978
 5759132
 5759249
 5759330
 5759803
 5759830
 5759881
 5760062
 5760154
 5760256
 5760560
 5760653
 5760763
 5760803
 5760991
 5761022
 5761064
 5761250
 5761344
 5761385
 5761567
 5761655
 5761908
 5762017
 5762301
 5762672
 5762755
 5763252
 5763325
 5763399
 5763415
 5763453
 5763473
 5763530
 5763531
 5763599
 5763697
 5763737
 5763868
 5763913
 5764204
 5764205
 5764213
 5764390
 5765011
 5765120
 5765426
 5765581
 5765602
 5765817
 5765862
 5765962
 5766169
 5766235
 5766260
 5766289
 5766432
 5766606
 5766671
 5766748
 5766923
 5767234
 5767318
 5767589
 5767625
 5767963
 5768137
 5768191
 5768363
 5768459
 5768583
 5769070
 5769125
 5769324
 5769487
 5769646
 5769784
 5769793
 5769857
 5769915
 5769954
 5770093
 5770349
 5770384
 5770487
 5770972
 5771161
 5771288
 5771472
 5771526
 5771625
 5771736
 5771774
 5771776
 5771779
 5771858
 5771912
 5772007
 5772158
 5772386
 5772622
 5772624
 5772679
 5772878
 5773034
 5773138
 5773261
 5773277
 5773308
 5773448
 5773553
 5773627
 5773681
 5773725
 5773776
 5774038
 5774046
 5774071
 5774103
 5774122
 5774214
 5774226
 5774406
 5774455
 5774507
 5774624
 5774939
 5775068
 5775069
 5775312
 5775335
 5775684
 5775769
 5775850
 5776205
 5776294
 5776399
 5776542
 5776779
 5776790
 5776796
 5776826
 5776861
 5776945
 5777224
 5777316
 5777346
 5777392
 5777459
 5777529
 5777713
 5777785
 5777840
 5778027
 5778049
 5778213
 5778336
 5778522
 5778568
 5778723
 5778812
 5778907
 5778971
 5779203
 5779365
 5779547
 5779605
 5779866
 5780107
 5780110
 5780115
 5780345
 5780430
 5780469
 5780561
 5780571
 5780581
 5780732
 5780753
 5781134
 5781301
 5781330
 5781342
 5781450
 5781488
 5781576
 5781611
 5781683
 5781687
 5781874
 5781965
 5782165
 5782195
 5782520
 5782568
 5782928
 5782929
 5783006
 5783043
 5783100
 5783199
 5783418
 5783502
 5783534
 5783720
 5784110
 5784156
 5784465
 5784643
 5784819
 5784909
 5785039
 5785167
 5785222
 5785274
 5785414
 5785424
 5785451
 5785659
 5785678
 5785737
 5785776
 5785789
 5786135
 5786451
 5786490
 5786616
 5786726
 5786772
 5786854
 5787042
 5787120
 5787181
 5787268
 5787282
 5787320
 5787466
 5787633
 5787634
 5787677
 5787707
 5787718
 5787732
 5787783
 5787910
 5787929
 5787943
 5787970
 5787982
 5788150
 5788206
 5788208
 5788251
 5788819
 5788968
 5789026
 5789112
 5789258
 5789261
 5789529
 5789740
 5789747
 5789961
 5790023
 5790094
 5790181
 5790400
 5790504
 5790530
 5790577
 5790599
 5790889
 5790988
 5791140
 5791290
 5791354
 5791446
 5791553
 5791555
 5791581
 5791643
 5791927
 5791939
 5792059
 5792100
 5792154
 5792186
 5792228
 5792403
 5792409
 5792466
 5792470
 5792503
 5792583
 5792586
 5792599
 5792618
 5792626
 5792722
 5792807
 5792936
 5792977
 5793314
 5793321
 5793451
 5793635
 5793836
 5793933
 5793953
 5793962
 5793979
 5793981
 5794070
 5794206
 5794330
 5794440
 5794551
 5794648
 5794698
 5794711
 5794727
 5794826
 5794934
 5794969
 5795041
 5795082
 5795325
 5795518
 5795527
 5795541
 5795639
 5795670
 5795682
 5795714
 5795793
 5795795
 5795887
 5795997
 5795999
 5796029
 5796093
 5796178
 5796206
 5796227
 5796420
 5796429
 5796626
 5796639
 5796688
 5796962
 5797015
 5797034
 5797225
 5797287
 5797373
 5797593
 5797616
 5797864
 5797886
 5798018
 5798168
 5798278
 5798389
 5798461
 5798483
 5798554
 5798640
 5798763
 5798897
 5798912
 5799017
 5799099
 5799355
 5799385
 5799534
 5799593
 5799618
 5799785
 5799868
 5799959
 5799973
 5800034
 5800288
 5800308
 5800368
 5800661
 5800872
 5801031
 5801045
 5801051
 5801083
 5801239
 5801244
 5801400
 5801633
 5801689
 5801759
 5801861
 5801864
 5801986
 5801994
 5802050
 5802157
 5802185
 5802255
 5802282
 5802389
 5802426
 5802544
 5802632
 5802824
 5802845
 5802905
 5803025
 5803229
 5803243
 5803344
 5803470
 5803705
 5803711
 5803802
 5804164
 5804200
 5804300
 5804316
 5804381
 5804489
 5804496
 5804529
 5804604
 5804722
 5804872
 5804986
 5804987
 5805156
 5805230
 5805463
 5805469
 5805591
 5805694
 5805701
 5805864
 5805902
 5806033
 5806131
 5806134
 5806143
 5806278
 5806393
 5806417
 5806736
 5806780
 5806921
 5806970
 5806977
 5807261
 5807265
 5807307
 5807314
 5807380
 5807398
 5807961
 5807998
 5808336
 5808394
 5808458
 5808510
 5808780
 5808787
 5808830
 5808871
 5808896
 5808901
 5809042
 5809059
 5809070
 5809221
 5809790
 5809795
 5810001
 5810029
 5810121
 5810238
 5810288
 5810336
 5810414
 5810575
 5810737
 5810815
 5810840
 5811031
 5811070
 5811093
 5811196
 5811224
 5811302
 5811486
 5811529
 5811616
 5811719
 5811754
 5811869
 5811981
 5812223
 5812441
 5812477
 5812514
 5812529
 5812603
 5812715
 5812746
 5812991
 5813011
 5813021
 5813107
 5813181
 5813398
 5813492
 5813720
 5814123
 5814145
 5814153
 5814420
 5814443
 5814590
 5814693
 5814702
 5814927
 5815079
 5815141
 5815227
 5815405
 5815537
 5815663
 5815836
 5816114
 5816268
 5816429
 5816491
 5816587
 5816594
 5816598
 5816651
 5816691
 5816710
 5816725
 5816804
 5816884
 5816925
 5816957
 5817074
 5817222
 5817474
 5817503
 5817683
 5817706
 5817891
 5818064
 5818220
 5818318
 5818378
 5818379
 5818570
 5818608
 5818753
 5818878
 5818995
 5819069
 5819132
 5819231
 5819579
 5819832
 5819872
 5819885
 5820010
 5820092
 5820122
 5820145
 5820209
 5820413
 5820536
 5820583
 5820745
 5820822
 5820900
 5821195
 5821222
 5821269
 5821397
 5821613
 5821773
 5821828
 5821895
 5822027
 5822044
 5822065
 5822140
 5822341
 5822442
 5822538
 5822769
 5823272
 5823283
 5823381
 5823493
 5823732
 5823918
 5824048
 5824347
 5824510
 5824977
 5824982
 5824990
 5825098
 5825116
 5825164
 5825314
 5825366
 5825382
 5825488
 5825557
 5825704
 5825871
 5825891
 5825897
 5825959
 5825982
 5826106
 5826131
 5826181
 5826297
 5826369
 5826391
 5826399
 5826405
 5826539
 5826546
 5826638
 5826973
 5827446
 5827593
 5827703
 5827737
 5827743
 5827962
 5828194
 5828281
 5828404
 5828437
 5828606
 5828915
 5828969
 5828976
 5828987
 5829347
 5829464
 5829803
 5829835
 5829836
 5829943
 5829970
 5830048
 5830349
 5830434
 5830479
 5830579
 5830602
 5830652
 5830928
 5830965
 5831031
 5831054
 5831094
 5831402
 5831470
 5831616
 5831772
 5832084
 5832220
 5832296
 5832395
 5832555
 5832625
 5832679
 5832708
 5832743
 5832787
 5832832
 5832868
 5832896
 5832965
 5833153
 5833181
 5833190
 5833261
 5833361
 5833433
 5833494
 5833628
 5833674
 5833739
 5833841
 5833868
 5833965
 5833986
 5834012
 5834152
 5834238
 5834443
 5834462
 5834514
 5834994
 5835057
 5835158
 5835459
 5835485
 5835566
 5835705
 5835749
 5835924
 5836134
 5836144
 5836412
 5836491
 5836971
 5837077
 5837078
 5837281
 5837387
 5837414
 5837432
 5837462
 5837599
 5837606
 5837688
 5837765
 5837852
 5838107
 5838265
 5838268
 5838351
 5838457
 5838512
 5838848
 5839106
 5839124
 5839148
 5839292
 5839298
 5839307
 5839390
 5839428
 5839443
 5839613
 5839844
 5839896
 5839920
 5840066
 5840148
 5840204
 5840253
 5840274
 5840290
 5840412
 5840562
 5840798
 5841028
 5841260
 5841355
 5841520
 5841665
 5842010
 5842355
 5842382
 5842525
 5842541
 5842593
 5842602
 5842628
 5842882
 5842965
 5843093
 5843272
 5843388
 5843534
 5843550
 5843601
 5843631
 5843793
 5843818
 5843933
 5843991
 5844020
 5844243
 5844422
 5844495
 5844765
 5844999
 5845035
 5845077
 5845185
 5845194
 5845205
 5845378
 5845427
 5845955
 5846003
 5846166
 5846253
 5846321
 5846323
 5846408
 5846615
 5846643
 5846693
 5846694
 5846696
 5846717
 5846897
 5846962
 5847064
 5847197
 5847369
 5847491
 5847613
 5847813
 5847886
 5847892
 5848187
 5848277
 5848381
 5848397
 5848410
 5848566
 5848758
 5848879
 5848977
 5849130
 5849202
 5849264
 5849316
 5849428
 5849442
 5849773
 5849903
 5850113
 5850277
 5850288
 5850375
 5850377
 5850537
 5850612
 5850786
 5850888
 5851005
 5851109
 5851146
 5851165
 5851447
 5851751
 5851891
 5852072
 5852074
 5852129
 5852195
 5852253
 5852287
 5852302
 5852467
 5852489
 5852619
 5852683
 5852993
 5853050
 5853075
 5853080
 5853142
 5853160
 5853384
 5853425
 5853445
 5853540
 5853713
 5853749
 5853853
 5853900
 5853994
 5854112
 5854223
 5854287
 5854355
 5854418
 5854451
 5854457
 5854571
 5854629
 5854736
 5854835
 5854985
 5855011
 5855205
 5855215
 5855344
 5855366
 5855457
 5855497
 5855847
 5855855
 5855931
 5855975
 5856134
 5856613
 5856784
 5856895
 5856943
 5857252
 5857263
 5857355
 5857380
 5857408
 5857441
 5857520
 5857560
 5857624
 5857687
 5857706
 5857740
 5858028
 5858187
 5858238
 5858509
 5858705
 5858723
 5858728
 5858850
 5859039
 5859074
 5859299
 5859314
 5859357
 5859448
 5859653
 5859693
 5860019
 5860372
 5860453
 5860944
 5861097
 5861253
 5861411
 5861448
 5861466
 5861715
 5861777
 5861819
 5861850
 5861856
 5862488
 5862615
 5862674
 5862867
 5862979
 5863040
 5863323
 5863372
 5863398
 5863718
 5863744
 5863820
 5863935
 5863956
 5864107
 5864122
 5864204
 5864257
 5864350
 5864539
 5864688
 5864751
 5864813
 5864979
 5865137
 5865176
 5865325
 5865528
 5865562
 5865669
 5865822
 5865850
 5865889
 5866102
 5866158
 5866189
 5866410
 5866440
 5866528
 5866681
 5866741
 5866819
 5866840
 5866980
 5867009
 5867050
 5867069
 5867326
 5867422
 5867442
 5867465
 5867492
 5867645
 5867881
 5867941
 5867949
 5867963
 5868040
 5868091
 5868156
 5868209
 5868372
 5868540
 5868598
 5868622
 5868685
 5868790
 5869231
 5869440
 5869537
 5869540
 5869557
 5869678
 5869949
 5870182
 5870207
 5870306
 5870343
 5870350
 5870359
 5870418
 5870469
 5870495
 5870515
 5870571
 5870595
 5870643
 5870927
 5870946
 5871022
 5871086
 5871090
 5871129
 5871237
 5871286
 5871384
 5871450
 5871619
 5872043
 5872313
 5872509
 5872565
 5872578
 5872655
 5872909
 5873128
 5873146
 5873280
 5873365
 5873405
 5873433
 5873627
 5873839
 5874144
 5874262
 5874310
 5874342
 5874503
 5874584
 5874615
 5874901
 5874929
 5875006
 5875225
 5875317
 5875386
 5875529
 5875621
 5875623
 5875757
 5876062
 5876178
 5876347
 5876379
 5876617
 5876649
 5876681
 5876900
 5877107
 5877209
 5877404
 5877454
 5877606
 5877719
 5877789
 5877994
 5878055
 5878219
 5878270
 5878310
 5878426
 5878465
 5878543
 5878870
 5879063
 5879163
 5879387
 5879507
 5879572
 5879579
 5879635
 5879839
 5879900
 5880182
 5880212
 5880219
 5880439
 5880461
 5880470
 5880476
 5880488
 5880521
 5880542
 5880565
 5880801
 5881018
 5881026
 5881082
 5881212
 5881240
 5881405
 5881489
 5881496
 5881601
 5881743
 5881784
 5881917
 5882011
 5882203
 5882298
 5882322
 5882353
 5882392
 5882681
 5882814
 5882873
 5882906
 5882964
 5883077
 5883257
 5883456
 5883472
 5883627
 5883701
 5883867
 5883931
 5883995
 5884209
 5884488
 5884567
 5884704
 5884856
 5884919
 5884948
 5885004
 5885080
 5885216
 5885308
 5885346
 5885362
 5885474
 5885689
 5885711
 5886020
 5886350
 5886462
 5886546
 5886880
 5887098
 5887249
 5887365
 5887419
 5887632
 5887740
 5887786
 5887789
 5887806
 5887897
 5887942
 5888101
 5888166
 5888199
 5888362
 5888364
 5888488
 5888613
 5888757
 5888788
 5888802
 5888897
 5889125
 5889205
 5889337
 5889370
 5889494
 5889722
 5889828
 5890055
 5890104
 5890240
 5890265
 5890303
 5890421
 5890655
 5890666
 5890745
 5890818
 5891126
 5891163
 5891232
 5891314
 5891503
 5891515
 5891523
 5891680
 5891746
 5891942
 5892277
 5892492
 5892704
 5892822
 5892966
 5893029
 5893069
 5893099
 5893100
 5893265
 5893370
 5893634
 5893662
 5893827
 5894000
 5894002
 5894195
 5894209
 5894324
 5894434
 5894492
 5894525
 5894600
 5894609
 5894707
 5894816
 5894874
 5894901
 5894931
 5895059
 5895079
 5895445
 5895508
 5895607
 5895825
 5895956
 5895974
 5896062
 5896085
 5896243
 5896414
 5896421
 5896429
 5896623
 5896683
 5896950
 5897013
 5897051
 5897135
 5897202
 5897411
 5897656
 5898086
 5898295
 5898365
 5898375
 5898438
 5898497
 5898513
 5898529
 5898603
 5898628
 5898727
 5898748
 5898775
 5898851
 5899011
 5899082
 5899093
 5899115
 5899186
 5899305
 5899383
 5899478
 5899480
 5899488
 5899571
 5899591
 5899708
 5899937
 5899991
 5900010
 5900053
 5900064
 5900170
 5900182
 5900203
 5900286
 5900338
 5900371
 5900387
 5900457
 5900528
 5900671
 5900697
 5900726
 5900751
 5900825
 5900915
 5901037
 5901064
 5901173
 5901310
 5901364
 5901393
 5901478
 5901505
 5901582
 5902052
 5902072
 5902217
 5902345
 5902380
 5902679
 5902721
 5902876
 5902925
 5902991
 5903115
 5903191
 5903226
 5903277
 5903347
 5903559
 5903617
 5903684
 5903726
 5903757
 5903794
 5903895
 5903985
 5904312
 5904462
 5904466
 5904531
 5904589
 5904818
 5904831
 5904894
 5904924
 5905042
 5905048
 5905278
 5905354
 5905470
 5905590
 5905605
 5905649
 5905658
 5905731
 5905851
 5905872
 5905904
 5905961
 5905963
 5905988
 5906023
 5906242
 5906357
 5906455
 5906460
 5906632
 5906792
 5906879
 5906990
 5907021
 5907168
 5907282
 5907561
 5907591
 5907720
 5907727
 5907828
 5907844
 5907946
 5908076
 5908100
 5908444
 5908486
 5908547
 5908624
 5908705
 5908714
 5908775
 5908860
 5909233
 5909257
 5909317
 5909585
 5909660
 5909688
 5909974
 5910036
 5910043
 5910057
 5910126
 5910161
 5910352
 5910400
 5910465
 5910495
 5910537
 5910644
 5910873
 5910921
 5911618
 5912058
 5912084
 5912182
 5912243
 5912450
 5912466
 5912638
 5912673
 5912713
 5912756
 5912776
 5912962
 5912970
 5913244
 5913279
 5913490
 5913515
 5913548
 5913580
 5913614
 5913770
 5913807
 5913884
 5914119
 5914135
 5914276
 5914394
 5914440
 5914524
 5914588
 5914613
 5914690
 5914841
 5914855
 5914919
 5915014
 5915027
 5915111
 5915166
 5915181
 5915332
 5915366
 5915432
 5915436
 5915517
 5915523
 5915558
 5915559
 5915564
 5915612
 5915813
 5915843
 5915972
 5916068
 5916109
 5916115
 5916236
 5916313
 5916331
 5916338
 5916377
 5916414
 5916433
 5916505
 5916609
 5916639
 5916641
 5916846
 5916948
 5917002
 5917048
 5917192
 5917225
 5917302
 5917327
 5917509
 5917828
 5917970
 5918137
 5918285
 5918415
 5918439
 5918508
 5918611
 5918857
 5919075
 5919151
 5919199
 5919211
 5919389
 5919499
 5919648
 5919736
 5919934
 5919989
 5920074
 5920093
 5920193
 5920280
 5920330
 5920492
 5920496
 5920572
 5920586
 5920622
 5920629
 5920702
 5920729
 5920928
 5921021
 5921124
 5921255
 5921256
 5921309
 5921321
 5921379
 5921641
 5921663
 5921750
 5921879
 5921986
 5922263
 5922304
 5922385
 5922441
 5922517
 5922534
 5922564
 5922918
 5923132
 5923213
 5923310
 5923426
 5923614
 5923660
 5923668
 5923793
 5923857
 5923885
 5923964
 5923970
 5924015
 5924036
 5924045
 5924060
 5924172
 5924238
 5924333
 5924334
 5924433
 5924484
 5924569
 5924616
 5924630
 5924784
 5924869
 5924953
 5925151
 5925417
 5925486
 5925560
 5925693
 5925706
 5925748
 5925854
 5926023
 5926107
 5926174
 5926212
 5926295
 5926351
 5926410
 5926516
 5926871
 5926934
 5927001
 5927077
 5927111
 5927147
 5927250
 5927379
 5927428
 5927499
 5927578
 5927672
 5927697
 5927718
 5927721
 5927746
 5927937
 5927942
 5928088
 5928090
 5928110
 5928337
 5928431
 5928446
 5928643
 5928672
 5928676
 5928723
 5928800
 5928900
 5928904
 5928933
 5929005
 5929224
 5929478
 5929507
 5929582
 5929657
 5929891
 5929949
 5929963
 5930089
 5930238
 5930296
 5930445
 5930617
 5931181
 5931320
 5931385
 5931532
 5931602
 5932054
 5932073
 5932203
 5932235
 5932273
 5932349
 5932516
 5932547
 5932690
 5932830
 5932880
 5933030
 5933144
 5933347
 5933733
 5933772
 5934446
 5934486
 5934497
 5934537
 5934632
 5934655
 5934672
 5934915
 5934965
 5934992
 5935040
 5935141
 5935156
 5935303
 5935387
 5935446
 5935559
 5935579
 5935622
 5935667
 5935713
 5935829
 5936059
 5936123
 5936454
 5936464
 5936681
 5936704
 5936723
 5936784
 5936802
 5936812
 5936881
 5936924
 5936948
 5937001
 5937043
 5937148
 5937180
 5937194
 5937261
 5937366
 5937403
 5937561
 5937605
 5937681
 5937694
 5937790
 5937850
 5937889
 5937983
 5938392
 5938399
 5938426
 5938930
 5938980
 5939016
 5939252
 5939275
 5939506
 5939616
 5939774
 5939821
 5939884
 5939981
 5940101
 5940147
 5940216
 5940606
 5940682
 5940870
 5940986
 5941250
 5941268
 5941287
 5942043
 5942216
 5942264
 5942276
 5942296
 5942397
 5942464
 5942576
 5942587
 5942648
 5942674
 5942705
 5942800
 5942853
 5943011
 5943075
 5943104
 5943292
 5943296
 5943303
 5943332
 5943462
 5943599
 5943601
 5943843
 5943907
 5943966
 5944014
 5944153
 5944338
 5944352
 5944356
 5944524
 5944593
 5944640
 5944890
 5945176
 5945531
 5945562
 5945616
 5945770
 5945838
 5945858
 5945872
 5945890
 5946041
 5946048
 5946146
 5946206
 5946251
 5946380
 5946475
 5946494
 5946551
 5946612
 5946614
 5946756
 5946918
 5947175
 5947336
 5947417
 5947444
 5947550
 5947582
 5947596
 5947647
 5947774
 5947871
 5947957
 5947998
 5948092
 5948162
 5948183
 5948402
 5948502
 5948682
 5948698
 5948768
 5948787
 5949058
 5949079
 5949223
 5949348
 5949381
 5949497
 5949513
 5949598
 5949599
 5949706
 5949727
 5949742
 5949832
 5950093
 5950116
 5950287
 5950359
 5950480
 5950617
 5950761
 5950984
 5951419
 5951428
 5951445
 5951525
 5951557
 5951619
 5951686
 5951726
 5951922
 5951945
 5952068
 5952245
 5952514
 5952556
 5952603
 5952746
 5952758
 5952982
 5953075
 5953116
 5953340
 5953380
 5953387
 5953456
 5953765
 5953864
 5953875
 5953926
 5954024
 5954263
 5954275
 5954324
 5954420
 5954515
 5954583
 5954706
 5954815
 5954817
 5954826
 5954854
 5954934
 5954965
 5955007
 5955042
 5955065
 5955132
 5955180
 5955533
 5955606
 5955648
 5955662
 5955725
 5955786
 5955874
 5955964
 5956004
 5956166
 5956321
 5956326
 5956386
 5956419
 5956448
 5956450
 5956553
 5956658
 5956716
 5956778
 5956796
 5956978
 5957009
 5957072
 5957130
 5957269
 5957304
 5957358
 5957379
 5957406
 5957593
 5957810
 5957925
 5957984
 5958144
 5958176
 5958204
 5958236
 5958333
 5958428
 5958453
 5958491
 5958712
 5958928
 5958963
 5959032
 5959272
 5959318
 5959350
 5959449
 5959453
 5959611
 5959660
 5959839
 5959857
 5960021
 5960031
 5960051
 5960129
 5960245
 5960369
 5960429
 5960714
 5960724
 5960776
 5960965
 5961064
 5961073
 5961147
 5961338
 5961350
 5961368
 5961396
 5961412
 5961458
 5961471
 5961523
 5961667
 5961698
 5961915
 5961996
 5962041
 5962056
 5962354
 5962412
 5962480
 5962504
 5962676
 5962691
 5962878
 5963455
 5963555
 5963560
 5964234
 5964304
 5964351
 5964485
 5964742
 5964780
 5964831
 5964892
 5964913
 5964930
 5965004
 5965139
 5965159
 5965193
 5965411
 5965507
 5965527
 5965530
 5965574
 5965803
 5965813
 5965918
 5966248
 5966448
 5966518
 5966527
 5966740
 5966753
 5966806
 5966922
 5966981
 5967024
 5967040
 5967467
 5967536
 5967599
 5967708
 5967841
 5967921
 5968291
 5968294
 5968437
 5968605
 5968608
 5968663
 5968690
 5968729
 5968750
 5968978
 5969246
 5969332
 5969379
 5969457
 5969631
 5969785
 5969833
 5969913
 5970020
 5970112
 5970116
 5970354
 5970770
 5970889
 5971153
 5971364
 5971405
 5971601
 5971688
 5971840
 5971915
 5972057
 5972134
 5972174
 5972287
 5972355
 5972482
 5972493
 5972844
 5973237
 5973296
 5973565
 5973774
 5973820
 5973959
 5973988
 5974058
 5974136
 5974191
 5974325
 5974448
 5974491
 5974594
 5974748
 5974905
 5975001
 5975079
 5975184
 5975276
 5975534
 5975543
 5975584
 5975627
 5975648
 5975652
 5975809
 5975841
 5975924
 5976137
 5976410
 5976458
 5976504
 5976602
 5976609
 5976611
 5976622
 5976626
 5976686
 5976795
 5977108
 5977174
 5977203
 5977247
 5977250
 5977337
 5977424
 5977442
 5977484
 5977528
 5977538
 5977559
 5977573
 5977690
 5977798
 5977840
 5977864
 5978016
 5978039
 5978073
 5978430
 5978518
 5978525
 5978560
 5978755
 5978774
 5978934
 5979082
 5979158
 5979336
 5979349
 5979736
 5980071
 5980180
 5980305
 5980466
 5980471
 5980490
 5980520
 5980647
 5980658
 5980838
 5980881
 5980988
 5981065
 5981079
 5981123
 5981308
 5981309
 5981310
 5981329
 5981372
 5981417
 5981523
 5981636
 5981735
 5981839
 5981927
 5982262
 5982322
 5982335
 5982607
 5982782
 5982938
 5983040
 5983147
 5983244
 5983415
 5983457
 5983587
 5983636
 5983647
 5983765
 5983770
 5983912
 5983921
 5983960
 5984059
 5984071
 5984074
 5984288
 5984294
 5984469
 5984474
 5984501
 5984641
 5984642
 5984771
 5984909
 5985047
 5985278
 5985282
 5985288
 5985401
 5985405
 5985504
 5985717
 5985825
 5985833
 5985962
 5986216
 5986235
 5986273
 5986385
 5986531
 5986581
 5986654
 5986670
 5986898
 5987144
 5987535
 5987552
 5987575
 5987607
 5987767
 5987902
 5988325
 5988373
 5988591
 5988818
 5988869
 5988953
 5988967
 5989030
 5989134
 5989183
 5989184
 5989301
 5989331
 5989485
 5989497
 5989592
 5989706
 5989731
 5989834
 5990043
 5990062
 5990139
 5990193
 5990450
 5990456
 5990488
 5990643
 5990664
 5990867
 5990875
 5990932
 5991048
 5991068
 5991496
 5991790
 5992045
 5992095
 5992155
 5992247
 5992252
 5992556
 5992626
 5992912
 5992943
 5993021
 5993286
 5993472
 5993744
 5993865
 5993910
 5994342
 5994394
 5994460
 5994600
 5994679
 5994712
 5994800
 5995026
 5995498
 5995514
 5995540
 5995620
 5995645
 5995700
 5995806
 5995871
 5995896
 5995897
 5995907
 5996009
 5996150
 5996166
 5996506
 5996678
 5996787
 5996822
 5996852
 5996936
 5996985
 5997009
 5997036
 5997051
 5997164
 5997202
 5997236
 5997377
 5997398
 5997425
 5997537
 5997646
 5997719
 5997768
 5997807
 5997818
 5997979
 5997982
 5998158
 5998243
 5998275
 5998281
 5998373
 5998393
 5998411
 5998706
 5998875
 5999000
 5999117
 5999167
 5999295
 5999323
 5999485
 5999610
 5999726
 5999798
 5999811
 5999844
 5999850
 6000082
 6000208
 6000361
 6000397
 6000622
 6000702
 6000881
 6000963
 6000980
 6001100
 6001276
 6001356
 6001505
 6001520
 6001702
 6001709
 6001875
 6002004
 6002154
 6002282
 6002399
 6002513
 6002514
 6002842
 6003066
 6003379
 6003443
 6003600
 6003633
 6003654
 6003671
 6004159
 6004224
 6004358
 6004469
 6004486
 6004509
 6004641
 6004656
 6004661
 6004795
 6004892
 6004968
 6005007
 6005255
 6005339
 6005347
 6005350
 6005485
 6005486
 6005535
 6005668
 6005744
 6005843
 6005978
 6005984
 6006156
 6006415
 6006472
 6006608
 6006659
 6006777
 6006829
 6006875
 6006906
 6006980
 6007021
 6007076
 6007238
 6007300
 6007336
 6007446
 6007656
 6008037
 6008088
 6008150
 6008191
 6008225
 6008284
 6008330
 6008398
 6008575
 6008623
 6008679
 6008722
 6008792
 6008989
 6009179
 6009208
 6009253
 6009330
 6009348
 6009408
 6009461
 6009474
 6009633
 6009778
 6009831
 6009870
 6010406
 6010458
 6010632
 6010665
 6010860
 6011024
 6011110
 6011220
 6011779
 6011822
 6011833
 6012034
 6012101
 6012348
 6012399
 6012469
 6012740
 6012890
 6013182
 6013208
 6013271
 6013300
 6013339
 6013362
 6013915
 6013958
 6014085
 6014273
 6014325
 6014573
 6014599
 6014636
 6014731
 6015115
 6015260
 6015280
 6015332
 6015380
 6015405
 6015419
 6015583
 6015594
 6015644
 6015713
 6015828
 6015901
 6015935
 6016154
 6016189
 6016695
 6016763
 6016806
 6016833
 6016848
 6016850
 6017064
 6017259
 6017347
 6017349
 6017361
 6017487
 6017579
 6017660
 6017717
 6017948
 6018001
 6018139
 6018233
 6018266
 6018348
 6018433
 6018465
 6018519
 6018595
 6018652
 6018682
 6018690
 6018703
 6018730
 6018896
 6018913
 6018941
 6019024
 6019126
 6019265
 6019354
 6019377
 6019423
 6019427
 6019437
 6019490
 6019533
 6019590
 6019672
 6019687
 6019757
 6019777
 6019813
 6019815
 6019934
 6020019
 6020185
 6020385
 6020453
 6020466
 6020544
 6020608
 6020656
 6020852
 6021033
 6021076
 6021230
 6021273
 6021589
 6021601
 6021716
 6021777
 6021900
 6021967
 6022019
 6022178
 6022463
 6022578
 6022585
 6022658
 6022696
 6022716
 6022935
 6023033
 6023038
 6023274
 6023324
 6023424
 6023431
 6023732
 6023743
 6023792
 6023826
 6023853
 6023945
 6023962
 6024074
 6024281
 6024472
 6024739
 6024986
 6024987
 6025100
 6025318
 6025333
 6025387
 6025398
 6025533
 6025543
 6025793
 6025794
 6026156
 6026178
 6026296
 6026297
 6026617
 6026745
 6026919
 6027002
 6027214
 6027411
 6027537
 6027593
 6027688
 6027727
 6027728
 6027734
 6027940
 6028082
 6028184
 6028288
 6028376
 6028422
 6028459
 6028508
 6028578
 6028758
 6028862
 6028967
 6029096
 6029300
 6029502
 6029571
 6029579
 6029588
 6029614
 6029654
 6029733
 6029872
 6030005
 6030013
 6030064
 6030065
 6030089
 6030155
 6030228
 6030263
 6030410
 6030471
 6030524
 6030558
 6030577
 6030824
 6030825
 6031099
 6031177
 6031407
 6031567
 6031776
 6031816
 6031961
 6032031
 6032065
 6032454
 6032496
 6032509
 6032574
 6032693
 6032876
 6033022
 6033408
 6033437
 6033477
 6033570
 6033582
 6033592
 6033660
 6033738
 6033740
 6033875
 6033909
 6033926
 6033944
 6034008
 6034190
 6034209
 6034215
 6034388
 6034503
 6034524
 6034601
 6034648
 6034821
 6035298
 6035346
 6035408
 6035434
 6035572
 6035666
 6035872
 6035996
 6036085
 6036154
 6036239
 6036295
 6036343
 6036475
 6036575
 6036624
 6036676
 6036741
 6036905
 6036973
 6036994
 6037002
 6037082
 6037160
 6037184
 6037288
 6037402
 6037529
 6037661
 6037725
 6038075
 6038085
 6038165
 6038256
 6038263
 6038523
 6038792
 6038878
 6038951
 6039071
 6039079
 6039171
 6039315
 6039347
 6039378
 6039380
 6039476
 6039523
 6039590
 6039675
 6039763
 6039827
 6039924
 6040491
 6040519
 6040798
 6040857
 6040902
 6041213
 6041242
 6041350
 6041376
 6041451
 6041587
 6041638
 6041727
 6041867
 6042009
 6042474
 6042497
 6042574
 6042627
 6042904
 6043458
 6043488
 6043544
 6043548
 6043572
 6043611
 6043823
 6043861
 6043864
 6043878
 6043949
 6044012
 6044016
 6044246
 6044339
 6044516
 6044630
 6044680
 6044842
 6044913
 6044934
 6045174
 6045177
 6045287
 6045543
 6045677
 6045734
 6045883
 6045891
 6046184
 6046230
 6046301
 6046454
 6046603
 6046728
 6046824
 6046831
 6046905
 6046908
 6046989
 6047030
 6047206
 6047714
 6047870
 6047928
 6048005
 6048332
 6048479
 6048556
 6048614
 6048748
 6048804
 6048972
 6048981
 6049113
 6049180
 6049234
 6049235
 6049346
 6049411
 6049431
 6049753
 6050036
 6050129
 6050203
 6050326
 6050328
 6050374
 6050381
 6050401
 6050456
 6050566
 6050571
 6050749
 6050811
 6050923
 6050935
 6051291
 6051292
 6051652
 6051718
 6051757
 6051769
 6051942
 6051959
 6051969
 6051972
 6051977
 6052228
 6052229
 6052251
 6052407
 6052439
 6052464
 6052468
 6052472
 6052552
 6052626
 6052894
 6052978
 6053047
 6053094
 6053122
 6053308
 6053506
 6053570
 6053604
 6053646
 6053798
 6053894
 6053929
 6054145
 6054341
 6054377
 6054492
 6054503
 6054518
 6054543
 6054699
 6054879
 6055369
 6055465
 6055466
 6055542
 6055618
 6055641
 6055785
 6055813
 6055819
 6055820
 6055832
 6055855
 6055953
 6056033
 6056131
 6056133
 6056218
 6056277
 6056660
 6056827
 6056900
 6056970
 6057428
 6057436
 6057443
 6057524
 6057557
 6057560
 6057593
 6057634
 6057712
 6057844
 6057848
 6057923
 6057924
 6057955
 6058053
 6058063
 6058135
 6058214
 6058277
 6058403
 6058476
 6058512
 6058535
 6058543
 6058559
 6058582
 6058727
 6058796
 6058971
 6059034
 6059039
 6059345
 6059414
 6059457
 6059675
 6059811
 6059930
 6059974
 6060054
 6060309
 6060374
 6060845
 6060911
 6060996
 6061133
 6061229
 6061267
 6061350
 6061376
 6061395
 6061399
 6061499
 6061611
 6061664
 6062036
 6062058
 6062151
 6062313
 6062330
 6062650
 6062710
 6062713
 6063053
 6063216
 6063395
 6063497
 6063651
 6063727
 6064075
 6064203
 6064397
 6064422
 6064493
 6064614
 6064789
 6064829
 6064932
 6065046
 6065100
 6065189
 6065300
 6065453
 6065494
 6065505
 6065794
 6065951
 6065965
 6065973
 6066013
 6066044
 6066139
 6066142
 6066294
 6066348
 6066467
 6066569
 6066621
 6066674
 6066753
 6066940
 6066951
 6066987
 6066993
 6067192
 6067555
 6067581
 6067610
 6067662
 6067722
 6067752
 6067943
 6067973
 6068118
 6068334
 6068461
 6068613
 6068645
 6068649
 6068650
 6068875
 6068938
 6069098
 6069159
 6069188
 6069372
 6069492
 6069549
 6069575
 6069682
 6069764
 6069881
 6069891
 6069897
 6070077
 6070210
 6070294
 6070310
 6070372
 6070376
 6070425
 6070675
 6070691
 6070701
 6070709
 6070726
 6070727
 6070737
 6070757
 6070976
 6071037
 6071151
 6071184
 6071316
 6071448
 6071472
 6071515
 6071555
 6071597
 6071603
 6071745
 6071785
 6071876
 6072103
 6072162
 6072167
 6072451
 6072965
 6072989
 6073079
 6073114
 6073115
 6073536
 6073565
 6073584
 6073606
 6073825
 6074016
 6074038
 6074074
 6074181
 6074191
 6074223
 6074228
 6074278
 6074467
 6074515
 6074548
 6074570
 6074617
 6074757
 6074770
 6074882
 6074974
 6075055
 6075171
 6075301
 6075398
 6075426
 6075623
 6075796
 6075809
 6075923
 6075942
 6076008
 6076176
 6076337
 6076371
 6076405
 6076542
 6076635
 6076655
 6076758
 6076853
 6076919
 6077114
 6077125
 6077366
 6077685
 6077719
 6077746
 6077855
 6077949
 6078262
 6078268
 6078286
 6078622
 6078795
 6078892
 6079048
 6079074
 6079080
 6079099
 6079376
 6079434
 6079474
 6079504
 6079760
 6079761
 6079766
 6080043
 6080054
 6080195
 6080250
 6080340
 6080371
 6080434
 6080462
 6080533
 6080580
 6080660
 6080763
 6080986
 6080991
 6081226
 6081232
 6081302
 6081439
 6081752
 6081835
 6082077
 6082112
 6082309
 6082503
 6082843
 6083112
 6083240
 6083339
 6083407
 6083510
 6083546
 6083650
 6083736
 6083780
 6084052
 6084088
 6084267
 6084549
 6084570
 6084656
 6084686
 6084797
 6084832
 6085177
 6085225
 6085267
 6085381
 6085409
 6085420
 6085521
 6085549
 6085608
 6085609
 6085779
 6085830
 6086032
 6086143
 6086315
 6086342
 6086346
 6086609
 6086795
 6086910
 6086961
 6086972
 6087040
 6087196
 6087469
 6087490
 6087586
 6087722
 6087755
 6087947
 6087985
 6088046
 6088096
 6088154
 6088300
 6088495
 6088511
 6088570
 6088632
 6088704
 6088809
 6088879
 6088939
 6088983
 6089097
 6089140
 6089186
 6089239
 6089240
 6089321
 6089324
 6089328
 6089415
 6089505
 6089520
 6089624
 6089647
 6089800
 6089809
 6089811
 6089919
 6089927
 6089944
 6090034
 6090271
 6090327
 6090373
 6090444
 6090448
 6090574
 6090589
 6090621
 6090662
 6090735
 6090794
 6090825
 6090916
 6090944
 6090996
 6091137
 6091166
 6091235
 6091315
 6091359
 6091404
 6091506
 6091557
 6091659
 6091705
 6091822
 6091869
 6092017
 6092124
 6092289
 6092358
 6092392
 6092603
 6092741
 6092775
 6092785
 6092816
 6092917
 6092959
 6093253
 6093401
 6093404
 6093415
 6093500
 6093545
 6093616
 6093738
 6093794
 6093859
 6093872
 6093939
 6094015
 6094037
 6094121
 6094176
 6094189
 6094201
 6094207
 6094270
 6094350
 6094363
 6094457
 6094506
 6094564
 6094668
 6094751
 6094898
 6094927
 6095022
 6095112
 6095363
 6095666
 6095810
 6096221
 6096369
 6096554
 6096614
 6097023
 6097154
 6097194
 6097233
 6097343
 6097431
 6097553
 6097594
 6097618
 6097621
 6097717
 6098009
 6098041
 6098532
 6098635
 6098678
 6098720
 6098856
 6098900
 6099010
 6099072
 6099078
 6099118
 6099281
 6099327
 6099355
 6099390
 6099429
 6099452
 6099616
 6099744
 6099789
 6099844
 6099895
 6099931
 6100031
 6100264
 6100323
 6100601
 6100688
 6100694
 6100749
 6100818
 6100913
 6100959
 6100989
 6101224
 6101238
 6101356
 6101397
 6101669
 6101750
 6101874
 6101928
 6102025
 6102093
 6102336
 6102524
 6102642
 6102738
 6102869
 6102960
 6102986
 6102997
 6103017
 6103094
 6103164
 6103216
 6103261
 6103315
 6103410
 6103454
 6103495
 6103655
 6103739
 6103798
 6103860
 6104082
 6104121
 6104124
 6104194
 6104299
 6104402
 6104461
 6104566
 6104740
 6104806
 6104901
 6104907
 6104912
 6104995
 6105133
 6105203
 6105225
 6105259
 6105264
 6105298
 6105333
 6105409
 6105557
 6105598
 6105621
 6106008
 6106034
 6106068
 6106163
 6106269
 6106285
 6106523
 6106576
 6106603
 6106687
 6106748
 6106872
 6106919
 6106975
 6107017
 6107040
 6107080
 6107135
 6107138
 6107223
 6107585
 6107849
 6107912
 6107935
 6108056
 6108299
 6108423
 6108555
 6108805
 6108995
 6109084
 6109099
 6109139
 6109425
 6109592
 6109641
 6109667
 6109688
 6109782
 6109792
 6109992
 6110027
 6110093
 6110282
 6110477
 6110505
 6110592
 6110692
 6110756
 6110780
 6111005
 6111044
 6111245
 6111500
 6111516
 6111579
 6111621
 6111651
 6111653
 6111659
 6111794
 6111818
 6111999
 6112070
 6112480
 6112550
 6112790
 6112841
 6112857
 6112914
 6113041
 6113083
 6113107
 6113110
 6113273
 6113317
 6113535
 6113752
 6113794
 6113832
 6113906
 6114083
 6114115
 6114176
 6114328
 6114376
 6114418
 6114538
 6114972
 6114975
 6115207
 6115354
 6115559
 6115638
 6115675
 6115717
 6116152
 6116186
 6116459
 6116720
 6116763
 6116784
 6116896
 6117106
 6117132
 6117163
 6117261
 6117315
 6117366
 6117403
 6117452
 6117510
 6117569
 6117622
 6117646
 6117752
 6117931
 6118042
 6118075
 6118102
 6118472
 6118593
 6118689
 6118748
 6118915
 6119046
 6119148
 6119323
 6119578
 6119602
 6119895
 6120033
 6120039
 6120090
 6120149
 6120154
 6120176
 6120189
 6120260
 6120329
 6120360
 6120363
 6120371
 6120413
 6120494
 6120599
 6120609
 6120802
 6120829
 6120842
 6120949
 6121105
 6121120
 6121500
 6121529
 6121628
 6121648
 6121732
 6121744
 6121921
 6121952
 6122003
 6122041
 6122042
 6122274
 6122289
 6122331
 6122722
 6122750
 6122899
 6123059
 6123116
 6123324
 6123346
 6123415
 6123588
 6123833
 6123940
 6123984
 6124013
 6124087
 6124341
 6124344
 6124455
 6124509
 6124656
 6124962
 6125041
 6125255
 6125258
 6125397
 6125437
 6125475
 6125523
 6125863
 6126017
 6126207
 6126292
 6126331
 6126405
 6126479
 6126550
 6127072
 6127379
 6127386
 6127419
 6127445
 6127582
 6127595
 6127644
 6127735
 6128004
 6128172
 6128201
 6128231
 6128248
 6128448
 6128450
 6128504
 6128728
 6129004
 6129112
 6129136
 6129147
 6129154
 6129200
 6129448
 6129461
 6129552
 6129553
 6129581
 6129639
 6129758
 6129846
 6130183
 6130194
 6130264
 6130356
 6130554
 6130668
 6130692
 6130701
 6130727
 6130771
 6130823
 6131086
 6131151
 6131271
 6131472
 6131501
 6131510
 6131532
 6131535
 6131580
 6131710
 6131723
 6131837
 6131844
 6131986
 6131988
 6132062
 6132159
 6132315
 6132333
 6132425
 6132759
 6132859
 6132866
 6132984
 6133098
 6133127
 6133131
 6133585
 6133956
 6133992
 6134065
 6134094
 6134315
 6134423
 6134439
 6134446
 6134486
 6134614
 6134650
 6134835
 6135229
 6135265
 6135322
 6135332
 6135423
 6135599
 6135646
 6135680
 6135776
 6135804
 6135810
 6135955
 6136057
 6136153
 6136415
 6136819
 6136978
 6136991
 6137000
 6137010
 6137093
 6137457
 6137473
 6137474
 6137482
 6137535
 6137706
 6137770
 6137829
 6137951
 6137995
 6138047
 6138077
 6138286
 6138331
 6138362
 6138503
 6138562
 6138567
 6138969
 6139608
 6139864
 6139901
 6140068
 6140084
 6140470
 6140488
 6140514
 6140546
 6140570
 6141037
 6141164
 6141245
 6141413
 6141612
 6141937
 6142044
 6142213
 6142263
 6142346
 6142414
 6142446
 6142449
 6142487
 6142778
 6142805
 6142840
 6142996
 6143000
 6143003
 6143122
 6143142
 6143290
 6143450
 6143452
 6143516
 6143619
 6143673
 6143872
 6144050
 6144071
 6144085
 6144245
 6144264
 6144318
 6144400
 6144577
 6144618
 6144652
 6144700
 6144781
 6144873
 6144943
 6145241
 6145423
 6145597
 6145886
 6145943
 6146107
 6146149
 6146260
 6146265
 6146299
 6146565
 6146613
 6146614
 6146629
 6146838
 6147001
 6147047
 6147102
 6147216
 6147267
 6147299
 6147332
 6147533
 6147567
 6147608
 6147627
 6147707
 6147815
 6147862
 6147914
 6148061
 6148204
 6148266
 6148294
 6148373
 6148411
 6148572
 6148580
 6148582
 6148617
 6148665
 6148706
 6148803
 6148819
 6148870
 6148984
 6149001
 6149102
 6149153
 6149257
 6149389
 6149587
 6149630
 6149739
 6149833
 6150036
 6150178
 6150263
 6150338
 6150380
 6150517
 6150522
 6150663
 6150673
 6150712
 6150731
 6150754
 6150873
 6151019
 6151329
 6151331
 6151405
 6151586
 6151587
 6151670
 6151783
 6151927
 6152042
 6152075
 6152115
 6152487
 6152620
 6152762
 6152843
 6152893
 6152932
 6152991
 6153148
 6153255
 6153349
 6153419
 6153709
 6153716
 6153886
 6153909
 6154088
 6154107
 6154120
 6154122
 6154125
 6154319
 6154345
 6154470
 6154496
 6155132
 6155187
 6155236
 6155252
 6155310
 6155341
 6155376
 6155420
 6155481
 6155498
 6155512
 6155538
 6155688
 6155714
 6155793
 6155809
 6155855
 6156031
 6156032
 6156189
 6156292
 6156572
 6156835
 6156844
 6156928
 6156958
 6157206
 6157502
 6157559
 6157657
 6157707
 6157721
 6157818
 6157899
 6157982
 6158043
 6158078
 6158236
 6158246
 6158293
 6158348
 6158504
 6158565
 6158614
 6158625
 6158680
 6158806
 6158815
 6158944
 6158988
 6159073
 6159089
 6159218
 6159449
 6159495
 6159568
 6159601
 6159780
 6159783
 6159835
 6159844
 6159962
 6160095
 6160150
 6160320
 6160445
 6160529
 6160732
 6160869
 6160980
 6161000
 6161082
 6161278
 6161483
 6161545
 6161706
 6161713
 6161767
 6161775
 6162427
 6162503
 6162610
 6162701
 6162749
 6162758
 6162894
 6163026
 6163060
 6163212
 6163246
 6163312
 6163482
 6163544
 6163582
 6163816
 6163919
 6164082
 6164163
 6164863
 6165127
 6165179
 6165182
 6165320
 6165621
 6165846
 6165951
 6166006
 6166073
 6166091
 6166120
 6166200
 6166269
 6166483
 6166704
 6166754
 6166766
 6166821
 6167067
 6167231
 6167347
 6167466
 6167579
 6167715
 6167787
 6167931
 6167966
 6168035
 6168104
 6168250
 6168264
 6168324
 6168354
 6168420
 6168549
 6168607
 6168700
 6168718
 6168744
 6168869
 6169063
 6169072
 6169188
 6169418
 6169680
 6169785
 6169822
 6169857
 6169864
 6169909
 6169938
 6170007
 6170336
 6170457
 6170533
 6170561
 6170562
 6170707
 6170742
 6170856
 6170890
 6170971
 6171052
 6171118
 6171129
 6171269
 6171312
 6171552
 6171609
 6171830
 6171887
 6171902
 6171905
 6171994
 6172080
 6172193
 6172391
 6172436
 6172541
 6172883
 6172913
 6173064
 6173132
 6173145
 6173198
 6173233
 6173296
 6173312
 6173526
 6173532
 6173877
 6173911
 6173922
 6173994
 6174216
 6174364
 6174718
 6174736
 6174759
 6174814
 6174815
 6174984
 6175223
 6175367
 6175410
 6175589
 6175592
 6175650
 6175702
 6176106
 6176354
 6176404
 6176416
 6176674
 6176762
 6176777
 6176895
 6176914
 6176961
 6177066
 6177188
 6177238
 6177326
 6177397
 6177403
 6177454
 6177572
 6177585
 6177662
 6177708
 6177743
 6177837
 6177888
 6177937
 6178031
 6178225
 6178234
 6178240
 6178355
 6178390
 6178758
 6178799
 6178851
 6178932
 6179065
 6179107
 6179189
 6179282
 6179296
 6179410
 6179558
 6179576
 6179714
 6179742
 6179857
 6179977
 6180175
 6180360
 6180693
 6180806
 6180879
 6180933
 6180958
 6180980
 6180990
 6181000
 6181159
 6181199
 6181224
 6181499
 6181531
 6181549
 6181771
 6181798
 6181808
 6182371
 6182517
 6182541
 6182677
 6182697
 6182809
 6182862
 6183028
 6183033
 6183070
 6183304
 6183327
 6183366
 6183447
 6183597
 6183739
 6183864
 6184175
 6184271
 6184280
 6184444
 6184627
 6184656
 6184660
 6184978
 6185219
 6185321
 6185535
 6185582
 6185848
 6185876
 6185891
 6185931
 6186315
 6186389
 6186395
 6186544
 6186554
 6186610
 6186650
 6186766
 6186803
 6187122
 6187288
 6187322
 6187435
 6187582
 6187622
 6187700
 6187745
 6187891
 6187978
 6188043
 6188068
 6188675
 6188684
 6188777
 6188835
 6188885
 6188925
 6189113
 6189131
 6189230
 6189284
 6189367
 6189545
 6189652
 6189709
 6189852
 6190165
 6190294
 6190304
 6190347
 6190377
 6190552
 6190708
 6190926
 6190943
 6190956
 6190976
 6191308
 6191344
 6191473
 6191564
 6191693
 6191791
 6192196
 6192288
 6192292
 6192556
 6192647
 6192674
 6192688
 6193227
 6193243
 6193350
 6193418
 6193483
 6193581
 6193591
 6193608
 6193625
 6193659
 6193765
 6193860
 6194081
 6194188
 6194346
 6194468
 6194664
 6194682
 6194864
 6195053
 6195122
 6195513
 6195576
 6195586
 6195690
 6195893
 6196151
 6196161
 6196191
 6196270
 6196363
 6196682
 6196850
 6196926
 6197079
 6197232
 6197302
 6197376
 6197431
 6197439
 6197479
 6197537
 6197728
 6197762
 6197785
 6197851
 6197871
 6198151
 6198247
 6198256
 6198294
 6198383
 6198437
 6198487
 6198611
 6198726
 6198769
 6198854
 6198889
 6198927
 6198956
 6199046
 6199126
 6199127
 6199133
 6199206
 6199306
 6199343
 6199373
 6199424
 6199511
 6199786
 6199818
 6199834
 6200007
 6200165
 6200386
 6200438
 6200660
 6200743
 6200782
 6200852
 6200990
 6201292
 6201310
 6201543
 6201592
 6201756
 6201779
 6201833
 6201916
 6201932
 6201962
 6202015
 6202229
 6202325
 6202331
 6202352
 6202487
 6202767
 6202816
 6202852
 6202945
 6202949
 6203169
 6203315
 6203407
 6203428
 6203506
 6203524
 6203572
 6203767
 6203778
 6203911
 6204143
 6204427
 6204581
 6204746
 6204957
 6205059
 6205178
 6205360
 6205364
 6205393
 6205538
 6205559
 6205635
 6205766
 6205923
 6206020
 6206061
 6206086
 6206255
 6206293
 6206388
 6206461
 6206543
 6206703
 6206803
 6207078
 6207081
 6207143
 6207362
 6207385
 6207648
 6207853
 6208012
 6208444
 6208449
 6208488
 6208517
 6208553
 6208703
 6208923
 6208998
 6209153
 6209227
 6209306
 6209338
 6209358
 6209476
 6209480
 6209519
 6209568
 6209578
 6209678
 6209711
 6209906
 6209975
 6210225
 6210371
 6210420
 6210648
 6210685
 6210690
 6210739
 6210867
 6210873
 6210936
 6211086
 6211297
 6211492
 6211686
 6211807
 6211880
 6211990
 6212081
 6212255
 6212258
 6212285
 6212311
 6212328
 6212352
 6212471
 6212536
 6212655
 6212731
 6212822
 6212823
 6212987
 6213086
 6213125
 6213261
 6213484
 6213508
 6213537
 6213605
 6213718
 6214227
 6214230
 6214492
 6214567
 6214636
 6214853
 6214896
 6215005
 6215060
 6215098
 6215205
 6215263
 6215734
 6215828
 6215918
 6216293
 6216361
 6216398
 6216537
 6216929
 6216991
 6217120
 6217338
 6217522
 6217747
 6217972
 6218044
 6218074
 6218212
 6218330
 6218408
 6218480
 6218548
 6218625
 6218743
 6218886
 6219022
 6219039
 6219508
 6219639
 6219644
 6219923
 6220122
 6220169
 6220239
 6220299
 6220335
 6220407
 6220453
 6220483
 6220644
 6220735
 6220772
 6220792
 6220986
 6221034
 6221156
 6221557
 6221683
 6221734
 6222059
 6222092
 6222189
 6222231
 6222339
 6222461
 6222558
 6222683
 6222759
 6222775
 6223051
 6223214
 6223296
 6223306
 6223353
 6223363
 6223443
 6223472
 6223635
 6223652
 6223794
 6223817
 6223981
 6223989
 6224068
 6224112
 6224148
 6224153
 6224692
 6224703
 6224706
 6224723
 6224831
 6224892
 6225048
 6225056
 6225350
 6225399
 6225518
 6225660
 6225672
 6225694
 6225763
 6225885
 6226013
 6226051
 6226057
 6226112
 6226213
 6226352
 6226453
 6226544
 6226586
 6226666
 6226757
 6226763
 6226819
 6227210
 6227455
 6227510
 6227669
 6227712
 6227828
 6227854
 6227960
 6228047
 6228165
 6228233
 6228412
 6228440
 6228537
 6228564
 6228569
 6228656
 6228961
 6229088
 6229337
 6229502
 6229525
 6229529
 6229574
 6229593
 6229693
 6229709
 6229792
 6229817
 6229955
 6230018
 6230058
 6230166
 6230231
 6230239
 6230311
 6230467
 6230594
 6230667
 6230838
 6231007
 6231272
 6231343
 6231505
 6231525
 6231566
 6231750
 6232107
 6232140
 6232204
 6232461
 6232843
 6232859
 6232995
 6233030
 6233124
 6233180
 6233317
 6233324
 6233461
 6233478
 6233515
 6233606
 6233633
 6233650
 6233783
 6233841
 6233860
 6233891
 6234110
 6234132
 6234243
 6234260
 6234312
 6234432
 6234579
 6234591
 6234611
 6234653
 6234690
 6234814
 6235086
 6235358
 6235369
 6235476
 6235665
 6235838
 6235854
 6235916
 6235941
 6235991
 6236003
 6236083
 6236086
 6236265
 6236327
 6236400
 6236453
 6236638
 6236780
 6236812
 6236842
 6236891
 6237032
 6237088
 6237220
 6237357
 6237415
 6237503
 6237558
 6237612
 6237613
 6237790
 6237923
 6237926
 6238099
 6238232
 6238274
 6238365
 6238524
 6238558
 6238571
 6238859
 6239024
 6239053
 6239094
 6239163
 6239174
 6239334
 6239416
 6239468
 6239705
 6239767
 6239795
 6239801
 6239821
 6239849
 6239946
 6240156
 6240206
 6240227
 6240294
 6240367
 6240927
 6241114
 6241245
 6241374
 6241648
 6241842
 6241855
 6241885
 6242341
 6242547
 6242717
 6243277
 6243463
 6243480
 6243529
 6243557
 6243601
 6243652
 6243814
 6243882
 6244036
 6244358
 6244461
 6244533
 6244698
 6244933
 6245243
 6245245
 6245385
 6245431
 6245583
 6245622
 6245635
 6245859
 6245910
 6245969
 6245997
 6246154
 6246222
 6246245
 6246332
 6246342
 6246413
 6246776
 6246815
 6246962
 6246978
 6247131
 6247500
 6247511
 6247572
 6247633
 6247668
 6247687
 6247754
 6247833
 6247854
 6247906
 6248034
 6248129
 6248166
 6248197
 6248324
 6248413
 6248591
 6249064
 6249129
 6249249
 6249352
 6249447
 6249688
 6249726
 6249744
 6249768
 6250222
 6250356
 6250495
 6250571
 6250573
 6250593
 6250774
 6250865
 6251188
 6251207
 6251222
 6251307
 6251369
 6251446
 6251503
 6251522
 6251528
 6251554
 6251570
 6251624
 6251638
 6251699
 6251715
 6251727
 6251785
 6251993
 6252027
 6252038
 6252127
 6252227
 6252659
 6252792
 6252899
 6253140
 6253290
 6253384
 6253746
 6253906
 6253995
 6254220
 6254225
 6254261
 6254489
 6254809
 6254826
 6254881
 6255101
 6255171
 6255320
 6255344
 6255353
 6255566
 6255751
 6255789
 6255874
 6256082
 6256139
 6256161
 6256284
 6256469
 6256623
 6256639
 6256688
 6256781
 6256924
 6257090
 6257098
 6257194
 6257387
 6257453
 6257461
 6257525
 6257564
 6257680
 6257717
 6257791
 6257839
 6257951
 6257995
 6258029
 6258044
 6258123
 6258431
 6258522
 6258605
 6258723
 6258751
 6258855
 6258921
 6258925
 6258965
 6258988
 6258993
 6259096
 6259105
 6259407
 6259431
 6259498
 6259704
 6260110
 6260116
 6260289
 6260375
 6260516
 6260537
 6260823
 6260928
 6261007
 6261140
 6261156
 6261216
 6261239
 6261402
 6261437
 6261817
 6261840
 6261873
 6261934
 6262047
 6262240
 6262270
 6262416
 6262556
 6262683
 6262728
 6262755
 6263037
 6263101
 6263104
 6263296
 6263643
 6263727
 6264036
 6264151
 6264666
 6264678
 6264687
 6264737
 6264917
 6265211
 6265441
 6265774
 6265850
 6265868
 6265897
 6265997
 6266031
 6266194
 6266218
 6266307
 6266420
 6266543
 6266551
 6266638
 6266698
 6266761
 6266899
 6266928
 6267041
 6267198
 6267289
 6267330
 6267369
 6267420
 6267437
 6267633
 6267669
 6267941
 6268016
 6268140
 6268182
 6268309
 6268358
 6268594
 6268605
 6268769
 6268799
 6268816
 6269316
 6269340
 6269418
 6269533
 6269712
 6269757
 6269783
 6269811
 6269823
 6269910
 6270035
 6270186
 6270193
 6270203
 6270298
 6270419
 6270465
 6270510
 6270647
 6270761
 6270833
 6270924
 6270971
 6271039
 6271464
 6271564
 6271718
 6271777
 6271793
 6271795
 6271824
 6271876
 6272059
 6272251
 6272311
 6272508
 6272514
 6272524
 6272543
 6272643
 6272666
 6272974
 6273138
 6273186
 6273261
 6273262
 6273277
 6273335
 6273576
 6273639
 6273687
 6273797
 6273810
 6274067
 6274141
 6274277
 6274286
 6274338
 6274620
 6274671
 6274721
 6274762
 6274765
 6274946
 6275031
 6275155
 6275260
 6275542
 6275584
 6275627
 6275663
 6275720
 6275721
 6275723
 6275840
 6275981
 6276208
 6276316
 6276343
 6276370
 6276472
 6276505
 6276796
 6276908
 6276925
 6277145
 6277179
 6277211
 6277226
 6277313
 6277371
 6277381
 6277475
 6277650
 6277710
 6277771
 6277848
 6278073
 6278108
 6278180
 6278229
 6278755
 6278936
 6279060
 6279133
 6279210
 6279299
 6279366
 6279812
 6279839
 6279894
 6279985
 6280097
 6280183
 6280292
 6280646
 6280781
 6280890
 6280946
 6281104
 6281245
 6281340
 6281346
 6281555
 6281671
 6281720
 6281920
 6282124
 6282139
 6282551
 6282659
 6282663
 6282958
 6282982
 6283140
 6283169
 6283253
 6283393
 6283423
 6283472
 6283520
 6283537
 6283544
 6283753
 6283754
 6283774
 6284307
 6284401
 6284783
 6284831
 6284912
 6285014
 6285142
 6285268
 6285275
 6285735
 6285949
 6286014
 6286135
 6286394
 6286427
 6286512
 6286644
 6286766
 6286810
 6286897
 6286955
 6286999
 6287027
 6287186
 6287247
 6287303
 6287394
 6287556
 6287626
 6287925
 6287938
 6288042
 6288181
 6288353
 6288670
 6289014
 6289160
 6289280
 6289395
 6289437
 6289498
 6289590
 6289618
 6289684
 6290063
 6290075
 6290179
 6290181
 6290245
 6290606
 6290753
 6290924
 6290933
 6290998
 6291074
 6291130
 6291182
 6291253
 6291371
 6291464
 6291699
 6291767
 6292125
 6292230
 6292275
 6292299
 6292364
 6292431
 6292447
 6292601
 6293000
 6293025
 6293269
 6293367
 6293581
 6293720
 6293815
 6294428
 6294448
 6294514
 6294551
 6294643
 6294817
 6294828
 6294964
 6295113
 6295181
 6295231
 6295259
 6295263
 6295379
 6295413
 6295438
 6295500
 6295502
 6295515
 6295521
 6295528
 6295552
 6295597
 6295703
 6295872
 6295902
 6295957
 6296015
 6296086
 6296125
 6296159
 6296176
 6296524
 6296624
 6296709
 6296988
 6297057
 6297089
 6297128
 6297184
 6297235
 6297473
 6297729
 6297899
 6298084
 6298235
 6298308
 6298598
 6298677
 6298787
 6299032
 6299093
 6299105
 6299173
 6299215
 6299289
 6299410
 6299431
 6299659
 6299776
 6299830
 6299834
 6300006
 6300027
 6300445
 6300486
 6300578
 6300621
 6300757
 6300871
 6300892
 6300951
 6301050
 6301210
 6301339
 6301675
 6301948
 6302006
 6302018
 6302044
 6302106
 6302124
 6302222
 6302257
 6302482
 6302531
 6302539
 6302551
 6302585
 6302687
 6302723
 6302850
 6302950
 6302964
 6303172
 6303183
 6303519
 6303571
 6303661
 6303956
 6304126
 6304304
 6304360
 6304592
 6304785
 6304852
 6304911
 6305388
 6305475
 6305478
 6305553
 6305570
 6305604
 6305806
 6305826
 6305857
 6305908
 6305986
 6305993
 6306111
 6306192
 6306241
 6306413
 6306491
 6306618
 6306666
 6306857
 6306884
 6306904
 6306969
 6307027
 6307085
 6307233
 6307354
 6307427
 6307562
 6307563
 6307588
 6307637
 6307649
 6307705
 6307723
 6307745
 6307856
 6307934
 6308004
 6308266
 6308272
 6308311
 6308428
 6308434
 6308876
 6308972
 6309108
 6309125
 6309155
 6309183
 6309252
 6309301
 6309545
 6309558
 6309840
 6310138
 6310285
 6310538
 6310737
 6310853
 6311092
 6311232
 6311314
 6311495
 6311723
 6311911
 6311923
 6311947
 6311988
 6312033
 6312048
 6312078
 6312354
 6312357
 6312450
 6312456
 6312488
 6312532
 6312618
 6312678
 6312735
 6312805
 6312861
 6312967
 6312973
 6313009
 6313219
 6313566
 6313704
 6314089
 6314158
 6314392
 6314535
 6314669
 6314816
 6314877
 6314906
 6315005
 6315112
 6315142
 6315146
 6315505
 6315545
 6315591
 6315642
 6315677
 6315704
 6315720
 6315812
 6315869
 6315959
 6315962
 6316191
 6316240
 6316280
 6316337
 6316407
 6316608
 6316953
 6317383
 6317445
 6317506
 6317529
 6317551
 6317653
 6317898
 6318032
 6318228
 6318333
 6318491
 6318614
 6318646
 6318938
 6318991
 6319010
 6319035
 6319095
 6319184
 6319396
 6319567
 6319616
 6319670
 6319766
 6319867
 6319984
 6320044
 6320130
 6320150
 6320159
 6320249
 6320324
 6320496
 6320511
 6320622
 6320719
 6320802
 6321011
 6321168
 6321187
 6321336
 6321423
 6321472
 6321583
 6321712
 6321742
 6321821
 6321825
 6321979
 6322010
 6322096
 6322162
 6322167
 6322204
 6322211
 6322284
 6322583
 6323045
 6323080
 6323380
 6323539
 6323568
 6323644
 6323662
 6323857
 6323969
 6324032
 6324114
 6324128
 6324141
 6324170
 6324307
 6324362
 6324417
 6324655
 6324755
 6324812
 6324816
 6325025
 6325099
 6325308
 6325363
 6325484
 6325515
 6325524
 6325714
 6325839
 6326657
 6326845
 6326875
 6326948
 6326992
 6327243
 6327501
 6327533
 6327595
 6327627
 6327720
 6327761
 6327799
 6327844
 6327967
 6327989
 6328007
 6328301
 6328323
 6328367
 6328400
 6328450
 6328618
 6328758
 6329041
 6329171
 6329237
 6329301
 6329350
 6329353
 6329653
 6329670
 6329801
 6329891
 6330002
 6330414
 6330430
 6330488
 6330874
 6330957
 6331006
 6331071
 6331543
 6331840
 6331905
 6331916
 6331943
 6332318
 6332415
 6332426
 6332472
 6332496
 6332690
 6333072
 6333163
 6333327
 6333398
 6333520
 6333536
 6333821
 6333862
 6333872
 6333931
 6334060
 6334071
 6334106
 6334204
 6334386
 6334531
 6334635
 6334843
 6334925
 6335300
 6335385
 6335587
 6335630
 6335727
 6335783
 6335868
 6335879
 6335881
 6336032
 6336055
 6336074
 6336227
 6336314
 6336380
 6336386
 6336488
 6336592
 6336625
 6336932
 6336986
 6337008
 6337194
 6337448
 6337632
 6337640
 6337957
 6338008
 6338098
 6338446
 6338514
 6338545
 6338748
 6338949
 6338993
 6339050
 6339135
 6339225
 6339299
 6339384
 6339504
 6339564
 6339580
 6339630
 6339737
 6339914
 6340034
 6340339
 6340369
 6340610
 6340906
 6341013
 6341218
 6341632
 6341667
 6341943
 6342013
 6342045
 6342327
 6342517
 6342634
 6342635
 6342651
 6342652
 6342763
 6342817
 6342826
 6342857
 6342947
 6343211
 6343234
 6343247
 6343265
 6343295
 6343329
 6343431
 6343556
 6343582
 6343599
 6343667
 6343767
 6343827
 6343982
 6344012
 6344229
 6344323
 6344461
 6344585
 6344588
 6344755
 6344802
 6344956
 6345002
 6345170
 6345179
 6345374
 6345686
 6345800
 6346111
 6346155
 6346379
 6346391
 6346398
 6346565
 6346593
 6346614
 6346623
 6346779
 6346832
 6346926
 6346958
 6347090
 6347138
 6347182
 6347221
 6347405
 6347680
 6347780
 6348140
 6348270
 6348271
 6348280
 6348443
 6348665
 6348679
 6348780
 6348931
 6349070
 6349084
 6349187
 6349537
 6349607
 6349678
 6349691
 6349842
 6349945
 6350082
 6350310
 6350503
 6350722
 6350758
 6350778
 6350789
 6350820
 6350890
 6350952
 6351200
 6351393
 6351438
 6351446
 6351500
 6351504
 6351656
 6351660
 6351665
 6351895
 6351968
 6352025
 6352163
 6352205
 6352234
 6352638
 6352713
 6352954
 6353090
 6353147
 6353272
 6353357
 6353538
 6353607
 6353622
 6353699
 6353741
 6353962
 6353994
 6354254
 6354386
 6354476
 6354708
 6354857
 6355010
 6355061
 6355118
 6355218
 6355290
 6355546
 6355574
 6355578
 6355732
 6356010
 6356098
 6356259
 6356433
 6356564
 6356693
 6356769
 6356810
 6356827
 6356854
 6356930
 6357078
 6357344
 6357422
 6357458
 6357579
 6357779
 6358042
 6358135
 6358142
 6358249
 6358415
 6358449
 6358701
 6358734
 6358743
 6358854
 6358965
 6359210
 6359373
 6359410
 6359487
 6359494
 6359512
 6359568
 6359643
 6359766
 6359800
 6359835
 6359864
 6359906
 6359992
 6360219
 6360229
 6360292
 6360432
 6360498
 6360809
 6360865
 6360937
 6360972
 6361206
 6361265
 6361459
 6361474
 6361753
 6361756
 6361864
 6362020
 6362027
 6362048
 6362079
 6362253
 6362294
 6362448
 6362467
 6362572
 6362626
 6362811
 6362875
 6362892
 6362937
 6363095
 6363108
 6363344
 6363378
 6363394
 6363469
 6363492
 6363549
 6363638
 6363648
 6363666
 6363767
 6363775
 6363847
 6363874
 6363887
 6364102
 6364124
 6364149
 6364168
 6364253
 6364298
 6364594
 6364602
 6364699
 6365042
 6365053
 6365126
 6365186
 6365219
 6365312
 6365421
 6365442
 6365457
 6365608
 6365738
 6366018
 6366157
 6366580
 6366650
 6366671
 6366846
 6366890
 6366916
 6366959
 6366973
 6367081
 6367269
 6367338
 6367395
 6367471
 6367535
 6367646
 6367692
 6367861
 6367877
 6367948
 6368126
 6368438
 6368497
 6368687
 6368812
 6368874
 6368972
 6368980
 6368997
 6369026
 6369148
 6369377
 6369425
 6369460
 6369663
 6369748
 6369782
 6369787
 6369833
 6370034
 6370134
 6370338
 6370362
 6370535
 6370619
 6370756
 6370772
 6370776
 6370997
 6371176
 6371322
 6371366
 6371473
 6371627
 6371629
 6371637
 6371752
 6372082
 6372288
 6372414
 6372450
 6372537
 6372754
 6372912
 6372944
 6373042
 6373043
 6373185
 6373225
 6373288
 6373350
 6373398
 6373504
 6373658
 6373685
 6373737
 6373780
 6373996
 6374481
 6374510
 6374537
 6374691
 6374782
 6374783
 6374786
 6374818
 6374946
 6375018
 6375097
 6375109
 6375241
 6375316
 6375344
 6375529
 6375554
 6375593
 6375662
 6375950
 6375951
 6376157
 6376200
 6376213
 6376307
 6376370
 6376512
 6376566
 6376656
 6376733
 6377037
 6377064
 6377116
 6377221
 6377288
 6377399
 6377427
 6377498
 6377501
 6377791
 6377845
 6377847
 6377930
 6377975
 6377983
 6378008
 6378023
 6378055
 6378207
 6378286
 6378643
 6378691
 6378693
 6378746
 6378980
 6379048
 6379085
 6379246
 6379305
 6379325
 6379328
 6379434
 6379555
 6379559
 6379583
 6379584
 6379606
 6379786
 6379902
 6379918
 6380047
 6380085
 6380118
 6380132
 6380320
 6380410
 6380603
 6380669
 6380711
 6380825
 6380847
 6381054
 6381164
 6381377
 6381397
 6381424
 6381453
 6381553
 6381569
 6381578
 6381758
 6381828
 6381913
 6382002
 6382070
 6382130
 6382200
 6382221
 6382292
 6382374
 6382790
 6382801
 6382818
 6383079
 6383119
 6383211
 6383364
 6383717
 6383848
 6383996
 6384140
 6384177
 6384364
 6384366
 6384445
 6384449
 6384453
 6384457
 6384494
 6384547
 6384622
 6384686
 6384742
 6384764
 6384823
 6384831
 6384994
 6385104
 6385204
 6385242
 6385415
 6385657
 6385660
 6385673
 6385723
 6385725
 6385748
 6385761
 6385821
 6385953
 6386074
 6386196
 6386200
 6386238
 6386250
 6386355
 6386379
 6386426
 6386519
 6387111
 6387139
 6387173
 6387231
 6387234
 6387278
 6387439
 6387508
 6387573
 6387596
 6387679
 6387730
 6387878
 6387974
 6388056
 6388159
 6388470
 6388490
 6388521
 6388632
 6388679
 6388721
 6388785
 6388841
 6389099
 6389120
 6389208
 6389268
 6389272
 6389403
 6389507
 6389516
 6389684
 6389699
 6389790
 6389889
 6389946
 6389994
 6390095
 6390151
 6390346
 6390387
 6390406
 6390501
 6390584
 6390636
 6390678
 6390885
 6390916
 6390975
 6391006
 6391455
 6391509
 6391531
 6391673
 6391701
 6391789
 6391872
 6391873
 6391999
 6392014
 6392130
 6392212
 6392229
 6392304
 6392324
 6392328
 6392346
 6392403
 6392470
 6392603
 6392996
 6393151
 6393412
 6393571
 6393616
 6393683
 6393786
 6394001
 6394021
 6394070
 6394140
 6394218
 6394219
 6394473
 6394499
 6394537
 6394650
 6394661
 6394671
 6394945
 6394964
 6395078
 6395231
 6395242
 6395265
 6395542
 6395576
 6395582
 6396009
 6396112
 6396158
 6396227
 6396266
 6396506
 6396520
 6396525
 6396619
 6396791
 6396993
 6397186
 6397378
 6397387
 6397500
 6397662
 6397670
 6397732
 6397745
 6397810
 6398127
 6398174
 6398289
 6398351
 6398414
 6398543
 6398553
 6398557
 6398585
 6398586
 6398605
 6399126
 6399209
 6399314
 6399378
 6399797
 6399861
 6399877
 6399897
 6399997
 6400133
 6400159
 6400270
 6400351
 6400463
 6400487
 6400513
 6400614
 6400793
 6400893
 6400911
 6401048
 6401073
 6401075
 6401095
 6401201
 6401223
 6401267
 6401339
 6401352
 6401508
 6401514
 6401639
 6401663
 6401697
 6401745
 6401870
 6402186
 6402196
 6402326
 6402333
 6402533
 6402592
 6402698
 6402743
 6403066
 6403099
 6403336
 6403385
 6403615
 6403707
 6403861
 6403890
 6403897
 6403903
 6403953
 6404352
 6404640
 6404711
 6404733
 6404795
 6404798
 6404932
 6404970
 6405048
 6405058
 6405061
 6405129
 6405293
 6405451
 6405476
 6405536
 6405879
 6406014
 6406020
 6406032
 6406091
 6406167
 6406212
 6406393
 6406736
 6406952
 6407027
 6407056
 6407222
 6407302
 6407349
 6407824
 6407855
 6407877
 6407919
 6408072
 6408208
 6408354
 6408417
 6408473
 6408698
 6408844
 6408954
 6409477
 6409504
 6409669
 6409740
 6409839
 6409954
 6409979
 6409998
 6410037
 6410215
 6410330
 6410347
 6410366
 6410434
 6410576
 6410881
 6410952
 6411062
 6411079
 6411125
 6411158
 6411262
 6411394
 6411476
 6411542
 6411669
 6411874
 6411912
 6411947
 6412149
 6412271
 6412366
 6412660
 6412780
 6412967
 6413081
 6413127
 6413145
 6413323
 6413504
 6413545
 6413576
 6413607
 6413715
 6414048
 6414076
 6414143
 6414217
 6414514
 6414594
 6414875
 6414883
 6414892
 6415113
 6415440
 6415441
 6415675
 6415833
 6415849
 6415886
 6415956
 6415980
 6416131
 6416134
 6416331
 6416379
 6416381
 6416382
 6416387
 6416426
 6416529
 6416574
 6416630
 6416659
 6416671
 6416790
 6416908
 6416939
 6416942
 6417019
 6417248
 6417374
 6417604
 6417641
 6417642
 6417739
 6417795
 6417858
 6418021
 6418047
 6418099
 6418176
 6418204
 6418260
 6418272
 6418338
 6418380
 6418573
 6418783
 6418789
 6418806
 6418832
 6418835
 6419080
 6419125
 6419212
 6419350
 6419422
 6419506
 6419714
 6419740
 6419792
 6419807
 6419824
 6419928
 6419939
 6419949
 6419951
 6419979
 6419998
 6420074
 6420124
 6420305
 6420359
 6420484
 6420597
 6420612
 6420981
 6421087
 6421125
 6421334
 6421352
 6421388
 6421466
 6421493
 6421524
 6421658
 6421943
 6421960
 6422025
 6422052
 6422125
 6422206
 6422687
 6422734
 6422768
 6422829
 6422952
 6423147
 6423322
 6423353
 6423380
 6423571
 6423633
 6423671
 6423692
 6423833
 6423962
 6424106
 6424160
 6424169
 6424278
 6424361
 6424678
 6424735
 6424767
 6424820
 6424961
 6425290
 6425436
 6425486
 6425526
 6425565
 6425721
 6425755
 6425767
 6425852
 6426017
 6426161
 6426222
 6426297
 6426566
 6426574
 6426635
 6426639
 6426704
 6426868
 6426942
 6427102
 6427133
 6427259
 6427281
 6427486
 6427572
 6427574
 6427611
 6427678
 6427789
 6427877
 6427897
 6428137
 6428415
 6428536
 6428572
 6428605
 6428854
 6429171
 6429173
 6429218
 6429234
 6429345
 6429394
 6429399
 6429412
 6429463
 6429492
 6429504
 6429546
 6429618
 6429866
 6429914
 6430330
 6430449
 6430641
 6430647
 6430665
 6430787
 6431078
 6431189
 6431255
 6431330
 6431434
 6431526
 6431693
 6431708
 6432071
 6432151
 6432157
 6432179
 6432293
 6432357
 6432885
 6432890
 6432909
 6433169
 6433249
 6433264
 6433265
 6433330
 6433346
 6433651
 6433695
 6433779
 6433943
 6433960
 6434108
 6434115
 6434537
 6434590
 6434725
 6434788
 6434823
 6434862
 6435003
 6435018
 6435033
 6435060
 6435443
 6435602
 6435640
 6435747
 6435804
 6435911
 6435983
 6436049
 6436135
 6436183
 6436275
 6436336
 6436479
 6436554
 6436697
 6436734
 6436896
 6436933
 6436947
 6437238
 6437256
 6437323
 6437354
 6437368
 6437426
 6437462
 6437464
 6437582
 6437674
 6437728
 6437798
 6437827
 6437896
 6437951
 6437989
 6438096
 6438125
 6438256
 6438277
 6438447
 6438469
 6438497
 6438565
 6438638
 6438666
 6438737
 6438945
 6439031
 6439173
 6439200
 6439272
 6439299
 6439346
 6439464
 6439570
 6439708
 6439717
 6439809
 6439902
 6440148
 6440204
 6440217
 6440263
 6440269
 6440341
 6440406
 6440423
 6440441
 6440553
 6440589
 6440638
 6440768
 6440966
 6441015
 6441180
 6441316
 6441459
 6441725
 6441856
 6441918
 6441949
 6442017
 6442041
 6442090
 6442549
 6442564
 6442732
 6442746
 6442770
 6442872
 6442950
 6443206
 6443219
 6443311
 6443356
 6443538
 6443611
 6443638
 6443656
 6443763
 6443910
 6443966
 6444013
 6444130
 6444237
 6444305
 6444446
 6444536
 6444551
 6444598
 6444695
 6444718
 6444743
 6444772
 6444897
 6445011
 6445110
 6445135
 6445303
 6445504
 6445653
 6445726
 6446057
 6446059
 6446120
 6446337
 6446452
 6446480
 6446509
 6446719
 6447029
 6447031
 6447110
 6447389
 6447786
 6447883
 6447901
 6447902
 6448287
 6448430
 6448536
 6448656
 6448745
 6448783
 6448785
 6448870
 6448939
 6449267
 6449320
 6449407
 6449490
 6449539
 6449710
 6450110
 6450396
 6450666
 6450711
 6450802
 6450807
 6450874
 6450977
 6451159
 6451237
 6451239
 6451456
 6451667
 6451751
 6451816
 6451962
 6452082
 6452213
 6452303
 6452329
 6452407
 6452428
 6452503
 6452516
 6452617
 6452664
 6453306
 6453386
 6453406
 6453427
 6453448
 6453587
 6453607
 6453679
 6453718
 6453908
 6454136
 6454158
 6454180
 6454240
 6454281
 6454337
 6454343
 6454387
 6454492
 6454869
 6454908
 6454963
 6455013
 6455221
 6455251
 6455259
 6455284
 6455305
 6455474
 6455538
 6455669
 6455679
 6455733
 6455751
 6456005
 6456057
 6456079
 6456222
 6456227
 6456233
 6456253
 6456632
 6456712
 6456715
 6456719
 6456855
 6456890
 6457248
 6457329
 6457408
 6457483
 6457601
 6457839
 6457899
 6457967
 6457974
 6458030
 6458048
 6458187
 6458188
 6458205
 6458518
 6458526
 6458541
 6458636
 6458659
 6458660
 6458751
 6458880
 6459117
 6459389
 6459416
 6459554
 6459667
 6459743
 6459746
 6459766
 6459833
 6459959
 6460031
 6460114
 6460121
 6460441
 6460492
 6460536
 6460577
 6460633
 6460639
 6460900
 6460903
 6460958
 6461291
 6461370
 6461821
 6461835
 6461889
 6461946
 6461978
 6462065
 6462318
 6462331
 6462616
 6462720
 6462821
 6462992
 6463236
 6463321
 6463358
 6463421
 6463559
 6463576
 6463697
 6463723
 6463822
 6463904
 6463917
 6464004
 6464123
 6464144
 6464213
 6464246
 6464321
 6464822
 6464854
 6464979
 6465034
 6465055
 6465345
 6465753
 6465793
 6465847
 6465879
 6465943
 6465970
 6465979
 6466000
 6466077
 6466172
 6466208
 6466267
 6466285
 6466333
 6466353
 6466449
 6466458
 6466480
 6466484
 6466659
 6466832
 6466857
 6466881
 6466954
 6467192
 6467198
 6467567
 6467583
 6467653
 6467753
 6467875
 6468054
 6468080
 6468136
 6468162
 6468213
 6468228
 6468260
 6468417
 6468561
 6468959
 6468978
 6469036
 6469085
 6469090
 6469100
 6469307
 6469432
 6469479
 6469506
 6469534
 6469568
 6469769
 6470025
 6470094
 6470176
 6470356
 6470420
 6470455
 6470486
 6470580
 6470728
 6470732
 6470805
 6471110
 6471163
 6471169
 6471294
 6471309
 6471329
 6471543
 6471592
 6471701
 6471723
 6471794
 6471889
 6472254
 6472532
 6472560
 6472644
 6472789
 6472972
 6473058
 6473113
 6473138
 6473344
 6473455
 6473490
 6473668
 6473833
 6473880
 6473949
 6474173
 6474201
 6474616
 6474649
 6474680
 6474769
 6474845
 6474849
 6475296
 6475361
 6475553
 6475586
 6475612
 6475652
 6475659
 6475686
 6475734
 6475750
 6475776
 6475825
 6475870
 6475927
 6476054
 6476304
 6476380
 6476426
 6476469
 6476487
 6476547
 6476630
 6476739
 6476825
 6476856
 6476933
 6476943
 6477016
 6477095
 6477104
 6477237
 6477407
 6477445
 6477748
 6477814
 6477839
 6477869
 6478007
 6478163
 6478171
 6478204
 6478270
 6478271
 6478645
 6478672
 6478738
 6478821
 6478921
 6479031
 6479201
 6479297
 6479347
 6479375
 6479491
 6479585
 6479604
 6479633
 6479638
 6479646
 6480065
 6480129
 6480405
 6480420
 6480462
 6480489
 6480553
 6480565
 6480634
 6480727
 6480894
 6481052
 6481120
 6481219
 6481278
 6481342
 6481520
 6481553
 6481890
 6481960
 6482211
 6482255
 6482358
 6482504
 6482791
 6482799
 6483407
 6483571
 6483681
 6483728
 6483770
 6483961
 6484110
 6484135
 6484153
 6484357
 6484432
 6484754
 6484805
 6484867
 6484888
 6484998
 6485129
 6485261
 6485296
 6485348
 6485358
 6485367
 6485397
 6485442
 6485478
 6485592
 6485653
 6485944
 6486381
 6486451
 6486478
 6486744
 6486861
 6486911
 6486923
 6487161
 6487287
 6487337
 6487351
 6487378
 6487578
 6487596
 6487745
 6488015
 6488061
 6488200
 6488236
 6488319
 6488337
 6488350
 6488359
 6488406
 6488611
 6488617
 6488640
 6488727
 6488908
 6488943
 6488945
 6489032
 6489056
 6489145
 6489162
 6489306
 6489436
 6489568
 6489609
 6489620
 6489704
 6489711
 6489819
 6489901
 6490105
 6490198
 6490277
 6490392
 6490584
 6490594
 6490644
 6490694
 6490721
 6490843
 6491024
 6491025
 6491062
 6491105
 6491236
 6491257
 6491296
 6491388
 6491527
 6491610
 6491701
 6491868
 6492013
 6492076
 6492224
 6492310
 6492390
 6492406
 6492535
 6492590
 6492660
 6492745
 6492764
 6492851
 6492854
 6493047
 6493068
 6493073
 6493078
 6493162
 6493178
 6493302
 6493329
 6493384
 6493425
 6493578
 6493609
 6493613
 6493770
 6493795
 6494150
 6494238
 6494279
 6494434
 6494607
 6494746
 6494880
 6494932
 6494987
 6495015
 6495041
 6495079
 6495244
 6495344
 6495594
 6495764
 6495854
 6495883
 6495896
 6495911
 6495947
 6496061
 6496125
 6496231
 6496266
 6496343
 6496374
 6496543
 6496544
 6496840
 6496944
 6497137
 6497156
 6497166
 6497448
 6497475
 6497609
 6497694
 6497705
 6497750
 6498033
 6498057
 6498308
 6498347
 6498392
 6498530
 6498620
 6498627
 6498644
 6498702
 6498742
 6498754
 6499027
 6499234
 6499385
 6499423
 6499444
 6499484
 6499513
 6499518
 6499588
 6499589
 6499641
 6499675
 6499824
 6500037
 6500237
 6500573
 6500599
 6500761
 6500817
 6501114
 6501402
 6501434
 6501765
 6501776
 6501777
 6501937
 6502053
 6502168
 6502395
 6502469
 6502494
 6502958
 6502993
 6503003
 6503164
 6503175
 6503205
 6503215
 6503226
 6503324
 6503461
 6503530
 6503536
 6503563
 6503685
 6503692
 6503753
 6503850
 6503896
 6503907
 6503926
 6504163
 6504531
 6504641
 6504668
 6504703
 6504738
 6504806
 6505037
 6505039
 6505148
 6505269
 6505418
 6505419
 6505453
 6505721
 6505742
 6505885
 6505966
 6505974
 6505984
 6506389
 6506394
 6506558
 6506621
 6506640
 6506745
 6506863
 6506977
 6507352
 6507370
 6507397
 6507561
 6507762
 6507829
 6507847
 6507849
 6507942
 6507949
 6507963
 6508029
 6508097
 6508131
 6508247
 6508294
 6508419
 6508654
 6508806
 6508900
 6509151
 6509194
 6509365
 6509371
 6509396
 6509403
 6509404
 6509422
 6509470
 6509634
 6509773
 6509882
 6509962
 6510173
 6510211
 6510330
 6510403
 6510541
 6510641
 6510867
 6510903
 6510951
 6510977
 6511073
 6511142
 6511210
 6511408
 6511459
 6511546
 6511601
 6511709
 6511740
 6511976
 6512210
 6512317
 6512318
 6512321
 6512583
 6512586
 6512685
 6512692
 6512712
 6512760
 6513085
 6513282
 6513340
 6513369
 6513387
 6513779
 6513795
 6513954
 6514040
 6514439
 6514547
 6514580
 6514617
 6514620
 6514732
 6514990
 6515127
 6515222
 6515509
 6515522
 6515647
 6515809
 6515975
 6516153
 6516169
 6516183
 6516266
 6516401
 6516505
 6516529
 6516531
 6516537
 6516667
 6516740
 6516886
 6517226
 6517451
 6517468
 6517585
 6517792
 6517799
 6518026
 6518028
 6518193
 6518315
 6518424
 6518490
 6518502
 6518698
 6519352
 6519477
 6519532
 6519577
 6519710
 6520026
 6520038
 6520239
 6520271
 6520363
 6520364
 6520376
 6521007
 6521126
 6521212
 6521232
 6521369
 6521423
 6521514
 6521699
 6521723
 6521838
 6521861
 6521877
 6522257
 6522289
 6522353
 6522385
 6522448
 6522525
 6522754
 6522930
 6522968
 6523055
 6523080
 6523141
 6523268
 6523331
 6523342
 6523402
 6523428
 6523660
 6523662
 6523869
 6523941
 6524274
 6524302
 6524401
 6524409
 6524445
 6524852
 6525065
 6525125
 6525251
 6525306
 6525581
 6525596
 6525671
 6525756
 6525817
 6525915
 6525917
 6525948
 6526014
 6526155
 6526200
 6526250
 6526312
 6526352
 6526482
 6526920
 6526942
 6526950
 6527026
 6527034
 6527076
 6527166
 6527306
 6527522
 6527649
 6527779
 6527787
 6527797
 6527866
 6527889
 6528003
 6528103
 6528161
 6528181
 6528511
 6528561
 6528647
 6528652
 6528895
 6529135
 6529143
 6529212
 6529303
 6529364
 6529871
 6529916
 6530217
 6530237
 6530256
 6530384
 6530386
 6530405
 6530420
 6530475
 6530574
 6530663
 6530665
 6530787
 6530833
 6530925
 6531147
 6531192
 6531332
 6531401
 6531591
 6531598
 6531637
 6531684
 6531744
 6531843
 6531981
 6532029
 6532034
 6532103
 6532228
 6532257
 6532270
 6532365
 6532372
 6532477
 6532480
 6532484
 6532492
 6532498
 6532608
 6532751
 6532795
 6532884
 6533017
 6533142
 6533348
 6533378
 6533705
 6533803
 6533833
 6534049
 6534722
 6534867
 6534869
 6534925
 6535024
 6535033
 6535100
 6535102
 6535172
 6535234
 6535283
 6535287
 6535370
 6535514
 6535603
 6535655
 6535692
 6535740
 6535753
 6535788
 6535849
 6535959
 6536199
 6536385
 6536420
 6536456
 6536588
 6536657
 6536697
 6536755
 6536875
 6537267
 6537307
 6537358
 6537577
 6537634
 6537653
 6537852
 6537969
 6537981
 6538011
 6538052
 6538094
 6538234
 6538244
 6538377
 6538416
 6538419
 6538519
 6538564
 6538568
 6538642
 6538664
 6538734
 6538770
 6538842
 6538892
 6539066
 6539228
 6539232
 6539260
 6539272
 6539312
 6539428
 6539438
 6539450
 6539490
 6539523
 6539669
 6539745
 6539853
 6539881
 6540292
 6540380
 6540522
 6540541
 6540554
 6540715
 6540787
 6540868
 6540893
 6541261
 6541389
 6541444
 6541476
 6541505
 6541636
 6541691
 6541806
 6541984
 6542148
 6542213
 6542215
 6542259
 6542336
 6542337
 6542384
 6542593
 6542982
 6543071
 6543288
 6543347
 6543528
 6543539
 6543723
 6543746
 6543890
 6543899
 6543965
 6544342
 6544346
 6544527
 6544555
 6544760
 6544767
 6544939
 6545124
 6545319
 6545544
 6545588
 6545604
 6545644
 6545713
 6545763
 6545806
 6545870
 6545906
 6546038
 6546136
 6546217
 6546255
 6546430
 6546515
 6546551
 6546629
 6546766
 6546816
 6546830
 6546866
 6547096
 6547146
 6547169
 6547237
 6547289
 6547452
 6547517
 6547525
 6547715
 6547761
 6547814
 6547888
 6547956
 6548028
 6548038
 6548123
 6548196
 6548207
 6548223
 6548326
 6548374
 6548471
 6548679
 6548809
 6548883
 6548908
 6549228
 6549242
 6549312
 6549520
 6549740
 6549862
 6549967
 6550007
 6550105
 6550168
 6550170
 6550203
 6550225
 6550405
 6550852
 6550869
 6550920
 6551044
 6551233
 6551274
 6551305
 6551326
 6551535
 6551552
 6551632
 6551640
 6551675
 6551759
 6552271
 6552279
 6552304
 6552387
 6552525
 6552789
 6552809
 6553000
 6553028
 6553074
 6553166
 6553224
 6553226
 6553383
 6553439
 6553547
 6553688
 6554093
 6554185
 6554231
 6554329
 6554343
 6554493
 6554522
 6554737
 6554786
 6554922
 6554936
 6554978
 6555020
 6555341
 6555667
 6555759
 6555768
 6555824
 6555873
 6556135
 6556285
 6556298
 6556519
 6556648
 6556935
 6556948
 6556976
 6557255
 6557285
 6557411
 6557434
 6557468
 6557616
 6557685
 6557768
 6557951
 6558034
 6558626
 6558697
 6558823
 6559129
 6559171
 6559374
 6559392
 6559486
 6559500
 6559577
 6559673
 6559784
 6559884
 6559942
 6560384
 6560385
 6560456
 6560463
 6560487
 6560633
 6560711
 6560746
 6560919
 6560929
 6561107
 6561175
 6561176
 6561263
 6561330
 6561428
 6561469
 6561720
 6561812
 6561897
 6561920
 6562084
 6562107
 6562176
 6562570
 6562578
 6562697
 6562744
 6562761
 6562921
 6562965
 6563002
 6563104
 6563186
 6563196
 6563257
 6563469
 6563480
 6563484
 6563504
 6563511
 6563557
 6563559
 6563660
 6563722
 6563789
 6563882
 6563935
 6564021
 6564250
 6564326
 6564687
 6564737
 6564912
 6565056
 6565210
 6565239
 6565254
 6565267
 6565307
 6565377
 6565392
 6565643
 6565655
 6565701
 6565817
 6565859
 6565986
 6566097
 6566413
 6566531
 6566567
 6566886
 6566950
 6567017
 6567153
 6567264
 6567305
 6567350
 6567415
 6567483
 6567701
 6567720
 6567849
 6567913
 6567940
 6568179
 6568448
 6568511
 6568518
 6568755
 6568775
 6568781
 6568798
 6568867
 6568883
 6569075
 6569118
 6569193
 6569304
 6569345
 6569462
 6569627
 6569674
 6569693
 6569704
 6569819
 6569944
 6570146
 6570251
 6570305
 6570497
 6570553
 6570589
 6570677
 6570703
 6570943
 6571059
 6571184
 6571300
 6571337
 6571577
 6571726
 6571863
 6571908
 6572036
 6572133
 6572241
 6572398
 6572479
 6572485
 6572542
 6572799
 6572835
 6573101
 6573173
 6573178
 6573502
 6573603
 6573821
 6573861
 6573917
 6573974
 6574138
 6574369
 6574522
 6574851
 6575223
 6575445
 6575503
 6575541
 6575552
 6575689
 6576004
 6576029
 6576032
 6576085
 6576104
 6576188
 6576627
 6576928
 6576947
 6577146
 6577243
 6577308
 6577563
 6577717
 6577938
 6577948
 6577986
 6578039
 6578098
 6578099
 6578171
 6578249
 6578304
 6578468
 6578552
 6578572
 6578744
 6578763
 6578838
 6578867
 6579086
 6579096
 6579231
 6579408
 6579467
 6579479
 6579996
 6580083
 6580155
 6580164
 6580379
 6580555
 6580623
 6580963
 6580986
 6580998
 6581051
 6581143
 6581151
 6581160
 6581231
 6581464
 6581521
 6581953
 6582019
 6582065
 6582137
 6582536
 6582552
 6582566
 6582610
 6582661
 6582667
 6582727
 6582790
 6582879
 6582907
 6583015
 6583045
 6583102
 6583263
 6583271
 6583298
 6583420
 6583537
 6583629
 6583710
 6583861
 6583980
 6583988
 6584106
 6584401
 6584419
 6584440
 6584570
 6584580
 6584620
 6584633
 6584879
 6585023
 6585066
 6585643
 6585659
 6585668
 6585871
 6585957
 6586019
 6586144
 6586263
 6586291
 6586529
 6586878
 6586885
 6586910
 6587018
 6587025
 6587052
 6587131
 6587214
 6587358
 6587380
 6587620
 6587785
 6587834
 6587983
 6588088
 6588362
 6588429
 6588502
 6588573
 6588610
 6588748
 6588751
 6588803
 6588889
 6588958
 6589027
 6589072
 6589082
 6589191
 6589336
 6589431
 6589484
 6589576
 6589618
 6589663
 6589734
 6589768
 6589810
 6589826
 6589988
 6590026
 6590030
 6590096
 6590101
 6590350
 6590383
 6590439
 6590451
 6590469
 6590525
 6590768
 6590786
 6590810
 6590835
 6590908
 6591016
 6591433
 6591457
 6591525
 6591647
 6591654
 6591761
 6591796
 6591936
 6592005
 6592281
 6592411
 6592475
 6592604
 6592686
 6592951
 6593026
 6593088
 6593113
 6593204
 6593214
 6593225
 6593281
 6593314
 6593388
 6593522
 6593562
 6593630
 6593660
 6593775
 6593938
 6594197
 6594375
 6594437
 6594512
 6594565
 6594730
 6594884
 6594890
 6594981
 6595034
 6595057
 6595163
 6595214
 6595222
 6595263
 6595424
 6595624
 6595801
 6595851
 6595914
 6596046
 6596292
 6596312
 6596341
 6596554
 6596621
 6596681
 6596827
 6596860
 6596911
 6596933
 6597036
 6597056
 6597092
 6597321
 6597331
 6597610
 6597627
 6597694
 6597878
 6597905
 6597921
 6597986
 6598052
 6598151
 6598160
 6598275
 6598590
 6598783
 6598835
 6598867
 6598971
 6599093
 6599133
 6599264
 6599429
 6599603
 6599629
 6599790
 6600048
 6600224
 6600271
 6600381
 6600511
 6600561
 6600882
 6600983
 6600989
 6601116
 6601119
 6601120
 6601148
 6601300
 6601445
 6601447
 6601675
 6601940
 6601968
 6602034
 6602053
 6602116
 6602261
 6602600
 6602664
 6602793
 6602997
 6603083
 6603145
 6603148
 6603190
 6603210
 6603308
 6603391
 6603444
 6603465
 6603561
 6603628
 6603800
 6603823
 6603928
 6603971
 6604046
 6604057
 6604068
 6604133
 6604309
 6604323
 6604360
 6604515
 6604819
 6604885
 6604905
 6604977
 6605007
 6605079
 6605220
 6605325
 6605358
 6605499
 6605624
 6605667
 6605669
 6605881
 6605950
 6606030
 6606307
 6606567
 6606679
 6606779
 6607041
 6607054
 6607145
 6607173
 6607187
 6607360
 6607437
 6607616
 6607636
 6607682
 6607733
 6607809
 6607995
 6608031
 6608512
 6608634
 6608896
 6609035
 6609056
 6609092
 6609095
 6609107
 6609188
 6609276
 6609431
 6609484
 6609510
 6609517
 6609657
 6609702
 6609867
 6609871
 6609992
 6610067
 6610078
 6610139
 6610180
 6610181
 6610246
 6610270
 6610635
 6610729
 6610921
 6611039
 6611071
 6611747
 6611805
 6611833
 6611841
 6612194
 6612302
 6612331
 6612402
 6612405
 6612633
 6612756
 6612785
 6612811
 6612824
 6613086
 6613224
 6613228
 6613442
 6613462
 6613564
 6613621
 6613805
 6613866
 6613890
 6614065
 6614597
 6614709
 6614747
 6614851
 6614941
 6615007
 6615084
 6615092
 6615209
 6615249
 6615328
 6615346
 6615627
 6615728
 6615739
 6615791
 6615895
 6615956
 6616019
 6616020
 6616062
 6616132
 6616341
 6616399
 6616412
 6616436
 6616500
 6616645
 6616687
 6616794
 6616997
 6616998
 6617169
 6617232
 6617308
 6617539
 6617699
 6617725
 6617884
 6618137
 6618223
 6618332
 6618470
 6618596
 6618761
 6618824
 6618886
 6618991
 6619128
 6619185
 6619339
 6619378
 6619451
 6619585
 6619707
 6619796
 6619839
 6619870
 6620080
 6620196
 6620291
 6620478
 6620496
 6620514
 6620553
 6620616
 6620620
 6620681
 6620825
 6621031
 6621050
 6621246
 6621274
 6621546
 6621686
 6622017
 6622078
 6622091
 6622103
 6622197
 6622337
 6622472
 6622587
 6622609
 6622634
 6622667
 6622670
 6622720
 6622844
 6623006
 6623148
 6623152
 6623187
 6623261
 6623280
 6623391
 6623484
 6623739
 6624195
 6624566
 6624933
 6625133
 6625233
 6625487
 6625597
 6625646
 6625699
 6625756
 6626195
 6626209
 6626317
 6626582
 6626626
 6626723
 6626904
 6627048
 6627060
 6627071
 6627162
 6627228
 6627248
 6627304
 6627454
 6627461
 6627614
 6627747
 6627814
 6627855
 6627907
 6627908
 6627914
 6627930
 6627957
 6628118
 6628173
 6628460
 6628521
 6628668
 6628759
 6628823
 6628931
 6629138
 6629258
 6629330
 6629413
 6629517
 6629554
 6629737
 6629789
 6629938
 6630082
 6630203
 6630333
 6630346
 6630511
 6630527
 6630543
 6630590
 6630946
 6631028
 6631148
 6631235
 6631283
 6631390
 6631391
 6631451
 6631551
 6631590
 6632039
 6632234
 6632255
 6632326
 6632335
 6632549
 6632813
 6632848
 6633033
 6633110
 6633262
 6633462
 6633551
 6634267
 6634481
 6634488
 6634631
 6634669
 6634700
 6634713
 6634758
 6634849
 6635009
 6635072
 6635109
 6635203
 6635248
 6635333
 6635374
 6635488
 6635547
 6635801
 6635977
 6636116
 6636164
 6636357
 6636517
 6636522
 6636558
 6636589
 6636634
 6636695
 6636814
 6636908
 6636938
 6637182
 6637267
 6637496
 6637577
 6637581
 6637756
 6637806
 6637859
 6637885
 6638048
 6638113
 6638199
 6638234
 6638621
 6638793
 6638848
 6638948
 6639039
 6639055
 6639079
 6639606
 6639675
 6639835
 6639846
 6639928
 6640050
 6640059
 6640191
 6640229
 6640443
 6640466
 6640510
 6640548
 6640584
 6640664
 6640781
 6640785
 6640814
 6640975
 6641224
 6641257
 6641524
 6641602
 6641731
 6641798
 6641821
 6641826
 6641860
 6641914
 6641964
 6642150
 6642158
 6642244
 6642267
 6642592
 6642600
 6642801
 6642874
 6642932
 6643012
 6643058
 6643416
 6643510
 6643528
 6643694
 6643708
 6644005
 6644149
 6644168
 6644190
 6644211
 6644261
 6644271
 6644303
 6644319
 6644360
 6644442
 6644500
 6644638
 6644893
 6644930
 6644933
 6645322
 6645505
 6645541
 6645611
 6645863
 6645973
 6646433
 6646450
 6646586
 6646739
 6646821
 6646973
 6647004
 6647029
 6647135
 6647160
 6647253
 6647398
 6647547
 6647652
 6647723
 6647750
 6647782
 6647794
 6647950
 6648139
 6648184
 6648355
 6648356
 6648407
 6648581
 6648657
 6648942
 6649100
 6649386
 6649484
 6649633
 6649677
 6649973
 6650307
 6650430
 6650536
 6650663
 6650819
 6650964
 6651120
 6651216
 6651339
 6651400
 6651427
 6651495
 6651628
 6651666
 6651764
 6651780
 6651879
 6652003
 6652065
 6652207
 6652363
 6652416
 6652419
 6652572
 6652621
 6652704
 6652764
 6653105
 6653148
 6653174
 6653182
 6653389
 6653496
 6653547
 6653670
 6653685
 6653687
 6653709
 6653718
 6653734
 6653748
 6653791
 6653815
 6653835
 6653897
 6653911
 6654136
 6654230
 6654347
 6654862
 6654961
 6654980
 6654992
 6655169
 6655198
 6655298
 6655308
 6655377
 6655442
 6655555
 6655572
 6655706
 6655795
 6655815
 6655819
 6655881
 6656153
 6656542
 6656648
 6656761
 6656833
 6656851
 6656911
 6656916
 6656917
 6656952
 6657034
 6657092
 6657179
 6657200
 6657366
 6657413
 6657452
 6657603
 6657671
 6657847
 6657920
 6658323
 6658487
 6658537
 6658557
 6658593
 6658625
 6658674
 6658707
 6658765
 6658782
 6658862
 6659134
 6659303
 6659338
 6659364
 6659381
 6659434
 6659609
 6659845
 6660161
 6660172
 6660186
 6660439
 6660557
 6660945
 6660950
 6661054
 6661232
 6661383
 6661385
 6661400
 6661479
 6661568
 6661589
 6661647
 6661761
 6661841
 6661891
 6661972
 6662107
 6662153
 6662216
 6662224
 6662289
 6662367
 6662390
 6662481
 6662525
 6662577
 6662816
 6662817
 6663211
 6663216
 6663429
 6663440
 6663575
 6663710
 6663744
 6663786
 6663860
 6663886
 6664083
 6664189
 6664319
 6664326
 6664369
 6664370
 6664397
 6664592
 6664635
 6664718
 6664770
 6664797
 6664807
 6664894
 6665127
 6665171
 6665226
 6665528
 6665530
 6665536
 6665759
 6665776
 6665811
 6665962
 6666072
 6666139
 6666303
 6666407
 6666474
 6666652
 6666723
 6666725
 6666895
 6666998
 6667020
 6667024
 6667396
 6667574
 6667707
 6667839
 6668122
 6668156
 6668169
 6668241
 6668329
 6668398
 6668408
 6668427
 6668680
 6668697
 6668786
 6669021
 6669044
 6669051
 6669108
 6669115
 6669238
 6669451
 6669486
 6669573
 6670182
 6670243
 6670429
 6670624
 6670633
 6670635
 6670685
 6670721
 6670756
 6670764
 6670808
 6671006
 6671017
 6671111
 6671175
 6671345
 6671360
 6671677
 6671721
 6671732
 6671799
 6671947
 6671980
 6672029
 6672134
 6672720
 6672766
 6672767
 6672830
 6673102
 6673119
 6673220
 6673253
 6673451
 6673502
 6673586
 6673613
 6673770
 6673945
 6674102
 6674217
 6674276
 6674336
 6674394
 6674535
 6674586
 6674656
 6674903
 6674928
 6675015
 6675044
 6675091
 6675209
 6675270
 6675512
 6675710
 6675753
 6675888
 6676078
 6676233
 6676376
 6676385
 6676447
 6676463
 6676503
 6676638
 6676644
 6676653
 6676710
 6676732
 6677110
 6677211
 6677233
 6677274
 6677394
 6677408
 6677436
 6677447
 6677529
 6677544
 6677592
 6677683
 6677837
 6677888
 6677893
 6677953
 6677972
 6678193
 6678407
 6678431
 6678633
 6678673
 6678935
 6679217
 6679286
 6679393
 6679608
 6679707
 6679755
 6679927
 6679988
 6680118
 6680175
 6680293
 6680316
 6680413
 6680600
 6680715
 6680766
 6680928
 6681033
 6681105
 6681293
 6681455
 6681686
 6681778
 6681882
 6681970
 6682116
 6682369
 6682389
 6682723
 6682822
 6682842
 6683056
 6683206
 6683219
 6683226
 6683273
 6683311
 6683505
 6683561
 6683666
 6683678
 6683695
 6683760
 6683777
 6683839
 6683873
 6683915
 6684024
 6684031
 6684171
 6684178
 6684197
 6684249
 6684314
 6684340
 6684379
 6684466
 6684547
 6684609
 6684658
 6684896
 6685033
 6685044
 6685057
 6685139
 6685190
 6685453
 6685547
 6685675
 6685895
 6686406
 6686407
 6686695
 6686700
 6686749
 6686828
 6686923
 6686951
 6687073
 6687079
 6687107
 6687200
 6687244
 6687641
 6687646
 6687883
 6687897
 6688139
 6688174
 6688688
 6688927
 6688962
 6688997
 6689113
 6689158
 6689291
 6689470
 6689568
 6689576
 6689691
 6689893
 6689922
 6690025
 6690159
 6690190
 6690226
 6690239
 6690329
 6690502
 6690604
 6690610
 6690774
 6690957
 6691092
 6691143
 6691388
 6691401
 6691411
 6691498
 6691591
 6691681
 6691702
 6692098
 6692205
 6692314
 6692510
 6692710
 6692924
 6693309
 6693420
 6693470
 6693512
 6693685
 6693744
 6693898
 6694043
 6694110
 6694285
 6694588
 6694626
 6694723
 6694803
 6694889
 6694935
 6694962
 6694966
 6695033
 6695034
 6695059
 6695158
 6695230
 6695526
 6695752
 6695759
 6695812
 6695932
 6695995
 6696291
 6696419
 6696541
 6696571
 6696588
 6696621
 6696736
 6696807
 6696916
 6696999
 6697232
 6697413
 6697532
 6697566
 6697568
 6697866
 6697883
 6697982
 6698014
 6698029
 6698244
 6698375
 6698376
 6698528
 6698687
 6698701
 6698818
 6698836
 6698852
 6698877
 6698910
 6699041
 6699086
 6699175
 6699391
 6699441
 6699620
 6699624
 6699678
 6699692
 6699703
 6699743
 6699763
 6699795
 6699853
 6700074
 6700305
 6700375
 6700441
 6700553
 6700567
 6700654
 6700659
 6700695
 6700699
 6701008
 6701075
 6701632
 6701831
 6702145
 6702257
 6702484
 6702518
 6702586
 6702634
 6702662
 6702742
 6702823
 6703116
 6703178
 6703220
 6703380
 6703404
 6703548
 6703657
 6703672
 6703761
 6703801
 6703869
 6703937
 6703955
 6704053
 6704122
 6704228
 6704263
 6704282
 6704350
 6704408
 6704504
 6704551
 6704674
 6704794
 6704795
 6704927
 6705007
 6705018
 6705020
 6705126
 6705167
 6705271
 6705360
 6705636
 6705641
 6706090
 6706142
 6706247
 6706289
 6706301
 6706309
 6706399
 6706414
 6706423
 6706683
 6706712
 6706731
 6706784
 6706893
 6706961
 6706974
 6706990
 6707221
 6707241
 6707438
 6707474
 6707682
 6707689
 6707860
 6707974
 6708022
 6708518
 6708755
 6708839
 6708848
 6709020
 6709134
 6709275
 6709341
 6709371
 6709446
 6709475
 6709533
 6709567
 6709575
 6709610
 6709656
 6709663
 6709710
 6709746
 6709784
 6709864
 6709901
 6710044
 6710159
 6710298
 6710307
 6710579
 6710673
 6710716
 6710794
 6710837
 6710848
 6710861
 6710908
 6710922
 6711040
 6711128
 6711179
 6711284
 6711293
 6711402
 6711645
 6711746
 6711808
 6711837
 6711870
 6711895
 6711935
 6712044
 6712297
 6712543
 6712571
 6712701
 6712762
 6712820
 6712888
 6713028
 6713127
 6713271
 6713296
 6713491
 6713523
 6713545
 6713596
 6713694
 6713756
 6714124
 6714152
 6714214
 6714235
 6714394
 6714426
 6714496
 6714508
 6714573
 6714821
 6715116
 6715210
 6715357
 6715500
 6715571
 6715609
 6715621
 6715639
 6715659
 6715830
 6715951
 6716300
 6716525
 6716720
 6716737
 6716841
 6716934
 6716958
 6717052
 6717077
 6717175
 6717184
 6717244
 6717311
 6717479
 6717556
 6717701
 6717724
 6717788
 6717838
 6717939
 6718131
 6718277
 6718293
 6718325
 6718361
 6718372
 6718451
 6718485
 6718559
 6718626
 6718819
 6719173
 6719451
 6719607
 6719630
 6719775
 6719866
 6719895
 6719905
 6720074
 6720396
 6720455
 6720464
 6720563
 6720830
 6720882
 6720896
 6720976
 6720986
 6721300
 6721381
 6721458
 6721537
 6721874
 6721924
 6721978
 6722115
 6722158
 6722354
 6722486
 6722522
 6722690
 6722741
 6722743
 6723074
 6723157
 6723159
 6723723
 6723770
 6723876
 6724040
 6724596
 6724696
 6724702
 6725070
 6725235
 6725249
 6725315
 6725347
 6725636
 6725675
 6725831
 6725959
 6725972
 6726112
 6726171
 6726218
 6726219
 6726249
 6726517
 6726621
 6726626
 6726822
 6727168
 6727320
 6727334
 6727424
 6727443
 6727538
 6727597
 6727686
 6727699
 6727761
 6727813
 6727920
 6728074
 6728297
 6728310
 6728458
 6728595
 6729074
 6729204
 6729215
 6729255
 6729324
 6729417
 6729449
 6729455
 6729476
 6729559
 6729966
 6730058
 6730117
 6730222
 6730282
 6730346
 6730387
 6730423
 6730503
 6730569
 6730770
 6730809
 6730846
 6730850
 6730910
 6731001
 6731010
 6731208
 6731350
 6731418
 6731436
 6731599
 6731729
 6731732
 6732137
 6732148
 6732181
 6732280
 6732568
 6732618
 6732941
 6732950
 6732968
 6733016
 6733123
 6733159
 6733208
 6733265
 6733278
 6733646
 6733666
 6733899
 6733914
 6734027
 6734092
 6734159
 6734193
 6734224
 6734226
 6734374
 6734651
 6734722
 6734725
 6734789
 6734836
 6734984
 6735129
 6735267
 6735300
 6735332
 6735553
 6735557
 6735712
 6735739
 6735827
 6735878
 6735907
 6735996
 6736083
 6736247
 6736785
 6736786
 6736849
 6736850
 6736887
 6737037
 6737119
 6737166
 6737168
 6737212
 6737282
 6737340
 6737364
 6737399
 6737742
 6738076
 6738454
 6738509
 6738530
 6738552
 6738871
 6738896
 6738970
 6739031
 6739341
 6739463
 6739643
 6739675
 6739959
 6740013
 6740104
 6740127
 6740249
 6740263
 6740531
 6740567
 6740778
 6740858
 6740923
 6740935
 6741017
 6741176
 6741360
 6741550
 6741599
 6741764
 6741795
 6741827
 6741835
 6741867
 6741974
 6742225
 6742365
 6742544
 6742679
 6742770
 6742775
 6742836
 6742886
 6742906
 6742976
 6743008
 6743056
 6743096
 6743489
 6743591
 6743603
 6743695
 6743786
 6743887
 6743974
 6744561
 6744817
 6744977
 6744990
 6745228
 6745244
 6745277
 6745324
 6745449
 6745482
 6745517
 6745699
 6745747
 6745902
 6745969
 6745998
 6746080
 6746110
 6746416
 6746543
 6746665
 6746680
 6746735
 6746865
 6746882
 6746983
 6747267
 6747493
 6747647
 6747800
 6748177
 6748358
 6748469
 6748757
 6748780
 6748812
 6749006
 6749254
 6749379
 6749630
 6749939
 6749970
 6750051
 6750055
 6750067
 6750143
 6750261
 6750521
 6750718
 6750725
 6750781
 6750845
 6750902
 6751153
 6751240
 6751286
 6751329
 6751334
 6751474
 6751522
 6751637
 6751719
 6751789
 6751862
 6751891
 6751960
 6752006
 6752206
 6752379
 6752480
 6752501
 6752540
 6752542
 6752649
 6752886
 6752943
 6753227
 6753398
 6753403
 6753537
 6753591
 6753650
 6753800
 6753814
 6753847
 6754088
 6754320
 6754460
 6754681
 6754797
 6754886
 6755019
 6755106
 6755155
 6755207
 6755208
 6755303
 6755336
 6755433
 6755438
 6755466
 6755506
 6755513
 6755687
 6755913
 6755931
 6755967
 6756006
 6756067
 6756136
 6756355
 6756408
 6756424
 6756494
 6756769
 6756799
 6756856
 6756971
 6757109
 6757192
 6757218
 6757258
 6757332
 6757406
 6757499
 6757770
 6757972
 6758038
 6758154
 6758198
 6758301
 6758372
 6758417
 6758589
 6758614
 6758732
 6758798
 6758875
 6758877
 6758953
 6759003
 6759008
 6759218
 6759227
 6759349
 6759494
 6759576
 6759798
 6759850
 6759903
 6759958
 6760099
 6760262
 6760309
 6760317
 6760378
 6760811
 6760917
 6761197
 6761225
 6761282
 6761290
 6761419
 6761490
 6761581
 6761607
 6761805
 6761836
 6761939
 6761947
 6761962
 6762006
 6762068
 6762151
 6762336
 6762497
 6762569
 6762577
 6762597
 6762654
 6762684
 6762981
 6763119
 6763124
 6763189
 6763528
 6763534
 6763637
 6763882
 6764065
 6764261
 6764298
 6764336
 6764439
 6764456
 6764605
 6764609
 6764754
 6764904
 6764977
 6764991
 6765006
 6765035
 6765237
 6765301
 6765309
 6765421
 6765422
 6765454
 6765565
 6765574
 6765620
 6765649
 6765740
 6765856
 6765955
 6765975
 6766122
 6766207
 6766345
 6766361
 6766421
 6766445
 6766823
 6766852
 6766894
 6766895
 6766913
 6766932
 6767016
 6767020
 6767128
 6767377
 6767588
 6767598
 6767619
 6767762
 6767815
 6767862
 6767902
 6767953
 6768240
 6768787
 6769131
 6769165
 6769276
 6769291
 6769351
 6769358
 6769460
 6769621
 6769791
 6769877
 6769881
 6769901
 6770054
 6770070
 6770188
 6770230
 6770328
 6770420
 6770600
 6770681
 6770750
 6770856
 6770889
 6771062
 6771075
 6771214
 6771350
 6771419
 6771525
 6771622
 6771896
 6772034
 6772072
 6772101
 6772279
 6772309
 6772314
 6772324
 6772334
 6772463
 6772469
 6772501
 6772520
 6772681
 6772768
 6772790
 6772928
 6773169
 6773295
 6773302
 6773420
 6773576
 6773579
 6773627
 6773747
 6773773
 6773867
 6774109
 6774138
 6774257
 6774416
 6774420
 6774427
 6774839
 6774861
 6774918
 6774925
 6774980
 6775124
 6775296
 6775381
 6775384
 6775412
 6775418
 6775432
 6775569
 6775660
 6775695
 6775775
 6776265
 6776273
 6776392
 6776426
 6776603
 6776767
 6776823
 6776873
 6776891
 6776896
 6776932
 6776958
 6777185
 6777355
 6777374
 6777532
 6777562
 6777626
 6777953
 6778113
 6778400
 6778483
 6778500
 6778744
 6778776
 6778972
 6778986
 6779080
 6779200
 6779270
 6779331
 6779590
 6779708
 6779714
 6779900
 6779940
 6780171
 6780215
 6780276
 6780406
 6780501
 6780550
 6780680
 6780898
 6781066
 6781228
 6781368
 6781506
 6781509
 6781527
 6781565
 6781740
 6781776
 6781779
 6781965
 6781976
 6782252
 6782272
 6782421
 6782592
 6782608
 6782775
 6782812
 6782828
 6782831
 6783129
 6783141
 6783174
 6783202
 6783228
 6783236
 6783417
 6783500
 6783510
 6783837
 6784049
 6784105
 6784115
 6784219
 6784380
 6784406
 6784612
 6784820
 6784871
 6784959
 6785041
 6785073
 6785182
 6785254
 6785416
 6785497
 6785511
 6785650
 6785933
 6786012
 6786163
 6786184
 6786252
 6786368
 6786483
 6786819
 6786937
 6786984
 6787026
 6787108
 6787213
 6787459
 6787471
 6787573
 6788058
 6788098
 6788245
 6788256
 6788268
 6788272
 6788391
 6788527
 6788909
 6788954
 6789002
 6789034
 6789137
 6789164
 6789172
 6789188
 6789201
 6789249
 6789294
 6789396
 6789683
 6789849
 6789991
 6790024
 6790026
 6790233
 6790290
 6790291
 6790300
 6790387
 6790604
 6790642
 6790648
 6791252
 6791257
 6791341
 6791373
 6791383
 6791495
 6791559
 6791564
 6791643
 6791761
 6791824
 6791917
 6791940
 6792003
 6792016
 6792097
 6792229
 6792266
 6792666
 6792695
 6792821
 6792853
 6792867
 6792876
 6793088
 6793301
 6793589
 6793611
 6793851
 6793877
 6793954
 6793985
 6794073
 6794106
 6794190
 6794241
 6794316
 6794334
 6794459
 6794716
 6794809
 6794815
 6794945
 6794983
 6795029
 6795037
 6795087
 6795107
 6795184
 6795289
 6795322
 6795407
 6795492
 6795516
 6795754
 6795766
 6795840
 6795841
 6795874
 6795882
 6795903
 6795911
 6796015
 6796179
 6796224
 6796295
 6796323
 6796387
 6796856
 6797140
 6797324
 6797477
 6797549
 6797566
 6797591
 6797654
 6797794
 6798247
 6798303
 6798428
 6798590
 6798952
 6799117
 6799244
 6799254
 6799292
 6799343
 6799370
 6799378
 6799412
 6799472
 6799489
 6799496
 6799576
 6799585
 6799680
 6799784
 6799912
 6799939
 6800218
 6800323
 6800374
 6800459
 6801088
 6801387
 6801394
 6801481
 6801627
 6801953
 6801956
 6801985
 6802066
 6802156
 6802185
 6802205
 6802372
 6802385
 6802483
 6802607
 6802688
 6802753
 6802776
 6802839
 6802894
 6802942
 6802947
 6802982
 6803094
 6803121
 6803268
 6803314
 6803450
 6803583
 6803727
 6803905
 6803985
 6804112
 6804122
 6804363
 6804449
 6804535
 6804714
 6804720
 6804754
 6804791
 6805178
 6805307
 6805445
 6805451
 6805700
 6805706
 6805801
 6805810
 6805889
 6806105
 6806128
 6806252
 6806282
 6806350
 6806356
 6806430
 6806554
 6806702
 6806725
 6806914
 6806955
 6807108
 6807529
 6807611
 6807699
 6807791
 6807906
 6808054
 6808198
 6808288
 6808811
 6809074
 6809156
 6809197
 6809289
 6809332
 6809682
 6809782
 6809813
 6809838
 6809935
 6810021
 6810081
 6810264
 6810343
 6810346
 6810378
 6810508
 6810740
 6810802
 6810812
 6810896
 6810906
 6810960
 6811028
 6811084
 6811294
 6811317
 6811343
 6811409
 6811425
 6811474
 6811549
 6811586
 6811633
 6811645
 6811746
 6811809
 6811871
 6812051
 6812072
 6812097
 6812423
 6812426
 6812436
 6812437
 6812540
 6812608
 6812709
 6812750
 6812859
 6812860
 6812877
 6812998
 6813193
 6813252
 6813319
 6813385
 6813428
 6813462
 6813463
 6813543
 6813547
 6813795
 6813906
 6814162
 6814179
 6814299
 6814436
 6814508
 6814552
 6814744
 6814902
 6814978
 6815069
 6815073
 6815091
 6815258
 6815268
 6815432
 6815495
 6815734
 6815773
 6815866
 6815946
 6815960
 6816100
 6816128
 6816176
 6816179
 6816349
 6816420
 6816457
 6816646
 6816667
 6816749
 6816993
 6817010
 6817261
 6817343
 6817478
 6817871
 6817895
 6818042
 6818074
 6818156
 6818174
 6818339
 6818451
 6818518
 6818575
 6818713
 6818872
 6818876
 6818905
 6819163
 6819504
 6819618
 6819696
 6819704
 6819816
 6819838
 6819925
 6819928
 6819943
 6820176
 6820193
 6820200
 6820263
 6820340
 6820589
 6820624
 6820646
 6820695
 6820814
 6820843
 6820855
 6820929
 6820968
 6820993
 6821120
 6821149
 6821220
 6821458
 6821753
 6821864
 6822211
 6822249
 6822342
 6822618
 6822647
 6822724
 6822732
 6822766
 6822950
 6823217
 6823471
 6823532
 6823543
 6823745
 6823756
 6823916
 6824069
 6824103
 6824190
 6824261
 6824572
 6824998
 6825029
 6825118
 6825188
 6825343
 6825611
 6825652
 6825668
 6825682
 6825689
 6825833
 6826022
 6826079
 6826222
 6826372
 6826395
 6826442
 6826519
 6826531
 6826545
 6826649
 6826778
 6826856
 6826881
 6826937
 6826984
 6827101
 6827139
 6827409
 6827463
 6827472
 6827562
 6827597
 6828106
 6828107
 6828123
 6828212
 6828233
 6828247
 6828284
 6828365
 6828449
 6828510
 6828586
 6828634
 6828725
 6829131
 6829199
 6829215
 6829243
 6829301
 6829349
 6829621
 6829656
 6829695
 6829828
 6829871
 6829947
 6829989
 6830027
 6830164
 6830306
 6830336
 6830367
 6830624
 6830748
 6830774
 6831048
 6831128
 6831264
 6831336
 6831478
 6831598
 6831661
 6831722
 6831861
 6831881
 6831931
 6831986
 6832078
 6832087
 6832108
 6832214
 6832240
 6832417
 6832473
 6832508
 6832511
 6832531
 6832738
 6832951
 6832956
 6833077
 6833138
 6833236
 6833318
 6833413
 6833584
 6833657
 6833659
 6833733
 6833773
 6833783
 6833828
 6833847
 6833958
 6834382
 6834566
 6834621
 6834735
 6834985
 6835010
 6835201
 6835208
 6835515
 6835525
 6835573
 6835768
 6835790
 6835796
 6835803
 6835890
 6835938
 6836101
 6836128
 6836260
 6836273
 6836316
 6836398
 6836514
 6836634
 6836750
 6836772
 6836800
 6836807
 6837044
 6837198
 6837271
 6837296
 6837302
 6837347
 6837417
 6837637
 6838146
 6838256
 6838265
 6838301
 6838365
 6838446
 6838452
 6838508
 6838560
 6838638
 6838894
 6839048
 6839089
 6839149
 6839319
 6839416
 6839441
 6839456
 6839585
 6839660
 6839804
 6839832
 6839885
 6840114
 6840727
 6840759
 6840959
 6840971
 6841104
 6841141
 6841277
 6841405
 6841437
 6841489
 6841493
 6841548
 6841624
 6841904
 6841907
 6842058
 6842067
 6842167
 6842225
 6842340
 6842521
 6842713
 6842748
 6843025
 6843092
 6843307
 6843388
 6843422
 6843471
 6843584
 6843618
 6843644
 6843662
 6844008
 6844068
 6844140
 6844294
 6844499
 6844594
 6844721
 6844945
 6845013
 6845324
 6845361
 6845430
 6845572
 6845579
 6845640
 6845687
 6845792
 6846119
 6846174
 6846196
 6846203
 6846215
 6846220
 6846333
 6846503
 6846600
 6846663
 6846759
 6847062
 6847068
 6847212
 6847276
 6847351
 6847355
 6847389
 6847466
 6847672
 6847680
 6847696
 6847800
 6847858
 6847989
 6848117
 6848368
 6848382
 6848425
 6848529
 6848537
 6848608
 6848671
 6848708
 6848809
 6848886
 6848947
 6849071
 6849104
 6849270
 6849441
 6849498
 6849716
 6849935
 6850072
 6850514
 6850631
 6850803
 6850886
 6851033
 6851086
 6851089
 6851227
 6851276
 6851287
 6851373
 6851409
 6851527
 6851834
 6851946
 6851963
 6852320
 6852362
 6852429
 6852590
 6852733
 6852750
 6852959
 6853071
 6853133
 6853145
 6853183
 6853196
 6853296
 6853434
 6853437
 6853481
 6853553
 6853635
 6853642
 6853786
 6854043
 6854305
 6854347
 6854378
 6854429
 6854470
 6854494
 6854610
 6854759
 6854775
 6854802
 6854943
 6855002
 6855143
 6855149
 6855159
 6855243
 6855269
 6855277
 6855284
 6855447
 6855573
 6855833
 6855952
 6856005
 6856007
 6856371
 6856411
 6856493
 6856532
 6856553
 6856662
 6856664
 6856729
 6856736
 6856823
 6856900
 6856953
 6857059
 6857135
 6857141
 6857150
 6857279
 6857314
 6857389
 6857429
 6857443
 6857483
 6857546
 6857589
 6857706
 6857869
 6857961
 6858075
 6858241
 6858314
 6858346
 6858389
 6858471
 6858475
 6858503
 6858582
 6858601
 6859092
 6859147
 6859248
 6859334
 6859395
 6859402
 6859658
 6859776
 6859871
 6859888
 6860041
 6860199
 6860436
 6860464
 6860522
 6860956
 6860965
 6861104
 6861286
 6861417
 6861419
 6861470
 6861557
 6861639
 6861828
 6861870
 6862066
 6862099
 6862172
 6862211
 6862290
 6862307
 6862505
 6862656
 6862849
 6862917
 6862937
 6862942
 6862983
 6863002
 6863156
 6863290
 6863313
 6863369
 6863388
 6863463
 6863528
 6863600
 6863623
 6863708
 6863899
 6863913
 6863914
 6864047
 6864079
 6864205
 6864429
 6864462
 6864543
 6864731
 6864756
 6864816
 6864860
 6864991
 6865068
 6865604
 6865650
 6865753
 6865828
 6865924
 6865932
 6865934
 6865957
 6866624
 6866691
 6866854
 6866878
 6866896
 6866928
 6866969
 6867034
 6867061
 6867223
 6867246
 6867322
 6867482
 6867839
 6867879
 6867978
 6867996
 6868197
 6868570
 6868577
 6868592
 6868633
 6868921
 6868983
 6869037
 6869165
 6869215
 6869252
 6869308
 6869511
 6869854
 6869944
 6870121
 6870389
 6870635
 6870667
 6870724
 6870808
 6870848
 6870976
 6871070
 6871185
 6871418
 6871466
 6871521
 6871617
 6871852
 6872002
 6872323
 6872485
 6872672
 6872674
 6872753
 6872772
 6872877
 6873113
 6873353
 6873404
 6873725
 6873736
 6873738
 6873998
 6874430
 6874654
 6874712
 6874798
 6874884
 6875007
 6875054
 6875105
 6875349
 6875497
 6875959
 6875974
 6876197
 6876212
 6876286
 6876323
 6876328
 6876330
 6876445
 6876503
 6876523
 6876555
 6876663
 6876723
 6876932
 6877269
 6877441
 6877451
 6877480
 6877825
 6877882
 6877915
 6878304
 6878360
 6878460
 6878531
 6878904
 6878907
 6879057
 6879168
 6879181
 6879185
 6879190
 6879261
 6879289
 6879323
 6879378
 6879414
 6879518
 6879520
 6879570
 6879631
 6879669
 6879677
 6879847
 6880074
 6880300
 6880332
 6880477
 6880495
 6880521
 6880625
 6880669
 6880841
 6881316
 6881375
 6881471
 6881592
 6881657
 6881726
 6881912
 6882413
 6882880
 6882977
 6883142
 6883173
 6883300
 6883354
 6883484
 6883534
 6883537
 6883657
 6883659
 6883663
 6883795
 6883847
 6883946
 6884066
 6884229
 6884287
 6884383
 6884411
 6884480
 6884535
 6884725
 6884902
 6884914
 6884917
 6885008
 6885033
 6885054
 6885118
 6885219
 6885248
 6885329
 6885339
 6885572
 6885650
 6885653
 6885672
 6885765
 6885796
 6885802
 6885901
 6886147
 6886245
 6886259
 6886388
 6886467
 6886619
 6886628
 6887005
 6887505
 6887732
 6887809
 6887978
 6888004
 6888245
 6888637
 6888658
 6888687
 6888698
 6888823
 6888834
 6888859
 6888862
 6888965
 6889392
 6889456
 6889489
 6889493
 6889651
 6889787
 6890120
 6890164
 6890196
 6890212
 6890227
 6890245
 6890250
 6890423
 6890559
 6890622
 6890658
 6890698
 6890740
 6890846
 6890905
 6890911
 6891045
 6891321
 6891358
 6891522
 6891532
 6891553
 6891620
 6891629
 6891660
 6891683
 6891800
 6892222
 6892231
 6892245
 6892616
 6892658
 6892827
 6892932
 6893343
 6893384
 6893514
 6893516
 6893859
 6893862
 6893928
 6893991
 6893994
 6894096
 6894363
 6894608
 6894729
 6894877
 6895001
 6895167
 6895224
 6895441
 6895534
 6895540
 6895612
 6895936
 6895973
 6896027
 6896092
 6896186
 6896428
 6896575
 6896681
 6896763
 6897094
 6897334
 6897638
 6897664
 6897690
 6897938
 6897979
 6898024
 6898121
 6898139
 6898467
 6898470
 6898511
 6898555
 6898570
 6898649
 6898699
 6899184
 6899266
 6899328
 6899362
 6899530
 6900149
 6900431
 6900750
 6901112
 6901130
 6901181
 6901183
 6901193
 6901429
 6901441
 6901453
 6901669
 6901734
 6901757
 6901867
 6902010
 6902098
 6902148
 6902218
 6902302
 6902313
 6902490
 6902494
 6902595
 6902688
 6902866
 6903042
 6903406
 6903556
 6903557
 6903689
 6903734
 6903890
 6903940
 6903943
 6903971
 6904084
 6904127
 6904513
 6904596
 6904668
 6904716
 6904732
 6904946
 6905073
 6905186
 6905352
 6905450
 6905941
 6906129
 6906276
 6906407
 6906517
 6906645
 6906736
 6906820
 6906893
 6906947
 6907001
 6907124
 6907211
 6907266
 6907366
 6907515
 6907534
 6907564
 6907582
 6907649
 6907754
 6907816
 6907828
 6907837
 6907993
 6908192
 6908283
 6908310
 6908362
 6908552
 6908591
 6908700
 6908856
 6908961
 6908963
 6909129
 6909318
 6909346
 6909359
 6909475
 6909608
 6909829
 6909835
 6910208
 6910234
 6910254
 6910447
 6910500
 6910781
 6910793
 6911013
 6911031
 6911042
 6911089
 6911270
 6911527
 6911677
 6911743
 6911854
 6911880
 6912007
 6912012
 6912064
 6912112
 6912148
 6912233
 6912450
 6912453
 6912458
 6912786
 6912806
 6912879
 6912913
 6912914
 6913011
 6913067
 6913068
 6913341
 6913364
 6913375
 6913591
 6913792
 6913851
 6914010
 6914150
 6914218
 6914225
 6914230
 6914279
 6914343
 6914402
 6914516
 6914524
 6914693
 6914720
 6914994
 6915056
 6915063
 6915342
 6915347
 6915499
 6915636
 6915648
 6915664
 6915765
 6915780
 6915854
 6915858
 6915923
 6916183
 6916225
 6916419
 6916554
 6916753
 6916766
 6916921
 6917025
 6917067
 6917150
 6917175
 6917188
 6917195
 6917675
 6917782
 6917935
 6918097
 6918223
 6918240
 6918483
 6918527
 6918771
 6918785
 6918878
 6919045
 6919075
 6919320
 6919333
 6919383
 6919421
 6919686
 6919807
 6920216
 6920235
 6920323
 6920332
 6920551
 6920571
 6920750
 6920777
 6920908
 6920934
 6920971
 6921132
 6921223
 6921261
 6921335
 6921340
 6921343
 6921517
 6921653
 6921715
 6921720
 6921794
 6921946
 6922025
 6922160
 6922161
 6922311
 6922320
 6922329
 6922355
 6922470
 6922606
 6922608
 6922687
 6922690
 6922889
 6922903
 6923055
 6923178
 6923201
 6923362
 6923425
 6923546
 6923668
 6923774
 6923779
 6924031
 6924064
 6924207
 6924263
 6924392
 6924577
 6924701
 6924725
 6924789
 6924878
 6924955
 6925043
 6925140
 6925154
 6925398
 6925492
 6925542
 6925897
 6925914
 6925930
 6925990
 6926020
 6926170
 6926331
 6926358
 6926425
 6926465
 6926596
 6926691
 6926742
 6926755
 6926962
 6927047
 6927115
 6927375
 6927440
 6927485
 6927536
 6927633
 6927716
 6927734
 6927762
 6927788
 6927790
 6927889
 6927990
 6928262
 6928319
 6928372
 6928431
 6928568
 6928615
 6928765
 6928800
 6928905
 6929038
 6929060
 6929422
 6929561
 6929572
 6929601
 6929629
 6929714
 6929946
 6929986
 6930122
 6930185
 6930300
 6930365
 6930417
 6930746
 6930801
 6930866
 6930907
 6930920
 6930932
 6931092
 6931098
 6931099
 6931174
 6931280
 6931296
 6931364
 6931390
 6931422
 6931428
 6931443
 6931444
 6931568
 6931721
 6931746
 6931851
 6932134
 6932191
 6932342
 6932372
 6932402
 6932449
 6932452
 6932590
 6932835
 6932852
 6932973
 6933070
 6933116
 6933363
 6933414
 6933477
 6933567
 6933589
 6933608
 6933760
 6933788
 6934284
 6934317
 6934376
 6934445
 6934557
 6934698
 6934755
 6934933
 6934964
 6935072
 6935101
 6935156
 6935200
 6935277
 6935341
 6935409
 6935528
 6935562
 6935665
 6935694
 6935859
 6936012
 6936013
 6936038
 6936092
 6936417
 6936567
 6936627
 6936652
 6936901
 6936931
 6936952
 6937242
 6937406
 6937441
 6937471
 6937473
 6937631
 6937824
 6937843
 6938103
 6938170
 6938200
 6938252
 6938351
 6938399
 6938482
 6938486
 6938487
 6938508
 6938702
 6938814
 6938829
 6938959
 6938968
 6938993
 6939146
 6939240
 6939242
 6939248
 6939317
 6939381
 6939425
 6939439
 6939599
 6939663
 6939793
 6940318
 6940322
 6940390
 6940405
 6940673
 6940760
 6940815
 6941026
 6941124
 6941138
 6941231
 6941276
 6941301
 6941344
 6941533
 6941602
 6941643
 6941748
 6941807
 6942171
 6942199
 6942224
 6942296
 6942318
 6942507
 6942528
 6942666
 6942714
 6942794
 6943031
 6943142
 6943184
 6943421
 6943497
 6943505
 6943533
 6943738
 6943971
 6943992
 6944052
 6944081
 6944175
 6944182
 6944206
 6944292
 6944469
 6944565
 6944607
 6944725
 6944751
 6944960
 6945019
 6945044
 6945118
 6945188
 6945249
 6945291
 6945348
 6945430
 6945472
 6945634
 6945761
 6945765
 6945792
 6945995
 6946068
 6946134
 6946400
 6946523
 6946533
 6946568
 6946610
 6946665
 6946708
 6946990
 6947041
 6947141
 6947371
 6947614
 6947620
 6947657
 6947889
 6947986
 6948039
 6948045
 6948119
 6948153
 6948250
 6948253
 6948437
 6948553
 6948863
 6949041
 6949102
 6949137
 6949572
 6949584
 6949606
 6949661
 6949674
 6949786
 6949806
 6949870
 6949947
 6950047
 6950194
 6950367
 6950568
 6950679
 6950985
 6951080
 6951083
 6951165
 6951277
 6951304
 6951332
 6951368
 6951438
 6951642
 6951690
 6951809
 6951927
 6952181
 6952233
 6952286
 6952339
 6952385
 6952499
 6952530
 6952587
 6952645
 6952708
 6952857
 6953126
 6953370
 6953395
 6953476
 6953634
 6953782
 6953823
 6953851
 6953952
 6954004
 6954108
 6954257
 6954484
 6954604
 6954825
 6954855
 6954882
 6954887
 6955087
 6955196
 6955230
 6955254
 6955270
 6955286
 6955344
 6955446
 6955477
 6955492
 6955649
 6955675
 6956000
 6956159
 6956189
 6956270
 6956287
 6956351
 6956394
 6956513
 6956633
 6956794
 6956853
 6957015
 6957056
 6957221
 6957277
 6957354
 6957591
 6957830
 6957894
 6957969
 6957991
 6958182
 6958249
 6958317
 6958358
 6958558
 6958679
 6958680
 6958863
 6958904
 6958982
 6959132
 6959165
 6959234
 6959266
 6959269
 6959281
 6959305
 6959474
 6959489
 6959504
 6959571
 6959586
 6959603
 6959669
 6959747
 6959902
 6960008
 6960072
 6960099
 6960216
 6960295
 6960476
 6960540
 6960589
 6960875
 6960923
 6960972
 6961155
 6961196
 6961247
 6961269
 6961294
 6961662
 6961795
 6961995
 6962094
 6962166
 6962374
 6962487
 6962520
 6962867
 6962949
 6962964
 6963138
 6963516
 6963712
 6963766
 6963791
 6963880
 6963996
 6964121
 6964158
 6964175
 6964235
 6964294
 6964315
 6964523
 6964560
 6964635
 6964644
 6964939
 6965282
 6965400
 6965418
 6965476
 6965502
 6965534
 6965564
 6965651
 6965841
 6965967
 6966055
 6966097
 6966199
 6966238
 6966303
 6966482
 6966487
 6966496
 6966579
 6966737
 6966746
 6967023
 6967046
 6967100
 6967202
 6967265
 6967363
 6967789
 6967801
 6967873
 6967915
 6968066
 6968254
 6968263
 6968289
 6968392
 6968484
 6968681
 6968740
 6968837
 6968856
 6968906
 6968941
 6969336
 6969390
 6969498
 6969499
 6969552
 6969686
 6970004
 6970018
 6970026
 6970042
 6970341
 6970397
 6970743
 6970806
 6970879
 6971016
 6971027
 6971029
 6971118
 6971172
 6971273
 6971311
 6971316
 6971341
 6971437
 6971460
 6971678
 6971813
 6971904
 6972029
 6972035
 6972224
 6972235
 6972340
 6972346
 6972627
 6972747
 6972753
 6972908
 6972911
 6973068
 6973265
 6973425
 6973485
 6973518
 6973665
 6973783
 6974113
 6974143
 6974343
 6974517
 6974547
 6974549
 6974662
 6974762
 6974801
 6974822
 6974902
 6974912
 6975028
 6975068
 6975305
 6975369
 6975557
 6975571
 6975596
 6975677
 6975854
 6975911
 6975970
 6976000
 6976005
 6976012
 6976057
 6976107
 6976300
 6976327
 6976401
 6976556
 6976988
 6977067
 6977337
 6977529
 6977564
 6977683
 6977790
 6978198
 6978199
 6978210
 6978311
 6978372
 6978505
 6978892
 6979319
 6979415
 6979711
 6979843
 6979896
 6980090
 6980165
 6980256
 6980277
 6980395
 6980426
 6980462
 6980619
 6980633
 6980795
 6980830
 6980883
 6980908
 6981066
 6981271
 6981412
 6981477
 6981540
 6981554
 6981622
 6981748
 6981750
 6981956
 6982023
 6982026
 6982090
 6982906
 6983091
 6983371
 6983430
 6983535
 6983572
 6983734
 6983857
 6983967
 6983969
 6984042
 6984048
 6984312
 6984397
 6984413
 6984425
 6984439
 6984503
 6984748
 6984951
 6984973
 6985240
 6985307
 6985342
 6985720
 6985782
 6985823
 6985977
 6986069
 6986120
 6986503
 6986815
 6986891
 6987076
 6987209
 6987254
 6987316
 6987482
 6987699
 6987726
 6987806
 6987819
 6987856
 6987956
 6987992
 6988047
 6988048
 6988211
 6988656
 6988658
 6989079
 6989139
 6989217
 6989228
 6989241
 6989276
 6989694
 6989719
 6989738
 6989750
 6989757
 6989814
 6989916
 6989922
 6989959
 6990068
 6990108
 6990151
 6990534
 6990631
 6990690
 6990837
 6990860
 6991020
 6991092
 6991222
 6991261
 6991301
 6991325
 6991471
 6991485
 6991594
 6991629
 6991695
 6991697
 6991717
 6991751
 6991815
 6991850
 6991981
 6992009
 6992208
 6992285
 6992286
 6992313
 6992512
 6992513
 6992562
 6992677
 6992952
 6992959
 6993188
 6993574
 6993644
 6993745
 6993784
 6993813
 6993950
 6993979
 6994069
 6994185
 6994238
 6994428
 6994468
 6994498
 6994639
 6994679
 6994782
 6994824
 6995294
 6995364
 6995477
 6995601
 6995625
 6995689
 6995747
 6995969
 6996083
 6996092
 6996629
 6996761
 6996841
 6997104
 6997163
 6997228
 6997244
 6997296
 6997368
 6997430
 6997918
 6997934
 6997966
 6998059
 6998102
 6998358
 6998414
 6998494
 6998513
 6998692
 6998843
 6998852
 6998858
 6998876
 6998906
 6998945
 6998970
 6998977
 6999141
 6999261
 6999510
 6999542
 6999622
 6999671
 6999739
 6999790
 6999901
 6999999
 7000029
 7000030
 7000081
 7000250
 7000439
 7000446
 7000664
 7000704
 7000732
 7000890
 7001044
 7001058
 7001094
 7001157
 7001237
 7001271
 7001379
 7001446
 7001589
 7001697
 7001788
 7001795
 7001871
 7001885
 7002155
 7002190
 7002304
 7002350
 7002512
 7002558
 7002736
 7002882
 7002976
 7002996
 7003112
 7003336
 7003397
 7003608
 7003643
 7003764
 7003832
 7003862
 7003868
 7003945
 7004176
 7004231
 7004319
 7004428
 7004490
 7004585
 7004614
 7004661
 7004733
 7004772
 7004792
 7004840
 7004868
 7004999
 7005336
 7005392
 7005436
 7005439
 7005441
 7005481
 7005686
 7005688
 7005692
 7005747
 7005762
 7005763
 7005813
 7005841
 7005922
 7005927
 7006087
 7006129
 7006145
 7006158
 7006236
 7006526
 7006560
 7006596
 7006811
 7006866
 7006938
 7006944
 7007062
 7007085
 7007137
 7007333
 7007457
 7007557
 7007619
 7007731
 7007754
 7007859
 7007965
 7007998
 7008175
 7008193
 7008327
 7008713
 7008806
 7008850
 7008892
 7008955
 7008997
 7009028
 7009029
 7009031
 7009114
 7009138
 7009385
 7009462
 7009464
 7009553
 7009569
 7009672
 7009779
 7009960
 7009962
 7010022
 7010039
 7010048
 7010182
 7010214
 7010276
 7010303
 7010604
 7010653
 7010753
 7010784
 7010872
 7010957
 7010963
 7011297
 7011298
 7011393
 7011686
 7011739
 7011811
 7011935
 7012018
 7012346
 7012388
 7012483
 7012805
 7012836
 7013014
 7013095
 7013139
 7013153
 7013197
 7013251
 7013358
 7013425
 7013442
 7013717
 7013869
 7013888
 7013917
 7014103
 7014218
 7014261
 7014262
 7014309
 7014324
 7014451
 7014520
 7014540
 7014566
 7014622
 7014705
 7014725
 7014788
 7014930
 7014979
 7014990
 7015010
 7015171
 7015268
 7015418
 7015505
 7015518
 7015544
 7015639
 7015643
 7015845
 7015856
 7015870
 7016155
 7016338
 7016371
 7016403
 7016523
 7017010
 7017073
 7017109
 7017178
 7017405
 7017514
 7017616
 7017658
 7017698
 7017804
 7017807
 7017823
 7017900
 7018034
 7018063
 7018228
 7018298
 7018308
 7018755
 7018786
 7019026
 7019070
 7019081
 7019172
 7019677
 7019727
 7019880
 7019906
 7019934
 7020073
 7020204
 7020359
 7020515
 7020588
 7020607
 7020638
 7020706
 7020865
 7020941
 7020947
 7020958
 7021117
 7021150
 7021206
 7021213
 7021291
 7021358
 7021459
 7021513
 7021693
 7021729
 7021769
 7021778
 7022000
 7022200
 7022340
 7022394
 7022411
 7022413
 7022557
 7022615
 7022823
 7022936
 7022984
 7023161
 7023308
 7023363
 7023429
 7023565
 7023613
 7023648
 7023700
 7023810
 7023882
 7023939
 7024175
 7024217
 7024428
 7024536
 7024555
 7024613
 7024668
 7024694
 7025013
 7025156
 7025219
 7025225
 7025424
 7025665
 7025670
 7026071
 7026107
 7026251
 7026313
 7026330
 7026363
 7026447
 7026606
 7027051
 7027398
 7027461
 7027563
 7027565
 7027574
 7027600
 7027642
 7027768
 7027907
 7027970
 7028195
 7028220
 7028229
 7028265
 7028351
 7028395
 7028430
 7028451
 7028499
 7028689
 7028815
 7028918
 7029067
 7029099
 7029148
 7029301
 7029357
 7029382
 7029407
 7029587
 7029818
 7029904
 7030010
 7030264
 7030287
 7030371
 7030685
 7030769
 7031036
 7031070
 7031185
 7031309
 7031428
 7031534
 7031647
 7031653
 7031857
 7031934
 7031944
 7031955
 7031965
 7032305
 7032449
 7032465
 7032493
 7032521
 7032740
 7033400
 7033466
 7033579
 7033634
 7033737
 7033989
 7034133
 7034216
 7034540
 7034614
 7034658
 7034786
 7035007
 7035081
 7035116
 7035131
 7035156
 7035178
 7035275
 7035421
 7035633
 7035950
 7035976
 7036017
 7036400
 7036457
 7036544
 7036600
 7036650
 7036927
 7037093
 7037277
 7037291
 7037361
 7037364
 7037700
 7037802
 7038117
 7038173
 7038271
 7038285
 7038351
 7038435
 7038577
 7038650
 7038760
 7038817
 7039102
 7039178
 7039383
 7039397
 7039403
 7039436
 7039543
 7039545
 7039578
 7039625
 7039655
 7040097
 7040284
 7040469
 7040699
 7041166
 7041313
 7041322
 7041561
 7041571
 7041581
 7041733
 7041766
 7042096
 7042249
 7042324
 7042475
 7042487
 7042608
 7042708
 7042767
 7043141
 7043209
 7043226
 7043387
 7043607
 7043730
 7044015
 7044016
 7044095
 7044152
 7044154
 7044332
 7044404
 7044690
 7044789
 7044836
 7044946
 7045026
 7045147
 7045175
 7045232
 7045236
 7045504
 7045638
 7045640
 7045684
 7045855
 7045876
 7045954
 7046035
 7046196
 7046274
 7046397
 7046413
 7046483
 7046494
 7046661
 7046692
 7046701
 7046748
 7046774
 7046801
 7047136
 7047162
 7047250
 7047350
 7047353
 7047391
 7047422
 7047460
 7047628
 7047645
 7047652
 7047954
 7047978
 7048038
 7048075
 7048094
 7048122
 7048217
 7048544
 7048655
 7048675
 7048806
 7048852
 7048911
 7048936
 7048959
 7049015
 7049116
 7049455
 7049535
 7049613
 7049615
 7049711
 7049749
 7049922
 7049935
 7050004
 7050061
 7050131
 7050297
 7050378
 7050387
 7050520
 7050529
 7050663
 7050688
 7050799
 7050879
 7050898
 7050958
 7050964
 7050980
 7050989
 7051006
 7051063
 7051194
 7051344
 7051371
 7051423
 7051540
 7051778
 7051906
 7051956
 7051961
 7052369
 7052525
 7052529
 7052533
 7052546
 7052634
 7052796
 7052942
 7052961
 7053074
 7053127
 7053252
 7053389
 7053418
 7053419
 7053521
 7053539
 7053560
 7053681
 7053695
 7053765
 7053929
 7053980
 7054045
 7054225
 7054323
 7054442
 7054476
 7054569
 7054813
 7054814
 7054820
 7054990
 7055035
 7055060
 7055084
 7055098
 7055267
 7055731
 7055879
 7056018
 7056066
 7056135
 7056148
 7056244
 7056262
 7056321
 7056605
 7056653
 7056733
 7056762
 7056785
 7056826
 7056853
 7056881
 7056899
 7056965
 7057088
 7057129
 7057132
 7057200
 7057250
 7057602
 7057788
 7057932
 7057944
 7058083
 7058130
 7058168
 7058249
 7058324
 7058343
 7058405
 7058591
 7058607
 7058862
 7058901
 7059066
 7059247
 7059279
 7059301
 7059330
 7059347
 7059471
 7059594
 7059700
 7059743
 7059767
 7060062
 7060073
 7060125
 7060147
 7060181
 7060281
 7060373
 7060389
 7060476
 7060554
 7060583
 7060718
 7060885
 7061127
 7061222
 7061225
 7061368
 7061450
 7061577
 7061582
 7061602
 7061624
 7061640
 7061748
 7061774
 7061837
 7061847
 7061928
 7062024
 7062176
 7062193
 7062217
 7062256
 7062257
 7062355
 7062368
 7062536
 7062824
 7062953
 7063066
 7063088
 7063140
 7063224
 7063709
 7063712
 7063756
 7063815
 7063881
 7063946
 7064161
 7064202
 7064230
 7064350
 7064470
 7064547
 7064572
 7064844
 7064883
 7065170
 7065177
 7065327
 7065490
 7065578
 7065639
 7065721
 7065729
 7065799
 7066067
 7066103
 7066257
 7066288
 7066350
 7066363
 7066401
 7066522
 7066529
 7066709
 7066763
 7066785
 7066873
 7066971
 7067027
 7067292
 7067294
 7067437
 7067467
 7067468
 7067532
 7067580
 7067696
 7067761
 7067967
 7067995
 7068071
 7068234
 7068283
 7068495
 7068624
 7068764
 7068906
 7069062
 7069226
 7069339
 7069462
 7069601
 7069632
 7069729
 7069773
 7069984
 7070036
 7070055
 7070344
 7070412
 7070413
 7070485
 7070600
 7070700
 7070843
 7070867
 7070954
 7071122
 7071244
 7071339
 7071553
 7071622
 7071766
 7071877
 7072022
 7072030
 7072035
 7072171
 7072242
 7072306
 7072334
 7072547
 7072637
 7073332
 7073569
 7073588
 7073768
 7073964
 7074216
 7074226
 7074428
 7074494
 7074671
 7074753
 7074782
 7074793
 7074842
 7075007
 7075043
 7075089
 7075140
 7075236
 7075360
 7075512
 7075573
 7075582
 7075634
 7075713
 7075734
 7075822
 7076096
 7076227
 7076320
 7076321
 7076325
 7076444
 7076530
 7076568
 7076602
 7076636
 7076919
 7077038
 7077320
 7077453
 7077466
 7077484
 7077567
 7077635
 7077711
 7077900
 7077922
 7078057
 7078120
 7078223
 7078237
 7078284
 7078291
 7078520
 7078812
 7078926
 7079204
 7079217
 7079380
 7079432
 7079532
 7079759
 7080052
 7080155
 7080165
 7080305
 7080548
 7080707
 7080793
 7080842
 7080893
 7080927
 7080931
 7081055
 7081074
 7081119
 7081344
 7081459
 7081628
 7081659
 7081689
 7081735
 7081778
 7081803
 7081820
 7081905
 7082014
 7082023
 7082060
 7082096
 7082224
 7082519
 7082521
 7082602
 7082680
 7082782
 7082791
 7082889
 7083276
 7083394
 7083481
 7083510
 7083777
 7083834
 7083942
 7084031
 7084105
 7084177
 7084223
 7084255
 7084317
 7084359
 7084366
 7084497
 7084544
 7084551
 7084751
 7084995
 7085191
 7085215
 7085339
 7085368
 7085406
 7085462
 7085479
 7085531
 7085710
 7085719
 7085865
 7086007
 7086345
 7086347
 7086456
 7086616
 7086714
 7086774
 7086878
 7087202
 7087212
 7087450
 7087462
 7087554
 7087842
 7087932
 7088111
 7088154
 7088202
 7088244
 7088351
 7088484
 7088543
 7088580
 7088760
 7088803
 7088928
 7089104
 7089213
 7089233
 7089389
 7089472
 7089485
 7089610
 7089629
 7089653
 7089749
 7090017
 7090059
 7090076
 7090214
 7090220
 7090450
 7090527
 7090588
 7090607
 7090616
 7090674
 7090954
 7091018
 7091021
 7091039
 7091052
 7091300
 7091369
 7091593
 7091612
 7091661
 7091662
 7091676
 7091753
 7091891
 7092009
 7092066
 7092082
 7092088
 7092137
 7092209
 7092543
 7092642
 7092654
 7092725
 7092736
 7092795
 7092904
 7093030
 7093041
 7093117
 7093210
 7093323
 7093417
 7093512
 7093542
 7093645
 7093767
 7093776
 7093779
 7093827
 7093964
 7093993
 7094016
 7094092
 7094276
 7094499
 7094618
 7094664
 7094683
 7094704
 7094779
 7094780
 7094840
 7094970
 7095363
 7095466
 7095470
 7095538
 7095582
 7095605
 7095639
 7095700
 7095817
 7095860
 7095950
 7096086
 7096210
 7096306
 7096394
 7096420
 7096560
 7096786
 7096804
 7096875
 7097017
 7097417
 7097469
 7097595
 7097691
 7097903
 7098079
 7098126
 7098360
 7098453
 7098487
 7098511
 7098560
 7098745
 7098942
 7099104
 7099298
 7099344
 7099401
 7099467
 7099519
 7099525
 7099831
 7099887
 7100223
 7100226
 7100369
 7100445
 7100454
 7100474
 7100479
 7100551
 7100747
 7100854
 7101148
 7101185
 7101285
 7101289
 7101496
 7101545
 7101568
 7101619
 7101650
 7101831
 7101894
 7102051
 7102327
 7102683
 7102720
 7102722
 7102828
 7102841
 7102977
 7102993
 7103228
 7103232
 7103337
 7103531
 7103772
 7103977
 7104482
 7104492
 7104717
 7104748
 7104941
 7104989
 7105133
 7105397
 7105413
 7105498
 7105603
 7105638
 7105714
 7105754
 7105774
 7105895
 7106077
 7106322
 7106346
 7106369
 7106510
 7106531
 7106550
 7106806
 7107189
 7107524
 7107562
 7107661
 7107718
 7107730
 7107810
 7107839
 7108035
 7108190
 7108254
 7108255
 7108351
 7108609
 7108618
 7108628
 7108728
 7108882
 7108895
 7108908
 7109004
 7109116
 7109328
 7109347
 7109462
 7109542
 7109588
 7109606
 7109704
 7109740
 7109767
 7109835
 7109893
 7109912
 7110018
 7110019
 7110192
 7110208
 7110348
 7110363
 7110431
 7110600
 7110639
 7111034
 7111072
 7111126
 7111184
 7111198
 7111547
 7111551
 7111690
 7111817
 7112245
 7112311
 7112572
 7112640
 7112723
 7112733
 7112748
 7112773
 7112898
 7112957
 7113255
 7113686
 7113738
 7114084
 7114098
 7114306
 7114454
 7114551
 7114655
 7115080
 7115245
 7115248
 7115252
 7115296
 7115439
 7115482
 7115558
 7115827
 7115868
 7115959
 7116310
 7116436
 7116450
 7116514
 7116516
 7116763
 7116870
 7116962
 7117061
 7117129
 7117239
 7117256
 7117284
 7117313
 7117388
 7117454
 7117586
 7117669
 7117825
 7117913
 7117916
 7118020
 7118091
 7118103
 7118129
 7118260
 7118280
 7118353
 7118450
 7118451
 7118481
 7118727
 7118826
 7119155
 7119342
 7119393
 7119444
 7119545
 7119562
 7119670
 7119692
 7119771
 7119865
 7119928
 7119949
 7119978
 7120056
 7120128
 7120254
 7120362
 7120506
 7120609
 7120789
 7120790
 7120845
 7120871
 7120936
 7120965
 7120985
 7121084
 7121127
 7121409
 7121431
 7121512
 7121517
 7121863
 7121908
 7122108
 7122230
 7122260
 7122325
 7122446
 7122584
 7123011
 7123021
 7123055
 7123229
 7123297
 7123319
 7123587
 7123609
 7123656
 7123760
 7123891
 7123966
 7124153
 7124168
 7124200
 7124417
 7124420
 7124519
 7124555
 7124583
 7124770
 7124876
 7124935
 7124945
 7124996
 7125154
 7125157
 7125299
 7125329
 7125465
 7125489
 7125672
 7125706
 7125730
 7126233
 7126293
 7126331
 7126536
 7126652
 7126784
 7126918
 7126988
 7127013
 7127197
 7127357
 7127528
 7127629
 7127811
 7127868
 7127939
 7127957
 7127972
 7127981
 7127986
 7128145
 7128275
 7128356
 7128364
 7128441
 7128657
 7128855
 7128866
 7128978
 7129114
 7129116
 7129123
 7129153
 7129256
 7129277
 7129316
 7129667
 7129811
 7129939
 7129971
 7130019
 7130028
 7130076
 7130349
 7130406
 7130438
 7130502
 7130542
 7130551
 7130564
 7130797
 7130822
 7130828
 7130852
 7130882
 7131180
 7131364
 7131382
 7131397
 7131546
 7131579
 7131588
 7131592
 7131706
 7131825
 7131886
 7132029
 7132105
 7132125
 7132220
 7132264
 7132290
 7132313
 7132341
 7132453
 7132528
 7132713
 7132736
 7132747
 7132762
 7132780
 7132992
 7133145
 7133160
 7133178
 7133200
 7133285
 7133339
 7133499
 7133574
 7133721
 7133820
 7134296
 7134302
 7134307
 7134662
 7134700
 7134907
 7135038
 7135067
 7135152
 7135195
 7135201
 7135302
 7135359
 7135409
 7135520
 7135688
 7135694
 7135790
 7135801
 7135840
 7135853
 7135982
 7136024
 7136212
 7136228
 7136521
 7136537
 7136627
 7136866
 7136952
 7137001
 7137008
 7137263
 7137308
 7137397
 7137447
 7137455
 7137704
 7137756
 7137819
 7137863
 7137983
 7137987
 7138088
 7138112
 7138223
 7138247
 7138301
 7138354
 7138371
 7138466
 7138491
 7138506
 7138549
 7138874
 7138938
 7138951
 7139090
 7139095
 7139254
 7139442
 7139451
 7139973
 7140113
 7140130
 7140195
 7140249
 7140343
 7140449
 7140617
 7140853
 7140942
 7140999
 7141009
 7141176
 7141207
 7141214
 7141289
 7141519
 7141573
 7141768
 7141808
 7141852
 7141871
 7142015
 7142194
 7142218
 7142472
 7142522
 7142761
 7142772
 7142989
 7143093
 7143236
 7143527
 7143578
 7143711
 7143775
 7143778
 7143804
 7143891
 7143936
 7144102
 7144201
 7144244
 7144491
 7144585
 7144627
 7144645
 7144655
 7144783
 7144799
 7144860
 7144893
 7145094
 7145101
 7145103
 7145292
 7145383
 7145429
 7145445
 7145490
 7145585
 7145821
 7145886
 7145897
 7146298
 7146333
 7146374
 7146608
 7146722
 7146795
 7146845
 7146952
 7146966
 7147053
 7147123
 7147376
 7147427
 7147459
 7147690
 7147983
 7148057
 7148139
 7148223
 7148249
 7148286
 7148445
 7148615
 7148689
 7148737
 7148868
 7148891
 7148964
 7149027
 7149062
 7149064
 7149117
 7149162
 7149169
 7149471
 7149824
 7149828
 7149952
 7150143
 7150171
 7150190
 7150204
 7150221
 7150284
 7150330
 7150420
 7150516
 7150564
 7150595
 7150597
 7150804
 7150943
 7151169
 7151246
 7151330
 7151336
 7151367
 7151444
 7151567
 7151639
 7151706
 7151852
 7151902
 7151972
 7152097
 7152193
 7152241
 7152254
 7152441
 7152443
 7152502
 7152524
 7152719
 7152832
 7152994
 7153141
 7153406
 7153738
 7153753
 7153759
 7153791
 7153833
 7153889
 7153897
 7154246
 7154272
 7154400
 7154642
 7155181
 7155263
 7155278
 7155373
 7155473
 7155525
 7155540
 7155632
 7155646
 7155722
 7155988
 7156242
 7156360
 7156382
 7156559
 7156570
 7156654
 7156681
 7156694
 7156731
 7156779
 7156979
 7157292
 7157308
 7157326
 7157375
 7157428
 7157440
 7157498
 7157546
 7157556
 7157745
 7157788
 7157889
 7158093
 7158130
 7158196
 7158256
 7158355
 7158364
 7158419
 7158510
 7158585
 7158638
 7158850
 7159030
 7159038
 7159051
 7159263
 7159305
 7159544
 7159595
 7159702
 7159745
 7159843
 7159851
 7160064
 7160240
 7160256
 7160461
 7160480
 7160632
 7160778
 7160782
 7160928
 7161054
 7161153
 7161154
 7161194
 7161434
 7161560
 7161595
 7161642
 7161661
 7161710
 7161723
 7161761
 7161898
 7162264
 7162272
 7162317
 7162428
 7162589
 7162613
 7162694
 7162845
 7162975
 7163078
 7163132
 7163245
 7163348
 7163448
 7163497
 7163697
 7163704
 7163716
 7164220
 7164267
 7164293
 7164404
 7164532
 7164797
 7164876
 7164952
 7164961
 7164970
 7165021
 7165502
 7165564
 7165567
 7165736
 7165789
 7165807
 7165815
 7165848
 7166052
 7166070
 7166075
 7166080
 7166085
 7166256
 7166452
 7166561
 7166681
 7166767
 7167103
 7167182
 7167318
 7167389
 7167557
 7167592
 7167660
 7167671
 7167730
 7167788
 7167832
 7167950
 7168343
 7168369
 7168535
 7168630
 7168678
 7168715
 7168851
 7168945
 7169058
 7169091
 7169425
 7169532
 7169579
 7169657
 7169672
 7169828
 7170299
 7170414
 7170456
 7170535
 7170536
 7170670
 7170733
 7170846
 7170878
 7170900
 7170981
 7171012
 7171031
 7171147
 7171160
 7171196
 7171241
 7171297
 7171310
 7171314
 7171376
 7171383
 7171499
 7171569
 7171847
 7171862
 7171959
 7172042
 7172291
 7172358
 7172391
 7172501
 7172641
 7172721
 7172772
 7172966
 7172998
 7173043
 7173101
 7173178
 7173250
 7173430
 7173507
 7173552
 7173583
 7173639
 7173645
 7173900
 7173929
 7174183
 7174274
 7174487
 7174751
 7174860
 7174982
 7175017
 7175032
 7175045
 7175060
 7175123
 7175183
 7175593
 7175628
 7175699
 7175861
 7176093
 7176103
 7176124
 7176158
 7176271
 7176336
 7176425
 7176483
 7176672
 7176695
 7176928
 7176930
 7177057
 7177163
 7177418
 7177716
 7177811
 7177834
 7177956
 7178063
 7178068
 7178259
 7178409
 7178464
 7178527
 7178555
 7178596
 7178807
 7178877
 7179046
 7179066
 7179095
 7179154
 7179188
 7179295
 7179305
 7179340
 7179386
 7179403
 7179834
 7179843
 7179951
 7179952
 7180020
 7180024
 7180118
 7180141
 7180411
 7180532
 7180853
 7180883
 7180913
 7180949
 7181075
 7181195
 7181243
 7181281
 7181356
 7181368
 7181619
 7181659
 7181671
 7181684
 7181687
 7181732
 7181746
 7181871
 7181981
 7182010
 7182063
 7182145
 7182240
 7182249
 7182562
 7182639
 7182660
 7182936
 7183132
 7183304
 7183307
 7183339
 7183438
 7183522
 7183547
 7183569
 7183649
 7183716
 7183875
 7183899
 7183915
 7183918
 7183967
 7183978
 7184056
 7184067
 7184088
 7184155
 7184201
 7184275
 7184410
 7184414
 7184490
 7184597
 7184611
 7184684
 7184927
 7185101
 7185195
 7185401
 7185493
 7185560
 7185713
 7185751
 7185852
 7186038
 7186179
 7186548
 7186614
 7186655
 7187009
 7187079
 7187081
 7187313
 7187372
 7187384
 7187509
 7187519
 7187572
 7187763
 7187846
 7188015
 7188069
 7188250
 7188332
 7188429
 7188449
 7188483
 7188492
 7188600
 7188739
 7188751
 7188815
 7188977
 7189157
 7189234
 7189248
 7189374
 7189473
 7189551
 7189861
 7189897
 7189911
 7190257
 7190264
 7190285
 7190316
 7190454
 7190468
 7190480
 7190687
 7190955
 7191024
 7191230
 7191314
 7191322
 7191583
 7191936
 7191956
 7191998
 7192126
 7192172
 7192371
 7192378
 7192379
 7192757
 7192765
 7192802
 7192968
 7193125
 7193303
 7193305
 7193330
 7193429
 7193490
 7193519
 7193552
 7193609
 7193677
 7193685
 7193754
 7193797
 7193846
 7193886
 7194010
 7194060
 7194119
 7194142
 7194148
 7194216
 7194301
 7194389
 7194661
 7194684
 7194776
 7194829
 7194849
 7194896
 7195200
 7195216
 7195232
 7195278
 7195323
 7195440
 7195609
 7195783
 7195921
 7195962
 7196040
 7196246
 7196441
 7196569
 7196614
 7196635
 7196654
 7196762
 7196847
 7197224
 7197273
 7197372
 7197459
 7197492
 7197654
 7197750
 7197904
 7198088
 7198125
 7198184
 7198209
 7198260
 7198302
 7198339
 7198627
 7198693
 7198735
 7198828
 7198846
 7198959
 7198986
 7199046
 7199073
 7199087
 7199230
 7199268
 7199558
 7199611
 7199933
 7200090
 7200301
 7200447
 7200474
 7200691
 7200726
 7200762
 7201170
 7201195
 7201348
 7201441
 7201492
 7201766
 7201801
 7201834
 7201856
 7201954
 7201983
 7202174
 7202182
 7202216
 7202448
 7202552
 7202629
 7202651
 7202671
 7202690
 7202694
 7202831
 7202838
 7202897
 7202912
 7202914
 7203011
 7203052
 7203060
 7203157
 7203255
 7203297
 7203327
 7203872
 7204008
 7204014
 7204138
 7204139
 7204207
 7204208
 7204305
 7204367
 7204486
 7204597
 7204952
 7205016
 7205097
 7205110
 7205300
 7205510
 7205547
 7205792
 7205848
 7205878
 7206063
 7206066
 7206156
 7206249
 7206365
 7206374
 7206454
 7206529
 7206666
 7206774
 7206866
 7206915
 7206942
 7207067
 7207146
 7207261
 7207378
 7207620
 7207718
 7207815
 7208121
 7208123
 7208447
 7208530
 7208566
 7208749
 7208825
 7208839
 7208868
 7208910
 7209078
 7209230
 7209298
 7209356
 7209390
 7209648
 7209851
 7209917
 7210101
 7210126
 7210127
 7210148
 7210272
 7210290
 7210317
 7210420
 7210500
 7210534
 7210576
 7210657
 7210658
 7210668
 7210944
 7211027
 7211079
 7211443
 7211568
 7211653
 7211858
 7211886
 7211891
 7211911
 7212014
 7212051
 7212103
 7212207
 7212384
 7212556
 7212640
 7212709
 7212744
 7212846
 7213119
 7213631
 7213689
 7213734
 7213809
 7213981
 7214300
 7214385
 7214415
 7214524
 7214616
 7214675
 7214678
 7214843
 7214863
 7215168
 7215175
 7215908
 7216083
 7216104
 7216234
 7216489
 7216581
 7216890
 7217341
 7217392
 7217766
 7217785
 7217880
 7217997
 7218303
 7218309
 7218311
 7218383
 7218419
 7218420
 7218586
 7218646
 7218651
 7218722
 7218895
 7218905
 7218984
 7219074
 7219150
 7219175
 7219260
 7219266
 7219272
 7219293
 7219328
 7219329
 7219466
 7219596
 7219680
 7219687
 7219703
 7219741
 7219779
 7220117
 7220199
 7220203
 7220222
 7220332
 7220381
 7220527
 7220572
 7220760
 7220839
 7220842
 7220906
 7221221
 7221586
 7221647
 7221698
 7221921
 7221945
 7222002
 7222121
 7222194
 7222247
 7222392
 7222415
 7222501
 7222510
 7222523
 7222569
 7222622
 7222683
 7222697
 7222889
 7222983
 7223002
 7223090
 7223226
 7223257
 7223449
 7223465
 7223494
 7223698
 7223851
 7223884
 7223898
 7223960
 7223964
 7223985
 7223991
 7224072
 7224093
 7224152
 7224232
 7224354
 7224623
 7224733
 7224739
 7224792
 7224795
 7225061
 7225194
 7225485
 7225583
 7225704
 7225761
 7225799
 7225852
 7225907
 7226024
 7226216
 7226304
 7226621
 7226714
 7226725
 7226823
 7226941
 7226978
 7227021
 7227154
 7227231
 7227239
 7227533
 7227614
 7227700
 7227742
 7227916
 7227947
 7227999
 7228056
 7228061
 7228081
 7228110
 7228167
 7228326
 7228363
 7228601
 7228858
 7229027
 7229036
 7229095
 7229134
 7229424
 7229645
 7229709
 7229798
 7229913
 7229965
 7230165
 7230203
 7230285
 7230291
 7230510
 7230512
 7230733
 7230780
 7230876
 7230878
 7231204
 7231351
 7231425
 7231497
 7231519
 7231531
 7231569
 7231602
 7231770
 7231982
 7231986
 7232451
 7232457
 7232482
 7232534
 7232716
 7232741
 7232934
 7233051
 7233066
 7233068
 7233195
 7233244
 7233368
 7233402
 7233476
 7233532
 7233588
 7233654
 7233709
 7233763
 7233826
 7233876
 7233921
 7234013
 7234137
 7234196
 7234215
 7234239
 7234283
 7234425
 7234567
 7234572
 7234590
 7234615
 7234727
 7234770
 7234917
 7234928
 7235065
 7235069
 7235327
 7235338
 7235495
 7235499
 7235539
 7235613
 7235685
 7235920
 7236096
 7236109
 7236368
 7236395
 7236556
 7236767
 7236829
 7237100
 7237402
 7237492
 7237579
 7237609
 7237786
 7237794
 7238055
 7238149
 7238194
 7238195
 7238336
 7238391
 7238447
 7238777
 7238840
 7238929
 7238986
 7239161
 7239179
 7239211
 7239344
 7239451
 7239486
 7239525
 7239774
 7239779
 7239811
 7239813
 7240049
 7240208
 7240368
 7240400
 7240445
 7240450
 7240469
 7240482
 7240638
 7240700
 7240713
 7240773
 7240784
 7240954
 7240967
 7241232
 7241380
 7241428
 7241501
 7241634
 7241829
 7241832
 7241997
 7242025
 7242037
 7242407
 7242562
 7242563
 7242585
 7242792
 7242828
 7242983
 7243054
 7243146
 7243284
 7243312
 7243412
 7243488
 7243496
 7243643
 7243672
 7243770
 7244042
 7244163
 7244310
 7244420
 7244555
 7244558
 7244584
 7244592
 7244844
 7244856
 7244935
 7244939
 7244964
 7245228
 7245528
 7245590
 7245673
 7245722
 7245772
 7246177
 7246210
 7246391
 7246465
 7246538
 7246697
 7246771
 7246779
 7246787
 7246868
 7246996
 7247018
 7247026
 7247125
 7247196
 7247220
 7247595
 7247612
 7247750
 7247759
 7247989
 7248031
 7248060
 7248349
 7248491
 7248539
 7248604
 7248910
 7249109
 7249149
 7249198
 7249253
 7249325
 7249329
 7249358
 7249511
 7249513
 7249528
 7249771
 7249785
 7250425
 7250459
 7250487
 7250504
 7250565
 7251115
 7251292
 7251312
 7251478
 7251495
 7251568
 7251791
 7251926
 7251929
 7252087
 7252162
 7252284
 7252352
 7252429
 7252587
 7252591
 7252781
 7252895
 7252907
 7252911
 7253005
 7253426
 7253469
 7253511
 7253596
 7253741
 7253835
 7253874
 7254171
 7254261
 7254373
 7254694
 7254775
 7254893
 7254899
 7254902
 7255152
 7255277
 7255379
 7255394
 7255440
 7255465
 7255638
 7255652
 7255687
 7255711
 7255923
 7255934
 7255956
 7256140
 7256191
 7256222
 7256277
 7256280
 7256505
 7256549
 7256607
 7256617
 7256627
 7256758
 7256786
 7256835
 7256857
 7257034
 7257163
 7257177
 7257234
 7257413
 7257779
 7257837
 7257975
 7258145
 7258257
 7258337
 7258522
 7258615
 7258699
 7258962
 7259003
 7259095
 7259222
 7259659
 7259934
 7259963
 7260050
 7260092
 7260135
 7260142
 7260169
 7260174
 7260279
 7260296
 7260387
 7260477
 7260506
 7260575
 7260603
 7260820
 7260903
 7261020
 7261279
 7261352
 7261404
 7261473
 7261529
 7261562
 7261602
 7261692
 7261707
 7261799
 7261848
 7261871
 7261935
 7262083
 7262206
 7262209
 7262255
 7262319
 7262362
 7262512
 7262756
 7262778
 7262789
 7262828
 7263012
 7263181
 7263241
 7263304
 7263340
 7263452
 7263540
 7263553
 7263594
 7263750
 7263830
 7264059
 7264074
 7264140
 7264636
 7264679
 7265027
 7265048
 7265096
 7265526
 7265552
 7265553
 7265584
 7265684
 7265713
 7265787
 7265883
 7266018
 7266268
 7266317
 7266407
 7266657
 7266792
 7266972
 7267109
 7267159
 7267201
 7267534
 7267614
 7267727
 7267794
 7267817
 7267873
 7267907
 7267976
 7268506
 7268536
 7268624
 7268931
 7269035
 7269147
 7269192
 7269249
 7269360
 7269409
 7269440
 7269449
 7269603
 7269640
 7269680
 7269690
 7269927
 7269954
 7270043
 7270058
 7270086
 7270188
 7270252
 7270303
 7270306
 7270347
 7270539
 7270550
 7270716
 7270733
 7271024
 7271068
 7271485
 7271494
 7271559
 7271723
 7271781
 7271891
 7271921
 7272099
 7272104
 7272143
 7272179
 7272189
 7272254
 7272298
 7272376
 7272438
 7272615
 7272663
 7272791
 7272798
 7272876
 7272936
 7273054
 7273171
 7273182
 7273351
 7273564
 7273680
 7273823
 7273904
 7274012
 7274022
 7274236
 7274255
 7274285
 7274384
 7274473
 7274604
 7274656
 7274686
 7274743
 7275038
 7275151
 7275336
 7275422
 7275447
 7275666
 7275685
 7275717
 7275734
 7276057
 7276072
 7276196
 7276439
 7276474
 7276587
 7276622
 7276626
 7276688
 7276707
 7276768
 7277176
 7277199
 7277285
 7277368
 7277425
 7277442
 7277489
 7277503
 7277569
 7277874
 7278105
 7278110
 7278198
 7278222
 7278274
 7278355
 7278365
 7278547
 7278692
 7278715
 7278901
 7278922
 7278951
 7279065
 7279168
 7279356
 7279407
 7279543
 7279691
 7279708
 7279774
 7279814
 7279959
 7280023
 7280115
 7280124
 7280128
 7280146
 7280230
 7280244
 7280275
 7280334
 7280365
 7280505
 7280585
 7280692
 7280694
 7280741
 7280919
 7280961
 7281170
 7281204
 7281218
 7281226
 7281346
 7281739
 7281865
 7281925
 7282280
 7282367
 7282502
 7282524
 7282553
 7282793
 7282926
 7283047
 7283176
 7283209
 7283217
 7283316
 7283372
 7283447
 7283459
 7283656
 7283679
 7284023
 7284076
 7284212
 7284261
 7284329
 7284601
 7284722
 7284963
 7285030
 7285036
 7285194
 7285651
 7285713
 7285773
 7285934
 7286000
 7286258
 7286356
 7286383
 7286411
 7286600
 7286757
 7286785
 7286827
 7287118
 7287240
 7287300
 7287440
 7287561
 7287587
 7287717
 7287740
 7287859
 7287860
 7287861
 7287885
 7288488
 7288503
 7288590
 7288647
 7288667
 7288684
 7288894
 7289100
 7289187
 7289191
 7289605
 7289637
 7289753
 7289864
 7290356
 7290399
 7290652
 7290662
 7290779
 7290827
 7290833
 7290893
 7291164
 7291239
 7291245
 7291291
 7291339
 7291782
 7291819
 7291850
 7291951
 7291985
 7292084
 7292234
 7292358
 7292362
 7292410
 7292884
 7293060
 7293088
 7293452
 7293536
 7293718
 7293830
 7293999
 7294069
 7294091
 7294119
 7294176
 7294385
 7294389
 7294602
 7294669
 7294737
 7294984
 7295077
 7295353
 7295424
 7295684
 7295688
 7295852
 7296161
 7296235
 7296275
 7296818
 7296827
 7296907
 7297026
 7297061
 7297109
 7297530
 7297533
 7297631
 7297674
 7297721
 7297778
 7297823
 7297924
 7298039
 7298125
 7298310
 7298386
 7298548
 7298567
 7298653
 7298698
 7298699
 7298729
 7298752
 7298792
 7298812
 7298834
 7298835
 7299165
 7299233
 7299252
 7299518
 7299845
 7299947
 7300056
 7300121
 7300284
 7300304
 7300359
 7300363
 7300601
 7300717
 7300727
 7300728
 7300768
 7300812
 7300832
 7300885
 7300950
 7301011
 7301086
 7301204
 7301229
 7301299
 7301381
 7301416
 7301515
 7301541
 7301559
 7301705
 7301723
 7301747
 7301755
 7301788
 7301850
 7301855
 7301919
 7301923
 7302062
 7302183
 7302206
 7302216
 7302287
 7302313
 7302391
 7302483
 7302566
 7302596
 7302676
 7302803
 7302850
 7302882
 7302942
 7303075
 7303147
 7303353
 7303679
 7303718
 7303754
 7303792
 7303806
 7304068
 7304122
 7304147
 7304177
 7304209
 7304308
 7304565
 7304644
 7304850
 7304861
 7304924
 7305006
 7305014
 7305112
 7305155
 7305215
 7305258
 7305575
 7305689
 7305780
 7305929
 7305992
 7306279
 7306431
 7306513
 7306519
 7306524
 7306579
 7306645
 7306687
 7306793
 7306818
 7306925
 7306982
 7307006
 7307009
 7307167
 7307442
 7307493
 7307504
 7307507
 7307508
 7308343
 7308349
 7308373
 7308721
 7308794
 7308893
 7308997
 7309202
 7309259
 7309509
 7309736
 7309770
 7309798
 7309908
 7309975
 7310128
 7310306
 7310410
 7310411
 7310747
 7311026
 7311063
 7311066
 7311389
 7311904
 7311909
 7312007
 7312059
 7312174
 7312178
 7312204
 7312332
 7312340
 7312568
 7312744
 7312762
 7312801
 7313006
 7313102
 7313126
 7313135
 7313183
 7313228
 7313304
 7313354
 7313356
 7313575
 7313587
 7313679
 7313722
 7313752
 7313774
 7313907
 7313938
 7314106
 7314300
 7314673
 7314787
 7314826
 7315006
 7315098
 7315520
 7315573
 7315575
 7315582
 7315609
 7315717
 7315787
 7315796
 7315869
 7316028
 7316047
 7316178
 7316262
 7316274
 7316374
 7316478
 7317050
 7317169
 7317187
 7317195
 7317373
 7317462
 7317508
 7317525
 7317546
 7317651
 7317742
 7317803
 7317881
 7317897
 7317899
 7318096
 7318276
 7318339
 7318471
 7318513
 7318559
 7318614
 7318660
 7318668
 7318680
 7318802
 7318815
 7318873
 7318897
 7318931
 7318955
 7318988
 7319024
 7319105
 7319147
 7319189
 7319430
 7319432
 7319496
 7319696
 7319818
 7320041
 7320091
 7320228
 7320511
 7320513
 7320696
 7320806
 7320810
 7320905
 7320946
 7321230
 7321292
 7321545
 7321639
 7321663
 7321905
 7321995
 7322322
 7322372
 7322376
 7322378
 7322391
 7322499
 7322594
 7322767
 7322835
 7322952
 7323018
 7323063
 7323185
 7323472
 7323764
 7323855
 7323876
 7323985
 7323995
 7324102
 7324397
 7324400
 7324508
 7324519
 7324744
 7325040
 7325076
 7325281
 7325694
 7326050
 7326255
 7326266
 7326277
 7326638
 7326682
 7326941
 7326992
 7327227
 7327314
 7327337
 7327348
 7327435
 7327690
 7327692
 7328091
 7328253
 7328673
 7328784
 7328785
 7328878
 7328914
 7329109
 7329168
 7329295
 7329372
 7329537
 7329550
 7329621
 7329635
 7329670
 7329914
 7329993
 7330007
 7330098
 7330311
 7330331
 7330368
 7330415
 7330689
 7330715
 7330776
 7330782
 7330786
 7330899
 7331167
 7331193
 7331332
 7331341
 7331371
 7331459
 7331471
 7331481
 7331784
 7331888
 7331955
 7332088
 7332236
 7332237
 7332280
 7332457
 7332496
 7332571
 7332728
 7332929
 7333079
 7333097
 7333112
 7333148
 7333203
 7333285
 7333305
 7333306
 7333319
 7333363
 7333699
 7333908
 7334000
 7334529
 7334695
 7334707
 7334933
 7334954
 7334959
 7335043
 7335095
 7335096
 7335280
 7335317
 7335528
 7335757
 7335792
 7335862
 7335978
 7336265
 7336279
 7336353
 7336375
 7336709
 7336898
 7337000
 7337154
 7337359
 7337440
 7337570
 7337637
 7338003
 7338016
 7338065
 7338078
 7338402
 7338432
 7338452
 7338665
 7338757
 7339070
 7339237
 7339391
 7339392
 7339441
 7339632
 7339744
 7339786
 7340068
 7340307
 7340378
 7340527
 7340821
 7340833
 7341191
 7341250
 7341285
 7341313
 7341319
 7341529
 7341568
 7341747
 7341829
 7341896
 7341929
 7341966
 7342178
 7342246
 7342416
 7342424
 7342546
 7342575
 7342600
 7342686
 7342732
 7342743
 7342788
 7343112
 7343142
 7343357
 7343698
 7343710
 7343736
 7343744
 7343889
 7343922
 7343999
 7344060
 7344223
 7344229
 7344283
 7344392
 7344425
 7344427
 7344499
 7344570
 7344667
 7344859
 7344876
 7344912
 7344999
 7345092
 7345107
 7345294
 7345308
 7345365
 7345435
 7345438
 7345445
 7345802
 7345944
 7346061
 7346387
 7346412
 7346429
 7346439
 7346455
 7346816
 7346854
 7346957
 7347148
 7347284
 7347332
 7347490
 7347500
 7347629
 7347703
 7347753
 7347755
 7347813
 7347817
 7347844
 7347887
 7347971
 7348205
 7348265
 7348409
 7348475
 7348499
 7348508
 7349068
 7349217
 7349251
 7349265
 7349316
 7349346
 7349433
 7349496
 7349583
 7349642
 7349646
 7349739
 7349932
 7349994
 7350032
 7350066
 7350218
 7350233
 7350345
 7350352
 7350587
 7350924
 7351139
 7351296
 7351325
 7351381
 7351528
 7351562
 7351580
 7351704
 7351779
 7351959
 7352038
 7352066
 7352137
 7352185
 7352321
 7352329
 7352470
 7352547
 7352584
 7352643
 7352693
 7352853
 7352908
 7352988
 7353045
 7353057
 7353058
 7353180
 7353230
 7353308
 7353378
 7353484
 7353509
 7353514
 7353517
 7353573
 7353621
 7353641
 7353914
 7353936
 7354103
 7354158
 7354206
 7354282
 7354303
 7354451
 7354472
 7354617
 7354715
 7354764
 7354918
 7354990
 7355065
 7355193
 7355384
 7355949
 7356068
 7356172
 7356283
 7356464
 7357007
 7357022
 7357028
 7357031
 7357037
 7357164
 7357207
 7357377
 7357386
 7357464
 7357485
 7357942
 7358034
 7358035
 7358218
 7358313
 7358353
 7358403
 7358579
 7358619
 7358627
 7358642
 7358861
 7358976
 7359019
 7359031
 7359191
 7359335
 7359407
 7359475
 7359492
 7359621
 7359667
 7359686
 7359745
 7359787
 7359837
 7359921
 7360100
 7360107
 7360282
 7360563
 7360593
 7360623
 7360842
 7360951
 7361005
 7361088
 7361256
 7361267
 7361344
 7361584
 7361610
 7361629
 7361730
 7361894
 7361911
 7361916
 7362055
 7362081
 7362180
 7362314
 7362401
 7362451
 7362564
 7362622
 7362653
 7362678
 7362780
 7362838
 7362850
 7362861
 7362895
 7362910
 7362971
 7363082
 7363105
 7363157
 7363177
 7363197
 7363285
 7363354
 7363368
 7363380
 7363420
 7363480
 7363533
 7363737
 7363833
 7363891
 7363913
 7363937
 7364031
 7364093
 7364497
 7364643
 7364658
 7364749
 7364763
 7364767
 7364925
 7364962
 7365019
 7365106
 7365208
 7365234
 7365399
 7365660
 7365923
 7365952
 7366101
 7366214
 7366286
 7366430
 7366442
 7366446
 7366565
 7366575
 7366604
 7366752
 7366753
 7366840
 7366858
 7366904
 7367155
 7367391
 7367568
 7367838
 7367978
 7368018
 7368339
 7368880
 7369116
 7369183
 7369185
 7369221
 7369239
 7369481
 7369690
 7370130
 7370432
 7370846
 7370882
 7370971
 7371073
 7371316
 7371335
 7371437
 7371514
 7371534
 7371925
 7372049
 7372085
 7372127
 7372375
 7372707
 7372939
 7373119
 7373291
 7373342
 7373366
 7373486
 7373563
 7373631
 7373699
 7373802
 7373806
 7374085
 7374295
 7374426
 7374456
 7374530
 7374810
 7374936
 7374970
 7374996
 7375044
 7375105
 7375156
 7375276
 7375556
 7375603
 7375618
 7375694
 7375802
 7375960
 7375985
 7375994
 7376048
 7376052
 7376105
 7376189
 7376263
 7376456
 7376582
 7376759
 7376858
 7377042
 7377059
 7377146
 7377238
 7377427
 7377522
 7377703
 7377760
 7377924
 7378047
 7378053
 7378114
 7378182
 7378217
 7378484
 7378585
 7378588
 7378738
 7378797
 7378862
 7378903
 7378964
 7379178
 7379345
 7379372
 7379543
 7379574
 7379879
 7379908
 7380123
 7380255
 7380299
 7380378
 7380430
 7380469
 7380549
 7380773
 7380868
 7380885
 7380899
 7380956
 7380987
 7380995
 7381028
 7381109
 7381429
 7381548
 7381678
 7381683
 7381795
 7381969
 7381989
 7382256
 7382415
 7382452
 7382792
 7382814
 7383074
 7383092
 7383254
 7383271
 7383320
 7383357
 7383424
 7383601
 7383693
 7383719
 7383775
 7383827
 7384104
 7384109
 7384113
 7384139
 7384198
 7384449
 7384463
 7384467
 7384532
 7384545
 7384550
 7384660
 7384824
 7384864
 7384976
 7384992
 7385016
 7385170
 7385319
 7385357
 7385392
 7385425
 7385671
 7385700
 7385715
 7385854
 7385887
 7386038
 7386089
 7386091
 7386157
 7386242
 7386265
 7386345
 7386355
 7386401
 7386407
 7386541
 7386625
 7386721
 7386886
 7386929
 7387129
 7387400
 7387551
 7387614
 7387691
 7387694
 7387817
 7387853
 7387996
 7388002
 7388143
 7388231
 7388418
 7388428
 7388779
 7388831
 7388969
 7389042
 7389089
 7389135
 7389141
 7389261
 7389266
 7389270
 7389322
 7389332
 7389410
 7389485
 7389520
 7389774
 7390227
 7390390
 7390717
 7390835
 7390951
 7391089
 7391476
 7391801
 7392061
 7392144
 7392414
 7392459
 7392668
 7392679
 7392723
 7392842
 7392935
 7393002
 7393107
 7393401
 7393461
 7393508
 7393594
 7393963
 7394149
 7394236
 7394252
 7394341
 7394408
 7394530
 7394578
 7394813
 7395146
 7395210
 7395267
 7395276
 7395463
 7395494
 7395560
 7395587
 7395651
 7395752
 7395793
 7395869
 7396066
 7396630
 7396754
 7396782
 7396831
 7396950
 7396995
 7397053
 7397299
 7397383
 7397571
 7397666
 7397668
 7397685
 7397725
 7397925
 7398100
 7398179
 7398289
 7398318
 7398638
 7398639
 7398763
 7398972
 7399000
 7399373
 7399407
 7399724
 7399754
 7399800
 7399876
 7399937
 7400016
 7400093
 7400235
 7400333
 7400389
 7400433
 7400514
 7400578
 7400850
 7401081
 7401336
 7401441
 7401524
 7401548
 7401564
 7401629
 7401850
 7401941
 7402056
 7402388
 7402666
 7402672
 7402759
 7402971
 7403184
 7403252
 7403294
 7403641
 7403681
 7403702
 7403797
 7403856
 7403894
 7404021
 7404080
 7404092
 7404111
 7404217
 7404681
 7404706
 7404756
 7404932
 7404963
 7404994
 7405015
 7405140
 7405272
 7405307
 7405353
 7405406
 7405651
 7405849
 7405853
 7405930
 7406185
 7406191
 7406203
 7406213
 7406387
 7406420
 7406541
 7406544
 7406670
 7406745
 7406750
 7406835
 7406906
 7406953
 7406968
 7407175
 7407198
 7407305
 7407512
 7407702
 7407747
 7407751
 7407939
 7408143
 7408156
 7408300
 7408461
 7408469
 7408569
 7408658
 7408765
 7408811
 7408991
 7409227
 7409228
 7409230
 7409323
 7409539
 7409590
 7409705
 7409715
 7409841
 7410082
 7410119
 7410175
 7410477
 7410547
 7410667
 7410713
 7410718
 7410769
 7410832
 7410843
 7410901
 7410939
 7411053
 7411110
 7411111
 7411459
 7411474
 7411659
 7411664
 7411681
 7411796
 7411873
 7411911
 7411972
 7412206
 7412364
 7412676
 7412746
 7412800
 7412828
 7413051
 7413075
 7413575
 7413654
 7413739
 7413975
 7414005
 7414101
 7414103
 7414137
 7414227
 7414269
 7414272
 7414343
 7414490
 7414556
 7414606
 7414781
 7414971
 7414978
 7415065
 7415125
 7415129
 7415261
 7415368
 7415424
 7415480
 7415898
 7415905
 7415992
 7416524
 7416566
 7416678
 7416709
 7416786
 7416787
 7416910
 7417304
 7417307
 7417359
 7417454
 7417520
 7417578
 7417601
 7417670
 7417747
 7417783
 7417809
 7417811
 7417901
 7417992
 7418109
 7418119
 7418235
 7418291
 7418467
 7418491
 7418670
 7418695
 7418856
 7418995
 7419116
 7419130
 7419192
 7419197
 7419433
 7419457
 7419526
 7419658
 7419788
 7419932
 7420172
 7420181
 7420184
 7420241
 7420259
 7420271
 7420330
 7420397
 7420603
 7420712
 7420716
 7420902
 7420924
 7421195
 7421421
 7421447
 7421507
 7421577
 7421719
 7421733
 7421759
 7422089
 7422296
 7422333
 7422458
 7422461
 7422471
 7422520
 7422598
 7422633
 7422848
 7422902
 7423024
 7423061
 7423082
 7423083
 7423167
 7423224
 7423267
 7423284
 7423354
 7423517
 7423614
 7423652
 7423681
 7423702
 7423872
 7423925
 7423958
 7424223
 7424364
 7424540
 7424725
 7424937
 7424995
 7425070
 7425136
 7425233
 7425354
 7425644
 7425760
 7425780
 7425910
 7426198
 7426340
 7426430
 7426467
 7426509
 7426697
 7426722
 7426727
 7426854
 7427019
 7427250
 7427509
 7427660
 7427669
 7427723
 7427843
 7427858
 7427987
 7428008
 7428022
 7428025
 7428074
 7428174
 7428268
 7428329
 7428332
 7428410
 7428514
 7428564
 7428568
 7428729
 7428761
 7428779
 7428881
 7429047
 7429648
 7429934
 7429939
 7429943
 7430121
 7430126
 7430137
 7430275
 7430622
 7430685
 7430705
 7430709
 7431160
 7431599
 7431692
 7431716
 7431774
 7431832
 7432026
 7432109
 7432208
 7432225
 7432318
 7432381
 7432549
 7432776
 7432782
 7432819
 7432937
 7432948
 7433126
 7433368
 7433375
 7433429
 7433871
 7434154
 7434186
 7434245
 7434479
 7434510
 7434617
 7434737
 7434776
 7434979
 7434989
 7435006
 7435247
 7435464
 7435484
 7435495
 7435796
 7435872
 7436083
 7436215
 7436244
 7436304
 7436431
 7436510
 7436528
 7436540
 7436545
 7436642
 7436861
 7436878
 7436950
 7437236
 7437315
 7437556
 7437757
 7437917
 7438098
 7438388
 7438511
 7438682
 7438734
 7438816
 7438817
 7438986
 7439057
 7439311
 7439362
 7439475
 7439551
 7439587
 7439807
 7439814
 7439911
 7439916
 7439989
 7440082
 7440102
 7440109
 7440529
 7440695
 7440780
 7440859
 7440984
 7441083
 7441094
 7441239
 7441249
 7441297
 7441368
 7441716
 7441872
 7441977
 7441995
 7442109
 7442237
 7442293
 7442458
 7442477
 7442526
 7442932
 7442971
 7443330
 7443367
 7443377
 7443559
 7443656
 7443808
 7444065
 7444068
 7444139
 7444168
 7444331
 7444541
 7444576
 7444729
 7444786
 7444790
 7444805
 7444897
 7444903
 7445102
 7445124
 7445255
 7445328
 7445422
 7445710
 7445791
 7445876
 7445887
 7445890
 7445965
 7445976
 7445989
 7446010
 7446403
 7446700
 7446704
 7446858
 7446893
 7447146
 7447179
 7447210
 7447374
 7447377
 7447525
 7447630
 7447944
 7447988
 7447990
 7448159
 7448229
 7448626
 7448672
 7448684
 7449012
 7449419
 7449495
 7449605
 7449639
 7449672
 7449679
 7449778
 7449779
 7449869
 7450213
 7450521
 7450672
 7450761
 7450863
 7451092
 7451101
 7451221
 7451259
 7451378
 7451469
 7451537
 7451560
 7451753
 7451772
 7451814
 7452004
 7452014
 7452022
 7452030
 7452104
 7452164
 7452219
 7452257
 7452311
 7452314
 7452497
 7452518
 7452717
 7452815
 7452993
 7453239
 7453254
 7453425
 7453592
 7453615
 7453880
 7453934
 7453943
 7453972
 7454033
 7454056
 7454068
 7454105
 7454146
 7454185
 7454284
 7454305
 7454381
 7454427
 7454535
 7454747
 7454884
 7454902
 7454958
 7454997
 7455118
 7455247
 7455285
 7455387
 7455519
 7455546
 7455558
 7455613
 7455905
 7455908
 7455942
 7455946
 7456038
 7456089
 7456182
 7456245
 7456506
 7456639
 7456979
 7457099
 7457254
 7457305
 7457365
 7457472
 7457518
 7457552
 7457629
 7457695
 7457706
 7457772
 7457814
 7457919
 7458089
 7458246
 7458399
 7458430
 7458443
 7458475
 7458807
 7458811
 7459036
 7459050
 7459108
 7459317
 7459358
 7459421
 7459467
 7459470
 7459578
 7459622
 7459634
 7459986
 7460281
 7460299
 7460446
 7460844
 7460923
 7460946
 7461185
 7461243
 7461308
 7461325
 7461571
 7461627
 7462023
 7462085
 7462090
 7462221
 7462301
 7462399
 7462456
 7462600
 7462930
 7463348
 7463487
 7463501
 7463591
 7463678
 7463724
 7463811
 7463828
 7463870
 7463968
 7463978
 7464057
 7464349
 7464544
 7464710
 7464733
 7464909
 7464935
 7465175
 7465178
 7465603
 7465707
 7465722
 7465765
 7465811
 7465960
 7465984
 7466212
 7466360
 7466368
 7466436
 7466442
 7466576
 7466650
 7466749
 7466848
 7467178
 7467523
 7467658
 7467775
 7467914
 7468183
 7468208
 7468272
 7468670
 7468776
 7469007
 7469437
 7469451
 7469582
 7469779
 7469846
 7469945
 7469960
 7470038
 7470429
 7470545
 7470591
 7470623
 7470639
 7470791
 7470798
 7470828
 7470858
 7470883
 7471313
 7471323
 7471439
 7471446
 7471811
 7472004
 7472149
 7472341
 7472418
 7472645
 7472677
 7472744
 7473028
 7473054
 7473114
 7473170
 7473419
 7473540
 7473558
 7473615
 7473750
 7473824
 7473952
 7473996
 7474659
 7474707
 7474760
 7474764
 7474793
 7475000
 7475109
 7475314
 7475652
 7475882
 7476067
 7476102
 7476158
 7476231
 7476280
 7476467
 7476596
 7476658
 7476693
 7476791
 7476826
 7476895
 7476982
 7477131
 7477157
 7477163
 7477441
 7477563
 7477733
 7477992
 7478152
 7478177
 7478244
 7478403
 7478430
 7478720
 7478745
 7478880
 7478882
 7479036
 7479056
 7479260
 7479353
 7479493
 7479633
 7479652
 7479656
 7479697
 7479711
 7479780
 7479845
 7479961
 7480034
 7480186
 7480214
 7480303
 7480441
 7480453
 7480618
 7480702
 7480707
 7480871
 7481092
 7481231
 7481342
 7481385
 7481629
 7481636
 7481706
 7481800
 7481880
 7481926
 7482394
 7482535
 7482638
 7482708
 7482960
 7482971
 7482991
 7483266
 7483332
 7483336
 7483444
 7483567
 7483706
 7483766
 7483935
 7483963
 7484044
 7484435
 7484467
 7484594
 7484609
 7484755
 7484785
 7484804
 7484878
 7484950
 7485065
 7485066
 7485080
 7485345
 7485360
 7485600
 7485627
 7485629
 7485656
 7486003
 7486071
 7486097
 7486131
 7486136
 7486272
 7486309
 7486424
 7486460
 7486524
 7486745
 7486747
 7486761
 7486799
 7486867
 7487056
 7487061
 7487063
 7487070
 7487391
 7487523
 7487537
 7487658
 7487740
 7487834
 7488003
 7488022
 7488101
 7488104
 7488207
 7488360
 7488429
 7488578
 7488596
 7488694
 7488750
 7488808
 7488873
 7488878
 7488886
 7488908
 7488944
 7489081
 7489146
 7489147
 7489288
 7489553
 7489683
 7489918
 7490144
 7490216
 7490256
 7490353
 7490356
 7490364
 7490461
 7490712
 7490749
 7490840
 7490906
 7491048
 7491231
 7491831
 7491946
 7492003
 7492044
 7492142
 7492157
 7492188
 7492377
 7492566
 7492730
 7493068
 7493207
 7493213
 7493239
 7493279
 7493330
 7493375
 7493389
 7493470
 7493544
 7493791
 7493864
 7493880
 7493989
 7494134
 7494162
 7494310
 7494379
 7494452
 7494510
 7494583
 7494619
 7494680
 7494690
 7494711
 7494737
 7495265
 7495278
 7495296
 7495374
 7495431
 7495467
 7495571
 7495585
 7495661
 7495680
 7495726
 7496124
 7496230
 7496271
 7496365
 7496426
 7496540
 7496617
 7496689
 7496998
 7497071
 7497242
 7497547
 7497578
 7497628
 7498048
 7498087
 7498135
 7498154
 7498319
 7498379
 7498398
 7498400
 7498460
 7498507
 7498509
 7498727
 7498854
 7499171
 7499194
 7499244
 7499265
 7499446
 7499578
 7499584
 7499607
 7499706
 7499724
 7499738
 7499790
 7499811
 7499819
 7499914
 7500269
 7500301
 7500304
 7500432
 7500662
 7500668
 7500739
 7500834
 7500837
 7500977
 7501132
 7501135
 7501148
 7501180
 7501324
 7501386
 7501410
 7501442
 7501450
 7501673
 7501684
 7501787
 7501889
 7502103
 7502109
 7502161
 7502205
 7502298
 7502340
 7502509
 7502580
 7502651
 7502734
 7502736
 7502764
 7502777
 7502904
 7502922
 7502972
 7503213
 7503376
 7503588
 7503646
 7503704
 7503724
 7503848
 7503958
 7504084
 7504329
 7504348
 7504501
 7504505
 7504516
 7504611
 7504691
 7504791
 7505101
 7505169
 7505200
 7505376
 7505429
 7505544
 7505932
 7506075
 7506217
 7506268
 7506349
 7506364
 7506485
 7506701
 7506773
 7506794
 7506856
 7506866
 7507092
 7507131
 7507148
 7507220
 7507360
 7507498
 7507712
 7507789
 7507832
 7507865
 7507914
 7507915
 7508004
 7508068
 7508233
 7508335
 7508371
 7508412
 7508474
 7508533
 7508921
 7508929
 7508937
 7508946
 7509097
 7509156
 7509214
 7509256
 7509416
 7509503
 7509520
 7509608
 7509650
 7509832
 7509924
 7510089
 7510105
 7510397
 7510568
 7510574
 7510692
 7510708
 7511033
 7511061
 7511122
 7511127
 7511442
 7511474
 7511522
 7511526
 7511551
 7511577
 7511636
 7511655
 7511666
 7511754
 7511784
 7511911
 7512066
 7512195
 7512308
 7512454
 7512623
 7512638
 7512731
 7512791
 7512993
 7512998
 7513087
 7513147
 7513334
 7513410
 7513438
 7513530
 7513538
 7513562
 7513693
 7513807
 7513815
 7513861
 7513957
 7514372
 7514550
 7514564
 7514568
 7514858
 7514888
 7514923
 7514930
 7515067
 7515102
 7515398
 7515456
 7515531
 7515597
 7515682
 7515683
 7515799
 7515820
 7516000
 7516067
 7516088
 7516206
 7516420
 7516521
 7516621
 7516677
 7516694
 7516733
 7516755
 7516804
 7516862
 7516913
 7517408
 7517641
 7517649
 7517656
 7517753
 7517778
 7517801
 7517806
 7517835
 7517850
 7517925
 7518020
 7518061
 7518230
 7518347
 7518369
 7518509
 7518587
 7518700
 7518897
 7519199
 7519305
 7519370
 7519481
 7519773
 7519912
 7519956
 7520010
 7520024
 7520123
 7520602
 7520892
 7520917
 7520975
 7520989
 7521124
 7521130
 7521131
 7521218
 7521232
 7521249
 7521275
 7521438
 7521482
 7521486
 7521563
 7521691
 7521751
 7522178
 7522449
 7522485
 7522553
 7522586
 7522908
 7522912
 7522940
 7522942
 7523053
 7523084
 7523156
 7523242
 7523489
 7523590
 7523672
 7523775
 7523798
 7524113
 7524201
 7524267
 7524414
 7524429
 7524592
 7524602
 7524754
 7524801
 7524815
 7524854
 7524930
 7524942
 7525101
 7525125
 7525131
 7525177
 7525187
 7525373
 7525480
 7525505
 7525542
 7525587
 7525620
 7525739
 7525760
 7525803
 7525923
 7526004
 7526042
 7526046
 7526133
 7526175
 7526391
 7526544
 7526551
 7526639
 7526652
 7526667
 7526696
 7526746
 7526796
 7527104
 7527143
 7527306
 7527310
 7527316
 7527333
 7527345
 7527352
 7527407
 7527427
 7527445
 7527696
 7527863
 7527922
 7527982
 7527993
 7528129
 7528352
 7528353
 7528434
 7528665
 7528716
 7528795
 7528836
 7529093
 7529259
 7529461
 7529542
 7529561
 7529630
 7529694
 7529889
 7530270
 7530303
 7530333
 7530378
 7530453
 7530560
 7530575
 7530640
 7530806
 7530815
 7530996
 7531044
 7531171
 7531297
 7531370
 7531551
 7531614
 7531738
 7531889
 7531918
 7531962
 7532103
 7532152
 7532225
 7532267
 7532346
 7532407
 7532440
 7532680
 7532757
 7532844
 7532851
 7532949
 7532963
 7533064
 7533132
 7533216
 7533252
 7533321
 7533378
 7533381
 7533436
 7533627
 7533674
 7533897
 7533926
 7533990
 7534185
 7534199
 7534378
 7534434
 7534472
 7534631
 7534678
 7535630
 7535680
 7535869
 7536055
 7536168
 7536265
 7536340
 7536633
 7536658
 7536882
 7536926
 7536967
 7536992
 7537006
 7537157
 7537248
 7537325
 7537351
 7537452
 7537550
 7537827
 7537828
 7537866
 7538267
 7538322
 7538352
 7538374
 7538608
 7538737
 7538767
 7538842
 7538975
 7539100
 7539117
 7539275
 7539326
 7539375
 7539410
 7539453
 7540146
 7540147
 7540230
 7540235
 7540403
 7540412
 7540507
 7540637
 7540740
 7540799
 7540886
 7541023
 7541115
 7541273
 7541365
 7541538
 7541540
 7541555
 7541753
 7541985
 7542083
 7542133
 7542149
 7542375
 7542403
 7542676
 7542713
 7542734
 7542864
 7543052
 7543071
 7543250
 7543394
 7543406
 7543463
 7543487
 7543618
 7543808
 7543894
 7544182
 7544253
 7544306
 7544416
 7544525
 7544656
 7544658
 7544951
 7545112
 7545115
 7545321
 7545517
 7545608
 7545612
 7545669
 7545687
 7545719
 7545747
 7545764
 7545806
 7545832
 7545846
 7546022
 7546153
 7546207
 7546265
 7546328
 7546332
 7546345
 7546618
 7546644
 7546654
 7546698
 7546720
 7546741
 7546874
 7547194
 7547405
 7547523
 7547580
 7547783
 7548018
 7548102
 7548183
 7548251
 7548287
 7548302
 7548310
 7548336
 7548344
 7548356
 7548866
 7548903
 7549098
 7549121
 7549202
 7549277
 7549282
 7549361
 7549436
 7550059
 7550065
 7550358
 7550557
 7550601
 7550727
 7550767
 7550944
 7551046
 7551175
 7551352
 7551365
 7551553
 7551569
 7551640
 7551697
 7551703
 7551714
 7551896
 7551968
 7552055
 7552081
 7552379
 7552517
 7552553
 7552859
 7552967
 7552991
 7553082
 7553136
 7553176
 7553377
 7553666
 7553927
 7554057
 7554201
 7554255
 7554351
 7554395
 7554407
 7554516
 7554651
 7554938
 7555130
 7555184
 7555377
 7555413
 7555543
 7555587
 7555627
 7555688
 7555853
 7555890
 7555897
 7556101
 7556157
 7556182
 7556228
 7556384
 7556434
 7556523
 7556645
 7557044
 7557058
 7557135
 7557188
 7557251
 7557279
 7557570
 7557838
 7557845
 7557918
 7558166
 7558246
 7558506
 7558770
 7558837
 7558923
 7558969
 7559052
 7559081
 7559104
 7559444
 7559506
 7559687
 7559751
 7559949
 7559964
 7559968
 7560081
 7560495
 7560506
 7560721
 7560755
 7560781
 7560829
 7560954
 7561005
 7561295
 7561320
 7561325
 7561376
 7561410
 7561438
 7561575
 7561651
 7561810
 7561832
 7562042
 7562163
 7562278
 7562329
 7562466
 7562490
 7562535
 7562637
 7562673
 7562842
 7562849
 7562867
 7563044
 7563093
 7563178
 7563226
 7563406
 7563805
 7563962
 7563988
 7563997
 7564291
 7564302
 7564313
 7564327
 7564401
 7564656
 7564692
 7564941
 7564970
 7565154
 7565180
 7565204
 7565245
 7565445
 7565465
 7565594
 7565708
 7565731
 7565802
 7565999
 7566022
 7566218
 7566363
 7566410
 7566434
 7566515
 7566558
 7566569
 7566741
 7566937
 7567005
 7567053
 7567164
 7567184
 7567430
 7567548
 7567622
 7567718
 7567871
 7567914
 7567939
 7568171
 7568226
 7568257
 7568287
 7568403
 7568567
 7568568
 7568662
 7568702
 7568857
 7568940
 7568997
 7569021
 7569088
 7569287
 7569401
 7569547
 7569625
 7569882
 7569898
 7569938
 7569974
 7569982
 7570030
 7570141
 7570175
 7570405
 7570461
 7570473
 7570634
 7570687
 7570787
 7570825
 7570862
 7570880
 7570910
 7570930
 7571253
 7571297
 7571351
 7571486
 7571569
 7571760
 7571851
 7571856
 7571897
 7572005
 7572274
 7572317
 7572354
 7572422
 7572450
 7572485
 7572498
 7572602
 7572858
 7573003
 7573092
 7573245
 7573283
 7573397
 7573419
 7573423
 7573441
 7573621
 7573640
 7573717
 7573827
 7573944
 7573958
 7574168
 7574328
 7574555
 7574783
 7574904
 7574997
 7575057
 7575522
 7575563
 7575592
 7575595
 7575615
 7575652
 7575661
 7576021
 7576082
 7576115
 7576272
 7576341
 7576547
 7576593
 7576742
 7576823
 7576861
 7576941
 7576949
 7577005
 7577028
 7577092
 7577309
 7577316
 7577323
 7577429
 7577560
 7577652
 7577719
 7577770
 7578288
 7578922
 7579193
 7579241
 7579244
 7579283
 7579286
 7579357
 7579430
 7579688
 7579759
 7579775
 7579815
 7579824
 7579935
 7580005
 7580021
 7580132
 7580255
 7580497
 7580513
 7580644
 7580647
 7580701
 7580702
 7580883
 7581251
 7581404
 7581604
 7581625
 7581633
 7581734
 7581800
 7581859
 7582138
 7582264
 7582290
 7582299
 7582345
 7582363
 7582403
 7582635
 7582773
 7582793
 7582861
 7582885
 7582889
 7582954
 7582986
 7583079
 7583140
 7583151
 7583165
 7583173
 7583201
 7583207
 7583310
 7583343
 7583434
 7583489
 7583543
 7583616
 7583631
 7583901
 7584009
 7584071
 7584227
 7584442
 7584697
 7584776
 7585021
 7585026
 7585113
 7585291
 7585304
 7585437
 7585513
 7585674
 7585818
 7585841
 7585992
 7586128
 7586269
 7586380
 7586394
 7586518
 7586814
 7586845
 7586909
 7586929
 7586972
 7587150
 7587183
 7587316
 7587598
 7587684
 7587820
 7587833
 7587839
 7587878
 7588138
 7588299
 7588372
 7588399
 7588409
 7588543
 7588602
 7588603
 7588712
 7588990
 7589180
 7589373
 7589387
 7589581
 7589618
 7589768
 7589928
 7590198
 7590323
 7590368
 7590371
 7590445
 7590580
 7590702
 7590759
 7590793
 7590821
 7590871
 7590929
 7590930
 7590973
 7590974
 7590997
 7591148
 7591165
 7591235
 7591511
 7591610
 7591627
 7591764
 7591815
 7591981
 7591986
 7591995
 7592013
 7592029
 7592159
 7592354
 7592473
 7592625
 7592632
 7592894
 7593184
 7593412
 7593521
 7593535
 7593539
 7593851
 7594048
 7594136
 7594139
 7594223
 7594357
 7594442
 7594703
 7594838
 7594978
 7595202
 7595231
 7595249
 7595267
 7595350
 7595557
 7595575
 7595627
 7595645
 7595668
 7595711
 7595866
 7596072
 7596090
 7596201
 7596636
 7596737
 7596752
 7596817
 7597223
 7597228
 7597252
 7597397
 7597509
 7597576
 7597754
 7597887
 7598136
 7598139
 7598157
 7598444
 7598604
 7598748
 7598958
 7598962
 7598967
 7599148
 7599229
 7599908
 7599946
 7599958
 7600115
 7600178
 7600288
 7600381
 7600693
 7600822
 7600827
 7600889
 7601293
 7601369
 7601440
 7601450
 7601580
 7601787
 7601862
 7601872
 7601976
 7601994
 7602044
 7602168
 7602224
 7602385
 7602437
 7602726
 7602733
 7603014
 7603172
 7603183
 7603274
 7603295
 7603352
 7603412
 7603422
 7603450
 7603495
 7603588
 7603592
 7603651
 7603681
 7603799
 7603852
 7604007
 7604047
 7604181
 7604278
 7604296
 7604360
 7604377
 7604441
 7604479
 7604487
 7604551
 7604598
 7604696
 7604712
 7604805
 7604834
 7604853
 7605111
 7605209
 7605624
 7605656
 7605693
 7605709
 7605768
 7606113
 7606132
 7606261
 7606281
 7606310
 7606555
 7606585
 7606641
 7606642
 7606753
 7606766
 7606802
 7606997
 7607035
 7607094
 7607168
 7607190
 7607198
 7607201
 7607384
 7607449
 7607536
 7607538
 7607539
 7607573
 7607617
 7607705
 7607768
 7607795
 7607845
 7607851
 7607853
 7607859
 7607955
 7607961
 7608105
 7608108
 7608205
 7608270
 7608325
 7608351
 7608390
 7608532
 7608765
 7608931
 7609235
 7609253
 7609393
 7609482
 7609489
 7609545
 7609602
 7609631
 7609651
 7609759
 7609831
 7609883
 7610153
 7610161
 7610333
 7610434
 7610568
 7610652
 7610681
 7610815
 7610836
 7610893
 7610904
 7610913
 7611421
 7611614
 7611719
 7612019
 7612139
 7612144
 7612307
 7612395
 7612472
 7612507
 7612580
 7612810
 7613292
 7613356
 7613481
 7613495
 7613514
 7613813
 7614032
 7614043
 7614132
 7614295
 7614419
 7614534
 7614611
 7615128
 7615220
 7615230
 7615233
 7615256
 7615316
 7615366
 7615382
 7615453
 7615486
 7615540
 7615664
 7615825
 7615874
 7615911
 7616400
 7616553
 7616556
 7616595
 7616689
 7616870
 7617050
 7617138
 7617147
 7617275
 7617383
 7617395
 7617396
 7617420
 7617477
 7617541
 7617610
 7617636
 7617844
 7617898
 7617945
 7618025
 7618171
 7618219
 7618265
 7618310
 7618488
 7618552
 7618651
 7618654
 7618675
 7618691
 7618703
 7618812
 7618918
 7618930
 7618980
 7619123
 7619229
 7619259
 7619318
 7619338
 7619415
 7619508
 7619583
 7619624
 7619691
 7619818
 7620192
 7620299
 7620343
 7620514
 7620533
 7620597
 7620695
 7620796
 7620814
 7620839
 7620882
 7621024
 7621182
 7621295
 7621389
 7621534
 7621705
 7621889
 7622007
 7622089
 7622123
 7622144
 7622222
 7622263
 7622401
 7622620
 7622831
 7622926
 7623301
 7623364
 7623470
 7623518
 7623528
 7623676
 7623842
 7623904
 7623927
 7623997
 7624043
 7624065
 7624221
 7624333
 7624395
 7624745
 7625256
 7625283
 7625326
 7625327
 7625355
 7625356
 7625502
 7625613
 7625715
 7625746
 7625773
 7625881
 7625927
 7625976
 7626021
 7626084
 7626121
 7626205
 7626303
 7626456
 7626491
 7626554
 7626618
 7626627
 7626671
 7626854
 7626963
 7627127
 7627242
 7627343
 7627387
 7627481
 7627612
 7627652
 7627931
 7627986
 7628006
 7628244
 7628448
 7628472
 7628503
 7628603
 7628733
 7628875
 7628992
 7629206
 7629307
 7629341
 7629346
 7629367
 7629558
 7629604
 7629689
 7629713
 7629723
 7629831
 7629998
 7630212
 7630278
 7630294
 7630375
 7630404
 7630446
 7630501
 7630630
 7630638
 7630650
 7630830
 7631016
 7631020
 7631091
 7631126
 7631151
 7631168
 7631298
 7631821
 7631976
 7632106
 7632564
 7632668
 7632904
 7632984
 7632993
 7633072
 7633129
 7633139
 7633264
 7633334
 7633407
 7633482
 7633638
 7633801
 7633816
 7633867
 7633994
 7634048
 7634074
 7634149
 7634218
 7634295
 7634297
 7634433
 7634507
 7634536
 7634550
 7634640
 7634758
 7634792
 7634833
 7634919
 7635074
 7635273
 7635307
 7635395
 7635419
 7635538
 7635804
 7635875
 7635916
 7635938
 7635962
 7635974
 7636243
 7636273
 7636277
 7636290
 7636477
 7636541
 7636620
 7636644
 7636701
 7637144
 7637178
 7637232
 7637392
 7637417
 7637426
 7637507
 7637584
 7637742
 7637767
 7637787
 7637852
 7637940
 7638055
 7638059
 7638063
 7638071
 7638223
 7638261
 7638322
 7638362
 7638443
 7638491
 7638503
 7638565
 7638566
 7638595
 7638621
 7638661
 7638669
 7638805
 7639234
 7639241
 7639309
 7639409
 7639561
 7639659
 7639844
 7639867
 7639873
 7639878
 7639899
 7639935
 7640041
 7640129
 7640198
 7640343
 7640458
 7640474
 7640584
 7640655
 7640745
 7640747
 7640749
 7640754
 7640781
 7640880
 7641011
 7641168
 7641263
 7641424
 7641522
 7641542
 7641622
 7641780
 7641832
 7642195
 7642314
 7642524
 7642980
 7643113
 7643191
 7643734
 7643950
 7644013
 7644105
 7644169
 7644202
 7644211
 7644423
 7644504
 7644630
 7644678
 7644755
 7645011
 7645144
 7645337
 7645395
 7645424
 7645464
 7645495
 7645608
 7645808
 7645846
 7645871
 7645901
 7646128
 7646173
 7646194
 7646205
 7646292
 7646328
 7646585
 7646755
 7646824
 7646831
 7646894
 7646988
 7647190
 7647265
 7647473
 7647514
 7647949
 7647989
 7648072
 7648102
 7648255
 7648439
 7648451
 7648472
 7648674
 7648808
 7648897
 7649103
 7649110
 7649150
 7649241
 7649277
 7649350
 7649491
 7649639
 7649821
 7649838
 7649888
 7649930
 7650036
 7650266
 7650409
 7650433
 7650487
 7650496
 7650561
 7650611
 7650721
 7650744
 7650849
 7650912
 7651009
 7651017
 7651019
 7651077
 7651089
 7651176
 7651177
 7651273
 7651287
 7651500
 7651574
 7651696
 7651817
 7651836
 7651915
 7651930
 7651956
 7652071
 7652132
 7652218
 7652288
 7652380
 7652441
 7652462
 7652573
 7652728
 7652731
 7652737
 7652762
 7652837
 7653024
 7653336
 7653356
 7653466
 7653516
 7653518
 7653647
 7653708
 7653869
 7653889
 7653901
 7653924
 7653929
 7654014
 7654043
 7654147
 7654334
 7654339
 7654439
 7654594
 7654711
 7654765
 7654949
 7654978
 7655002
 7655052
 7655165
 7655188
 7655217
 7655349
 7655367
 7655498
 7655662
 7655797
 7655826
 7655901
 7655952
 7655982
 7656020
 7656071
 7656127
 7656560
 7656642
 7656796
 7656824
 7657059
 7657162
 7657241
 7657355
 7657791
 7657795
 7658052
 7658055
 7658077
 7658170
 7658220
 7658262
 7658305
 7658370
 7658502
 7658531
 7658739
 7658812
 7658904
 7659122
 7659184
 7659328
 7659439
 7659481
 7659540
 7659590
 7659629
 7659688
 7659735
 7659766
 7659826
 7659936
 7660061
 7660066
 7660160
 7660247
 7660358
 7660368
 7660398
 7660525
 7660561
 7660611
 7660684
 7660715
 7660725
 7660821
 7660973
 7661080
 7661200
 7661225
 7661345
 7661668
 7661981
 7662191
 7662273
 7662338
 7662514
 7662525
 7662534
 7662584
 7662832
 7662869
 7662972
 7663046
 7663069
 7663161
 7663165
 7663167
 7663200
 7663238
 7663246
 7663319
 7663574
 7663712
 7663728
 7663807
 7663878
 7664071
 7664135
 7664300
 7664317
 7664487
 7664515
 7664656
 7664836
 7664973
 7665074
 7665080
 7665166
 7665399
 7665437
 7665471
 7665619
 7665667
 7665671
 7665765
 7666093
 7666124
 7666261
 7666269
 7666393
 7666471
 7666554
 7666720
 7666860
 7666952
 7666998
 7667074
 7667100
 7667199
 7667278
 7667393
 7667407
 7667606
 7667650
 7667804
 7667876
 7668012
 7668081
 7668140
 7668204
 7668221
 7668268
 7668539
 7668578
 7668622
 7668859
 7668867
 7668889
 7669364
 7669368
 7669407
 7669417
 7669537
 7669566
 7669596
 7669621
 7669777
 7669791
 7669797
 7670056
 7670090
 7670275
 7670386
 7670412
 7670644
 7670949
 7671007
 7671037
 7671122
 7671163
 7671307
 7671890
 7672004
 7672027
 7672218
 7672285
 7672402
 7672484
 7672752
 7672788
 7672856
 7673155
 7673311
 7673535
 7673557
 7673632
 7673655
 7673876
 7673921
 7674092
 7674215
 7674291
 7674339
 7674390
 7674430
 7674470
 7674475
 7674560
 7674822
 7674933
 7675071
 7675105
 7675348
 7675493
 7675512
 7675727
 7675750
 7676118
 7676155
 7676157
 7676293
 7676445
 7676630
 7676664
 7676674
 7676689
 7676830
 7676872
 7676911
 7676965
 7677114
 7677176
 7677187
 7677232
 7677316
 7677466
 7677547
 7677603
 7677808
 7677963
 7678012
 7678095
 7678137
 7678260
 7678336
 7678412
 7678575
 7678619
 7678712
 7678801
 7678843
 7678968
 7679147
 7679225
 7679412
 7679434
 7679478
 7679550
 7679626
 7679634
 7679684
 7679770
 7679841
 7679868
 7679944
 7680010
 7680041
 7680110
 7680260
 7680270
 7680347
 7680434
 7680601
 7680622
 7680715
 7680808
 7680856
 7680875
 7680883
 7680920
 7680923
 7681071
 7681084
 7681160
 7681272
 7681308
 7681360
 7681370
 7681503
 7681769
 7681832
 7681997
 7682249
 7682338
 7682421
 7682479
 7682589
 7682642
 7682645
 7682701
 7682718
 7682753
 7682793
 7683012
 7683133
 7683147
 7683330
 7683353
 7683462
 7683765
 7683826
 7683924
 7683939
 7684019
 7684035
 7684050
 7684216
 7684397
 7684620
 7684681
 7684716
 7684816
 7684882
 7684981
 7685043
 7685143
 7685182
 7685305
 7685430
 7685459
 7685580
 7685583
 7685647
 7685782
 7685801
 7685816
 7685820
 7685873
 7686095
 7686116
 7686263
 7686267
 7686365
 7686384
 7686398
 7686474
 7686912
 7687010
 7687015
 7687362
 7687596
 7687611
 7687687
 7687804
 7687828
 7687881
 7688069
 7688169
 7688330
 7688450
 7688589
 7688774
 7689020
 7689089
 7689208
 7689215
 7689265
 7689298
 7689399
 7689407
 7689512
 7689536
 7689549
 7689608
 7689610
 7689612
 7689679
 7689793
 7689796
 7689977
 7690402
 7690486
 7690552
 7690792
 7690911
 7691137
 7691338
 7691517
 7691600
 7691777
 7691843
 7692100
 7692241
 7692269
 7692330
 7692392
 7692636
 7692670
 7692883
 7692919
 7692986
 7693166
 7693185
 7693232
 7693337
 7693377
 7693414
 7693477
 7693744
 7693749
 7693803
 7693841
 7693891
 7694009
 7694046
 7694158
 7694234
 7694240
 7694470
 7694722
 7694787
 7694900
 7695075
 7695145
 7695231
 7695239
 7695312
 7695401
 7695464
 7695475
 7695680
 7695785
 7695994
 7696175
 7696222
 7696328
 7696363
 7696412
 7696676
 7696746
 7696907
 7697051
 7697078
 7697171
 7697211
 7697230
 7697258
 7697437
 7697489
 7697575
 7697614
 7697834
 7697905
 7697911
 7698159
 7698171
 7698189
 7698290
 7698747
 7698765
 7698968
 7699047
 7699147
 7699228
 7699236
 7699287
 7699305
 7699314
 7699347
 7699398
 7699425
 7699450
 7699588
 7699624
 7699877
 7699889
 7699910
 7700497
 7700593
 7700797
 7700823
 7700961
 7701049
 7701315
 7701387
 7701554
 7701609
 7701612
 7701640
 7701763
 7701781
 7701807
 7701864
 7702009
 7702104
 7702189
 7702313
 7702363
 7702593
 7702607
 7702611
 7702729
 7702750
 7702982
 7703060
 7703068
 7703165
 7703190
 7703218
 7703328
 7703537
 7703724
 7703785
 7703812
 7703815
 7704001
 7704199
 7704230
 7704244
 7704270
 7704306
 7704592
 7704812
 7704816
 7704889
 7705134
 7705317
 7705395
 7705514
 7705704
 7705748
 7705775
 7706001
 7706184
 7706443
 7706619
 7706628
 7706717
 7706837
 7707040
 7707111
 7707215
 7707232
 7707281
 7707337
 7707393
 7707470
 7707742
 7707746
 7707749
 7707785
 7707858
 7708013
 7708099
 7708313
 7708396
 7708561
 7708579
 7708610
 7708625
 7708661
 7708717
 7708721
 7708787
 7708920
 7708975
 7708980
 7709048
 7709198
 7709452
 7709923
 7709958
 7710005
 7710401
 7710627
 7710858
 7711091
 7711215
 7711235
 7711238
 7711267
 7711364
 7711549
 7711566
 7711624
 7711631
 7711678
 7711713
 7711717
 7711845
 7711978
 7712078
 7712088
 7712190
 7712357
 7712418
 7712495
 7712618
 7712791
 7712858
 7712981
 7713237
 7713269
 7713364
 7713393
 7713520
 7713804
 7713811
 7713837
 7713911
 7714047
 7714213
 7714222
 7714339
 7714355
 7714361
 7714454
 7714697
 7714758
 7714852
 7714959
 7715011
 7715234
 7715276
 7715288
 7715338
 7715402
 7715490
 7715646
 7715668
 7715844
 7715932
 7716077
 7716085
 7716280
 7716547
 7716592
 7716607
 7716660
 7716715
 7716853
 7716911
 7716934
 7716943
 7716949
 7717053
 7717230
 7717529
 7717543
 7717803
 7717987
 7718006
 7718086
 7718481
 7718499
 7718559
 7718595
 7718682
 7718753
 7718925
 7719123
 7719436
 7719449
 7719466
 7719532
 7719586
 7719669
 7719833
 7719997
 7720046
 7720049
 7720066
 7720085
 7720144
 7720147
 7720239
 7720431
 7720443
 7720517
 7720533
 7720614
 7720746
 7720782
 7720873
 7721085
 7721137
 7721180
 7721193
 7721233
 7721377
 7721432
 7721737
 7721921
 7721935
 7722143
 7722145
 7722332
 7722528
 7722635
 7722668
 7722838
 7722899
 7722981
 7723076
 7723133
 7723211
 7723355
 7723494
 7723554
 7723800
 7723963
 7724114
 7724288
 7724352
 7724401
 7724426
 7724458
 7724479
 7724698
 7724853
 7724889
 7724898
 7724972
 7725080
 7725098
 7725198
 7725403
 7725475
 7725719
 7725776
 7725868
 7725891
 7726030
 7726167
 7726302
 7726317
 7726436
 7726830
 7726966
 7726999
 7727115
 7727225
 7727251
 7727285
 7727311
 7727377
 7727434
 7727616
 7727632
 7727637
 7727759
 7727825
 7727899
 7727937
 7727987
 7728223
 7728273
 7728340
 7728395
 7728440
 7728670
 7728731
 7728818
 7729041
 7729126
 7729146
 7729150
 7729199
 7729276
 7729377
 7729584
 7729599
 7729645
 7729891
 7730123
 7730209
 7730278
 7730381
 7730425
 7730448
 7730645
 7730652
 7730685
 7730712
 7730950
 7730984
 7731065
 7731173
 7731312
 7731390
 7731644
 7731701
 7731773
 7731826
 7731901
 7732059
 7732282
 7732349
 7732398
 7732413
 7732547
 7732588
 7732999
 7733201
 7733274
 7733304
 7733377
 7733695
 7733755
 7733796
 7733863
 7733974
 7733993
 7734026
 7734051
 7734056
 7734091
 7734207
 7734261
 7734324
 7734453
 7734473
 7734488
 7734512
 7734614
 7734711
 7734895
 7734931
 7735025
 7735114
 7735217
 7735350
 7735434
 7735480
 7735580
 7735846
 7735891
 7736095
 7736099
 7736102
 7736211
 7736512
 7736556
 7736583
 7736879
 7737101
 7737247
 7737271
 7737284
 7737647
 7737751
 7737771
 7737822
 7737952
 7737968
 7738145
 7738259
 7738580
 7738601
 7738608
 7738986
 7739013
 7739015
 7739068
 7739086
 7739116
 7739250
 7739252
 7739505
 7739530
 7739809
 7739836
 7739897
 7739953
 7739966
 7740161
 7740266
 7740371
 7740642
 7740773
 7740854
 7740886
 7740887
 7740993
 7741066
 7741091
 7741100
 7741177
 7741207
 7741379
 7741609
 7741659
 7741771
 7741783
 7741873
 7741891
 7741944
 7741950
 7742006
 7742098
 7742161
 7742226
 7742332
 7742413
 7742836
 7742971
 7743052
 7743065
 7743080
 7743132
 7743152
 7743195
 7743375
 7743387
 7743554
 7743979
 7743985
 7744003
 7744035
 7744124
 7744227
 7744256
 7744443
 7744467
 7744502
 7744546
 7744575
 7744585
 7744713
 7744935
 7745008
 7745105
 7745201
 7745257
 7745456
 7745467
 7745566
 7745648
 7745736
 7745786
 7745846
 7745956
 7746047
 7746277
 7746439
 7746479
 7746481
 7746552
 7746796
 7746814
 7746903
 7747076
 7747135
 7747220
 7747241
 7747382
 7747388
 7747397
 7747490
 7747629
 7747647
 7747752
 7747799
 7747842
 7747849
 7747861
 7747880
 7747960
 7747968
 7748137
 7748305
 7748326
 7748399
 7748544
 7748560
 7748628
 7748708
 7748840
 7749024
 7749045
 7749066
 7749084
 7749135
 7749362
 7749400
 7749477
 7749540
 7749570
 7749891
 7750136
 7750357
 7750477
 7750693
 7750756
 7750856
 7751172
 7751231
 7751308
 7751464
 7751487
 7751495
 7751761
 7751979
 7752239
 7752242
 7752480
 7752602
 7752616
 7752836
 7752970
 7753076
 7753155
 7753231
 7753301
 7753441
 7753463
 7753644
 7753682
 7753770
 7753786
 7753844
 7753931
 7753951
 7754245
 7754279
 7754450
 7754471
 7754489
 7754493
 7754531
 7754542
 7754816
 7755089
 7755169
 7755308
 7755460
 7755598
 7755653
 7755673
 7755682
 7755757
 7755816
 7755826
 7755855
 7755945
 7756207
 7756507
 7756513
 7756548
 7756568
 7756596
 7756625
 7756663
 7756753
 7756964
 7757007
 7757216
 7757256
 7757291
 7757467
 7757560
 7757768
 7757913
 7758068
 7758095
 7758223
 7758226
 7758232
 7758571
 7758575
 7758613
 7758657
 7759335
 7759480
 7759540
 7759731
 7759805
 7759884
 7760158
 7760430
 7760459
 7760506
 7760574
 7760855
 7760892
 7760956
 7761010
 7761191
 7761255
 7761323
 7761358
 7761692
 7761927
 7761929
 7762044
 7762055
 7762075
 7762099
 7762758
 7762763
 7762790
 7762958
 7763044
 7763121
 7763206
 7763251
 7763635
 7763718
 7763792
 7763851
 7763862
 7764045
 7764183
 7764298
 7764364
 7764420
 7764566
 7764570
 7764813
 7764825
 7764948
 7765067
 7765105
 7765214
 7765327
 7765420
 7765668
 7765737
 7765768
 7765908
 7766144
 7766260
 7766316
 7766437
 7766465
 7766507
 7766570
 7766722
 7766745
 7766842
 7766867
 7766932
 7767018
 7767026
 7767108
 7767255
 7767295
 7767338
 7767342
 7767469
 7767487
 7767535
 7767617
 7767685
 7767864
 7767981
 7768082
 7768108
 7768172
 7768266
 7768403
 7768709
 7768774
 7768812
 7768924
 7769000
 7769005
 7769034
 7769213
 7769433
 7769561
 7769707
 7769742
 7769832
 7770263
 7770608
 7770609
 7770732
 7770813
 7770824
 7770829
 7770981
 7771020
 7771109
 7771191
 7771393
 7771404
 7771449
 7771809
 7772002
 7772322
 7772397
 7772398
 7772459
 7772528
 7772593
 7772597
 7772701
 7772709
 7772718
 7772998
 7773110
 7773194
 7773203
 7773214
 7773328
 7773449
 7773566
 7773657
 7773675
 7773923
 7773929
 7774047
 7774121
 7774181
 7774265
 7774275
 7774345
 7774532
 7774577
 7774715
 7774926
 7774955
 7774980
 7775076
 7775092
 7775128
 7775329
 7775495
 7775613
 7775693
 7775780
 7775848
 7775920
 7776166
 7776273
 7776338
 7776546
 7776586
 7776769
 7776859
 7776965
 7777100
 7777121
 7777142
 7777291
 7777331
 7777408
 7777445
 7777453
 7777519
 7777592
 7777654
 7777662
 7777671
 7777867
 7777900
 7777968
 7778088
 7778180
 7778221
 7778513
 7778566
 7778623
 7778877
 7778882
 7778923
 7778938
 7778970
 7779043
 7779108
 7779112
 7779147
 7779410
 7779559
 7779759
 7779780
 7779899
 7780044
 7780122
 7780186
 7780193
 7780371
 7780419
 7780494
 7780622
 7780623
 7780762
 7780794
 7780817
 7780907
 7781137
 7781378
 7781477
 7781616
 7781634
 7781830
 7781893
 7781929
 7781942
 7782228
 7782389
 7782447
 7782696
 7782799
 7782892
 7782916
 7782976
 7783076
 7783150
 7783189
 7783263
 7783337
 7783418
 7783528
 7783812
 7783978
 7784131
 7784171
 7784213
 7784218
 7784241
 7784277
 7784282
 7784343
 7784374
 7784813
 7784815
 7784821
 7784869
 7784878
 7784986
 7785004
 7785010
 7785114
 7785308
 7785664
 7785691
 7785732
 7785821
 7785881
 7786008
 7786049
 7786561
 7786575
 7786708
 7786849
 7786922
 7787057
 7787151
 7787188
 7787264
 7787651
 7787682
 7787836
 7787901
 7787908
 7788284
 7788300
 7788321
 7788329
 7788447
 7788512
 7788708
 7788797
 7788838
 7788844
 7788978
 7788979
 7789199
 7789312
 7789466
 7789636
 7789863
 7790049
 7790051
 7790058
 7790093
 7790097
 7790121
 7790225
 7790241
 7790328
 7790590
 7790773
 7790945
 7791057
 7791137
 7791183
 7791184
 7791280
 7791355
 7791358
 7791671
 7791734
 7791775
 7791899
 7791996
 7792004
 7792043
 7792055
 7792108
 7792143
 7792196
 7792317
 7792360
 7792369
 7792617
 7792674
 7792677
 7792679
 7792840
 7792851
 7792871
 7792986
 7793066
 7793178
 7793187
 7793315
 7793571
 7793622
 7793823
 7793961
 7793973
 7793984
 7794004
 7794098
 7794138
 7794183
 7794388
 7794617
 7794653
 7794706
 7794737
 7794763
 7794801
 7795023
 7795239
 7795406
 7795538
 7795549
 7795610
 7795802
 7795866
 7795993
 7796053
 7796120
 7796152
 7796211
 7796258
 7796296
 7796420
 7796526
 7796700
 7796705
 7796717
 7796753
 7796833
 7796912
 7797001
 7797041
 7797327
 7797371
 7797477
 7797484
 7797646
 7797778
 7797788
 7797899
 7798054
 7798156
 7798216
 7798333
 7798337
 7798519
 7798662
 7798774
 7798834
 7798869
 7798901
 7799078
 7799271
 7799453
 7799534
 7799536
 7799593
 7799807
 7799885
 7799955
 7800256
 7800365
 7800452
 7800502
 7800528
 7800854
 7800924
 7801090
 7801097
 7801471
 7801572
 7802038
 7802049
 7802483
 7802542
 7802578
 7802579
 7802618
 7802815
 7802822
 7802950
 7803520
 7803521
 7803818
 7804071
 7804158
 7804187
 7804223
 7804453
 7804462
 7804473
 7804484
 7804557
 7804695
 7804699
 7804766
 7804863
 7804944
 7804959
 7804964
 7804973
 7805274
 7805419
 7805466
 7805631
 7805785
 7805817
 7806076
 7806208
 7806279
 7806546
 7806608
 7806611
 7806629
 7806642
 7806785
 7806813
 7806880
 7806889
 7806953
 7807232
 7807417
 7807419
 7807519
 7807554
 7807598
 7807658
 7807673
 7807683
 7807775
 7807813
 7807922
 7808278
 7808313
 7808318
 7808476
 7808525
 7808616
 7808631
 7808718
 7808726
 7808965
 7809202
 7809207
 7809225
 7809373
 7809530
 7809579
 7809674
 7809800
 7809847
 7810007
 7810188
 7810249
 7810376
 7810541
 7810554
 7810659
 7810719
 7810877
 7811125
 7811139
 7811151
 7811311
 7811342
 7811368
 7811524
 7811540
 7811541
 7811695
 7811749
 7811750
 7811797
 7811897
 7811916
 7812135
 7812205
 7812253
 7812374
 7812377
 7812400
 7812418
 7812592
 7812692
 7812951
 7813007
 7813025
 7813057
 7813109
 7813210
 7813237
 7813259
 7813330
 7813466
 7813785
 7813806
 7813905
 7813994
 7814132
 7814247
 7814259
 7814272
 7814336
 7814361
 7814427
 7814508
 7814667
 7814759
 7815177
 7815184
 7815267
 7815317
 7815338
 7815659
 7815819
 7815889
 7816024
 7816028
 7816072
 7816252
 7817189
 7817231
 7817351
 7817418
 7817442
 7817558
 7817633
 7817814
 7817882
 7817897
 7818048
 7818300
 7818485
 7818547
 7818581
 7818629
 7818631
 7818771
 7818923
 7819032
 7819162
 7819174
 7819190
 7819205
 7819223
 7819573
 7819637
 7819850
 7819944
 7820115
 7820141
 7820171
 7820257
 7820281
 7820404
 7820420
 7820445
 7820449
 7820469
 7820627
 7820939
 7821054
 7821195
 7821461
 7821487
 7821489
 7821524
 7821588
 7821813
 7821982
 7822006
 7822019
 7822064
 7822167
 7822216
 7822259
 7822594
 7822664
 7822667
 7822749
 7822929
 7822999
 7823007
 7823055
 7823102
 7823172
 7823211
 7823277
 7823728
 7823858
 7823953
 7823954
 7824059
 7824191
 7824268
 7824329
 7824391
 7824508
 7824534
 7824642
 7824726
 7824828
 7824863
 7825000
 7825211
 7825235
 7825393
 7825621
 7825731
 7825759
 7826062
 7826113
 7826343
 7826683
 7826807
 7827310
 7827404
 7827514
 7827515
 7827571
 7827663
 7827687
 7827693
 7827865
 7827879
 7828135
 7828142
 7828210
 7828273
 7828677
 7828698
 7828736
 7828737
 7828749
 7829013
 7829073
 7829129
 7829313
 7829347
 7829412
 7829459
 7829490
 7829579
 7829677
 7829678
 7829732
 7829874
 7829877
 7829879
 7830017
 7830146
 7830286
 7830331
 7830332
 7830362
 7830588
 7830697
 7830763
 7830803
 7830812
 7830953
 7831254
 7831263
 7831390
 7831405
 7831754
 7831976
 7832000
 7832057
 7832122
 7832328
 7832345
 7832545
 7832550
 7832559
 7832640
 7832871
 7832900
 7833093
 7833110
 7833123
 7833239
 7833346
 7833550
 7833646
 7833854
 7833894
 7834130
 7834192
 7834235
 7834316
 7834443
 7834465
 7834496
 7834585
 7834675
 7834823
 7834957
 7834968
 7835106
 7835224
 7835232
 7835248
 7835285
 7835388
 7835531
 7835584
 7835696
 7835703
 7835759
 7835775
 7835814
 7835852
 7835907
 7835990
 7836187
 7836190
 7836270
 7836375
 7836478
 7836568
 7836633
 7836770
 7836881
 7836902
 7837025
 7837079
 7837256
 7837305
 7837340
 7837415
 7837542
 7837571
 7837600
 7837642
 7837645
 7837897
 7837946
 7838028
 7838076
 7838140
 7838198
 7838398
 7838586
 7838664
 7838764
 7838816
 7838894
 7839122
 7839223
 7839244
 7839268
 7839360
 7839455
 7839546
 7839614
 7839623
 7839699
 7839755
 7839917
 7840020
 7840146
 7840286
 7840301
 7840633
 7840987
 7840996
 7841216
 7841303
 7841415
 7841444
 7841519
 7841559
 7841643
 7841649
 7841682
 7841689
 7841765
 7841780
 7841808
 7841852
 7841856
 7841909
 7841987
 7842073
 7842082
 7842123
 7842171
 7842173
 7842186
 7842223
 7842292
 7842417
 7842540
 7842550
 7842629
 7842804
 7842945
 7843022
 7843190
 7843227
 7843287
 7843369
 7843370
 7843377
 7843475
 7843485
 7843569
 7843744
 7843778
 7843780
 7843839
 7843887
 7843921
 7843924
 7843979
 7844006
 7844317
 7844321
 7844443
 7844469
 7844631
 7844848
 7845035
 7845045
 7845085
 7845212
 7845256
 7845326
 7845405
 7845455
 7845690
 7845691
 7846126
 7846205
 7846324
 7846345
 7846552
 7846595
 7846723
 7846832
 7846856
 7846857
 7846881
 7846964
 7847121
 7847304
 7847397
 7847423
 7847580
 7847622
 7847629
 7847717
 7847814
 7847835
 7847840
 7848085
 7848114
 7848162
 7848238
 7848316
 7848557
 7848585
 7848730
 7848799
 7848890
 7849101
 7849122
 7849230
 7849313
 7849420
 7849557
 7849569
 7849842
 7849881
 7849888
 7849978
 7850066
 7850105
 7850351
 7850387
 7850471
 7850486
 7850498
 7850613
 7850676
 7850866
 7850870
 7851047
 7851346
 7851500
 7851792
 7851848
 7851918
 7852037
 7852145
 7852180
 7852241
 7852451
 7852522
 7852600
 7852603
 7852637
 7852939
 7853115
 7853401
 7853406
 7853490
 7853590
 7853695
 7853701
 7853756
 7853971
 7854031
 7854049
 7854092
 7854248
 7854268
 7854398
 7854421
 7854587
 7854711
 7854860
 7854952
 7855277
 7855287
 7855503
 7855655
 7855685
 7855696
 7855933
 7856000
 7856004
 7856099
 7856137
 7856281
 7856310
 7856384
 7856583
 7856697
 7856777
 7856820
 7856842
 7856886
 7857108
 7857246
 7857283
 7857467
 7857540
 7857675
 7857862
 7858204
 7858302
 7858330
 7858357
 7858402
 7858412
 7858710
 7858759
 7858905
 7859090
 7859104
 7859106
 7859244
 7859369
 7859543
 7859589
 7859622
 7859629
 7859918
 7860059
 7860186
 7860412
 7860686
 7860692
 7860783
 7860969
 7861016
 7861037
 7861193
 7861267
 7861341
 7861359
 7861392
 7861408
 7861550
 7861638
 7861673
 7861790
 7861874
 7861895
 7861998
 7862007
 7862075
 7862155
 7862237
 7862305
 7862390
 7862420
 7862510
 7862548
 7862550
 7862633
 7862665
 7862800
 7862927
 7862949
 7863215
 7863302
 7863411
 7863551
 7863653
 7863812
 7863882
 7863959
 7863993
 7864199
 7864244
 7864364
 7864405
 7864543
 7864547
 7864550
 7864552
 7864558
 7864630
 7864650
 7864727
 7864866
 7864941
 7865131
 7865132
 7865163
 7865295
 7865416
 7865474
 7865503
 7865592
 7865638
 7865673
 7866350
 7866552
 7866789
 7866816
 7866925
 7867251
 7867359
 7867457
 7867461
 7867491
 7867513
 7867562
 7867734
 7867987
 7868063
 7868162
 7868257
 7868272
 7868278
 7868449
 7868543
 7868704
 7868711
 7868723
 7868790
 7868817
 7868921
 7869031
 7869263
 7869617
 7869669
 7869873
 7869894
 7869897
 7869969
 7869986
 7870017
 7870083
 7870225
 7870475
 7870552
 7870623
 7870679
 7870775
 7870905
 7871229
 7871255
 7871316
 7871321
 7871424
 7871449
 7871547
 7871622
 7871760
 7871972
 7871993
 7872200
 7872216
 7872223
 7872508
 7872585
 7872591
 7872696
 7872764
 7872802
 7872956
 7873023
 7873409
 7873780
 7873966
 7874064
 7874087
 7874170
 7874303
 7874441
 7874614
 7874738
 7874751
 7874846
 7874900
 7874923
 7875118
 7875193
 7875636
 7875699
 7875788
 7875904
 7876059
 7876080
 7876151
 7876223
 7876397
 7876398
 7876465
 7876489
 7876631
 7876682
 7876710
 7876756
 7876853
 7876913
 7876988
 7877020
 7877081
 7877161
 7877189
 7877191
 7877424
 7877514
 7877607
 7877793
 7877799
 7877857
 7877973
 7878281
 7878395
 7878684
 7879026
 7879083
 7879290
 7879333
 7879681
 7879712
 7879942
 7879982
 7879984
 7880075
 7880099
 7880106
 7880123
 7880557
 7880647
 7880730
 7880932
 7880974
 7881059
 7881162
 7881233
 7881243
 7881410
 7881559
 7881715
 7881750
 7881820
 7881827
 7881834
 7882107
 7882111
 7882290
 7882328
 7882455
 7882461
 7882580
 7882715
 7882740
 7882804
 7882853
 7883049
 7883246
 7883402
 7883414
 7883432
 7883448
 7883536
 7883762
 7883796
 7883855
 7884079
 7884129
 7884158
 7884192
 7884193
 7884248
 7884606
 7884610
 7885048
 7885104
 7885180
 7885228
 7885520
 7885696
 7885761
 7885776
 7885841
 7885854
 7885903
 7885943
 7886024
 7886065
 7886088
 7886139
 7886335
 7886397
 7886443
 7886551
 7886818
 7886932
 7887294
 7887341
 7887440
 7887661
 7887703
 7888012
 7888093
 7888425
 7888481
 7888525
 7888566
 7888641
 7888763
 7888776
 7888797
 7888842
 7888930
 7888950
 7889010
 7889161
 7889351
 7889379
 7889382
 7889476
 7889501
 7889611
 7889630
 7889652
 7889737
 7889828
 7889989
 7890028
 7890103
 7890158
 7890298
 7890336
 7890374
 7890453
 7890491
 7890520
 7890531
 7890591
 7890753
 7891055
 7891110
 7891487
 7891585
 7891671
 7891740
 7892006
 7892135
 7892270
 7892277
 7892350
 7892410
 7892433
 7892439
 7892581
 7892632
 7892788
 7893234
 7893241
 7893258
 7893292
 7893606
 7893766
 7893771
 7893803
 7893930
 7894024
 7894099
 7894483
 7894710
 7894725
 7894806
 7894812
 7894887
 7894899
 7895064
 7895232
 7895363
 7895435
 7895564
 7895750
 7895955
 7896001
 7896136
 7896170
 7896334
 7896433
 7896516
 7896669
 7896932
 7897208
 7897233
 7897313
 7897365
 7897370
 7897603
 7897680
 7897748
 7897810
 7897906
 7897923
 7897930
 7897945
 7898071
 7898124
 7898395
 7898503
 7898511
 7898547
 7898557
 7898566
 7898624
 7898665
 7898749
 7898846
 7898929
 7899104
 7899156
 7899257
 7899278
 7899374
 7899456
 7899655
 7899878
 7899971
 7900082
 7900213
 7900544
 7900622
 7900666
 7900717
 7901035
 7901201
 7901493
 7901502
 7901540
 7901675
 7901806
 7901808
 7901887
 7901988
 7902154
 7902218
 7902221
 7902350
 7902367
 7902584
 7902639
 7902646
 7902662
 7902895
 7903090
 7903172
 7903226
 7903329
 7903544
 7903551
 7903601
 7903765
 7903898
 7903925
 7903981
 7904011
 7904135
 7904406
 7904489
 7904532
 7904599
 7904736
 7905097
 7905182
 7905193
 7905238
 7905466
 7905493
 7905753
 7905788
 7905879
 7905979
 7906090
 7906241
 7906274
 7906314
 7906482
 7906543
 7906735
 7906805
 7906843
 7906903
 7906914
 7907037
 7907093
 7907147
 7907276
 7907337
 7907511
 7907513
 7907523
 7907577
 7907693
 7907695
 7907708
 7907777
 7907963
 7908122
 7908183
 7908310
 7908328
 7908423
 7908458
 7908624
 7908638
 7908725
 7908743
 7908752
 7909109
 7909165
 7909531
 7909622
 7909988
 7910123
 7910132
 7910151
 7910232
 7910440
 7910442
 7910503
 7910771
 7910862
 7910879
 7910970
 7911333
 7911342
 7911432
 7911639
 7911655
 7911901
 7912115
 7912176
 7912181
 7912189
 7912261
 7912356
 7912385
 7912410
 7912425
 7912501
 7912583
 7912597
 7912841
 7912871
 7912960
 7913004
 7913016
 7913093
 7913103
 7913126
 7913189
 7913251
 7913350
 7913608
 7913806
 7913915
 7914069
 7914225
 7914238
 7914379
 7914381
 7914540
 7914768
 7914839
 7915007
 7915025
 7915027
 7915047
 7915055
 7915133
 7915234
 7915263
 7915305
 7915474
 7915492
 7915529
 7915733
 7915752
 7915792
 7915800
 7915940
 7915967
 7916064
 7916186
 7916341
 7916654
 7916830
 7916882
 7916928
 7916967
 7916968
 7917016
 7917098
 7917244
 7917465
 7917468
 7917610
 7917787
 7917869
 7918410
 7918601
 7918763
 7918769
 7918958
 7919015
 7919176
 7919196
 7919367
 7919402
 7919435
 7919449
 7919468
 7919574
 7919577
 7919661
 7919774
 7919811
 7919958
 7920277
 7920320
 7920701
 7920829
 7920998
 7921056
 7921057
 7921115
 7921143
 7921259
 7921326
 7921419
 7921496
 7921655
 7921716
 7921730
 7922034
 7922228
 7922380
 7922517
 7922544
 7922712
 7922714
 7922741
 7922834
 7922854
 7922947
 7922960
 7923022
 7923083
 7923096
 7923186
 7923212
 7923215
 7923426
 7923559
 7923853
 7923884
 7924327
 7924367
 7924409
 7924473
 7924624
 7924663
 7924856
 7924957
 7925145
 7925154
 7925198
 7925516
 7925704
 7925755
 7925872
 7925895
 7925901
 7925959
 7925963
 7926026
 7926080
 7926120
 7926152
 7926161
 7926165
 7926324
 7926372
 7926415
 7926446
 7926495
 7926542
 7926604
 7926722
 7926761
 7926799
 7926816
 7926867
 7926938
 7927031
 7927103
 7927110
 7927158
 7927180
 7927335
 7927375
 7927460
 7927525
 7927590
 7927641
 7927742
 7927820
 7928136
 7928165
 7928235
 7928346
 7928354
 7928511
 7928562
 7928570
 7928682
 7928731
 7928758
 7928779
 7928814
 7928835
 7928837
 7928917
 7928976
 7929223
 7929255
 7929545
 7929553
 7929611
 7929650
 7929666
 7929688
 7929713
 7929799
 7929847
 7929898
 7929923
 7930220
 7930368
 7930439
 7930535
 7930667
 7930847
 7931024
 7931190
 7931309
 7931418
 7931427
 7931870
 7932015
 7932209
 7932219
 7932267
 7932459
 7932938
 7933013
 7933180
 7933233
 7933340
 7933379
 7933401
 7933475
 7933719
 7933778
 7933830
 7934027
 7934618
 7934752
 7934831
 7934921
 7935023
 7935024
 7935138
 7935206
 7935385
 7935494
 7935577
 7935655
 7935672
 7935952
 7936050
 7936099
 7936274
 7936569
 7936668
 7936685
 7936779
 7936841
 7936923
 7936960
 7937254
 7937257
 7937342
 7937604
 7937836
 7937847
 7937848
 7937931
 7937941
 7937968
 7938033
 7938040
 7938306
 7938321
 7938445
 7938513
 7938919
 7939056
 7939229
 7939294
 7939372
 7939414
 7939468
 7939615
 7939674
 7939871
 7940095
 7940120
 7940285
 7940416
 7940448
 7940765
 7940835
 7940911
 7941078
 7941107
 7941120
 7941168
 7941170
 7941322
 7941360
 7941498
 7941505
 7941546
 7941616
 7941622
 7941632
 7941637
 7941712
 7941936
 7942281
 7942296
 7942387
 7942400
 7942494
 7942510
 7942520
 7942718
 7942735
 7942897
 7943072
 7943148
 7943186
 7943215
 7943353
 7943409
 7943487
 7943861
 7944019
 7944179
 7944319
 7944971
 7945107
 7945125
 7945160
 7945180
 7945328
 7945373
 7945546
 7945598
 7945603
 7945816
 7945947
 7945963
 7945998
 7946006
 7946099
 7946161
 7946219
 7946235
 7946255
 7946294
 7946302
 7946547
 7946618
 7946640
 7946673
 7946718
 7946857
 7946889
 7947058
 7947114
 7947175
 7947211
 7947325
 7947412
 7947477
 7947549
 7947605
 7947638
 7947768
 7947771
 7947823
 7947886
 7947960
 7948100
 7948171
 7948192
 7948396
 7948665
 7948862
 7948913
 7948979
 7949053
 7949057
 7949063
 7949116
 7949168
 7949183
 7949187
 7949377
 7949453
 7949528
 7949900
 7950031
 7950059
 7950258
 7950332
 7950556
 7950573
 7950835
 7950843
 7950888
 7950946
 7951078
 7951174
 7951177
 7951285
 7951349
 7951378
 7951533
 7951673
 7951784
 7951811
 7951834
 7951891
 7951942
 7952315
 7952363
 7952365
 7952582
 7952704
 7952936
 7953157
 7953368
 7953466
 7953647
 7953761
 7953798
 7953847
 7954012
 7954135
 7954139
 7954248
 7954273
 7954328
 7954415
 7954485
 7954521
 7954620
 7954653
 7954783
 7954817
 7954983
 7955136
 7955140
 7955223
 7955239
 7955304
 7955434
 7955572
 7955711
 7955761
 7955772
 7955940
 7956061
 7956117
 7956151
 7956300
 7956326
 7956387
 7956391
 7956495
 7956515
 7956845
 7956895
 7957042
 7957050
 7957090
 7957145
 7957158
 7957439
 7957569
 7957640
 7957656
 7957666
 7957770
 7957902
 7957943
 7958091
 7958269
 7958424
 7958465
 7958551
 7958665
 7958696
 7958718
 7958750
 7958790
 7958959
 7959151
 7959275
 7959376
 7959387
 7959562
 7959788
 7959955
 7960050
 7960197
 7960269
 7960551
 7960598
 7960629
 7960733
 7960778
 7960787
 7960987
 7961003
 7961036
 7961269
 7961357
 7961370
 7961480
 7961589
 7961777
 7961811
 7961939
 7962020
 7962103
 7962116
 7962171
 7962185
 7962614
 7962621
 7962905
 7963153
 7963196
 7963355
 7963538
 7963778
 7963958
 7964115
 7964195
 7964290
 7964321
 7964346
 7964644
 7964676
 7964678
 7964723
 7964966
 7965015
 7965051
 7965128
 7965300
 7965370
 7965542
 7965568
 7965652
 7965663
 7965724
 7965745
 7965808
 7965870
 7965924
 7965997
 7966003
 7966016
 7966077
 7966267
 7966559
 7966563
 7966651
 7966686
 7966765
 7966795
 7966985
 7967146
 7967182
 7967265
 7967327
 7967336
 7967353
 7967502
 7967614
 7967780
 7967803
 7967844
 7967854
 7967894
 7968028
 7968052
 7968070
 7968077
 7968084
 7968212
 7968236
 7968438
 7968446
 7968496
 7968583
 7968671
 7968679
 7969002
 7969139
 7969357
 7969380
 7969547
 7969592
 7969671
 7969751
 7969795
 7969963
 7970040
 7970144
 7970172
 7970258
 7970537
 7970566
 7970720
 7971097
 7971098
 7971111
 7971190
 7971200
 7971255
 7971323
 7971491
 7971773
 7972058
 7972620
 7972648
 7972725
 7972784
 7972809
 7972873
 7973086
 7973253
 7973446
 7973641
 7973681
 7973690
 7973751
 7973786
 7974008
 7974074
 7974191
 7974623
 7974685
 7974690
 7974936
 7974959
 7975002
 7975104
 7975323
 7975407
 7975484
 7975656
 7975696
 7976069
 7976083
 7976134
 7976178
 7976197
 7976222
 7976358
 7976396
 7976545
 7976645
 7976826
 7976864
 7976925
 7976942
 7977025
 7977060
 7977096
 7977239
 7977299
 7977472
 7977483
 7977548
 7977721
 7977773
 7977833
 7978000
 7978078
 7978237
 7978372
 7978446
 7978601
 7978723
 7978760
 7978769
 7978797
 7978948
 7979003
 7979028
 7979138
 7979208
 7979380
 7979465
 7979780
 7979909
 7979939
 7980000
 7980089
 7980151
 7980692
 7980737
 7980831
 7981048
 7981050
 7981411
 7981543
 7981575
 7981607
 7981735
 7981813
 7982314
 7982503
 7982624
 7982775
 7982884
 7982910
 7982934
 7983050
 7983053
 7983054
 7983155
 7983166
 7983366
 7983450
 7983713
 7983829
 7983844
 7983899
 7983901
 7983922
 7983933
 7984293
 7984372
 7984556
 7984579
 7984662
 7984710
 7984827
 7985201
 7985278
 7985357
 7985489
 7985692
 7985696
 7985797
 7985914
 7986005
 7986027
 7986082
 7986250
 7986256
 7986259
 7986271
 7986353
 7986376
 7986406
 7986485
 7986490
 7986795
 7986932
 7986961
 7987046
 7987072
 7987196
 7987310
 7987463
 7987554
 7987609
 7987676
 7987724
 7987732
 7987835
 7987855
 7987861
 7988233
 7988524
 7988643
 7988668
 7988897
 7988943
 7988982
 7989015
 7989304
 7989326
 7989362
 7989518
 7989576
 7989613
 7989757
 7989872
 7990106
 7990150
 7990235
 7990294
 7990468
 7990612
 7990722
 7990795
 7991160
 7991338
 7991436
 7991806
 7991843
 7992059
 7992089
 7992091
 7992106
 7992213
 7992214
 7992237
 7992252
 7992329
 7992538
 7992589
 7992641
 7992655
 7992958
 7992982
 7992990
 7992992
 7993121
 7993125
 7993289
 7993464
 7993633
 7993730
 7993748
 7993790
 7993793
 7993833
 7993838
 7993935
 7994012
 7994076
 7994123
 7994142
 7994275
 7994379
 7994408
 7994705
 7994777
 7994820
 7994825
 7994873
 7994963
 7995024
 7995028
 7995096
 7995364
 7995423
 7995542
 7995662
 7995719
 7995766
 7995794
 7996059
 7996314
 7996319
 7996745
 7996923
 7997075
 7997110
 7997168
 7997235
 7997367
 7997368
 7997399
 7997536
 7997610
 7997714
 7997767
 7997829
 7997836
 7997923
 7997951
 7998036
 7998067
 7998098
 7998345
 7998641
 7998644
 7998927
 7998984
 7998995
 7999047
 7999118
 7999269
 7999283
 7999289
 7999362
 7999452
 7999459
 7999466
 7999577
 7999758
 7999769
 7999840
 8000223
 8000249
 8000483
 8000583
 8000763
 8000866
 8001090
 8001140
 8001240
 8001333
 8001364
 8001578
 8001614
 8001728
 8001743
 8001786
 8001891
 8002047
 8002296
 8002320
 8002516
 8002616
 8002654
 8002673
 8002754
 8002857
 8002937
 8003006
 8003098
 8003122
 8003126
 8003165
 8003242
 8003255
 8003333
 8003445
 8003465
 8003494
 8003921
 8003996
 8004128
 8004215
 8004244
 8004310
 8004311
 8004443
 8004528
 8004629
 8004710
 8004854
 8004898
 8004908
 8004913
 8005064
 8005103
 8005162
 8005317
 8005337
 8005478
 8005566
 8005916
 8005979
 8006058
 8006060
 8006619
 8006630
 8006749
 8006881
 8006895
 8007000
 8007050
 8007055
 8007129
 8007175
 8007180
 8007315
 8007406
 8007484
 8007561
 8007622
 8007672
 8007730
 8007784
 8007904
 8007936
 8008133
 8008145
 8008308
 8008496
 8008569
 8008615
 8008628
 8008630
 8008650
 8008735
 8008848
 8008884
 8009211
 8009263
 8009290
 8009347
 8009394
 8009507
 8009518
 8009580
 8009584
 8009645
 8009671
 8009730
 8009772
 8009805
 8009898
 8009903
 8009975
 8010086
 8010151
 8010196
 8010256
 8010294
 8010323
 8010451
 8010591
 8010717
 8010848
 8010863
 8011150
 8011355
 8011447
 8011671
 8011794
 8011840
 8012105
 8012132
 8012243
 8012266
 8012475
 8012516
 8012528
 8012601
 8012801
 8012964
 8012972
 8013118
 8013245
 8013540
 8013547
 8013579
 8013776
 8013794
 8013994
 8014220
 8014228
 8014254
 8014342
 8014472
 8014719
 8014722
 8014792
 8015009
 8015041
 8015057
 8015105
 8015327
 8015644
 8015685
 8015693
 8015716
 8015772
 8015860
 8015975
 8016145
 8016179
 8016234
 8016260
 8016378
 8016386
 8016401
 8016847
 8016952
 8017035
 8017041
 8017052
 8017224
 8017433
 8017528
 8017624
 8017702
 8017756
 8017782
 8018036
 8018053
 8018499
 8018595
 8018691
 8018926
 8018998
 8019057
 8019456
 8019479
 8019555
 8019616
 8019732
 8019739
 8019830
 8019950
 8020068
 8020242
 8020337
 8020546
 8020567
 8020579
 8020636
 8020787
 8020866
 8020889
 8020928
 8021124
 8021324
 8021441
 8021463
 8021572
 8021631
 8021795
 8021911
 8021966
 8022056
 8022109
 8022503
 8022734
 8022745
 8022879
 8022897
 8022931
 8023088
 8023186
 8023271
 8023487
 8023491
 8023569
 8023648
 8023835
 8023847
 8023955
 8023971
 8024044
 8024048
 8024218
 8024241
 8024299
 8024338
 8024422
 8024434
 8024441
 8024509
 8024522
 8024571
 8024606
 8024658
 8024849
 8024893
 8025080
 8025097
 8025183
 8025234
 8025437
 8025541
 8025645
 8025725
 8025731
 8025997
 8026053
 8026169
 8026170
 8026208
 8026336
 8026551
 8026556
 8026576
 8026660
 8026745
 8026793
 8026813
 8026962
 8026975
 8027420
 8027421
 8027896
 8028181
 8028232
 8028263
 8028345
 8028351
 8028363
 8028422
 8028504
 8028613
 8028675
 8028907
 8028928
 8029133
 8029151
 8029401
 8029478
 8029515
 8029532
 8029616
 8029652
 8029677
 8029770
 8029774
 8029789
 8029880
 8029964
 8030185
 8030472
 8030584
 8030625
 8030632
 8030698
 8030712
 8030773
 8030848
 8030927
 8031096
 8031182
 8031480
 8031616
 8031620
 8031662
 8031664
 8031698
 8031770
 8031813
 8031920
 8032088
 8032236
 8032340
 8032477
 8032557
 8032722
 8032816
 8033441
 8033515
 8033693
 8033727
 8033742
 8033787
 8033928
 8033987
 8034087
 8034091
 8034180
 8034368
 8034422
 8034455
 8034511
 8034687
 8034702
 8034709
 8034767
 8034815
 8034974
 8034994
 8035036
 8035132
 8035139
 8035204
 8035327
 8035458
 8035544
 8035697
 8035848
 8035954
 8035965
 8036108
 8036149
 8036175
 8036353
 8036537
 8036618
 8036715
 8036816
 8036917
 8037020
 8037080
 8037136
 8037159
 8037218
 8037324
 8037330
 8037384
 8037405
 8037542
 8037549
 8037607
 8037623
 8037657
 8037816
 8037820
 8037945
 8037956
 8038022
 8038066
 8038521
 8038610
 8038644
 8038736
 8038771
 8038789
 8038906
 8039286
 8039509
 8039609
 8039666
 8039776
 8039936
 8039979
 8040066
 8040155
 8040497
 8040572
 8040600
 8040816
 8040849
 8040869
 8040908
 8041059
 8041174
 8041177
 8041197
 8041254
 8041298
 8041458
 8041485
 8041534
 8041546
 8041590
 8041596
 8041681
 8041773
 8041825
 8042197
 8042487
 8042529
 8042555
 8042610
 8042828
 8042841
 8042851
 8042893
 8042944
 8043400
 8043478
 8043492
 8043497
 8043671
 8043764
 8043790
 8043994
 8044011
 8044162
 8044391
 8044497
 8044885
 8044942
 8044949
 8045236
 8045505
 8045537
 8045587
 8045623
 8045762
 8045871
 8045875
 8045907
 8046081
 8046142
 8046210
 8046226
 8046254
 8046499
 8046519
 8046666
 8046673
 8046779
 8046852
 8046897
 8046979
 8047139
 8047360
 8047459
 8047537
 8047764
 8048049
 8048071
 8048211
 8048229
 8048433
 8048849
 8048867
 8049011
 8049252
 8049404
 8049540
 8049590
 8049610
 8049832
 8049843
 8050004
 8050181
 8050235
 8050313
 8050449
 8050494
 8050534
 8050595
 8050660
 8050711
 8050764
 8050950
 8050967
 8050972
 8050975
 8051010
 8051102
 8051158
 8051597
 8051726
 8051744
 8051764
 8051884
 8051926
 8052211
 8052350
 8052458
 8052475
 8052608
 8052653
 8052995
 8053133
 8053182
 8053568
 8053617
 8053682
 8053965
 8054304
 8054317
 8054425
 8054489
 8054541
 8054630
 8054715
 8054829
 8054912
 8054951
 8055221
 8055549
 8055583
 8055606
 8055611
 8055635
 8055767
 8055839
 8056272
 8056667
 8056785
 8056856
 8056861
 8057068
 8057266
 8057328
 8057330
 8057432
 8057460
 8057491
 8057547
 8057653
 8057657
 8057713
 8057904
 8057908
 8057932
 8057941
 8057943
 8058079
 8058105
 8058196
 8058230
 8058236
 8058409
 8058494
 8058710
 8058785
 8058786
 8058806
 8058809
 8058938
 8058994
 8059022
 8059043
 8059101
 8059296
 8059508
 8059625
 8059655
 8059812
 8059886
 8059917
 8060074
 8060110
 8060158
 8060253
 8060291
 8060411
 8060433
 8060532
 8060736
 8060774
 8060873
 8061022
 8061034
 8061056
 8061063
 8061137
 8061165
 8061384
 8061393
 8061483
 8061513
 8061593
 8061641
 8061680
 8061776
 8061952
 8062085
 8062091
 8062137
 8062138
 8062195
 8062390
 8062419
 8062480
 8062620
 8062659
 8063015
 8063096
 8063141
 8063186
 8063289
 8063319
 8063322
 8063421
 8063448
 8063488
 8063528
 8063553
 8063604
 8063693
 8063700
 8063723
 8063743
 8063800
 8063802
 8063841
 8063902
 8063980
 8063985
 8064310
 8064558
 8064607
 8064617
 8064633
 8064912
 8064927
 8065028
 8065200
 8065360
 8065369
 8065616
 8065618
 8065688
 8065737
 8065758
 8065839
 8065936
 8066009
 8066264
 8066272
 8066451
 8066495
 8066504
 8066544
 8066693
 8066725
 8066802
 8066830
 8066852
 8066866
 8066896
 8066987
 8067057
 8067090
 8067092
 8067094
 8067244
 8067253
 8067350
 8067419
 8067425
 8067467
 8067509
 8067537
 8067550
 8067659
 8067756
 8067844
 8068095
 8068354
 8068428
 8068572
 8068574
 8068624
 8068680
 8068709
 8068741
 8068779
 8068928
 8069016
 8069102
 8069341
 8069343
 8069421
 8069429
 8069625
 8069634
 8069744
 8069750
 8069813
 8069824
 8070192
 8070316
 8070488
 8070517
 8070690
 8070746
 8070829
 8070954
 8070985
 8070994
 8071051
 8071165
 8071222
 8071299
 8071350
 8071363
 8071453
 8071634
 8071772
 8071916
 8071925
 8072094
 8072308
 8072800
 8072803
 8072896
 8072913
 8073038
 8073052
 8073198
 8073445
 8073484
 8073663
 8073806
 8074228
 8074400
 8074472
 8074494
 8074579
 8074643
 8074645
 8074754
 8074919
 8074991
 8075115
 8075233
 8075276
 8075356
 8075362
 8075382
 8075875
 8075877
 8076149
 8076241
 8076461
 8076487
 8076525
 8076610
 8076636
 8076652
 8076767
 8076847
 8076941
 8077040
 8077243
 8077345
 8077455
 8077613
 8077655
 8077761
 8077893
 8077949
 8078194
 8078198
 8078222
 8078227
 8078353
 8078440
 8078456
 8078551
 8078646
 8078712
 8078814
 8079074
 8079151
 8079159
 8079295
 8079368
 8079372
 8079425
 8079451
 8079762
 8079777
 8079883
 8079972
 8080141
 8080158
 8080190
 8080207
 8080237
 8080385
 8080514
 8080607
 8080839
 8080974
 8080984
 8081000
 8081042
 8081083
 8081211
 8081557
 8081590
 8081659
 8081817
 8082364
 8082460
 8082527
 8082600
 8083086
 8083184
 8083219
 8083791
 8083849
 8083889
 8083893
 8083913
 8084054
 8084088
 8084136
 8084245
 8084528
 8084572
 8084693
 8084779
 8085050
 8085096
 8085232
 8085461
 8085683
 8085719
 8085741
 8085775
 8085779
 8085906
 8085907
 8085953
 8085966
 8085969
 8086092
 8086123
 8086131
 8086187
 8086255
 8086667
 8086870
 8086874
 8086917
 8087040
 8087107
 8087108
 8087208
 8087234
 8087327
 8087335
 8087415
 8087773
 8087834
 8088025
 8088125
 8088260
 8088364
 8088532
 8088599
 8089064
 8089097
 8089413
 8089468
 8089640
 8089771
 8090046
 8090048
 8090124
 8090214
 8090439
 8090686
 8090773
 8090831
 8090908
 8090923
 8091133
 8091165
 8091211
 8091253
 8091297
 8091312
 8091404
 8091434
 8091442
 8091449
 8091573
 8091618
 8091709
 8092149
 8092289
 8092348
 8092456
 8092525
 8092582
 8092699
 8092976
 8093071
 8093146
 8093212
 8093299
 8093880
 8094056
 8094358
 8094447
 8094644
 8094688
 8094745
 8094808
 8094845
 8094865
 8094889
 8094921
 8094922
 8095078
 8095543
 8095579
 8095593
 8095621
 8095682
 8095696
 8095727
 8095822
 8095827
 8096013
 8096076
 8096097
 8096333
 8096368
 8096451
 8096554
 8096665
 8096689
 8096693
 8096699
 8097004
 8097076
 8097392
 8097419
 8097434
 8098009
 8098037
 8098129
 8098174
 8098356
 8098365
 8098385
 8098513
 8098538
 8098566
 8098596
 8098861
 8098881
 8099105
 8099142
 8099205
 8099302
 8099405
 8099543
 8099550
 8099803
 8100003
 8100189
 8100239
 8100386
 8100396
 8100398
 8100421
 8100439
 8100737
 8100756
 8100910
 8100959
 8101169
 8101328
 8101342
 8101499
 8101529
 8101997
 8102291
 8102334
 8102657
 8102668
 8102702
 8102725
 8102889
 8102900
 8103017
 8103165
 8103198
 8103325
 8103399
 8103421
 8103710
 8103818
 8103850
 8103948
 8104203
 8104264
 8104293
 8104347
 8104577
 8104578
 8104651
 8104709
 8105163
 8105341
 8105456
 8105701
 8105821
 8105897
 8105938
 8105975
 8106080
 8106098
 8106323
 8106539
 8106575
 8106666
 8106746
 8106759
 8106895
 8106968
 8107004
 8107164
 8107318
 8107377
 8107600
 8107650
 8107758
 8107898
 8107930
 8108023
 8108174
 8108233
 8108390
 8108567
 8108571
 8108854
 8109014
 8109116
 8109125
 8109171
 8109194
 8109230
 8109409
 8109468
 8109776
 8109889
 8109935
 8109938
 8110000
 8110054
 8110310
 8110318
 8110378
 8110571
 8110648
 8110657
 8110840
 8111009
 8111015
 8111136
 8111493
 8111654
 8111774
 8111897
 8111900
 8111944
 8112031
 8112170
 8112175
 8112261
 8112411
 8112451
 8112557
 8112629
 8112679
 8112794
 8113136
 8113179
 8113199
 8113293
 8113492
 8113735
 8113852
 8113863
 8113864
 8113946
 8113985
 8114042
 8114091
 8114296
 8114376
 8114427
 8114562
 8114897
 8114928
 8114944
 8115146
 8115264
 8115286
 8115324
 8115368
 8115377
 8115407
 8115421
 8115422
 8115450
 8115467
 8115475
 8115499
 8115637
 8115943
 8116016
 8116024
 8116026
 8116064
 8116078
 8116131
 8116141
 8116205
 8116236
 8116244
 8116304
 8116591
 8116859
 8117020
 8117042
 8117143
 8117220
 8117337
 8117496
 8117553
 8117630
 8117707
 8117835
 8117957
 8118013
 8118167
 8118239
 8118295
 8118386
 8118660
 8118749
 8118934
 8119403
 8119469
 8119496
 8119640
 8119710
 8119711
 8119730
 8120089
 8120098
 8120262
 8120337
 8120390
 8120551
 8120615
 8120672
 8121000
 8121114
 8121164
 8121206
 8121320
 8121379
 8121439
 8121610
 8121649
 8121779
 8121932
 8121941
 8121963
 8122007
 8122136
 8122640
 8122679
 8122816
 8122893
 8122962
 8123015
 8123187
 8123246
 8123254
 8123265
 8123562
 8123571
 8123652
 8123670
 8123761
 8123859
 8123950
 8124258
 8124303
 8124332
 8124382
 8124635
 8124777
 8124947
 8125117
 8125228
 8125285
 8125411
 8125479
 8125696
 8125706
 8125720
 8125879
 8125920
 8125928
 8126039
 8126051
 8126089
 8126147
 8126262
 8126647
 8126696
 8126834
 8126869
 8126886
 8126917
 8127070
 8127087
 8127200
 8127268
 8127574
 8127583
 8127719
 8127998
 8128016
 8128079
 8128178
 8128182
 8128187
 8128200
 8128259
 8128288
 8128352
 8128452
 8128629
 8128652
 8128673
 8128692
 8128770
 8128955
 8129092
 8129097
 8129274
 8129321
 8129324
 8129348
 8129349
 8129412
 8129523
 8129725
 8129771
 8129901
 8130297
 8130311
 8130335
 8130364
 8130506
 8130589
 8130641
 8130724
 8130787
 8130872
 8131026
 8131104
 8131125
 8131145
 8131234
 8131355
 8131789
 8131881
 8131906
 8131996
 8132074
 8132079
 8132140
 8132335
 8132349
 8132529
 8132545
 8132847
 8132872
 8132887
 8132923
 8132937
 8133077
 8133235
 8133260
 8133340
 8133366
 8133837
 8133839
 8133998
 8134020
 8134168
 8134192
 8134233
 8134615
 8134916
 8134957
 8135132
 8135313
 8135403
 8135529
 8135608
 8135662
 8135663
 8135756
 8135787
 8136014
 8136443
 8136602
 8136663
 8136967
 8137017
 8137025
 8137129
 8137182
 8137251
 8137263
 8137310
 8137319
 8137367
 8137433
 8137494
 8137541
 8137656
 8137663
 8137666
 8137717
 8138015
 8138043
 8138058
 8138095
 8138226
 8138270
 8138312
 8138362
 8138369
 8138381
 8138472
 8138473
 8138600
 8138633
 8138744
 8138758
 8138885
 8138891
 8139004
 8139209
 8139211
 8139313
 8139329
 8139645
 8139647
 8139653
 8139753
 8139848
 8139954
 8140044
 8140337
 8140378
 8140534
 8140609
 8140615
 8140666
 8140750
 8140943
 8140949
 8141044
 8141365
 8141425
 8141474
 8141478
 8141583
 8141613
 8141668
 8141684
 8141842
 8142129
 8142166
 8142187
 8142248
 8142268
 8142325
 8142368
 8142460
 8142571
 8142778
 8142846
 8142964
 8143017
 8143125
 8143192
 8143250
 8143260
 8143299
 8143845
 8143875
 8143964
 8144186
 8144267
 8144377
 8144460
 8144695
 8144718
 8144837
 8145049
 8145050
 8145057
 8145171
 8145256
 8145321
 8145362
 8145445
 8145494
 8145771
 8146000
 8146184
 8146232
 8146385
 8146500
 8146578
 8146809
 8146837
 8146843
 8146908
 8147032
 8147118
 8147150
 8147167
 8147243
 8147281
 8147283
 8147355
 8147415
 8147416
 8147713
 8147914
 8147961
 8148042
 8148101
 8148252
 8148406
 8148435
 8148609
 8148639
 8148672
 8148705
 8148731
 8148749
 8149081
 8149208
 8149251
 8149317
 8149451
 8149487
 8149523
 8149605
 8149691
 8149826
 8150111
 8150174
 8150378
 8150431
 8150557
 8150604
 8150714
 8150823
 8151049
 8151087
 8151197
 8151330
 8151497
 8151827
 8151883
 8152081
 8152204
 8152360
 8152418
 8152623
 8152630
 8152654
 8152721
 8152779
 8152946
 8152994
 8153354
 8153405
 8153452
 8153507
 8153613
 8153686
 8153885
 8153999
 8154138
 8154184
 8154354
 8154510
 8154539
 8154641
 8154954
 8155183
 8155247
 8155317
 8155330
 8155466
 8155663
 8155688
 8155796
 8155915
 8155940
 8156205
 8156216
 8156225
 8156252
 8156263
 8156307
 8156441
 8156516
 8156831
 8156852
 8156896
 8156993
 8157124
 8157151
 8157244
 8157290
 8157315
 8157421
 8157721
 8157879
 8158316
 8158384
 8158637
 8158642
 8158757
 8158926
 8159028
 8159063
 8159089
 8159221
 8159346
 8159402
 8159434
 8159732
 8159795
 8159818
 8159850
 8159953
 8159991
 8160029
 8160421
 8160481
 8160515
 8160609
 8160863
 8160890
 8160958
 8160966
 8161047
 8161051
 8161193
 8161422
 8161620
 8161676
 8161890
 8161939
 8162019
 8162196
 8162272
 8162323
 8162749
 8162896
 8163182
 8163397
 8163406
 8163553
 8163710
 8163761
 8163775
 8163923
 8164078
 8164150
 8164218
 8164307
 8164345
 8164559
 8164700
 8164707
 8164735
 8164778
 8164905
 8165020
 8165230
 8165333
 8165372
 8165521
 8165815
 8165848
 8165940
 8165968
 8165993
 8166112
 8166115
 8166212
 8166315
 8166357
 8166383
 8166624
 8166640
 8166712
 8166827
 8166932
 8167173
 8167175
 8167231
 8167266
 8167306
 8167360
 8167448
 8167461
 8167463
 8167517
 8167558
 8167632
 8167643
 8167668
 8167751
 8167778
 8167848
 8167874
 8167953
 8167999
 8168023
 8168131
 8168278
 8168416
 8168455
 8168648
 8168685
 8168726
 8168820
 8168919
 8168943
 8169032
 8169117
 8169235
 8169253
 8169326
 8169451
 8169623
 8169726
 8169805
 8169809
 8169951
 8170110
 8170241
 8170509
 8170564
 8170604
 8170657
 8170679
 8171008
 8171042
 8171157
 8171233
 8171290
 8171305
 8171312
 8171555
 8171659
 8171742
 8171867
 8172159
 8172210
 8172462
 8172567
 8172603
 8172860
 8172943
 8173054
 8173162
 8173386
 8173482
 8173489
 8173493
 8173496
 8173639
 8173662
 8173729
 8173797
 8173987
 8174037
 8174103
 8174169
 8174216
 8174458
 8174573
 8174674
 8174772
 8174784
 8174827
 8174866
 8174907
 8174988
 8175027
 8175042
 8175128
 8175277
 8175599
 8175628
 8175795
 8175930
 8175941
 8176088
 8176115
 8176211
 8176379
 8176453
 8176643
 8176655
 8176684
 8176713
 8177226
 8177333
 8177337
 8177416
 8177443
 8177450
 8177730
 8177852
 8178084
 8178149
 8178377
 8178395
 8178412
 8178674
 8178928
 8178979
 8179081
 8179113
 8179182
 8179256
 8179610
 8179615
 8179626
 8179688
 8179804
 8179865
 8179983
 8180006
 8180075
 8180097
 8180213
 8180320
 8180599
 8180731
 8180843
 8181182
 8181470
 8181676
 8181681
 8181798
 8181829
 8181900
 8181974
 8181989
 8182278
 8182311
 8182460
 8182503
 8182514
 8182517
 8182524
 8182578
 8182586
 8182691
 8182831
 8182950
 8182965
 8183051
 8183105
 8183157
 8183387
 8183462
 8183488
 8183659
 8183731
 8183817
 8183847
 8184011
 8184096
 8184123
 8184186
 8184193
 8184221
 8184274
 8184364
 8184705
 8184889
 8185090
 8185115
 8185345
 8185545
 8185572
 8185597
 8185626
 8185644
 8185807
 8185836
 8186085
 8186147
 8186177
 8186778
 8186894
 8186933
 8187011
 8187045
 8187055
 8187303
 8187368
 8187493
 8187639
 8187697
 8187746
 8188148
 8188333
 8188355
 8188363
 8188366
 8188367
 8188386
 8188478
 8188557
 8188586
 8188701
 8188722
 8188757
 8188778
 8188980
 8189321
 8189366
 8189577
 8189647
 8189900
 8189961
 8190316
 8190802
 8190829
 8191109
 8191123
 8191250
 8191368
 8191596
 8191599
 8191607
 8191647
 8191675
 8191743
 8191751
 8191771
 8191828
 8192008
 8192095
 8192260
 8192272
 8192361
 8192390
 8192512
 8192762
 8192764
 8192975
 8193068
 8193249
 8193327
 8193338
 8193443
 8193476
 8193480
 8193491
 8193528
 8193942
 8194143
 8194160
 8194524
 8194765
 8194845
 8195026
 8195055
 8195232
 8195237
 8195516
 8195570
 8195734
 8195867
 8195886
 8196028
 8196079
 8196139
 8196593
 8196613
 8196636
 8196664
 8196691
 8196941
 8197022
 8197231
 8197233
 8197248
 8197313
 8197992
 8198034
 8198317
 8198539
 8198601
 8198672
 8198685
 8198703
 8198760
 8198786
 8198963
 8199469
 8199495
 8199584
 8199623
 8199662
 8199722
 8199838
 8199896
 8199912
 8200002
 8200011
 8200244
 8200314
 8200495
 8200550
 8200783
 8200816
 8200837
 8200903
 8201159
 8201167
 8201198
 8201262
 8201311
 8201382
 8201384
 8201567
 8201709
 8201858
 8201966
 8201989
 8202004
 8202016
 8202075
 8202152
 8202168
 8202192
 8202268
 8202364
 8202392
 8202516
 8202743
 8202790
 8203143
 8203228
 8203233
 8203516
 8203524
 8203539
 8203576
 8203608
 8203617
 8203743
 8203776
 8203788
 8203844
 8203849
 8203946
 8204039
 8204043
 8204308
 8204335
 8204452
 8204486
 8204857
 8205015
 8205359
 8205419
 8205442
 8205534
 8205798
 8205840
 8205842
 8205875
 8205889
 8206134
 8206213
 8206238
 8206262
 8206312
 8206471
 8206641
 8206735
 8206774
 8206808
 8206906
 8206949
 8206957
 8207073
 8207136
 8207188
 8207308
 8207347
 8207436
 8207570
 8207572
 8207954
 8207968
 8208043
 8208096
 8208170
 8208172
 8208259
 8208602
 8208677
 8208806
 8208807
 8209087
 8209131
 8209323
 8209494
 8209640
 8209792
 8209885
 8209926
 8209998
 8210003
 8210117
 8210200
 8210215
 8210226
 8210265
 8210295
 8210446
 8210500
 8210699
 8210748
 8211339
 8211402
 8211449
 8211468
 8211543
 8211757
 8211901
 8211935
 8212042
 8212061
 8212128
 8212198
 8212553
 8212898
 8213074
 8213365
 8213380
 8213442
 8213762
 8213872
 8213925
 8214113
 8214169
 8214293
 8214769
 8214909
 8215005
 8215037
 8215155
 8215244
 8215585
 8215841
 8215972
 8216021
 8216034
 8216114
 8216130
 8216137
 8216183
 8216236
 8216270
 8216344
 8216439
 8216792
 8216793
 8216930
 8216944
 8216949
 8217139
 8217145
 8217322
 8217350
 8217416
 8217867
 8218012
 8218085
 8218104
 8218167
 8218304
 8218531
 8218566
 8218850
 8218859
 8218909
 8218931
 8219030
 8219061
 8219110
 8219409
 8219491
 8219497
 8219540
 8219546
 8219610
 8219645
 8219910
 8219976
 8220127
 8220144
 8220225
 8220275
 8220431
 8220592
 8220658
 8220712
 8220741
 8221379
 8221849
 8221874
 8222260
 8222278
 8222365
 8222382
 8222400
 8222404
 8222595
 8222819
 8222882
 8222912
 8223197
 8223256
 8223475
 8223865
 8223866
 8224076
 8224077
 8224125
 8224290
 8224459
 8224689
 8224844
 8224883
 8224929
 8225188
 8225509
 8225611
 8225680
 8225730
 8226092
 8226192
 8226335
 8226435
 8226491
 8226586
 8226598
 8226628
 8226928
 8226997
 8227205
 8227207
 8227217
 8227305
 8227378
 8227411
 8227458
 8227620
 8227672
 8227698
 8227910
 8227921
 8227957
 8227981
 8228021
 8228104
 8228285
 8228390
 8228397
 8228681
 8228716
 8228718
 8228787
 8228811
 8229116
 8229122
 8229160
 8229218
 8229233
 8229409
 8229574
 8229597
 8229668
 8229782
 8229805
 8230013
 8230221
 8230334
 8230346
 8230390
 8230409
 8230444
 8230511
 8230571
 8230591
 8231008
 8231071
 8231094
 8231212
 8231263
 8231295
 8231325
 8231373
 8231485
 8231599
 8231652
 8231707
 8231772
 8231819
 8232093
 8232138
 8232311
 8232391
 8232579
 8232584
 8232632
 8232725
 8232816
 8232856
 8232917
 8232934
 8232956
 8233054
 8233090
 8233201
 8233226
 8233232
 8233297
 8233347
 8233437
 8233744
 8233924
 8234040
 8234132
 8234136
 8234313
 8234502
 8234590
 8234792
 8235218
 8235265
 8235391
 8235430
 8235475
 8235491
 8235530
 8235534
 8235595
 8235616
 8235666
 8235695
 8235879
 8235895
 8235921
 8235956
 8235971
 8236069
 8236115
 8236237
 8236502
 8236519
 8236642
 8236684
 8236724
 8236887
 8236928
 8236959
 8236967
 8236984
 8237179
 8237363
 8237442
 8237532
 8237593
 8237716
 8237747
 8237845
 8237961
 8238040
 8238081
 8238105
 8238146
 8238376
 8238455
 8238506
 8238627
 8238669
 8238700
 8238724
 8238741
 8238752
 8238826
 8238933
 8238942
 8239028
 8239278
 8239455
 8239564
 8239629
 8239697
 8239736
 8239745
 8239978
 8240008
 8240171
 8240252
 8240254
 8240635
 8240656
 8240783
 8240800
 8240929
 8240959
 8240982
 8241021
 8241280
 8241606
 8241796
 8241800
 8241876
 8242004
 8242090
 8242156
 8242214
 8242365
 8242414
 8242477
 8242495
 8242547
 8242703
 8242707
 8242838
 8242864
 8242967
 8242971
 8243218
 8243303
 8243319
 8243357
 8243386
 8243524
 8243633
 8243657
 8243672
 8243860
 8243877
 8243898
 8243982
 8244305
 8244329
 8244639
 8244968
 8245344
 8245357
 8245445
 8245455
 8245535
 8245637
 8245664
 8245844
 8245943
 8246283
 8246301
 8246342
 8246628
 8246690
 8246838
 8246844
 8247089
 8247115
 8247450
 8247502
 8247593
 8247664
 8247690
 8247738
 8247901
 8247943
 8248007
 8248118
 8248352
 8248479
 8248502
 8248508
 8248671
 8248849
 8248890
 8249031
 8249099
 8249113
 8249301
 8249307
 8249429
 8249566
 8249613
 8249881
 8250206
 8250331
 8250400
 8250413
 8250431
 8250486
 8250623
 8250624
 8251241
 8251271
 8251339
 8251378
 8251446
 8251498
 8251825
 8251901
 8251994
 8252241
 8252514
 8252589
 8252629
 8252681
 8252780
 8252850
 8252883
 8253166
 8253188
 8253259
 8253320
 8253392
 8253541
 8253590
 8253737
 8253963
 8254028
 8254057
 8254175
 8254237
 8254243
 8254261
 8254496
 8254591
 8254771
 8254931
 8254950
 8254963
 8255101
 8255393
 8255632
 8255677
 8255714
 8255768
 8255894
 8256107
 8256134
 8256176
 8256232
 8256260
 8256313
 8256372
 8256486
 8256614
 8256724
 8256726
 8256766
 8256789
 8257169
 8257215
 8257221
 8257517
 8257613
 8257693
 8257779
 8257839
 8257916
 8257919
 8257925
 8257956
 8257971
 8258035
 8258046
 8258082
 8258244
 8258421
 8258425
 8258487
 8258572
 8258760
 8258841
 8258853
 8258956
 8258986
 8259018
 8259069
 8259276
 8259610
 8260031
 8260111
 8260194
 8260285
 8260382
 8260447
 8260553
 8260580
 8260969
 8261052
 8261222
 8261272
 8261309
 8261382
 8261415
 8261609
 8261614
 8262019
 8262037
 8262289
 8262302
 8262342
 8262348
 8262469
 8262528
 8262549
 8262620
 8262628
 8262678
 8262705
 8262736
 8262837
 8262860
 8262878
 8262988
 8263067
 8263191
 8263260
 8263334
 8263397
 8263408
 8263554
 8263585
 8263795
 8263891
 8264035
 8264065
 8264160
 8264187
 8264208
 8264309
 8264799
 8264875
 8264967
 8265187
 8265243
 8265342
 8265474
 8265541
 8265647
 8265763
 8265863
 8265882
 8266069
 8266396
 8266734
 8266802
 8266809
 8266813
 8266886
 8266915
 8266979
 8267046
 8267124
 8267181
 8267412
 8267432
 8267502
 8267511
 8267648
 8267651
 8267740
 8267741
 8267921
 8267929
 8268193
 8268245
 8268261
 8268803
 8268855
 8268987
 8268998
 8269035
 8269177
 8269320
 8269324
 8269518
 8269575
 8269609
 8269832
 8269921
 8270344
 8270417
 8270448
 8270470
 8270628
 8270657
 8270809
 8271089
 8271259
 8271289
 8271668
 8271810
 8272017
 8272133
 8272162
 8272263
 8272315
 8272491
 8272785
 8273117
 8273336
 8273435
 8273491
 8273928
 8274116
 8274119
 8274230
 8274240
 8274641
 8274759
 8274900
 8274932
 8275065
 8275096
 8275154
 8275157
 8275468
 8275810
 8275981
 8276104
 8276132
 8276134
 8276213
 8276852
 8276890
 8277061
 8277093
 8277144
 8277205
 8277379
 8277399
 8277406
 8277868
 8277884
 8278252
 8278310
 8278363
 8278373
 8278605
 8278698
 8278857
 8278920
 8278993
 8279006
 8279010
 8279040
 8279055
 8279168
 8279537
 8279639
 8279884
 8279957
 8279974
 8280191
 8280226
 8280341
 8280607
 8280823
 8280971
 8281066
 8281139
 8281258
 8281330
 8281474
 8281917
 8281971
 8282055
 8282195
 8282379
 8282429
 8282446
 8282609
 8282685
 8282766
 8283057
 8283060
 8283125
 8283368
 8283545
 8283590
 8283743
 8283787
 8283900
 8283917
 8283918
 8283940
 8283991
 8284014
 8284132
 8284331
 8284340
 8284361
 8284365
 8284389
 8284406
 8284483
 8284562
 8284612
 8284693
 8284700
 8284724
 8284898
 8284906
 8284999
 8285247
 8285428
 8285469
 8285511
 8285686
 8285937
 8286064
 8286284
 8286662
 8286676
 8286770
 8286800
 8286882
 8286890
 8286917
 8286989
 8287045
 8287127
 8287199
 8287269
 8287334
 8287379
 8287554
 8287808
 8287895
 8288356
 8288493
 8288499
 8288717
 8288777
 8288782
 8288998
 8288999
 8289099
 8289155
 8289300
 8289351
 8289606
 8289674
 8289694
 8289780
 8289876
 8289906
 8289930
 8289941
 8289956
 8290042
 8290258
 8290311
 8290342
 8290380
 8290419
 8290465
 8290504
 8290560
 8290655
 8290663
 8290723
 8290793
 8290917
 8290931
 8290942
 8290962
 8291044
 8291149
 8291268
 8291313
 8291376
 8291568
 8291593
 8291623
 8291929
 8292088
 8292141
 8292494
 8292761
 8292764
 8292795
 8292818
 8292975
 8293098
 8293274
 8293275
 8293335
 8293337
 8293353
 8293410
 8293456
 8293538
 8293610
 8293645
 8293785
 8293894
 8293934
 8293946
 8293991
 8294138
 8294193
 8294239
 8294276
 8294300
 8294428
 8294479
 8294643
 8294729
 8294807
 8294973
 8295280
 8295361
 8295477
 8295655
 8295688
 8295841
 8295868
 8295874
 8296040
 8296185
 8296433
 8296450
 8296518
 8296565
 8296576
 8296784
 8297006
 8297296
 8297321
 8297387
 8297577
 8297760
 8297832
 8297885
 8298019
 8298133
 8298159
 8298275
 8298376
 8298427
 8298531
 8298650
 8298711
 8298802
 8298842
 8298857
 8299016
 8299024
 8299051
 8299076
 8299108
 8299202
 8299211
 8299279
 8299281
 8299458
 8299519
 8299713
 8299756
 8299935
 8299951
 8300119
 8300175
 8300535
 8300749
 8300912
 8301044
 8301128
 8301148
 8301190
 8301198
 8301265
 8301408
 8301624
 8301644
 8301728
 8302105
 8302222
 8302251
 8302836
 8302925
 8303013
 8303022
 8303078
 8303217
 8303608
 8303688
 8303705
 8303885
 8303936
 8304025
 8304068
 8304198
 8304305
 8304388
 8304474
 8304520
 8304536
 8304863
 8304997
 8305165
 8305168
 8305280
 8305355
 8305509
 8305555
 8305613
 8305676
 8305694
 8305706
 8305721
 8305791
 8305879
 8305932
 8306110
 8306179
 8306348
 8306412
 8306552
 8306599
 8306701
 8306749
 8306794
 8306816
 8306837
 8306861
 8306944
 8307186
 8307252
 8307402
 8307480
 8307668
 8307980
 8308131
 8308154
 8308247
 8308385
 8308871
 8308912
 8308928
 8308989
 8309012
 8309151
 8309219
 8309261
 8309291
 8309385
 8309625
 8309633
 8309943
 8310025
 8310048
 8310080
 8310195
 8310247
 8310396
 8310427
 8310502
 8310536
 8310607
 8310695
 8310772
 8310775
 8310808
 8311065
 8311078
 8311172
 8311186
 8311412
 8311487
 8311543
 8311677
 8311805
 8311837
 8311874
 8312058
 8312094
 8312137
 8312161
 8312342
 8312364
 8312494
 8312758
 8313271
 8313358
 8313510
 8313581
 8313623
 8313648
 8313721
 8313743
 8313938
 8313954
 8314058
 8314203
 8314259
 8314326
 8314339
 8314401
 8314423
 8314528
 8314544
 8314610
 8314758
 8314788
 8314791
 8314886
 8314889
 8314981
 8315102
 8315157
 8315219
 8315434
 8315512
 8315614
 8315684
 8315709
 8315798
 8315826
 8315876
 8316013
 8316053
 8316125
 8316248
 8316366
 8316762
 8317011
 8317184
 8317276
 8317374
 8317402
 8317556
 8317604
 8317744
 8317753
 8317841
 8317940
 8318029
 8318283
 8318740
 8318790
 8318928
 8319088
 8319089
 8319170
 8319189
 8319215
 8319248
 8319315
 8319349
 8319452
 8319488
 8319719
 8319903
 8320148
 8320188
 8320288
 8320362
 8320470
 8320509
 8320654
 8320656
 8320785
 8320987
 8321197
 8321306
 8321323
 8321328
 8321549
 8321680
 8321712
 8322134
 8322157
 8322230
 8322253
 8322308
 8322321
 8322406
 8322501
 8322719
 8322759
 8322822
 8322954
 8322975
 8323101
 8323344
 8323355
 8323445
 8323449
 8323570
 8323806
 8323833
 8323898
 8323999
 8324005
 8324015
 8324422
 8324598
 8324688
 8324920
 8325036
 8325177
 8325210
 8325567
 8325581
 8325708
 8325820
 8325857
 8325961
 8325996
 8326048
 8326148
 8326216
 8326391
 8326491
 8326525
 8326587
 8326618
 8326676
 8326761
 8326824
 8326833
 8326989
 8327035
 8327122
 8327493
 8327836
 8327893
 8327930
 8327936
 8327991
 8328039
 8328078
 8328082
 8328158
 8328238
 8328320
 8328389
 8328395
 8328499
 8328636
 8328711
 8328814
 8328849
 8328891
 8328938
 8329129
 8329190
 8329246
 8329466
 8329546
 8330023
 8330066
 8330139
 8330157
 8330299
 8330338
 8330339
 8330468
 8330626
 8330627
 8330968
 8330972
 8331106
 8331108
 8331193
 8331527
 8331769
 8331801
 8331863
 8331870
 8331969
 8332228
 8332456
 8332607
 8332630
 8332693
 8332753
 8332920
 8332965
 8333033
 8333486
 8333513
 8333578
 8333604
 8333649
 8333651
 8333667
 8333721
 8333774
 8333821
 8333904
 8334115
 8334136
 8334311
 8334353
 8334387
 8334410
 8334445
 8334461
 8334476
 8334915
 8335081
 8335114
 8335136
 8335198
 8335289
 8335471
 8335473
 8335713
 8335756
 8335772
 8335838
 8335839
 8335863
 8335865
 8335911
 8335970
 8335976
 8336056
 8336085
 8336297
 8336483
 8336566
 8336586
 8336757
 8336923
 8336933
 8337197
 8337235
 8337277
 8337422
 8337483
 8337490
 8337590
 8337695
 8337696
 8338264
 8338285
 8338388
 8338449
 8338451
 8338460
 8338513
 8338590
 8338694
 8338750
 8338869
 8338974
 8338987
 8339079
 8339131
 8339301
 8339602
 8339651
 8339796
 8339931
 8339977
 8340014
 8340205
 8340264
 8340322
 8340354
 8340418
 8340534
 8340700
 8341072
 8341118
 8341169
 8341176
 8341178
 8341206
 8341217
 8341286
 8341294
 8341342
 8341368
 8341598
 8341599
 8341611
 8341627
 8341643
 8342282
 8342373
 8342407
 8342411
 8342493
 8342601
 8342848
 8343079
 8343099
 8343124
 8343197
 8343259
 8343588
 8343635
 8343687
 8343978
 8344022
 8344049
 8344225
 8344240
 8344249
 8344341
 8344437
 8344442
 8344473
 8344491
 8344611
 8344643
 8344667
 8344902
 8344953
 8344969
 8345079
 8345130
 8345163
 8345197
 8345248
 8345407
 8345415
 8345513
 8345879
 8346250
 8346501
 8346535
 8346584
 8346632
 8346661
 8346673
 8346764
 8346839
 8346857
 8346912
 8347072
 8347084
 8347088
 8347241
 8347299
 8347350
 8347358
 8347475
 8347564
 8348087
 8348227
 8348265
 8348455
 8348518
 8348596
 8348632
 8348766
 8348819
 8349202
 8349319
 8349466
 8349537
 8349550
 8349568
 8349631
 8349651
 8349679
 8349774
 8349844
 8349857
 8349937
 8350096
 8350264
 8350293
 8350467
 8350566
 8350573
 8350621
 8350696
 8350699
 8350737
 8351018
 8351144
 8351385
 8351429
 8351543
 8351569
 8351817
 8351859
 8351962
 8352010
 8352146
 8352148
 8352165
 8352186
 8352285
 8352442
 8352486
 8352559
 8352597
 8352704
 8352820
 8353226
 8353238
 8353252
 8353334
 8353452
 8353475
 8353562
 8353708
 8353727
 8353792
 8353828
 8353931
 8353935
 8354043
 8354099
 8354172
 8354255
 8354373
 8354425
 8354514
 8354519
 8354529
 8354778
 8354990
 8354994
 8355057
 8355160
 8355197
 8355507
 8355517
 8355560
 8355810
 8355839
 8355888
 8355938
 8355986
 8356029
 8356085
 8356093
 8356116
 8356392
 8356420
 8356555
 8356566
 8356761
 8356822
 8356855
 8357467
 8357519
 8357588
 8357620
 8357812
 8357891
 8357933
 8357958
 8358104
 8358163
 8358241
 8358255
 8358288
 8358290
 8358377
 8358447
 8358625
 8358860
 8358885
 8358961
 8358969
 8359029
 8359085
 8359349
 8359404
 8359459
 8359565
 8359673
 8359823
 8359880
 8360072
 8360094
 8360389
 8360445
 8360519
 8360531
 8360919
 8361179
 8361286
 8361423
 8361444
 8361549
 8361597
 8361672
 8361791
 8361816
 8361858
 8361885
 8361909
 8361933
 8361944
 8361999
 8362104
 8362105
 8362108
 8362122
 8362197
 8362452
 8362721
 8362756
 8362805
 8363006
 8363037
 8363053
 8363183
 8363384
 8363478
 8363515
 8363681
 8363866
 8364085
 8364252
 8364378
 8364489
 8364503
 8364663
 8364829
 8364863
 8365081
 8365084
 8365124
 8365258
 8365433
 8365467
 8365469
 8365470
 8365471
 8365489
 8365550
 8365618
 8365625
 8365925
 8366098
 8366122
 8366284
 8366326
 8366337
 8366344
 8366434
 8366473
 8366485
 8366518
 8366554
 8366745
 8366808
 8366862
 8366989
 8367113
 8367149
 8367159
 8367261
 8367337
 8367425
 8367533
 8367621
 8367623
 8367947
 8368009
 8368078
 8368160
 8368167
 8368355
 8368628
 8368704
 8368728
 8368790
 8368914
 8368964
 8368995
 8369052
 8369103
 8369256
 8369275
 8369351
 8369364
 8369399
 8369663
 8369720
 8369756
 8369817
 8369829
 8369855
 8370294
 8370309
 8370317
 8370522
 8370525
 8370574
 8370644
 8370711
 8370788
 8370798
 8370851
 8370917
 8370924
 8371063
 8371085
 8371491
 8371496
 8371515
 8371593
 8371712
 8371773
 8371790
 8371824
 8371933
 8371945
 8372050
 8372211
 8372327
 8372340
 8372441
 8372509
 8372773
 8372860
 8372897
 8372905
 8372934
 8373035
 8373109
 8373110
 8373248
 8373353
 8373403
 8373484
 8373632
 8373711
 8373803
 8374117
 8374207
 8374240
 8374329
 8374385
 8374388
 8374576
 8374581
 8374665
 8374761
 8374764
 8375020
 8375059
 8375098
 8375124
 8375209
 8375410
 8375424
 8375637
 8375659
 8375668
 8375732
 8375823
 8375833
 8375862
 8376019
 8376440
 8376545
 8376717
 8376868
 8377004
 8377140
 8377207
 8377238
 8377251
 8377266
 8377283
 8377363
 8377373
 8377412
 8377461
 8377489
 8377651
 8377686
 8377729
 8378007
 8378056
 8378077
 8378157
 8378162
 8378194
 8378225
 8378293
 8378338
 8378380
 8378465
 8378558
 8378563
 8378641
 8378701
 8378755
 8379051
 8379296
 8379303
 8379335
 8379346
 8379396
 8379503
 8379518
 8379595
 8379643
 8379701
 8379794
 8379854
 8380047
 8380151
 8380172
 8380376
 8380382
 8380467
 8380629
 8380816
 8380907
 8380960
 8381132
 8381543
 8381569
 8381631
 8381652
 8381746
 8381877
 8381964
 8382095
 8382121
 8382703
 8382867
 8382882
 8382975
 8383000
 8383020
 8383045
 8383064
 8383081
 8383264
 8383300
 8383449
 8383469
 8383662
 8383721
 8384078
 8384242
 8384290
 8384351
 8384474
 8384518
 8384626
 8384700
 8384806
 8384882
 8384920
 8385006
 8385013
 8385099
 8385257
 8385364
 8385394
 8385687
 8385805
 8385839
 8386225
 8386298
 8386326
 8386352
 8386563
 8387010
 8387178
 8387246
 8387250
 8387307
 8387320
 8387338
 8387387
 8387449
 8387515
 8387816
 8388013
 8388048
 8388096
 8388110
 8388248
 8388253
 8388327
 8388583
 8388731
 8388789
 8388847
 8388999
 8389105
 8389132
 8389199
 8389228
 8389278
 8389358
 8389359
 8389603
 8389610
 8389635
 8389655
 8389737
 8389790
 8389813
 8390017
 8391074
 8391086
 8391271
 8391522
 8391526
 8391676
 8391739
 8391937
 8391952
 8392241
 8392245
 8392291
 8392293
 8392299
 8392333
 8392365
 8392484
 8392509
 8392531
 8392539
 8392594
 8392635
 8392643
 8392739
 8392780
 8392819
 8392821
 8392824
 8392833
 8392868
 8392923
 8392973
 8393158
 8393640
 8393727
 8393751
 8393873
 8394162
 8394172
 8394285
 8394491
 8394519
 8394551
 8394574
 8394645
 8394677
 8394876
 8395007
 8395042
 8395125
 8395135
 8395343
 8395520
 8395603
 8395618
 8395651
 8395763
 8396133
 8396375
 8396394
 8396523
 8396604
 8396641
 8397049
 8397414
 8397476
 8397498
 8397542
 8397685
 8397718
 8397813
 8397820
 8397926
 8397961
 8398104
 8398129
 8398151
 8398527
 8398553
 8398590
 8398697
 8398708
 8399125
 8399139
 8399423
 8399845
 8399864
 8399911
 8400002
 8400019
 8400036
 8400071
 8400300
 8400455
 8400865
 8401062
 8401193
 8401248
 8401331
 8401475
 8401800
 8401923
 8401947
 8401995
 8402169
 8402199
 8402343
 8402722
 8402740
 8402746
 8402834
 8402848
 8402876
 8402912
 8402998
 8403171
 8403385
 8403655
 8403662
 8403691
 8403719
 8403816
 8403958
 8403990
 8404061
 8404095
 8404109
 8404324
 8404367
 8404444
 8404478
 8404568
 8404708
 8404721
 8404745
 8404790
 8404804
 8404941
 8405018
 8405060
 8405148
 8405197
 8405243
 8405248
 8405428
 8405555
 8405562
 8405708
 8406009
 8406229
 8406409
 8406444
 8406562
 8406569
 8406595
 8406686
 8406788
 8406883
 8406958
 8407041
 8407060
 8407064
 8407124
 8407180
 8407187
 8407651
 8407691
 8407741
 8407762
 8407808
 8407906
 8407917
 8407963
 8408189
 8408238
 8408243
 8408309
 8408344
 8408445
 8408453
 8408472
 8408514
 8408649
 8408724
 8408782
 8408855
 8408906
 8408967
 8409011
 8409338
 8409600
 8409697
 8409715
 8409745
 8409795
 8409934
 8410021
 8410503
 8410812
 8410838
 8410839
 8410845
 8410851
 8410951
 8411123
 8411128
 8411289
 8411339
 8411402
 8411442
 8411479
 8411813
 8411817
 8411921
 8412024
 8412069
 8412139
 8412194
 8412248
 8412417
 8412487
 8412773
 8412835
 8412839
 8413048
 8413095
 8413448
 8413724
 8413750
 8413782
 8413803
 8414021
 8414123
 8414414
 8414755
 8414825
 8414865
 8415018
 8415041
 8415326
 8415342
 8415522
 8415574
 8415611
 8415887
 8415906
 8415956
 8416117
 8416202
 8416308
 8416490
 8416519
 8416626
 8416639
 8416727
 8416902
 8416971
 8416982
 8417239
 8417336
 8417588
 8417676
 8417702
 8417742
 8417963
 8418070
 8418071
 8418075
 8418131
 8418178
 8418191
 8418295
 8418342
 8418458
 8418472
 8418549
 8418623
 8418769
 8418790
 8418908
 8418939
 8419146
 8419485
 8419731
 8419761
 8419907
 8419928
 8420072
 8420078
 8420159
 8420377
 8420552
 8420568
 8420715
 8420858
 8420861
 8420888
 8420947
 8421064
 8421255
 8421366
 8421414
 8421445
 8421486
 8421497
 8421951
 8422007
 8422031
 8422045
 8422087
 8422163
 8422403
 8422567
 8422603
 8422662
 8422680
 8422891
 8423069
 8423186
 8423289
 8423347
 8423436
 8423492
 8423741
 8423744
 8423775
 8423862
 8424110
 8424156
 8424189
 8424200
 8424288
 8424405
 8424686
 8424717
 8424718
 8424731
 8424806
 8425003
 8425155
 8425202
 8425343
 8425555
 8425915
 8425916
 8425998
 8426107
 8426254
 8426393
 8426632
 8426821
 8426932
 8427004
 8427041
 8427081
 8427124
 8427258
 8427288
 8427371
 8427464
 8427544
 8427563
 8427741
 8427864
 8427972
 8428022
 8428029
 8428046
 8428064
 8428286
 8428398
 8428549
 8428621
 8428895
 8429163
 8429191
 8429472
 8429491
 8429695
 8429731
 8429759
 8429908
 8429959
 8429998
 8430198
 8430282
 8430315
 8430340
 8430374
 8430687
 8430740
 8430841
 8430870
 8430874
 8430967
 8430976
 8431028
 8431165
 8431177
 8431309
 8431361
 8431517
 8431534
 8431643
 8431665
 8431684
 8431775
 8431839
 8431910
 8432010
 8432166
 8432241
 8432250
 8432303
 8432330
 8432377
 8432396
 8432410
 8432428
 8432672
 8432689
 8432690
 8432947
 8432954
 8433252
 8433653
 8433672
 8433770
 8433778
 8433799
 8433834
 8433899
 8433960
 8434291
 8434318
 8434439
 8434464
 8434609
 8434698
 8434719
 8434796
 8434844
 8434979
 8435001
 8435005
 8435019
 8435040
 8435147
 8435234
 8435249
 8435327
 8435455
 8435554
 8435728
 8436267
 8436292
 8436779
 8436782
 8436893
 8437010
 8437167
 8437262
 8437386
 8437503
 8437776
 8437799
 8437848
 8437887
 8438051
 8438054
 8438061
 8438083
 8438136
 8438507
 8438532
 8438628
 8438826
 8439080
 8439167
 8439246
 8439491
 8439714
 8439760
 8439797
 8439878
 8439900
 8440067
 8440288
 8440379
 8440544
 8440626
 8440639
 8440898
 8440938
 8441166
 8441219
 8441264
 8441315
 8441339
 8441411
 8441444
 8441572
 8441636
 8441712
 8441722
 8441725
 8441732
 8442007
 8442190
 8442250
 8442664
 8442937
 8442960
 8443032
 8443057
 8443163
 8443212
 8443290
 8443525
 8443719
 8443736
 8443758
 8443875
 8443906
 8443971
 8444021
 8444135
 8444190
 8444212
 8444272
 8444307
 8444415
 8444425
 8444655
 8444834
 8444908
 8444975
 8445278
 8445510
 8445556
 8445562
 8445697
 8445712
 8445791
 8445825
 8445856
 8445880
 8445993
 8446019
 8446411
 8446534
 8446562
 8446570
 8446749
 8446821
 8446851
 8447348
 8447467
 8447513
 8447588
 8447645
 8447698
 8447707
 8448114
 8448275
 8448395
 8448424
 8448696
 8448697
 8449171
 8449190
 8449274
 8449337
 8449375
 8449507
 8449590
 8449712
 8449736
 8449903
 8449970
 8450022
 8450074
 8450156
 8450175
 8450632
 8450730
 8450805
 8450842
 8450850
 8450904
 8451107
 8451177
 8451270
 8451291
 8451297
 8451512
 8451661
 8451819
 8451835
 8451976
 8452151
 8452164
 8452368
 8452518
 8452519
 8452776
 8452893
 8452986
 8453344
 8453554
 8453690
 8453934
 8454181
 8454271
 8454349
 8454394
 8454520
 8454610
 8454696
 8454881
 8455004
 8455222
 8455346
 8455436
 8455509
 8455621
 8455622
 8455625
 8455742
 8455920
 8455954
 8456017
 8456357
 8456684
 8456821
 8457036
 8457051
 8457252
 8457432
 8457454
 8457656
 8457948
 8457978
 8458044
 8458686
 8458816
 8459160
 8459228
 8459243
 8459283
 8459294
 8459361
 8459386
 8459464
 8459507
 8459741
 8459746
 8459780
 8459983
 8460035
 8460171
 8460332
 8460334
 8460470
 8460560
 8460567
 8460640
 8460740
 8460938
 8461056
 8461185
 8461254
 8461521
 8461552
 8461640
 8461853
 8461895
 8462109
 8462179
 8462190
 8462217
 8462219
 8462260
 8462330
 8462412
 8462650
 8462734
 8462760
 8462888
 8463062
 8463144
 8463279
 8463285
 8463343
 8463500
 8463574
 8463670
 8463781
 8463966
 8463977
 8464174
 8464460
 8464589
 8464656
 8464737
 8464857
 8464911
 8464992
 8465099
 8465110
 8465130
 8465306
 8465441
 8465538
 8465553
 8465560
 8465571
 8465587
 8465668
 8465734
 8465967
 8466011
 8466125
 8466297
 8466439
 8466443
 8466488
 8466597
 8466735
 8466795
 8466876
 8466911
 8467027
 8467053
 8467101
 8467365
 8467642
 8467649
 8467807
 8467858
 8467878
 8468133
 8468358
 8468398
 8468429
 8468502
 8468551
 8468573
 8468714
 8468768
 8468978
 8469051
 8469166
 8469578
 8469757
 8469888
 8469988
 8470169
 8470191
 8470221
 8470263
 8470294
 8470298
 8470411
 8470696
 8470703
 8470753
 8470780
 8471164
 8471235
 8471269
 8471384
 8471578
 8471638
 8471659
 8471730
 8471769
 8471777
 8471809
 8472127
 8472226
 8472242
 8472333
 8472449
 8472466
 8472506
 8472647
 8472648
 8472683
 8473161
 8473164
 8473378
 8473379
 8473454
 8473483
 8473485
 8473613
 8473717
 8473919
 8473965
 8474108
 8474245
 8474471
 8474767
 8474817
 8474853
 8474937
 8474956
 8475228
 8475520
 8475561
 8475599
 8475649
 8475773
 8475888
 8475901
 8475933
 8476030
 8476043
 8476201
 8476291
 8476497
 8476515
 8476640
 8476690
 8476949
 8476954
 8477024
 8477026
 8477101
 8477120
 8477169
 8477299
 8477416
 8477510
 8477716
 8477958
 8478008
 8478231
 8478391
 8478416
 8478434
 8478524
 8478619
 8478649
 8478963
 8479003
 8479035
 8479169
 8479175
 8479368
 8479437
 8479656
 8479721
 8479810
 8479886
 8479908
 8480134
 8480408
 8480416
 8480465
 8480487
 8480542
 8480602
 8480621
 8480699
 8480720
 8480731
 8480754
 8480808
 8480855
 8480868
 8481053
 8481080
 8481604
 8481638
 8481646
 8481679
 8481692
 8481783
 8481936
 8481987
 8481988
 8482021
 8482160
 8482339
 8482466
 8482504
 8482584
 8482831
 8482843
 8482901
 8482924
 8483085
 8483094
 8483157
 8483356
 8483634
 8483828
 8483831
 8483863
 8483918
 8484113
 8484178
 8484269
 8484300
 8484375
 8484482
 8484491
 8484548
 8484566
 8484587
 8484640
 8485172
 8485184
 8485218
 8485270
 8485272
 8485318
 8485490
 8485576
 8485616
 8485638
 8485777
 8485794
 8485822
 8486143
 8486322
 8486425
 8486711
 8487085
 8487293
 8487352
 8487361
 8487394
 8487616
 8487712
 8487862
 8487959
 8488102
 8488248
 8488259
 8488260
 8488273
 8488333
 8488572
 8488576
 8488659
 8488932
 8488948
 8489237
 8489435
 8489450
 8489551
 8489630
 8489712
 8490045
 8490146
 8490285
 8490333
 8490398
 8490502
 8490514
 8490534
 8490558
 8490619
 8490700
 8490765
 8490831
 8491189
 8491220
 8491251
 8491372
 8491605
 8491739
 8491772
 8491794
 8491831
 8491874
 8491987
 8492200
 8492253
 8492423
 8492430
 8492458
 8492479
 8492579
 8492877
 8492914
 8493050
 8493055
 8493122
 8493345
 8493375
 8493676
 8493735
 8493738
 8493989
 8493993
 8494173
 8494221
 8494295
 8494300
 8494350
 8494355
 8494401
 8494502
 8494610
 8494757
 8494806
 8495063
 8495133
 8495299
 8495449
 8495537
 8495638
 8495721
 8495808
 8495866
 8495921
 8496151
 8496254
 8496437
 8496478
 8496622
 8496686
 8496701
 8496772
 8496824
 8496847
 8496925
 8496952
 8497124
 8497203
 8497390
 8497461
 8497569
 8497724
 8497863
 8497936
 8498036
 8498084
 8498140
 8498314
 8498526
 8498545
 8498582
 8498644
 8498646
 8498672
 8498821
 8498939
 8498988
 8499107
 8499120
 8499160
 8499212
 8499359
 8499486
 8499540
 8499595
 8499797
 8499833
 8499871
 8499947
 8499985
 8500183
 8500196
 8500233
 8500514
 8500592
 8500677
 8500737
 8500745
 8501006
 8501250
 8501330
 8501476
 8501507
 8501511
 8501696
 8501751
 8501770
 8501970
 8502147
 8502279
 8502310
 8502313
 8502350
 8502383
 8502426
 8502498
 8502500
 8502514
 8502529
 8502712
 8502767
 8502816
 8503032
 8503109
 8503119
 8503408
 8503461
 8503523
 8503649
 8503703
 8503766
 8503786
 8503953
 8504062
 8504095
 8504206
 8504315
 8504473
 8504542
 8504633
 8504649
 8504693
 8504701
 8504865
 8505008
 8505071
 8505108
 8505169
 8505221
 8505237
 8505424
 8505665
 8505695
 8505718
 8505769
 8505950
 8506065
 8506120
 8506133
 8506158
 8506325
 8506531
 8506584
 8506663
 8506864
 8506939
 8507188
 8507202
 8507380
 8507482
 8507564
 8507586
 8507745
 8507800
 8507808
 8507850
 8507972
 8508162
 8508190
 8508216
 8508219
 8508332
 8508372
 8508606
 8508827
 8508880
 8508885
 8508899
 8508909
 8508929
 8509066
 8509111
 8510066
 8510103
 8510108
 8510176
 8510194
 8510361
 8510442
 8510452
 8510505
 8510560
 8510729
 8510769
 8510776
 8510934
 8511029
 8511073
 8511173
 8511251
 8511276
 8511339
 8511343
 8511701
 8511710
 8511800
 8511806
 8512105
 8512147
 8512160
 8512209
 8512433
 8512464
 8512506
 8512689
 8512931
 8512938
 8513620
 8513630
 8513690
 8514003
 8514183
 8514524
 8514840
 8514860
 8514989
 8515008
 8515017
 8515019
 8515104
 8515111
 8515180
 8515504
 8515571
 8515573
 8515666
 8515696
 8515758
 8515770
 8515874
 8516029
 8516128
 8516316
 8516332
 8516373
 8516426
 8516504
 8516554
 8516630
 8516690
 8516725
 8516770
 8517178
 8517269
 8517276
 8517373
 8517391
 8517403
 8517407
 8517416
 8517421
 8517759
 8518014
 8518043
 8518278
 8518440
 8518498
 8518540
 8518614
 8518663
 8518708
 8518961
 8519327
 8519336
 8519345
 8519525
 8519624
 8519711
 8519945
 8520130
 8520143
 8520250
 8520312
 8520491
 8520631
 8520785
 8520805
 8521236
 8521308
 8521473
 8521596
 8521626
 8521669
 8521865
 8522001
 8522016
 8522137
 8522177
 8522942
 8523264
 8523351
 8523353
 8523456
 8523485
 8523492
 8523517
 8523577
 8523615
 8523862
 8524466
 8524618
 8524777
 8525062
 8525323
 8525582
 8525698
 8525744
 8525766
 8525773
 8525934
 8526028
 8526029
 8526062
 8526149
 8526286
 8526316
 8526440
 8526528
 8526582
 8526585
 8526773
 8526821
 8527072
 8527075
 8527189
 8527458
 8527526
 8527988
 8528168
 8528194
 8528249
 8528312
 8528318
 8528332
 8528390
 8528496
 8528531
 8528619
 8529048
 8529108
 8529139
 8529221
 8529273
 8529327
 8529596
 8529649
 8529754
 8530116
 8530472
 8530686
 8530783
 8530820
 8530950
 8531026
 8531116
 8531168
 8531224
 8531256
 8531506
 8531778
 8532014
 8532137
 8532291
 8532405
 8532434
 8532566
 8532583
 8532694
 8532752
 8532982
 8533034
 8533314
 8533399
 8533411
 8533542
 8533716
 8533771
 8533919
 8534421
 8534836
 8535166
 8535200
 8535306
 8535504
 8535529
 8535542
 8535630
 8535767
 8535848
 8535965
 8536002
 8536070
 8536083
 8536211
 8536258
 8536352
 8536433
 8536556
 8536584
 8536733
 8536939
 8537025
 8537044
 8537157
 8537178
 8537245
 8537391
 8537473
 8537558
 8537648
 8537929
 8538411
 8538529
 8538533
 8538617
 8538749
 8538836
 8538885
 8538970
 8539071
 8539121
 8539344
 8539356
 8539380
 8539484
 8539532
 8539560
 8539571
 8539904
 8539929
 8539962
 8540094
 8540276
 8540374
 8540404
 8540499
 8540512
 8540580
 8540748
 8540759
 8540848
 8540861
 8541334
 8541335
 8541633
 8541751
 8541777
 8541919
 8542202
 8542218
 8542302
 8542679
 8542799
 8542887
 8542933
 8543388
 8543738
 8543793
 8543805
 8543879
 8543948
 8544057
 8544124
 8544133
 8544161
 8544261
 8544355
 8544418
 8544472
 8545174
 8545220
 8545308
 8545513
 8545543
 8545599
 8545619
 8545778
 8545804
 8545889
 8545946
 8546149
 8546222
 8546251
 8546882
 8546926
 8546962
 8546965
 8547234
 8547409
 8547491
 8547645
 8547659
 8547728
 8547745
 8547783
 8547896
 8547955
 8548058
 8548297
 8548444
 8548449
 8548495
 8548509
 8548649
 8548655
 8548842
 8549008
 8549282
 8549401
 8549439
 8549546
 8549631
 8549662
 8549704
 8549730
 8549859
 8549893
 8550119
 8550158
 8550212
 8550516
 8550642
 8550909
 8551020
 8551043
 8551318
 8551333
 8551426
 8551427
 8551463
 8551579
 8551624
 8551656
 8551900
 8551909
 8552007
 8552059
 8552091
 8552098
 8552127
 8552194
 8552299
 8552401
 8552434
 8552455
 8552553
 8552735
 8552983
 8553154
 8553398
 8553556
 8553571
 8553696
 8553729
 8553752
 8553772
 8553829
 8553929
 8553972
 8553973
 8554370
 8554374
 8554385
 8554413
 8554596
 8554656
 8554734
 8554857
 8554971
 8555005
 8555104
 8555259
 8555361
 8555466
 8555515
 8555655
 8555794
 8555813
 8555887
 8555943
 8556122
 8556700
 8556745
 8557061
 8557158
 8557169
 8557300
 8557322
 8557346
 8557447
 8557469
 8557487
 8557607
 8557766
 8557821
 8557974
 8558047
 8558185
 8558352
 8558605
 8558982
 8559029
 8559041
 8559058
 8559125
 8559188
 8559257
 8559279
 8559405
 8559429
 8559483
 8559546
 8559604
 8559739
 8559920
 8560035
 8560333
 8560371
 8560382
 8560400
 8560481
 8560493
 8560678
 8560701
 8560715
 8560865
 8561003
 8561366
 8561499
 8561508
 8561535
 8561777
 8561786
 8561987
 8562013
 8562168
 8562302
 8562331
 8562335
 8562381
 8562686
 8562762
 8562873
 8562901
 8563090
 8563298
 8563389
 8563536
 8563558
 8563565
 8563681
 8563788
 8563913
 8563954
 8564159
 8564178
 8564276
 8564325
 8564437
 8564624
 8564923
 8565308
 8565553
 8565561
 8565567
 8565628
 8565658
 8565833
 8565862
 8565907
 8565992
 8566004
 8566070
 8566526
 8566900
 8567052
 8567124
 8567254
 8567367
 8567608
 8567628
 8567752
 8567806
 8567973
 8568177
 8568331
 8568368
 8568393
 8568434
 8568524
 8568582
 8568621
 8568911
 8569153
 8569177
 8569374
 8569557
 8569673
 8569876
 8569916
 8570004
 8570062
 8570380
 8570478
 8570566
 8570768
 8570810
 8570982
 8571069
 8571152
 8571290
 8571335
 8571348
 8571434
 8571508
 8571661
 8572021
 8572079
 8572093
 8572143
 8572363
 8572521
 8572544
 8572686
 8572689
 8572776
 8572802
 8572835
 8572876
 8572928
 8573001
 8573065
 8573214
 8573249
 8573445
 8573579
 8573662
 8573670
 8573831
 8573878
 8573914
 8574035
 8574071
 8574570
 8574791
 8574860
 8574998
 8575235
 8575259
 8575276
 8575337
 8575414
 8575454
 8575518
 8575577
 8575766
 8575897
 8575968
 8576051
 8576105
 8576245
 8576312
 8576375
 8576439
 8576502
 8576676
 8576728
 8576735
 8576818
 8576842
 8576849
 8576915
 8577177
 8577255
 8577638
 8577735
 8577816
 8577833
 8577858
 8577909
 8577921
 8577966
 8578038
 8578051
 8578132
 8578184
 8578454
 8578462
 8578592
 8578702
 8578734
 8579206
 8579557
 8579572
 8579796
 8579821
 8579840
 8579865
 8580033
 8580102
 8580302
 8580570
 8580581
 8580638
 8580805
 8580917
 8581019
 8581415
 8581459
 8581696
 8581773
 8581788
 8581801
 8581818
 8582006
 8582216
 8582261
 8582721
 8583013
 8583035
 8583247
 8583254
 8583369
 8583374
 8583406
 8583424
 8583487
 8583508
 8583521
 8583754
 8583901
 8583945
 8583957
 8584012
 8584062
 8584078
 8584127
 8584143
 8584173
 8584174
 8584290
 8584392
 8584633
 8584983
 8585119
 8585333
 8585370
 8585393
 8585417
 8585557
 8585580
 8585626
 8586122
 8586144
 8586222
 8586299
 8586310
 8586320
 8586365
 8586484
 8586491
 8586779
 8586806
 8586856
 8586898
 8587034
 8587078
 8587083
 8587155
 8587366
 8587439
 8587549
 8587642
 8587768
 8587786
 8587802
 8587817
 8588013
 8588067
 8588184
 8588200
 8588217
 8588478
 8588479
 8588577
 8588584
 8588704
 8588797
 8588866
 8588905
 8589444
 8589477
 8589490
 8589528
 8589551
 8589730
 8589785
 8589788
 8589852
 8589954
 8590034
 8590093
 8590246
 8590266
 8590389
 8590527
 8591002
 8591137
 8591172
 8591189
 8591191
 8591228
 8591474
 8591771
 8591786
 8591827
 8591859
 8591995
 8591998
 8592008
 8592143
 8592148
 8592170
 8592310
 8592490
 8592505
 8592691
 8592724
 8592759
 8592827
 8592886
 8592920
 8593060
 8593087
 8593231
 8593423
 8593444
 8593446
 8593513
 8593679
 8593711
 8593718
 8593765
 8593767
 8593833
 8593954
 8594047
 8594166
 8594198
 8594486
 8594709
 8594795
 8594917
 8595128
 8595448
 8595482
 8595603
 8595639
 8595648
 8595652
 8595657
 8595727
 8595980
 8596183
 8596324
 8596440
 8596454
 8596479
 8596502
 8596726
 8596855
 8596862
 8596870
 8596914
 8596929
 8596946
 8597062
 8597177
 8597186
 8597365
 8597566
 8597867
 8598126
 8598181
 8598291
 8598404
 8598436
 8598457
 8598617
 8598647
 8598908
 8598948
 8598968
 8599026
 8599113
 8599158
 8599193
 8599212
 8599254
 8599337
 8599443
 8599447
 8599564
 8599579
 8599741
 8599772
 8599823
 8599871
 8599950
 8599984
 8600009
 8600111
 8600424
 8600428
 8600444
 8600466
 8600488
 8600715
 8600798
 8600914
 8601009
 8601112
 8601170
 8601393
 8601448
 8601510
 8601801
 8601838
 8601860
 8602026
 8602043
 8602071
 8602297
 8602320
 8602382
 8602579
 8602641
 8602701
 8602765
 8602816
 8602832
 8603118
 8603286
 8603358
 8603408
 8603607
 8603608
 8603697
 8603885
 8604040
 8604065
 8604108
 8604117
 8604242
 8604289
 8604380
 8604587
 8604644
 8604702
 8604755
 8604917
 8604933
 8604960
 8604961
 8605038
 8605137
 8605348
 8605394
 8605432
 8605802
 8606053
 8606126
 8606140
 8606246
 8606346
 8606442
 8606539
 8606634
 8606839
 8606921
 8606967
 8607048
 8607111
 8607122
 8607137
 8607325
 8607437
 8607529
 8607542
 8607684
 8607806
 8607863
 8607867
 8608053
 8608064
 8608105
 8608199
 8608318
 8608370
 8608476
 8608493
 8608555
 8608847
 8609046
 8609055
 8609225
 8609363
 8609372
 8609503
 8609616
 8609632
 8609898
 8609995
 8610102
 8610139
 8610202
 8610221
 8610224
 8610387
 8610571
 8610730
 8610958
 8611024
 8611038
 8611144
 8611176
 8611303
 8611440
 8611621
 8611627
 8611674
 8611708
 8611881
 8611936
 8611963
 8611973
 8611995
 8612153
 8612216
 8612407
 8612607
 8612679
 8612705
 8612951
 8613254
 8613451
 8613455
 8613503
 8613518
 8613667
 8613668
 8613683
 8613745
 8613757
 8613795
 8613905
 8613963
 8614056
 8614082
 8614265
 8614355
 8614405
 8614449
 8614735
 8614737
 8614788
 8614796
 8614849
 8614992
 8615372
 8615454
 8615587
 8615685
 8615774
 8615986
 8616266
 8616282
 8616306
 8616558
 8616591
 8616653
 8616725
 8617082
 8617236
 8617243
 8617305
 8617400
 8617468
 8617540
 8617549
 8617595
 8617673
 8617753
 8617957
 8617994
 8618014
 8618051
 8618381
 8618468
 8618852
 8618910
 8618987
 8619039
 8619118
 8619134
 8619368
 8619663
 8619811
 8619828
 8620151
 8620273
 8620288
 8620536
 8620612
 8620632
 8620710
 8620744
 8620832
 8621129
 8621151
 8621244
 8621247
 8621633
 8621645
 8621704
 8621915
 8622459
 8622500
 8622560
 8622632
 8622666
 8622680
 8622704
 8622714
 8622719
 8622778
 8622796
 8622961
 8622966
 8623031
 8623124
 8623182
 8623250
 8623255
 8623518
 8623592
 8623809
 8624152
 8624177
 8624203
 8624210
 8624452
 8624539
 8624565
 8624724
 8624781
 8624853
 8624891
 8625021
 8625144
 8625240
 8625309
 8625372
 8625519
 8625705
 8626217
 8626285
 8626475
 8626494
 8626684
 8626719
 8626750
 8626924
 8626973
 8627117
 8627144
 8627377
 8627488
 8627917
 8628259
 8628268
 8628451
 8628546
 8628618
 8628624
 8628640
 8628674
 8628848
 8629070
 8629087
 8629211
 8629407
 8629601
 8629621
 8629683
 8629745
 8629819
 8629834
 8629983
 8629990
 8630079
 8630127
 8630154
 8630253
 8630314
 8630411
 8630682
 8630890
 8630905
 8631071
 8631824
 8631995
 8632017
 8632113
 8632149
 8632237
 8632361
 8632412
 8632428
 8632520
 8632568
 8632780
 8632854
 8633304
 8633391
 8633605
 8633674
 8633817
 8634333
 8634360
 8634468
 8634700
 8634703
 8634769
 8634772
 8634807
 8634940
 8635059
 8635296
 8635495
 8635737
 8635791
 8635839
 8635847
 8635858
 8635917
 8635958
 8636007
 8636164
 8636399
 8636508
 8636566
 8636659
 8636765
 8636793
 8636934
 8637113
 8637223
 8637563
 8637593
 8637630
 8637725
 8637804
 8637885
 8638183
 8638226
 8638542
 8638713
 8638904
 8639073
 8639152
 8639234
 8639258
 8639297
 8639453
 8639457
 8639496
 8639533
 8639560
 8639644
 8639742
 8639894
 8640040
 8640427
 8640540
 8640608
 8640732
 8640737
 8640798
 8640825
 8640905
 8641001
 8641165
 8641171
 8641266
 8641352
 8641752
 8641767
 8642025
 8642118
 8642506
 8642507
 8642594
 8642624
 8642673
 8642796
 8642936
 8643182
 8643492
 8643497
 8643595
 8643772
 8643986
 8644194
 8644201
 8644302
 8644303
 8644394
 8644624
 8644683
 8644750
 8644808
 8645084
 8645155
 8645644
 8645810
 8645963
 8646619
 8646730
 8646993
 8647085
 8647128
 8647303
 8647310
 8647338
 8647349
 8647493
 8647755
 8647897
 8647977
 8648005
 8648044
 8648061
 8648136
 8648162
 8648319
 8648351
 8648533
 8648659
 8648987
 8649376
 8649391
 8649462
 8649463
 8649560
 8649730
 8649744
 8649769
 8649902
 8649999
 8650118
 8650180
 8650260
 8650287
 8650353
 8650405
 8650548
 8650816
 8650850
 8651085
 8651103
 8651165
 8651243
 8651266
 8651288
 8651441
 8651533
 8651571
 8651625
 8651656
 8651719
 8651731
 8651734
 8651772
 8651829
 8651880
 8651959
 8652040
 8652053
 8652182
 8652241
 8652254
 8652468
 8652608
 8652652
 8652953
 8652985
 8653108
 8653198
 8653208
 8653279
 8653534
 8653785
 8653824
 8654040
 8654122
 8654186
 8654268
 8654349
 8654388
 8654510
 8654578
 8654580
 8654617
 8654632
 8654865
 8654959
 8655186
 8655404
 8655574
 8655577
 8655589
 8655640
 8655663
 8655758
 8655787
 8655826
 8656067
 8656123
 8656326
 8656449
 8656467
 8656537
 8656639
 8656689
 8656998
 8657094
 8657180
 8657242
 8657328
 8657428
 8657562
 8657661
 8657676
 8657774
 8657988
 8658248
 8658454
 8658514
 8658581
 8658755
 8658761
 8659001
 8659079
 8659098
 8659111
 8659281
 8659540
 8659586
 8659640
 8659651
 8659695
 8659836
 8660123
 8660253
 8660261
 8660280
 8660709
 8660882
 8660918
 8661005
 8661071
 8661163
 8661202
 8661259
 8661309
 8661339
 8661463
 8661478
 8662009
 8662036
 8662045
 8662052
 8662062
 8662113
 8662117
 8662130
 8662224
 8662254
 8662404
 8662555
 8662584
 8662635
 8662712
 8662840
 8662858
 8662884
 8662987
 8663047
 8663172
 8663232
 8663309
 8663549
 8663675
 8663930
 8664088
 8664482
 8664636
 8664735
 8664761
 8664803
 8664913
 8664997
 8665239
 8665353
 8665536
 8665588
 8665606
 8665787
 8665909
 8666140
 8666179
 8666321
 8666368
 8666475
 8666494
 8666508
 8666539
 8666823
 8666831
 8666925
 8666975
 8667012
 8667104
 8667361
 8667401
 8667629
 8667817
 8667857
 8667861
 8668131
 8668178
 8668181
 8668286
 8668668
 8668749
 8668771
 8668786
 8668811
 8668837
 8668866
 8668888
 8668967
 8668971
 8669026
 8669037
 8669053
 8669278
 8669309
 8669401
 8669574
 8669680
 8669787
 8669809
 8669906
 8669914
 8670009
 8670209
 8670261
 8670345
 8670500
 8670566
 8670585
 8670598
 8670618
 8670627
 8670666
 8670685
 8670728
 8670779
 8670809
 8671049
 8671066
 8671089
 8671096
 8671099
 8671251
 8671310
 8671358
 8671424
 8671437
 8671613
 8671764
 8671983
 8672002
 8672112
 8672118
 8672219
 8672338
 8672356
 8672573
 8672598
 8672741
 8672782
 8672952
 8672961
 8673344
 8673376
 8673544
 8673564
 8673827
 8674006
 8674431
 8674751
 8674840
 8674892
 8674936
 8675040
 8675062
 8675073
 8675128
 8675187
 8675194
 8675291
 8675468
 8675621
 8675655
 8675698
 8675706
 8675768
 8675799
 8675855
 8675911
 8676115
 8676126
 8676149
 8676232
 8676356
 8676577
 8676754
 8677162
 8677215
 8677257
 8677281
 8677457
 8677482
 8677562
 8677772
 8677810
 8677834
 8678117
 8678189
 8678345
 8678512
 8678587
 8678609
 8678610
 8678665
 8678803
 8678945
 8679004
 8679208
 8679236
 8679395
 8679490
 8679566
 8679585
 8679601
 8679629
 8679700
 8679746
 8679981
 8680012
 8680036
 8680255
 8680263
 8680265
 8680396
 8680581
 8680653
 8680730
 8680782
 8680845
 8680858
 8680900
 8681031
 8681160
 8681222
 8681548
 8681579
 8681663
 8681816
 8681838
 8682157
 8682184
 8682212
 8682268
 8682276
 8682338
 8682431
 8682446
 8682454
 8682483
 8682549
 8682563
 8682844
 8682865
 8683360
 8683455
 8683483
 8683587
 8683631
 8683867
 8684259
 8684500
 8684586
 8684880
 8684995
 8684996
 8685424
 8685425
 8685448
 8685532
 8685682
 8685686
 8685712
 8685771
 8685851
 8686040
 8686182
 8686184
 8686285
 8686328
 8686394
 8686482
 8686557
 8686608
 8686816
 8686947
 8687010
 8687064
 8687141
 8687199
 8687290
 8687387
 8687423
 8687527
 8687641
 8687656
 8687775
 8687880
 8688135
 8688155
 8688359
 8688565
 8688713
 8688809
 8688862
 8688899
 8688975
 8689093
 8689200
 8689270
 8689311
 8689328
 8689617
 8689729
 8689782
 8689820
 8689942
 8690044
 8690188
 8690352
 8690462
 8690679
 8691160
 8691214
 8691219
 8691240
 8691349
 8691540
 8691563
 8691752
 8691822
 8692062
 8692081
 8692110
 8692149
 8692172
 8692263
 8692284
 8692476
 8692688
 8692752
 8692901
 8693166
 8693434
 8693724
 8694022
 8694054
 8694107
 8694210
 8694217
 8694229
 8694265
 8694268
 8694641
 8694727
 8694742
 8694808
 8694870
 8694899
 8694906
 8694977
 8695053
 8695130
 8695135
 8695351
 8695439
 8695652
 8695961
 8696021
 8696081
 8696156
 8696173
 8696249
 8696502
 8696638
 8696642
 8696984
 8697101
 8697374
 8697435
 8697443
 8697464
 8697570
 8697582
 8697719
 8697802
 8697811
 8697845
 8697854
 8697905
 8698229
 8698279
 8698310
 8698381
 8698420
 8698707
 8699062
 8699158
 8699178
 8699344
 8699563
 8699652
 8699901
 8699906
 8699986
 8699987
 8700003
 8700051
 8700213
 8700225
 8700231
 8700235
 8700458
 8700503
 8700505
 8700785
 8700868
 8700888
 8700969
 8700981
 8701004
 8701117
 8701265
 8701293
 8701307
 8701376
 8701556
 8701698
 8701730
 8701856
 8701980
 8702066
 8702098
 8702114
 8702406
 8702577
 8702595
 8702606
 8702829
 8702997
 8703034
 8703256
 8703337
 8703380
 8703393
 8703741
 8703846
 8703920
 8703922
 8703957
 8704053
 8704241
 8704317
 8704348
 8704387
 8704429
 8704456
 8704505
 8704540
 8704596
 8704657
 8704660
 8704737
 8704788
 8704919
 8704998
 8705619
 8705704
 8706090
 8706534
 8706638
 8706737
 8707213
 8707299
 8707316
 8707398
 8707433
 8707486
 8707502
 8707510
 8707869
 8708017
 8708053
 8708186
 8708198
 8708349
 8708352
 8708373
 8708395
 8708475
 8708506
 8708560
 8708754
 8708807
 8708962
 8709063
 8709199
 8709253
 8709296
 8709317
 8709442
 8709447
 8709480
 8709548
 8709602
 8709615
 8709785
 8709931
 8709962
 8710006
 8710012
 8710159
 8710178
 8710256
 8710355
 8710412
 8710426
 8710651
 8710703
 8710729
 8710902
 8710996
 8711055
 8711160
 8711224
 8711258
 8711318
 8711393
 8711476
 8711612
 8711798
 8711891
 8712119
 8712215
 8712534
 8712778
 8712897
 8712939
 8713044
 8713046
 8713432
 8713507
 8713604
 8713807
 8713862
 8714033
 8714096
 8714408
 8714561
 8714925
 8714993
 8714996
 8715210
 8715219
 8715418
 8715467
 8715468
 8715495
 8715513
 8715539
 8715616
 8715711
 8715735
 8715807
 8715808
 8715833
 8715883
 8715884
 8715917
 8716131
 8716242
 8716328
 8716395
 8716423
 8716447
 8716636
 8716678
 8716987
 8717056
 8717236
 8717242
 8717267
 8717268
 8717292
 8717413
 8717654
 8717716
 8717749
 8717791
 8717800
 8717814
 8717815
 8717928
 8717937
 8717998
 8718126
 8718462
 8718826
 8718965
 8719104
 8719164
 8719207
 8719494
 8719515
 8719561
 8719575
 8719598
 8719693
 8719752
 8719757
 8720350
 8720448
 8720505
 8720546
 8720567
 8720771
 8720782
 8720790
 8721013
 8721015
 8721093
 8721098
 8721259
 8721610
 8721730
 8721775
 8721967
 8722064
 8722295
 8722476
 8722554
 8722564
 8722780
 8722781
 8722815
 8722842
 8722978
 8722999
 8723008
 8723060
 8723163
 8723205
 8723246
 8723317
 8723432
 8723523
 8723618
 8723720
 8723790
 8724060
 8724063
 8724085
 8724137
 8724200
 8724282
 8724301
 8724582
 8724627
 8724635
 8724764
 8724808
 8724926
 8724947
 8725394
 8725425
 8725577
 8725580
 8725609
 8725645
 8725911
 8725950
 8726086
 8726143
 8726222
 8726237
 8726438
 8726728
 8726800
 8726866
 8726869
 8726887
 8727063
 8727172
 8727210
 8727328
 8727402
 8727549
 8727627
 8727761
 8727894
 8727961
 8728097
 8728147
 8728282
 8728347
 8728353
 8728361
 8728440
 8728470
 8728481
 8728610
 8728685
 8728868
 8728914
 8729003
 8729048
 8729055
 8729107
 8729234
 8729273
 8729282
 8729297
 8729435
 8729602
 8729696
 8729725
 8729803
 8729810
 8729891
 8729968
 8730354
 8730729
 8730741
 8730834
 8730901
 8730903
 8730912
 8730921
 8731243
 8731454
 8731618
 8731624
 8731637
 8731689
 8731786
 8731826
 8731933
 8732015
 8732288
 8732321
 8732512
 8732595
 8732649
 8732755
 8733280
 8733380
 8733455
 8733463
 8733750
 8733971
 8734099
 8734108
 8734135
 8734185
 8734339
 8734397
 8734496
 8734590
 8734725
 8734742
 8734825
 8734839
 8734928
 8734962
 8735111
 8735175
 8735227
 8735246
 8735303
 8735354
 8735681
 8735979
 8736142
 8736245
 8736473
 8736565
 8736629
 8736669
 8736759
 8736847
 8736894
 8737088
 8737175
 8737391
 8737587
 8737631
 8737660
 8737731
 8737745
 8737784
 8737795
 8737848
 8737962
 8738003
 8738047
 8738106
 8738253
 8738284
 8738297
 8738386
 8738482
 8738524
 8738592
 8738848
 8738882
 8739115
 8739404
 8739567
 8739665
 8739748
 8739840
 8739939
 8739985
 8740133
 8740176
 8740231
 8740258
 8740430
 8740544
 8740545
 8740553
 8740678
 8740736
 8740898
 8740982
 8741155
 8741315
 8741370
 8741444
 8741663
 8741683
 8741686
 8741747
 8741901
 8742018
 8742104
 8742240
 8742251
 8742314
 8742418
 8742430
 8742732
 8742803
 8742845
 8742912
 8743073
 8743104
 8743409
 8743451
 8743608
 8743729
 8743828
 8743835
 8744199
 8744204
 8744243
 8744292
 8744363
 8744374
 8744522
 8744532
 8744555
 8744562
 8744928
 8745048
 8745299
 8745327
 8745425
 8745436
 8745475
 8745501
 8745554
 8745609
 8745677
 8745821
 8746190
 8746246
 8746249
 8746581
 8746773
 8746917
 8746927
 8747017
 8747297
 8747402
 8747407
 8747490
 8747626
 8747654
 8747659
 8747721
 8747754
 8747826
 8747902
 8748007
 8748250
 8748346
 8748587
 8748627
 8748661
 8748671
 8748680
 8748707
 8748724
 8748888
 8748889
 8748921
 8749204
 8749300
 8749410
 8749431
 8749485
 8749541
 8749842
 8749937
 8750035
 8750245
 8750314
 8750322
 8750348
 8750381
 8750462
 8750662
 8750920
 8750940
 8750942
 8750984
 8751220
 8751251
 8751272
 8751285
 8751336
 8751398
 8751461
 8751568
 8751661
 8751885
 8751957
 8751987
 8752013
 8752025
 8752186
 8752198
 8752556
 8752690
 8752692
 8752799
 8752818
 8752831
 8753190
 8753254
 8753451
 8753586
 8753947
 8753980
 8754014
 8754156
 8754219
 8754283
 8754368
 8754464
 8754488
 8754764
 8754844
 8754855
 8754931
 8755041
 8755212
 8755508
 8755526
 8755606
 8755754
 8755879
 8756051
 8756162
 8756170
 8756229
 8756366
 8756391
 8756658
 8756687
 8756718
 8756825
 8756854
 8756881
 8756914
 8757011
 8757125
 8757294
 8757668
 8757691
 8757823
 8757833
 8758003
 8758012
 8758242
 8758301
 8758448
 8758458
 8758936
 8759090
 8759126
 8759156
 8759308
 8759322
 8759365
 8759386
 8759434
 8759454
 8759535
 8759891
 8760089
 8760126
 8760185
 8760274
 8760373
 8760377
 8760380
 8760481
 8760659
 8760721
 8760783
 8760786
 8760910
 8761087
 8761136
 8761227
 8761330
 8761414
 8761530
 8761623
 8761647
 8761682
 8761937
 8762033
 8762068
 8762325
 8762444
 8762577
 8762623
 8762855
 8762954
 8763154
 8763182
 8763398
 8763476
 8763584
 8763613
 8763666
 8763702
 8763711
 8763794
 8763861
 8763988
 8764212
 8764385
 8764388
 8764431
 8764739
 8764792
 8764806
 8764816
 8764875
 8764900
 8765186
 8765487
 8765527
 8765609
 8765686
 8765692
 8765753
 8765810
 8765848
 8766067
 8766184
 8766194
 8766429
 8766430
 8766454
 8766467
 8766651
 8766922
 8766946
 8767066
 8767068
 8767082
 8767130
 8767193
 8767313
 8767387
 8767486
 8767651
 8767664
 8767730
 8767735
 8767762
 8767801
 8767895
 8767912
 8768182
 8768189
 8768317
 8768382
 8768549
 8768573
 8768709
 8768837
 8768857
 8768898
 8768954
 8769018
 8769119
 8769199
 8769236
 8769276
 8769317
 8769447
 8769463
 8769571
 8769631
 8769772
 8769864
 8770012
 8770091
 8770249
 8770398
 8770413
 8770427
 8770738
 8770844
 8771068
 8771095
 8771109
 8771256
 8771324
 8771337
 8771343
 8771443
 8771464
 8771750
 8771847
 8772021
 8772054
 8772239
 8772278
 8772299
 8772319
 8772321
 8772336
 8772456
 8772474
 8772651
 8772753
 8772766
 8772927
 8772935
 8772981
 8773041
 8773047
 8773332
 8773407
 8773469
 8773478
 8773507
 8773727
 8773747
 8773752
 8773779
 8773899
 8773914
 8774071
 8774096
 8774097
 8774223
 8774287
 8774317
 8774319
 8774350
 8774390
 8774524
 8774722
 8774779
 8775080
 8775498
 8775668
 8775758
 8775873
 8775975
 8776169
 8776297
 8776620
 8776684
 8776693
 8776705
 8776713
 8777135
 8777264
 8777272
 8777448
 8777487
 8777537
 8777601
 8777714
 8777732
 8777838
 8777856
 8777950
 8778006
 8778032
 8778061
 8778295
 8778377
 8778443
 8778611
 8778905
 8778947
 8779257
 8779306
 8779407
 8779491
 8779524
 8779684
 8779847
 8780011
 8780021
 8780226
 8780228
 8780335
 8780395
 8780521
 8780609
 8780668
 8780735
 8780781
 8780823
 8780824
 8780916
 8781012
 8781015
 8781032
 8781038
 8781071
 8781184
 8781274
 8781363
 8781385
 8781561
 8781621
 8781653
 8781863
 8782077
 8782156
 8782190
 8782203
 8782223
 8782467
 8782658
 8782865
 8782897
 8783238
 8783635
 8783746
 8783842
 8784000
 8784233
 8784402
 8784454
 8784805
 8784825
 8784871
 8785019
 8785166
 8785260
 8785339
 8785347
 8785652
 8785766
 8785795
 8785838
 8785885
 8786172
 8786258
 8786283
 8786301
 8786415
 8786419
 8786473
 8786474
 8786525
 8786634
 8786697
 8786870
 8786901
 8786991
 8787000
 8787238
 8787418
 8787560
 8787730
 8787918
 8788032
 8788058
 8788370
 8788463
 8788526
 8789081
 8789106
 8789170
 8789185
 8789273
 8789274
 8789290
 8789404
 8789422
 8789536
 8789554
 8789706
 8789736
 8789780
 8789840
 8789922
 8789994
 8790226
 8790545
 8790588
 8790613
 8790621
 8790635
 8790649
 8790748
 8790806
 8790855
 8790973
 8791328
 8791358
 8791555
 8791626
 8791930
 8792304
 8792321
 8792421
 8792462
 8792533
 8792749
 8792787
 8792892
 8793158
 8793193
 8793249
 8793283
 8793299
 8793339
 8793547
 8793571
 8793891
 8793913
 8794065
 8794188
 8794210
 8794233
 8794266
 8794267
 8794425
 8794467
 8794513
 8794633
 8794683
 8794814
 8794881
 8794909
 8794985
 8795035
 8795116
 8795400
 8795467
 8795637
 8795640
 8795673
 8795886
 8795978
 8796040
 8796086
 8796282
 8796292
 8796356
 8796452
 8796470
 8796503
 8796909
 8796944
 8797061
 8797314
 8797355
 8797448
 8797611
 8797631
 8797706
 8797727
 8797966
 8798178
 8798228
 8798309
 8798455
 8798546
 8798559
 8798560
 8798622
 8798677
 8798687
 8798768
 8798810
 8798885
 8798972
 8798990
 8799034
 8799429
 8799450
 8799478
 8799506
 8799619
 8799729
 8800122
 8800199
 8800248
 8800289
 8800300
 8800337
 8800402
 8800487
 8800616
 8800646
 8800664
 8800714
 8800926
 8800966
 8800993
 8801051
 8801630
 8801969
 8802022
 8802040
 8802465
 8802551
 8802606
 8802740
 8802810
 8802935
 8802950
 8802962
 8803105
 8803411
 8803470
 8803476
 8803513
 8803522
 8803671
 8803834
 8803847
 8803896
 8803945
 8804223
 8804243
 8804299
 8804317
 8804324
 8804354
 8804429
 8804547
 8804619
 8804651
 8804775
 8804778
 8805073
 8805139
 8805317
 8805324
 8805359
 8805412
 8805488
 8805624
 8805629
 8805827
 8805863
 8805959
 8806155
 8806425
 8806509
 8806647
 8806685
 8806954
 8807131
 8807299
 8807313
 8807521
 8807681
 8807842
 8808047
 8808325
 8808431
 8808561
 8808801
 8808891
 8809019
 8809086
 8809180
 8809215
 8809382
 8809519
 8809763
 8809818
 8809880
 8810297
 8810378
 8810512
 8810575
 8810586
 8810595
 8810898
 8811015
 8811153
 8811163
 8811638
 8811724
 8811737
 8811842
 8812163
 8812330
 8812642
 8812939
 8813026
 8813060
 8813152
 8813226
 8813263
 8813268
 8813343
 8813371
 8813427
 8813580
 8813629
 8813663
 8813755
 8813762
 8813857
 8813932
 8813967
 8814106
 8814141
 8814146
 8814168
 8814169
 8814492
 8814545
 8814550
 8814791
 8814856
 8814903
 8814973
 8815041
 8815164
 8815232
 8815281
 8815413
 8815664
 8815783
 8815904
 8816251
 8816377
 8816455
 8816500
 8816536
 8816568
 8816580
 8816684
 8816725
 8816812
 8816882
 8816943
 8817024
 8817099
 8817166
 8817179
 8817276
 8817357
 8817378
 8817403
 8817511
 8817535
 8817615
 8817669
 8817686
 8817724
 8817806
 8818111
 8818118
 8818157
 8818164
 8818239
 8818264
 8818501
 8818623
 8818704
 8818867
 8819009
 8819011
 8819023
 8819194
 8819203
 8819350
 8819386
 8819405
 8819525
 8819627
 8819645
 8819664
 8819720
 8819763
 8819862
 8819909
 8820060
 8820219
 8820246
 8820273
 8820316
 8820440
 8820540
 8820687
 8820745
 8820858
 8820881
 8821215
 8821575
 8821607
 8821614
 8821685
 8821731
 8821961
 8821988
 8822014
 8822087
 8822097
 8822228
 8822242
 8822350
 8822511
 8822533
 8822556
 8822717
 8822724
 8822835
 8823180
 8823219
 8823244
 8823387
 8823485
 8823931
 8823970
 8824020
 8824242
 8824333
 8824339
 8824478
 8824483
 8824509
 8824630
 8824690
 8824720
 8824959
 8825129
 8825230
 8825271
 8825383
 8825399
 8825537
 8825609
 8825980
 8826238
 8826380
 8826406
 8826412
 8826545
 8826634
 8826688
 8826708
 8826720
 8826774
 8826794
 8826818
 8827032
 8827225
 8827294
 8827433
 8827509
 8827660
 8827687
 8827727
 8827754
 8827764
 8827898
 8827917
 8827922
 8828033
 8828046
 8828294
 8828310
 8828365
 8828433
 8828519
 8828748
 8828828
 8828856
 8828882
 8829003
 8829036
 8829129
 8829336
 8829345
 8829385
 8829562
 8829589
 8829687
 8829782
 8829806
 8829822
 8829877
 8829966
 8830038
 8830568
 8830604
 8830607
 8830629
 8830664
 8830679
 8830684
 8830933
 8830988
 8831107
 8831233
 8831363
 8831730
 8831796
 8831834
 8831839
 8831882
 8831914
 8831964
 8832325
 8832427
 8832458
 8832495
 8832566
 8832628
 8832637
 8832862
 8832980
 8833116
 8833227
 8833273
 8833505
 8833600
 8833663
 8833784
 8833788
 8833791
 8833844
 8833856
 8834004
 8834099
 8834131
 8834160
 8834258
 8834366
 8834652
 8834750
 8834784
 8834893
 8834945
 8834970
 8835008
 8835022
 8835184
 8835385
 8835455
 8835701
 8835902
 8836038
 8836065
 8836092
 8836258
 8836356
 8836431
 8836536
 8836627
 8836715
 8836744
 8836885
 8836906
 8836917
 8837075
 8837097
 8837195
 8837225
 8837251
 8837461
 8837509
 8837540
 8837554
 8837944
 8837960
 8837966
 8838016
 8838028
 8838048
 8838118
 8838129
 8838138
 8838199
 8838399
 8838487
 8838722
 8838885
 8839021
 8839142
 8839396
 8839463
 8839520
 8839689
 8839729
 8839736
 8839767
 8839873
 8839876
 8839877
 8839933
 8839965
 8840083
 8840290
 8840970
 8840986
 8841109
 8841304
 8841307
 8841775
 8841938
 8841947
 8842186
 8842289
 8842464
 8842995
 8843016
 8843036
 8843217
 8843269
 8843489
 8843506
 8843518
 8843693
 8843722
 8843840
 8843885
 8843897
 8843946
 8844016
 8844068
 8844257
 8844339
 8844559
 8844707
 8844878
 8844892
 8844954
 8844959
 8845008
 8845297
 8845384
 8845406
 8845473
 8845695
 8845703
 8845746
 8845754
 8845816
 8845897
 8845935
 8845948
 8846063
 8846135
 8846262
 8846374
 8846421
 8846517
 8846671
 8846739
 8846760
 8847051
 8847230
 8847251
 8847402
 8847441
 8847448
 8847527
 8847653
 8847713
 8847841
 8848036
 8848155
 8848173
 8848201
 8848258
 8848375
 8848413
 8848497
 8848533
 8848578
 8848651
 8848821
 8848871
 8848904
 8848911
 8848948
 8849225
 8849291
 8849295
 8849353
 8849596
 8849619
 8849778
 8849885
 8850153
 8850427
 8850482
 8850485
 8850526
 8850733
 8850769
 8851045
 8851238
 8851410
 8851506
 8851684
 8851735
 8851841
 8851910
 8852033
 8852152
 8852161
 8852257
 8852272
 8852404
 8852501
 8852783
 8852853
 8852920
 8852973
 8853049
 8853107
 8853118
 8853294
 8853460
 8853585
 8853609
 8853693
 8853734
 8853740
 8853779
 8853980
 8854020
 8854500
 8854523
 8854614
 8854710
 8854721
 8855093
 8855099
 8855105
 8855123
 8855219
 8855305
 8855577
 8855617
 8855776
 8855917
 8856072
 8856231
 8856294
 8856324
 8856485
 8856664
 8856674
 8856738
 8856760
 8856871
 8856960
 8856969
 8857093
 8857221
 8857278
 8857315
 8857391
 8857462
 8857466
 8857571
 8857629
 8857731
 8858022
 8858042
 8858131
 8858356
 8858411
 8858431
 8858501
 8858614
 8858673
 8858697
 8858796
 8858828
 8858854
 8859008
 8859022
 8859057
 8859167
 8859223
 8859339
 8859719
 8859908
 8859921
 8860027
 8860089
 8860196
 8860311
 8860361
 8860429
 8860463
 8860532
 8860563
 8860633
 8860646
 8860701
 8860705
 8860814
 8860893
 8860917
 8861017
 8861100
 8861146
 8861166
 8861230
 8861347
 8861432
 8861525
 8861759
 8861878
 8861883
 8862185
 8862212
 8862254
 8862340
 8862403
 8862482
 8862975
 8863179
 8863268
 8863305
 8863454
 8863522
 8863557
 8863848
 8863923
 8864173
 8864182
 8864196
 8864306
 8864394
 8864428
 8864506
 8864567
 8864701
 8864906
 8865157
 8865225
 8865353
 8865724
 8865757
 8865763
 8865772
 8865956
 8865995
 8866047
 8866097
 8866150
 8866471
 8866591
 8866662
 8866681
 8866703
 8866722
 8866807
 8866832
 8866945
 8867090
 8867206
 8867350
 8867403
 8867428
 8867444
 8867495
 8867531
 8867567
 8867674
 8867685
 8867728
 8867836
 8867845
 8867850
 8868037
 8868161
 8868266
 8868347
 8868392
 8868424
 8868678
 8868869
 8868922
 8868942
 8869028
 8869049
 8869234
 8869393
 8869457
 8869532
 8869936
 8870063
 8870309
 8870423
 8870503
 8870532
 8870641
 8870815
 8870989
 8870990
 8871134
 8871305
 8871524
 8871653
 8871677
 8871768
 8871792
 8871812
 8872000
 8872029
 8872066
 8872307
 8872332
 8872405
 8872461
 8872530
 8872718
 8872983
 8873054
 8873107
 8873159
 8873564
 8873683
 8873845
 8873890
 8873951
 8874052
 8874127
 8874234
 8874360
 8874600
 8874699
 8874798
 8874805
 8874832
 8874833
 8874895
 8874908
 8875146
 8875153
 8875392
 8875471
 8875527
 8875571
 8875653
 8875717
 8875718
 8875785
 8875926
 8875985
 8876061
 8876154
 8876162
 8876302
 8876309
 8876344
 8876605
 8876805
 8876859
 8877455
 8877501
 8877515
 8877549
 8877555
 8877740
 8877772
 8877906
 8877930
 8877957
 8877979
 8878073
 8878143
 8878231
 8878241
 8878253
 8878290
 8878574
 8878719
 8878732
 8878814
 8878818
 8879132
 8879177
 8879237
 8879310
 8879393
 8879470
 8879501
 8879732
 8879863
 8879967
 8880143
 8880219
 8880458
 8880549
 8880564
 8880597
 8880638
 8880917
 8881118
 8881309
 8881547
 8881720
 8881891
 8881910
 8881988
 8882165
 8882186
 8882208
 8882267
 8882292
 8882319
 8882334
 8882431
 8882478
 8882488
 8882533
 8882577
 8882648
 8882662
 8882729
 8882914
 8882965
 8882999
 8883082
 8883182
 8883208
 8883520
 8883605
 8883659
 8883751
 8883882
 8884268
 8884311
 8884330
 8884453
 8884674
 8884699
 8884779
 8884842
 8885108
 8885218
 8885422
 8885480
 8885718
 8885725
 8885734
 8885779
 8885998
 8886219
 8886249
 8886311
 8886350
 8886435
 8886603
 8886750
 8886754
 8886785
 8886998
 8887197
 8887239
 8887244
 8887401
 8887435
 8887504
 8887530
 8887570
 8887597
 8887654
 8888147
 8888214
 8888346
 8888477
 8888743
 8888841
 8889115
 8889143
 8889336
 8889580
 8889594
 8889602
 8889628
 8889630
 8889899
 8889934
 8890011
 8890054
 8890094
 8890159
 8890291
 8890348
 8890494
 8890505
 8890722
 8891105
 8891138
 8891212
 8891292
 8891465
 8891566
 8891786
 8891981
 8891991
 8892207
 8892291
 8892454
 8892496
 8892552
 8892645
 8892746
 8892916
 8892970
 8893062
 8893077
 8893095
 8893119
 8893209
 8893325
 8893424
 8893425
 8893661
 8893702
 8893790
 8893814
 8893953
 8894024
 8894102
 8894325
 8894429
 8894532
 8894581
 8894737
 8894818
 8894886
 8894991
 8894992
 8895145
 8895147
 8895282
 8895288
 8895458
 8895523
 8895695
 8895780
 8895845
 8896058
 8896174
 8896296
 8896375
 8896467
 8896489
 8896588
 8896643
 8896679
 8896694
 8896867
 8897194
 8897208
 8897212
 8897280
 8897477
 8897487
 8897501
 8897587
 8897907
 8897936
 8898219
 8898327
 8898501
 8898530
 8898551
 8898559
 8898747
 8899076
 8899122
 8899160
 8899196
 8899525
 8899595
 8899610
 8899769
 8899796
 8899896
 8899953
 8899971
 8899987
 8900223
 8900277
 8900322
 8900417
 8900431
 8900594
 8900667
 8900761
 8900874
 8901046
 8901134
 8901171
 8901276
 8901279
 8901296
 8901303
 8901443
 8901470
 8901900
 8901973
 8902030
 8902122
 8902226
 8902345
 8902362
 8902409
 8902523
 8902592
 8902709
 8902740
 8902772
 8903062
 8903212
 8903225
 8903257
 8903314
 8903338
 8903455
 8903550
 8903845
 8903907
 8903981
 8904101
 8904374
 8904451
 8904494
 8904606
 8904783
 8904814
 8904879
 8904914
 8904942
 8905083
 8905147
 8905174
 8905306
 8905441
 8905618
 8905726
 8905891
 8905963
 8906005
 8906057
 8906162
 8906163
 8906170
 8906185
 8906320
 8906479
 8906850
 8907000
 8907099
 8907189
 8907274
 8907331
 8907708
 8907902
 8907954
 8908173
 8908243
 8908257
 8908290
 8908375
 8908432
 8908436
 8908557
 8908763
 8908785
 8908869
 8908889
 8908905
 8909152
 8909244
 8909251
 8909431
 8909458
 8909627
 8909859
 8910101
 8910259
 8910394
 8910421
 8910503
 8910624
 8910824
 8910834
 8910956
 8910959
 8911052
 8911231
 8911245
 8911446
 8911482
 8911591
 8911603
 8911612
 8911631
 8911797
 8911800
 8911837
 8912015
 8912017
 8912044
 8912160
 8912161
 8912260
 8912316
 8912464
 8912616
 8912686
 8912823
 8912915
 8912952
 8913145
 8913210
 8913298
 8913306
 8913389
 8913400
 8913551
 8913556
 8913656
 8913867
 8913941
 8914001
 8914053
 8914075
 8914178
 8914200
 8914648
 8914703
 8914748
 8914823
 8914861
 8914862
 8914887
 8915051
 8915317
 8915328
 8915407
 8915467
 8915524
 8915849
 8915884
 8916023
 8916031
 8916057
 8916093
 8916238
 8916666
 8916893
 8917068
 8917225
 8917388
 8917431
 8917463
 8917543
 8917661
 8917848
 8917884
 8918034
 8918149
 8918241
 8918342
 8918425
 8918454
 8918591
 8919078
 8919430
 8919475
 8919791
 8919928
 8919974
 8919986
 8920073
 8920209
 8920220
 8920275
 8920483
 8920511
 8920606
 8920644
 8920698
 8920747
 8920751
 8920930
 8920984
 8921053
 8921146
 8921306
 8921387
 8921395
 8921625
 8921673
 8921734
 8921797
 8921820
 8921910
 8921919
 8921920
 8922000
 8922125
 8922228
 8922295
 8922357
 8922417
 8922431
 8922503
 8922649
 8922653
 8922681
 8922705
 8922729
 8922953
 8923140
 8923208
 8923442
 8923593
 8923738
 8923801
 8923815
 8923819
 8923925
 8924193
 8924216
 8924227
 8924229
 8924355
 8924483
 8924757
 8924902
 8924929
 8925114
 8925132
 8925165
 8925224
 8925298
 8925318
 8925393
 8925573
 8925581
 8925696
 8925698
 8925703
 8925922
 8925961
 8926111
 8926169
 8926218
 8926482
 8926625
 8926667
 8926793
 8926941
 8927122
 8927201
 8927330
 8927331
 8927520
 8927587
 8927664
 8927695
 8927745
 8927930
 8927994
 8928033
 8928101
 8928205
 8928299
 8928380
 8928469
 8928604
 8928636
 8928699
 8928760
 8928828
 8928988
 8929025
 8929091
 8929095
 8929373
 8929466
 8929502
 8929525
 8929584
 8929716
 8930180
 8930261
 8930272
 8930313
 8930333
 8930663
 8930830
 8930861
 8930898
 8931026
 8931250
 8931357
 8931388
 8931477
 8931510
 8931549
 8931621
 8931732
 8931761
 8931815
 8932098
 8932257
 8932264
 8932293
 8932314
 8932344
 8932414
 8932532
 8932538
 8932603
 8932617
 8932929
 8932975
 8932994
 8933288
 8933298
 8933411
 8933421
 8933538
 8933541
 8933548
 8933571
 8933579
 8933662
 8933752
 8933917
 8933962
 8934065
 8934132
 8934139
 8934164
 8934180
 8934279
 8934470
 8934494
 8934495
 8934638
 8934754
 8934837
 8934859
 8934947
 8934985
 8935180
 8935267
 8935327
 8935350
 8935490
 8935667
 8935673
 8935688
 8935692
 8935697
 8935780
 8935793
 8935822
 8935831
 8935842
 8935890
 8935954
 8936033
 8936160
 8936331
 8936604
 8936605
 8936670
 8936861
 8936912
 8937040
 8937341
 8937358
 8937380
 8937399
 8937468
 8937474
 8937499
 8937781
 8938011
 8938045
 8938305
 8938620
 8938647
 8938832
 8938856
 8938955
 8939076
 8939085
 8939176
 8939184
 8939350
 8939356
 8939391
 8939559
 8939669
 8939858
 8940006
 8940031
 8940153
 8940175
 8940329
 8940413
 8940482
 8940529
 8940565
 8940579
 8940627
 8940668
 8940685
 8940925
 8941023
 8941211
 8941261
 8941276
 8941363
 8941432
 8941507
 8941819
 8941897
 8941920
 8942163
 8942245
 8942342
 8942742
 8942809
 8942841
 8942848
 8942923
 8942969
 8942998
 8943029
 8943187
 8943266
 8943377
 8943426
 8943948
 8944009
 8944034
 8944061
 8944210
 8944254
 8944385
 8944548
 8944653
 8944759
 8945041
 8945044
 8945099
 8945144
 8945181
 8945327
 8945469
 8945640
 8945655
 8945819
 8945892
 8945900
 8946092
 8946323
 8946427
 8946488
 8946537
 8946860
 8946875
 8946976
 8946992
 8946996
 8947384
 8947724
 8947946
 8947977
 8948553
 8948561
 8948569
 8948617
 8948640
 8948918
 8948969
 8949143
 8949163
 8949197
 8949310
 8949508
 8949628
 8949691
 8949692
 8949856
 8949883
 8949917
 8949925
 8949937
 8950020
 8950510
 8950538
 8950612
 8950701
 8950702
 8950870
 8950877
 8950928
 8950957
 8950998
 8951010
 8951052
 8951263
 8951418
 8951574
 8951754
 8952194
 8952369
 8952405
 8952493
 8952693
 8952821
 8952971
 8953122
 8953222
 8953255
 8953573
 8953783
 8953878
 8953907
 8953932
 8954034
 8954136
 8954320
 8954323
 8954398
 8954482
 8954546
 8954718
 8954730
 8954770
 8954905
 8954977
 8954986
 8955152
 8955200
 8955288
 8955453
 8955473
 8955504
 8955617
 8955810
 8955941
 8956185
 8956186
 8956500
 8956564
 8956600
 8956601
 8956924
 8956958
 8957081
 8957213
 8957226
 8957242
 8957495
 8957650
 8957682
 8957827
 8957855
 8957912
 8957956
 8957988
 8958055
 8958214
 8958429
 8958589
 8959015
 8959017
 8959107
 8959494
 8959532
 8959536
 8959604
 8959625
 8959682
 8959759
 8959840
 8959899
 8960087
 8960325
 8960724
 8960888
 8960932
 8960951
 8961056
 8961126
 8961397
 8961652
 8961702
 8961894
 8961913
 8961995
 8961996
 8962408
 8962551
 8962695
 8962834
 8962875
 8963078
 8963195
 8963301
 8963393
 8963442
 8963509
 8963918
 8964075
 8964141
 8964209
 8964269
 8964475
 8964514
 8964768
 8964771
 8964989
 8965078
 8965186
 8965216
 8965254
 8965374
 8965431
 8965487
 8965562
 8965781
 8965796
 8965802
 8965914
 8966142
 8966233
 8966316
 8966649
 8966843
 8966847
 8966853
 8966870
 8966978
 8967056
 8967114
 8967330
 8967582
 8967940
 8968010
 8968113
 8968116
 8968124
 8968420
 8968431
 8968492
 8968498
 8968553
 8968571
 8968655
 8968659
 8968697
 8968997
 8969049
 8969199
 8969303
 8969619
 8969656
 8969659
 8969669
 8969765
 8969818
 8969829
 8969991
 8970074
 8970277
 8970360
 8970490
 8970557
 8971089
 8971156
 8971257
 8971414
 8971659
 8971760
 8971838
 8971951
 8972096
 8972224
 8972383
 8972462
 8972736
 8972839
 8972890
 8972895
 8972983
 8973086
 8973237
 8973344
 8973350
 8973398
 8973503
 8973645
 8973655
 8973832
 8973892
 8973965
 8974025
 8974157
 8974219
 8974227
 8974228
 8974246
 8974364
 8974540
 8974762
 8974928
 8974973
 8975000
 8975011
 8975080
 8975291
 8975383
 8975510
 8975786
 8975843
 8975848
 8976056
 8976071
 8976322
 8976360
 8976365
 8976521
 8976624
 8976642
 8976940
 8977091
 8977260
 8977657
 8977716
 8977951
 8978016
 8978144
 8978147
 8978162
 8978237
 8978256
 8978265
 8978365
 8978412
 8978432
 8978471
 8978589
 8978745
 8978753
 8978931
 8979024
 8979119
 8979186
 8979208
 8979314
 8979358
 8979442
 8979651
 8979675
 8979699
 8979799
 8979868
 8980016
 8980164
 8980174
 8980395
 8980450
 8980631
 8980641
 8980729
 8980749
 8980949
 8980956
 8981130
 8981343
 8981455
 8981522
 8981555
 8981684
 8981800
 8981926
 8981931
 8981971
 8981981
 8982416
 8982663
 8982757
 8982910
 8982914
 8982950
 8983063
 8983172
 8983228
 8983283
 8983348
 8983394
 8983412
 8983439
 8983452
 8983476
 8983859
 8984162
 8984310
 8984316
 8984630
 8984654
 8984666
 8985051
 8985138
 8985199
 8985404
 8985429
 8985460
 8985486
 8985546
 8985685
 8985928
 8985934
 8986171
 8986362
 8986423
 8986428
 8986462
 8986636
 8986660
 8986849
 8986914
 8987000
 8987206
 8987277
 8987381
 8987384
 8987390
 8987577
 8987667
 8987764
 8987826
 8987832
 8988119
 8988123
 8988127
 8988140
 8988193
 8988208
 8988218
 8988241
 8988329
 8988371
 8988548
 8988558
 8988567
 8988731
 8988937
 8989029
 8989125
 8989190
 8989194
 8989252
 8989420
 8989487
 8989508
 8989519
 8989540
 8989685
 8989721
 8989799
 8990008
 8990292
 8990527
 8990579
 8990636
 8990737
 8990793
 8991014
 8991020
 8991106
 8991156
 8991179
 8991279
 8991287
 8991307
 8991471
 8991517
 8991615
 8991692
 8991825
 8991829
 8991860
 8991881
 8991941
 8992033
 8992124
 8992271
 8992315
 8992321
 8992351
 8992386
 8992472
 8992672
 8992789
 8992827
 8992855
 8992864
 8992916
 8992955
 8993159
 8993174
 8993448
 8993523
 8993576
 8993694
 8993725
 8993732
 8993888
 8994036
 8994076
 8994129
 8994134
 8994149
 8994211
 8994326
 8994358
 8994396
 8994510
 8994958
 8995125
 8995127
 8995157
 8995180
 8995272
 8995388
 8995393
 8995430
 8995439
 8995554
 8995682
 8995719
 8995885
 8995911
 8995941
 8996050
 8996100
 8996107
 8996152
 8996389
 8996530
 8996657
 8996706
 8996746
 8996956
 8996995
 8997060
 8997215
 8997289
 8997392
 8997455
 8997513
 8997552
 8997565
 8997573
 8997608
 8997623
 8997664
 8997708
 8997767
 8997923
 8998060
 8998140
 8998145
 8998461
 8998469
 8998555
 8998675
 8998854
 8998943
 8998970
 8999043
 8999166
 8999295
 8999325
 8999368
 8999426
 8999470
 8999707
 8999799
 8999880
 9000005
 9000022
 9000053
 9000088
 9000139
 9000428
 9000556
 9000639
 9000829
 9001250
 9001260
 9001354
 9001401
 9001519
 9001610
 9001654
 9001754
 9001797
 9001959
 9002106
 9002155
 9002331
 9002379
 9002505
 9002686
 9002694
 9002748
 9002915
 9002950
 9002954
 9003012
 9003058
 9003060
 9003078
 9003221
 9003404
 9003413
 9003559
 9003692
 9004020
 9004225
 9004294
 9004326
 9004327
 9004328
 9004430
 9004515
 9004901
 9005487
 9005602
 9005760
 9005906
 9005958
 9006043
 9006073
 9006260
 9006343
 9006363
 9006445
 9006482
 9006509
 9006522
 9006801
 9006822
 9006891
 9007023
 9007083
 9007102
 9007115
 9007228
 9007315
 9007369
 9007491
 9007782
 9008000
 9008040
 9008057
 9008140
 9008264
 9008320
 9008359
 9008424
 9008459
 9008558
 9008809
 9009051
 9009066
 9009113
 9009202
 9009361
 9009643
 9009705
 9009751
 9009772
 9009842
 9009948
 9010206
 9010322
 9010349
 9010371
 9010413
 9010525
 9010580
 9010747
 9011005
 9011059
 9011239
 9011428
 9011606
 9011696
 9011763
 9011777
 9011869
 9012035
 9012108
 9012429
 9012485
 9012496
 9012498
 9012675
 9012837
 9012866
 9012948
 9012949
 9013084
 9013660
 9013725
 9013740
 9013808
 9014022
 9014065
 9014359
 9014541
 9014613
 9014684
 9014820
 9014862
 9014929
 9014948
 9015014
 9015026
 9015091
 9015213
 9015216
 9015398
 9015546
 9015566
 9015733
 9015775
 9015885
 9016205
 9016223
 9016375
 9016404
 9016481
 9016505
 9016655
 9016710
 9016729
 9017004
 9017010
 9017083
 9017111
 9017139
 9017293
 9017447
 9017569
 9017574
 9017616
 9017688
 9017702
 9017788
 9017794
 9017866
 9017919
 9018117
 9018173
 9018174
 9018185
 9018325
 9018385
 9018538
 9018649
 9018864
 9018889
 9018968
 9018979
 9018993
 9019141
 9019170
 9019172
 9019390
 9019465
 9019506
 9019599
 9019729
 9019955
 9019962
 9020091
 9020395
 9020407
 9020664
 9020748
 9020779
 9020922
 9021024
 9021073
 9021123
 9021185
 9021245
 9021401
 9021477
 9021512
 9021682
 9021903
 9022022
 9022104
 9022302
 9022329
 9022374
 9022459
 9022469
 9022488
 9022587
 9022590
 9022624
 9022755
 9022948
 9023261
 9023354
 9023362
 9023589
 9023730
 9023840
 9024052
 9024431
 9024483
 9024561
 9024706
 9024728
 9024811
 9024822
 9024847
 9024926
 9024947
 9024991
 9025076
 9025263
 9025454
 9025461
 9025515
 9025522
 9025527
 9025853
 9025864
 9026086
 9026124
 9026156
 9026258
 9026388
 9026573
 9026990
 9027034
 9027210
 9027281
 9027341
 9027387
 9027427
 9027493
 9027621
 9027645
 9027670
 9027800
 9027826
 9028133
 9028223
 9028429
 9028512
 9028594
 9028605
 9028710
 9028964
 9028981
 9028988
 9029127
 9029483
 9029496
 9029651
 9029710
 9029828
 9029851
 9029913
 9029943
 9029948
 9030052
 9030348
 9030390
 9030501
 9030519
 9030744
 9030782
 9030931
 9031053
 9031252
 9031272
 9031348
 9031375
 9031400
 9031538
 9031574
 9031610
 9031618
 9031737
 9031824
 9032193
 9032256
 9032372
 9032523
 9032533
 9032750
 9032810
 9032836
 9032948
 9033099
 9033121
 9033204
 9033351
 9033504
 9033693
 9033828
 9033852
 9033943
 9033963
 9034132
 9034306
 9034343
 9034354
 9034498
 9034597
 9034771
 9034865
 9035085
 9035142
 9035184
 9035442
 9035505
 9035547
 9035650
 9035677
 9035757
 9035758
 9035919
 9036032
 9036179
 9036198
 9036315
 9036349
 9036504
 9036528
 9036682
 9036808
 9036870
 9036881
 9036911
 9036961
 9037005
 9037020
 9037027
 9037142
 9037143
 9037217
 9037410
 9037479
 9037685
 9037811
 9038073
 9038165
 9038482
 9038653
 9038654
 9038676
 9038701
 9038714
 9038828
 9038902
 9038907
 9039003
 9039144
 9039216
 9039299
 9039491
 9039509
 9039642
 9039686
 9039844
 9040002
 9040061
 9040150
 9040212
 9040240
 9040272
 9040291
 9040323
 9040417
 9040419
 9040458
 9040480
 9040779
 9040826
 9040857
 9040878
 9040905
 9040908
 9041129
 9041239
 9041317
 9041389
 9041430
 9041436
 9041462
 9041593
 9041772
 9041797
 9041946
 9042121
 9042457
 9042545
 9042763
 9042787
 9042823
 9042831
 9043322
 9043353
 9043805
 9043823
 9043855
 9043876
 9043908
 9044002
 9044138
 9044493
 9044603
 9044624
 9044684
 9044854
 9044913
 9044919
 9044990
 9045071
 9045115
 9045135
 9045160
 9045222
 9045462
 9045982
 9046245
 9046280
 9046363
 9046501
 9046509
 9046651
 9046874
 9047004
 9047114
 9047137
 9047243
 9047439
 9047444
 9047554
 9047645
 9047670
 9047842
 9048032
 9048068
 9048069
 9048094
 9048169
 9048203
 9048271
 9048613
 9048686
 9048867
 9049058
 9049156
 9049189
 9049215
 9049271
 9049325
 9049464
 9049543
 9049605
 9049767
 9049998
 9050039
 9050214
 9050282
 9050289
 9050447
 9050503
 9050714
 9050901
 9051044
 9051046
 9051092
 9051117
 9051187
 9051253
 9051289
 9051355
 9051440
 9051441
 9051447
 9051538
 9051577
 9051589
 9051597
 9051632
 9051712
 9051719
 9051745
 9051869
 9051876
 9051899
 9052008
 9052050
 9052058
 9052176
 9052227
 9052311
 9052312
 9052320
 9052488
 9052539
 9052641
 9052777
 9052795
 9052830
 9052832
 9052899
 9052932
 9053048
 9053150
 9053494
 9053519
 9053547
 9053569
 9053596
 9053613
 9053823
 9053863
 9053968
 9053969
 9054018
 9054165
 9054205
 9054248
 9054415
 9054467
 9054781
 9055016
 9055086
 9055188
 9055352
 9055374
 9055404
 9055405
 9055488
 9055535
 9055619
 9055737
 9055880
 9055904
 9056178
 9056180
 9056197
 9056259
 9056263
 9056309
 9056460
 9056467
 9056491
 9056508
 9056538
 9056741
 9056912
 9057071
 9057139
 9057203
 9057407
 9057635
 9057693
 9057697
 9057746
 9057767
 9057944
 9058025
 9058056
 9058128
 9058193
 9058587
 9058847
 9058906
 9058957
 9058997
 9059007
 9059077
 9059183
 9059195
 9059371
 9059467
 9059523
 9059528
 9059580
 9059739
 9059760
 9059915
 9059978
 9060097
 9060187
 9060452
 9060467
 9060470
 9060472
 9060559
 9060654
 9060690
 9060714
 9060745
 9060947
 9061114
 9061302
 9061311
 9061452
 9061459
 9061495
 9061641
 9061745
 9061841
 9061846
 9061907
 9062052
 9062066
 9062140
 9062143
 9062348
 9062461
 9062827
 9063076
 9063258
 9063320
 9063387
 9063739
 9064073
 9064118
 9064199
 9064249
 9064362
 9064512
 9064546
 9064600
 9064798
 9064825
 9064846
 9064923
 9065033
 9065082
 9065200
 9065237
 9065418
 9065598
 9065630
 9065703
 9065747
 9065793
 9065812
 9065870
 9065947
 9065953
 9066031
 9066045
 9066050
 9066193
 9066574
 9066686
 9066696
 9066801
 9066817
 9066868
 9067012
 9067039
 9067156
 9067273
 9067291
 9067311
 9067312
 9067440
 9067467
 9067677
 9067740
 9067844
 9067858
 9067885
 9067908
 9067931
 9067950
 9067988
 9068163
 9068177
 9068206
 9068483
 9068492
 9068573
 9068587
 9068653
 9068671
 9068782
 9068817
 9068943
 9068980
 9069208
 9069215
 9069329
 9069393
 9069466
 9069509
 9069671
 9069834
 9069911
 9069987
 9069991
 9070001
 9070109
 9070141
 9070263
 9070432
 9070455
 9070482
 9070600
 9070658
 9070660
 9070943
 9071066
 9071079
 9071181
 9071297
 9071448
 9071530
 9071641
 9071719
 9071878
 9071880
 9071890
 9071932
 9072031
 9072299
 9072300
 9072355
 9072456
 9072791
 9073032
 9073081
 9073209
 9073231
 9073412
 9073500
 9073523
 9073670
 9073697
 9073713
 9073727
 9073770
 9073883
 9074177
 9074226
 9074314
 9074319
 9074405
 9074758
 9074907
 9075023
 9075160
 9075235
 9075355
 9075392
 9075437
 9075603
 9075729
 9075741
 9075897
 9075932
 9076034
 9076050
 9076172
 9076210
 9076431
 9076472
 9076707
 9076819
 9076875
 9076993
 9077291
 9077520
 9077594
 9077596
 9077609
 9077950
 9078036
 9078200
 9078328
 9078348
 9078534
 9078586
 9078720
 9078725
 9079059
 9079061
 9079193
 9079421
 9079453
 9079527
 9079620
 9079624
 9079700
 9079769
 9079783
 9079833
 9079899
 9079967
 9079969
 9080020
 9080024
 9080321
 9080469
 9080587
 9080593
 9080666
 9080715
 9080836
 9080866
 9080936
 9081007
 9081049
 9081198
 9081337
 9081342
 9081703
 9081814
 9081874
 9082060
 9082281
 9082468
 9082490
 9082506
 9082581
 9082650
 9082824
 9082895
 9082918
 9083082
 9083268
 9083415
 9083813
 9083854
 9083916
 9084092
 9084107
 9084136
 9084420
 9084433
 9084733
 9084752
 9084849
 9084873
 9084993
 9085055
 9085070
 9085183
 9085204
 9085260
 9085289
 9085416
 9085456
 9085508
 9085579
 9085620
 9085684
 9085721
 9085848
 9085882
 9085927
 9085982
 9086045
 9086136
 9086528
 9086538
 9086564
 9086662
 9086788
 9087199
 9087539
 9087586
 9087667
 9087712
 9087716
 9087735
 9087751
 9087755
 9087906
 9088005
 9088067
 9088151
 9088174
 9088219
 9088303
 9088317
 9088436
 9088450
 9088489
 9088537
 9088634
 9088813
 9088885
 9088948
 9089043
 9089073
 9089137
 9089143
 9089182
 9089236
 9089294
 9089424
 9089640
 9089642
 9089861
 9089944
 9089973
 9090001
 9090002
 9090032
 9090483
 9090604
 9090644
 9090676
 9090850
 9091124
 9091146
 9091246
 9091441
 9091508
 9091669
 9092050
 9092315
 9092318
 9092383
 9092599
 9092656
 9092873
 9093013
 9093018
 9093192
 9093196
 9093404
 9093562
 9093792
 9093850
 9093958
 9094070
 9094078
 9094251
 9094343
 9094409
 9094460
 9094582
 9094944
 9094962
 9094976
 9095050
 9095162
 9095280
 9095431
 9095502
 9095518
 9095545
 9095552
 9095642
 9095755
 9095889
 9095923
 9095961
 9095970
 9096005
 9096150
 9096293
 9096305
 9096418
 9096462
 9096569
 9096588
 9096601
 9096641
 9096783
 9097097
 9097223
 9097270
 9097474
 9097771
 9097782
 9097800
 9097819
 9097913
 9098056
 9098185
 9098575
 9098754
 9098782
 9098804
 9098831
 9098995
 9099090
 9099278
 9099380
 9099467
 9099471
 9099582
 9099693
 9099699
 9099761
 9099886
 9099902
 9099952
 9099954
 9099996
 9100138
 9100394
 9100503
 9100587
 9100751
 9100895
 9100951
 9101063
 9101271
 9101287
 9101315
 9101327
 9101483
 9101514
 9101583
 9101689
 9101700
 9101771
 9101786
 9101905
 9101940
 9101994
 9102121
 9102167
 9102172
 9102273
 9102437
 9102499
 9102590
 9102608
 9102861
 9102886
 9102913
 9103370
 9103446
 9103551
 9103659
 9103681
 9103921
 9104075
 9104084
 9104120
 9104135
 9104218
 9104334
 9104427
 9104990
 9105174
 9105369
 9105467
 9105652
 9105696
 9105737
 9105857
 9105925
 9106040
 9106051
 9106230
 9106262
 9106280
 9106333
 9106556
 9106580
 9106617
 9106687
 9106842
 9106967
 9107023
 9107055
 9107135
 9107184
 9107595
 9107634
 9107666
 9107965
 9108002
 9108033
 9108297
 9108377
 9108437
 9108447
 9108704
 9108919
 9109005
 9109153
 9109161
 9109170
 9109299
 9109558
 9109576
 9109640
 9109730
 9109770
 9109876
 9110027
 9110060
 9110395
 9110403
 9110619
 9110675
 9110711
 9110817
 9110961
 9110965
 9111099
 9111126
 9111434
 9111482
 9111529
 9111530
 9111582
 9111598
 9111703
 9111713
 9112079
 9112116
 9112152
 9112312
 9112324
 9112335
 9112523
 9112614
 9112625
 9112667
 9112692
 9112694
 9112833
 9112957
 9113010
 9113055
 9113398
 9113905
 9113950
 9114027
 9114219
 9114300
 9114510
 9114632
 9114684
 9114830
 9114856
 9114861
 9114933
 9114987
 9115089
 9115189
 9115211
 9115420
 9115464
 9115531
 9115593
 9115626
 9115727
 9115794
 9116033
 9116350
 9116373
 9116389
 9116477
 9116499
 9116745
 9116915
 9116933
 9117030
 9117046
 9117198
 9117214
 9117251
 9117323
 9117367
 9117422
 9117530
 9117573
 9117718
 9117846
 9117918
 9118122
 9118156
 9118183
 9118347
 9118561
 9118604
 9118828
 9118845
 9118854
 9119039
 9119266
 9119354
 9119607
 9119776
 9119963
 9120095
 9120261
 9120330
 9120342
 9120366
 9120449
 9120785
 9120838
 9120879
 9121042
 9121046
 9121146
 9121210
 9121367
 9121715
 9121770
 9121772
 9121778
 9121846
 9122032
 9122036
 9122083
 9122271
 9122290
 9122292
 9122796
 9122798
 9122827
 9122844
 9122889
 9122927
 9122935
 9123345
 9123427
 9123503
 9123757
 9123817
 9123868
 9123893
 9124013
 9124033
 9124212
 9124282
 9124304
 9124602
 9124783
 9124801
 9124859
 9124899
 9124927
 9125083
 9125084
 9125224
 9125238
 9125285
 9125304
 9125314
 9125452
 9125466
 9125499
 9125636
 9125763
 9125820
 9125848
 9125967
 9126005
 9126091
 9126220
 9126467
 9126553
 9126749
 9126864
 9126887
 9126918
 9126971
 9127034
 9127483
 9127636
 9127706
 9127753
 9127885
 9127890
 9128035
 9128047
 9128073
 9128311
 9128556
 9128586
 9128711
 9128727
 9128736
 9129075
 9129106
 9129152
 9129182
 9129316
 9129573
 9130167
 9130179
 9130232
 9130322
 9130342
 9130355
 9130435
 9130456
 9130502
 9130550
 9130717
 9130718
 9130828
 9130907
 9131042
 9131224
 9131227
 9131399
 9131766
 9131848
 9131939
 9131976
 9131999
 9132004
 9132211
 9132378
 9132476
 9132940
 9132980
 9133136
 9133170
 9133298
 9133327
 9133334
 9133954
 9134071
 9134110
 9134193
 9134210
 9134387
 9134410
 9134419
 9134596
 9134622
 9134741
 9134846
 9134886
 9134930
 9135116
 9135194
 9135345
 9135375
 9135879
 9136015
 9136290
 9136334
 9136474
 9136510
 9136760
 9136789
 9137055
 9137104
 9137169
 9137240
 9137264
 9137830
 9137836
 9137906
 9137965
 9138079
 9138108
 9138188
 9138457
 9138462
 9138500
 9138722
 9138751
 9138856
 9139091
 9139458
 9139484
 9139496
 9139516
 9139587
 9139675
 9139713
 9139931
 9139937
 9140232
 9140321
 9140484
 9140786
 9140827
 9141117
 9141331
 9141508
 9141617
 9141824
 9142036
 9142312
 9142547
 9142632
 9142840
 9142844
 9143051
 9143065
 9143067
 9143128
 9143178
 9143276
 9143392
 9143456
 9143470
 9143610
 9143622
 9143745
 9143847
 9143903
 9143940
 9144111
 9144369
 9144415
 9144478
 9144635
 9144908
 9145307
 9145327
 9145521
 9145555
 9145600
 9145635
 9145668
 9145754
 9145866
 9145933
 9145963
 9146123
 9146211
 9146223
 9146251
 9146318
 9146349
 9146455
 9146586
 9146714
 9146729
 9146865
 9146873
 9147144
 9147268
 9147453
 9147563
 9147986
 9147992
 9148025
 9148084
 9148307
 9148523
 9148612
 9148635
 9148733
 9148767
 9148820
 9148988
 9149010
 9149146
 9149205
 9149345
 9149387
 9149503
 9149528
 9149573
 9149585
 9149646
 9149675
 9149837
 9149883
 9150014
 9150087
 9150252
 9150284
 9150303
 9150365
 9150407
 9150557
 9150684
 9150873
 9150997
 9151217
 9151254
 9151835
 9152112
 9152147
 9152148
 9152367
 9152442
 9152536
 9153074
 9153211
 9153245
 9153314
 9153548
 9153552
 9153585
 9153791
 9153852
 9153962
 9154018
 9154023
 9154071
 9154202
 9154249
 9154261
 9154323
 9154338
 9154523
 9154594
 9154597
 9155138
 9155149
 9155466
 9155583
 9155649
 9155733
 9155806
 9155894
 9155973
 9156142
 9156213
 9156311
 9156379
 9156420
 9156453
 9156477
 9156624
 9156838
 9157023
 9157099
 9157101
 9157669
 9157730
 9157926
 9158125
 9158140
 9158380
 9158409
 9158421
 9158433
 9158523
 9158594
 9158614
 9158747
 9158847
 9158980
 9159067
 9159294
 9159389
 9159475
 9159578
 9159660
 9159674
 9159747
 9159809
 9160089
 9160101
 9160110
 9160237
 9160243
 9160248
 9160346
 9160383
 9160413
 9161032
 9161561
 9161799
 9161895
 9162033
 9162131
 9162141
 9162183
 9162197
 9162223
 9162287
 9162352
 9162741
 9162838
 9162876
 9162994
 9163072
 9163224
 9163422
 9163473
 9163480
 9163555
 9163636
 9163680
 9163743
 9163826
 9163991
 9164091
 9164165
 9164250
 9164254
 9164264
 9164291
 9164403
 9164489
 9164534
 9164705
 9164933
 9165009
 9165100
 9165224
 9165232
 9165243
 9165283
 9165374
 9165426
 9165554
 9165652
 9165915
 9165935
 9166072
 9166097
 9166136
 9166149
 9166374
 9166376
 9166407
 9166427
 9166491
 9166497
 9166565
 9166682
 9166766
 9166800
 9166808
 9166817
 9166982
 9167022
 9167109
 9167126
 9167279
 9167324
 9167336
 9167347
 9167368
 9167384
 9167425
 9167444
 9167457
 9167483
 9167685
 9167713
 9167764
 9167885
 9168187
 9168346
 9168464
 9168480
 9168656
 9168721
 9168843
 9168851
 9168873
 9168982
 9169299
 9169534
 9169541
 9169572
 9169673
 9169675
 9169823
 9169909
 9169984
 9170010
 9170161
 9170185
 9170233
 9170400
 9170529
 9170642
 9170648
 9170746
 9170869
 9170884
 9171011
 9171042
 9171135
 9171365
 9171423
 9171443
 9171488
 9171555
 9171564
 9171589
 9171618
 9171646
 9171799
 9172050
 9172133
 9172203
 9172254
 9172383
 9172792
 9172878
 9172881
 9172892
 9173142
 9173150
 9173169
 9173180
 9173513
 9173538
 9173736
 9174023
 9174206
 9174382
 9174553
 9174711
 9174801
 9174832
 9174934
 9174984
 9175009
 9175048
 9175198
 9175205
 9175206
 9175384
 9175487
 9175534
 9175649
 9175720
 9175887
 9175919
 9176045
 9176131
 9176132
 9176240
 9176359
 9176370
 9176472
 9176496
 9176506
 9176725
 9176727
 9176804
 9176960
 9177051
 9177108
 9177194
 9177235
 9177542
 9177723
 9177775
 9177821
 9177900
 9178012
 9178024
 9178032
 9178134
 9178188
 9178305
 9178684
 9179033
 9179122
 9179157
 9179184
 9179289
 9179470
 9179610
 9179646
 9179686
 9179974
 9179982
 9179988
 9180169
 9180196
 9180469
 9180575
 9180606
 9180699
 9180880
 9181067
 9181350
 9181375
 9181593
 9181640
 9181652
 9181664
 9181712
 9181809
 9182383
 9182499
 9182529
 9182553
 9182706
 9182724
 9182756
 9182764
 9182862
 9183023
 9183070
 9183201
 9183208
 9183774
 9184002
 9184048
 9184210
 9184228
 9184231
 9184289
 9184325
 9184384
 9184410
 9184438
 9184647
 9184655
 9184717
 9184814
 9185026
 9185253
 9185292
 9185344
 9185364
 9185450
 9185471
 9185484
 9185505
 9185662
 9186014
 9186311
 9186528
 9186963
 9187062
 9187132
 9187325
 9187694
 9187699
 9187716
 9187832
 9188129
 9188137
 9188319
 9188364
 9188387
 9188398
 9188546
 9188572
 9188622
 9188691
 9188744
 9188892
 9188984
 9189027
 9189141
 9189163
 9189271
 9189343
 9189411
 9189491
 9189530
 9189576
 9189614
 9189719
 9189789
 9189824
 9189968
 9189969
 9190035
 9190238
 9190366
 9190696
 9190717
 9190739
 9190790
 9190796
 9190923
 9190944
 9191095
 9191166
 9191239
 9191246
 9191331
 9191569
 9191654
 9191674
 9191792
 9191826
 9191863
 9191941
 9192073
 9192243
 9192248
 9192255
 9192447
 9192456
 9192465
 9192619
 9192670
 9192680
 9192735
 9192750
 9192757
 9192764
 9192767
 9192876
 9192884
 9192983
 9193008
 9193009
 9193055
 9193153
 9193206
 9193226
 9193335
 9193363
 9193488
 9193569
 9193811
 9193850
 9194020
 9194051
 9194073
 9194090
 9194160
 9194283
 9194406
 9194434
 9194518
 9194670
 9194673
 9194722
 9194768
 9194772
 9194799
 9195030
 9195443
 9195482
 9195666
 9195808
 9196062
 9196070
 9196416
 9196433
 9196583
 9196767
 9196997
 9197043
 9197283
 9197667
 9197938
 9198133
 9198223
 9198227
 9198365
 9198528
 9198642
 9198704
 9198744
 9198805
 9198859
 9198900
 9198918
 9198964
 9199039
 9199083
 9199104
 9199179
 9199209
 9199267
 9199298
 9199365
 9199467
 9199571
 9199698
 9199774
 9199795
 9199835
 9199947
 9199963
 9200233
 9200318
 9200387
 9200542
 9200582
 9200756
 9200804
 9200805
 9200808
 9201298
 9201624
 9201645
 9201858
 9201922
 9201925
 9201933
 9201978
 9202000
 9202169
 9202189
 9202200
 9202387
 9202407
 9202604
 9202729
 9202791
 9202946
 9202948
 9202965
 9203008
 9203092
 9203219
 9203449
 9203615
 9203625
 9203705
 9203837
 9203960
 9204079
 9204148
 9204228
 9204503
 9204671
 9204684
 9204816
 9204941
 9204947
 9205029
 9205107
 9205142
 9205173
 9205209
 9205330
 9205390
 9205428
 9205600
 9205653
 9205713
 9205770
 9205797
 9206038
 9206321
 9206347
 9206429
 9206585
 9206781
 9207094
 9207259
 9207325
 9207612
 9207951
 9207976
 9207992
 9208221
 9208530
 9208690
 9208781
 9208903
 9208999
 9209241
 9209403
 9209661
 9209673
 9209686
 9209712
 9209831
 9209895
 9210037
 9210066
 9210131
 9210214
 9210225
 9210241
 9210288
 9210367
 9210393
 9210395
 9210566
 9210606
 9211115
 9211205
 9211248
 9211250
 9211444
 9211478
 9211531
 9211614
 9211674
 9211689
 9211707
 9211722
 9211771
 9211778
 9211898
 9211932
 9211944
 9212101
 9212238
 9212579
 9212587
 9212807
 9212812
 9212817
 9212858
 9212921
 9212984
 9213073
 9213192
 9213194
 9213247
 9213260
 9213367
 9213401
 9213423
 9213484
 9213541
 9213634
 9213660
 9213753
 9213771
 9213776
 9213787
 9214100
 9214196
 9214217
 9214472
 9214627
 9214673
 9214726
 9214766
 9215146
 9215193
 9215238
 9215358
 9215509
 9215551
 9215592
 9215614
 9215830
 9215838
 9215895
 9216160
 9216236
 9216320
 9216326
 9216387
 9216396
 9216494
 9216620
 9216693
 9216919
 9217145
 9217245
 9217359
 9217381
 9217395
 9217465
 9217473
 9217507
 9217623
 9217634
 9218043
 9218150
 9218257
 9218463
 9218509
 9218813
 9218865
 9218909
 9219088
 9219091
 9219094
 9219156
 9219301
 9219395
 9219422
 9219460
 9219600
 9219612
 9219675
 9219902
 9220118
 9220476
 9220530
 9220894
 9221007
 9221044
 9221059
 9221061
 9221104
 9221303
 9221317
 9221369
 9221776
 9221820
 9221963
 9221994
 9222014
 9222127
 9222238
 9222379
 9222601
 9222872
 9222873
 9222902
 9223025
 9223089
 9223287
 9223491
 9223509
 9223582
 9223641
 9223771
 9223779
 9223806
 9223973
 9224116
 9224117
 9224217
 9224500
 9224730
 9224919
 9224986
 9225049
 9225213
 9225248
 9225288
 9225307
 9225454
 9225480
 9225511
 9225550
 9225562
 9225569
 9225714
 9225795
 9225825
 9226099
 9226347
 9226383
 9226593
 9226646
 9226684
 9226713
 9226830
 9226864
 9226881
 9227055
 9227078
 9227087
 9227355
 9227401
 9227443
 9227459
 9227668
 9227919
 9228011
 9228058
 9228375
 9228510
 9228743
 9228828
 9228870
 9228984
 9228997
 9229177
 9229235
 9229428
 9229580
 9229649
 9229682
 9229698
 9229740
 9229817
 9229941
 9230402
 9230414
 9230496
 9230544
 9230708
 9230786
 9230986
 9230989
 9231025
 9231028
 9231039
 9231419
 9231468
 9231524
 9231547
 9231585
 9231687
 9231773
 9231921
 9232003
 9232059
 9232116
 9232138
 9232477
 9232515
 9232741
 9232871
 9232895
 9232997
 9233065
 9233442
 9233534
 9233541
 9233624
 9233740
 9233949
 9233999
 9234145
 9234158
 9234257
 9234353
 9234356
 9234716
 9234815
 9234862
 9234938
 9234979
 9235059
 9235119
 9235146
 9235219
 9235313
 9235345
 9235702
 9235711
 9235925
 9235926
 9236023
 9236042
 9236153
 9236275
 9236326
 9236357
 9236367
 9236401
 9236762
 9236796
 9236916
 9236933
 9237268
 9237477
 9237577
 9237601
 9237603
 9237629
 9237713
 9237826
 9237838
 9237910
 9238008
 9238386
 9238695
 9239013
 9239312
 9239397
 9239625
 9239704
 9239813
 9239876
 9239932
 9240257
 9240258
 9240299
 9240384
 9240582
 9240602
 9240644
 9240660
 9240824
 9240855
 9240908
 9240942
 9241068
 9241073
 9241087
 9241097
 9241101
 9241108
 9241154
 9241167
 9241197
 9241300
 9241339
 9241378
 9241414
 9241446
 9241496
 9241643
 9241662
 9241758
 9241882
 9241935
 9241973
 9242020
 9242027
 9242187
 9242196
 9242508
 9242516
 9242571
 9242574
 9242667
 9242775
 9242776
 9242840
 9243100
 9243111
 9243202
 9243225
 9243258
 9243430
 9243432
 9243468
 9243521
 9243533
 9243671
 9243681
 9243790
 9243883
 9243900
 9244001
 9244045
 9244153
 9244276
 9244279
 9244402
 9244412
 9244448
 9244493
 9244672
 9244705
 9244811
 9244818
 9244836
 9245034
 9245035
 9245137
 9245168
 9245210
 9245454
 9245528
 9245975
 9246295
 9246338
 9246377
 9246395
 9246400
 9246769
 9246796
 9246849
 9246945
 9247023
 9247157
 9247331
 9247521
 9247557
 9247608
 9247717
 9247858
 9247971
 9248071
 9248078
 9248097
 9248102
 9248175
 9248222
 9248277
 9248380
 9248389
 9248412
 9248456
 9248522
 9248654
 9248675
 9248692
 9248836
 9248853
 9249214
 9249244
 9249272
 9249388
 9249522
 9249611
 9249675
 9249685
 9249842
 9249845
 9249900
 9249911
 9249924
 9249948
 9249956
 9249983
 9250003
 9250086
 9250095
 9250232
 9250389
 9250421
 9250423
 9250425
 9250432
 9250480
 9250675
 9250847
 9250863
 9250866
 9250938
 9250968
 9251015
 9251656
 9251685
 9251738
 9251853
 9251984
 9252013
 9252086
 9252202
 9252264
 9252343
 9252363
 9252407
 9252587
 9252829
 9252887
 9252952
 9253212
 9253266
 9253353
 9253389
 9253416
 9253635
 9253698
 9253763
 9253808
 9254195
 9254297
 9254315
 9254508
 9254693
 9254748
 9254932
 9255016
 9255046
 9255198
 9255223
 9255284
 9255324
 9255354
 9255435
 9255492
 9255663
 9255685
 9255922
 9255969
 9256217
 9256228
 9256277
 9256297
 9256414
 9256496
 9256632
 9256654
 9256747
 9256867
 9257026
 9257101
 9257108
 9257148
 9257258
 9257478
 9257622
 9257755
 9257818
 9257866
 9258023
 9258024
 9258157
 9258214
 9258331
 9258414
 9258501
 9258545
 9258650
 9258849
 9258897
 9258996
 9259025
 9259155
 9259314
 9259375
 9259663
 9259827
 9259885
 9259932
 9260025
 9260120
 9260247
 9260337
 9260357
 9260365
 9260524
 9260527
 9260577
 9260645
 9260744
 9260764
 9260813
 9260841
 9260950
 9260987
 9261074
 9261108
 9261239
 9261281
 9261376
 9261676
 9261714
 9261882
 9261948
 9261999
 9262131
 9262202
 9262424
 9262460
 9262504
 9262522
 9262527
 9262637
 9262683
 9262844
 9262869
 9262903
 9262915
 9263147
 9263252
 9263536
 9263581
 9263933
 9263965
 9264008
 9264146
 9264183
 9264231
 9264294
 9264328
 9264425
 9264433
 9264599
 9264667
 9264772
 9264828
 9264900
 9265283
 9265464
 9265491
 9265651
 9265761
 9265837
 9265840
 9265848
 9265862
 9265966
 9266066
 9266196
 9266203
 9266207
 9266289
 9266590
 9266621
 9266734
 9266865
 9267005
 9267087
 9267183
 9267329
 9267895
 9268106
 9268148
 9268352
 9268391
 9268434
 9268481
 9268754
 9268854
 9268990
 9269000
 9269126
 9269268
 9269333
 9269420
 9269448
 9269691
 9269705
 9269766
 9270016
 9270034
 9270173
 9270193
 9270337
 9270397
 9270429
 9270550
 9270556
 9270594
 9270638
 9270644
 9270674
 9270693
 9270835
 9270915
 9271274
 9271626
 9271735
 9272178
 9272295
 9272346
 9272565
 9272774
 9272792
 9272864
 9273172
 9273232
 9273340
 9273358
 9273411
 9273502
 9273868
 9274041
 9274171
 9274187
 9274286
 9274328
 9274336
 9274360
 9274375
 9274425
 9274439
 9274856
 9274928
 9275012
 9275072
 9275093
 9275122
 9275206
 9275427
 9275523
 9275706
 9275743
 9275806
 9275818
 9275925
 9276067
 9276071
 9276101
 9276108
 9276312
 9276401
 9276453
 9276499
 9276571
 9276575
 9276660
 9276801
 9276912
 9276942
 9276948
 9277083
 9277277
 9277340
 9277365
 9277414
 9277471
 9277482
 9277505
 9277929
 9277962
 9278405
 9278411
 9278434
 9278535
 9278582
 9278589
 9278687
 9278736
 9278761
 9279468
 9279509
 9279517
 9279558
 9279589
 9279591
 9279631
 9279637
 9279640
 9279662
 9279738
 9279787
 9279832
 9279870
 9280059
 9280101
 9280202
 9280227
 9280295
 9280313
 9280338
 9280475
 9280477
 9280752
 9280758
 9280759
 9280806
 9280886
 9281151
 9281277
 9281292
 9281585
 9281658
 9281691
 9281725
 9282015
 9282166
 9282312
 9282380
 9282423
 9282493
 9282506
 9282525
 9282933
 9283234
 9283265
 9283372
 9283398
 9283732
 9283851
 9284072
 9284091
 9284113
 9284166
 9284382
 9284557
 9284889
 9284907
 9284991
 9285082
 9285122
 9285553
 9285671
 9285775
 9285881
 9285910
 9285950
 9285967
 9286168
 9286296
 9286307
 9286491
 9286835
 9286925
 9287004
 9287246
 9287378
 9287487
 9287497
 9287553
 9287584
 9287906
 9287911
 9288030
 9288043
 9288045
 9288054
 9288106
 9288684
 9288696
 9288705
 9288778
 9288852
 9288948
 9289119
 9289145
 9289164
 9289202
 9289519
 9289808
 9289833
 9289896
 9290004
 9290021
 9290048
 9290189
 9290353
 9290403
 9290471
 9290731
 9290746
 9290758
 9290926
 9290945
 9291085
 9291108
 9291164
 9291447
 9291528
 9291546
 9291646
 9291713
 9291785
 9292111
 9292208
 9292344
 9292383
 9292507
 9292590
 9292996
 9293050
 9293086
 9293148
 9293194
 9293241
 9293256
 9293420
 9293482
 9293789
 9293837
 9294178
 9294193
 9294446
 9294466
 9294577
 9294633
 9294653
 9294734
 9294760
 9294883
 9295907
 9296084
 9296193
 9296236
 9296285
 9296340
 9296463
 9296508
 9296609
 9296735
 9296750
 9296850
 9296917
 9296940
 9297031
 9297089
 9297137
 9297171
 9297249
 9297314
 9297464
 9297495
 9297610
 9297778
 9297822
 9297844
 9297986
 9298560
 9298812
 9298889
 9298984
 9299086
 9299323
 9299364
 9299481
 9299648
 9299666
 9299695
 9299791
 9299841
 9299914
 9300029
 9300062
 9300219
 9300268
 9300304
 9300531
 9300738
 9300896
 9301105
 9301240
 9301351
 9301412
 9301422
 9301439
 9301442
 9301653
 9301784
 9301887
 9302016
 9302173
 9302220
 9302404
 9302444
 9302820
 9302992
 9303019
 9303148
 9303288
 9303382
 9303591
 9303598
 9303612
 9303630
 9303642
 9303714
 9303964
 9303986
 9304088
 9304226
 9304232
 9304502
 9304627
 9304651
 9304658
 9304699
 9304824
 9304903
 9305067
 9305124
 9305263
 9305317
 9305332
 9305461
 9305580
 9305642
 9305698
 9305820
 9305841
 9305916
 9305937
 9305985
 9306172
 9306222
 9306335
 9306442
 9306468
 9306652
 9306657
 9306795
 9306799
 9306851
 9307086
 9307209
 9307221
 9307251
 9307379
 9307425
 9307615
 9307711
 9307785
 9307851
 9307894
 9308164
 9308214
 9308298
 9308359
 9308461
 9308468
 9308485
 9308503
 9308504
 9308574
 9308824
 9308894
 9308907
 9309075
 9309095
 9309176
 9309211
 9309220
 9309446
 9309457
 9309603
 9309817
 9309830
 9309961
 9310253
 9310335
 9310363
 9310563
 9310618
 9310705
 9310735
 9310755
 9310801
 9310807
 9310889
 9310945
 9311104
 9311119
 9311165
 9311200
 9311246
 9311320
 9311415
 9311580
 9311647
 9311686
 9311708
 9311771
 9312024
 9312044
 9312078
 9312223
 9312378
 9312436
 9312510
 9312529
 9312583
 9312602
 9312695
 9312759
 9312854
 9312923
 9312935
 9312972
 9313051
 9313173
 9313234
 9313271
 9313365
 9313385
 9313390
 9313392
 9313469
 9313518
 9313532
 9313594
 9313611
 9313736
 9313772
 9313886
 9313901
 9313919
 9314124
 9314293
 9314675
 9314706
 9314793
 9314870
 9315155
 9315237
 9315332
 9315382
 9315514
 9315585
 9315780
 9316018
 9316198
 9316218
 9316241
 9316355
 9316457
 9316462
 9316505
 9316537
 9316620
 9316628
 9316766
 9316774
 9316955
 9317200
 9317428
 9317462
 9317601
 9317610
 9317874
 9317911
 9317955
 9318066
 9318144
 9318212
 9318253
 9318277
 9318384
 9318488
 9318535
 9318776
 9319448
 9319461
 9319547
 9319562
 9319588
 9319807
 9319816
 9319858
 9320099
 9320117
 9320162
 9320511
 9320543
 9320633
 9320641
 9320749
 9320799
 9320872
 9320898
 9320945
 9320996
 9321181
 9321433
 9321545
 9321564
 9321588
 9321698
 9321712
 9321997
 9322030
 9322097
 9322204
 9322251
 9322523
 9322533
 9322618
 9322829
 9322893
 9322914
 9322944
 9323164
 9323224
 9323342
 9323381
 9323416
 9323467
 9323713
 9324029
 9324118
 9324179
 9324325
 9324443
 9324570
 9324868
 9324900
 9325289
 9325296
 9325508
 9325559
 9325571
 9325689
 9325749
 9325765
 9325813
 9325965
 9325999
 9326049
 9326067
 9326079
 9326081
 9326241
 9326474
 9326550
 9326638
 9326706
 9326990
 9327037
 9327046
 9327139
 9327222
 9327377
 9327382
 9327434
 9327475
 9327806
 9327924
 9328010
 9328177
 9328434
 9328435
 9328754
 9328782
 9328908
 9328978
 9329016
 9329051
 9329060
 9329091
 9329104
 9329250
 9329420
 9329424
 9329490
 9329639
 9329737
 9329753
 9329849
 9329876
 9329897
 9330024
 9330032
 9330037
 9330154
 9330183
 9330233
 9330382
 9330455
 9330744
 9331084
 9331169
 9331328
 9331483
 9331500
 9331520
 9331721
 9332071
 9332207
 9332419
 9332422
 9332562
 9332571
 9332858
 9332946
 9332979
 9333129
 9333142
 9333202
 9333268
 9333392
 9333400
 9333727
 9333787
 9333853
 9333904
 9333934
 9333945
 9333950
 9334047
 9334250
 9334289
 9334368
 9334712
 9335315
 9335340
 9335351
 9335450
 9335452
 9335503
 9335545
 9335588
 9335623
 9335713
 9335724
 9335765
 9335772
 9335900
 9335996
 9336006
 9336065
 9336100
 9336271
 9336377
 9336564
 9336651
 9336663
 9336668
 9336688
 9337035
 9337230
 9337278
 9337437
 9337730
 9337771
 9337799
 9337850
 9337862
 9337863
 9337942
 9338039
 9338210
 9338221
 9338381
 9338453
 9338562
 9338706
 9338923
 9338998
 9339101
 9339147
 9339166
 9339205
 9339277
 9339283
 9339374
 9339632
 9339635
 9339658
 9339660
 9339694
 9339700
 9339706
 9339838
 9339906
 9339926
 9340005
 9340100
 9340269
 9340454
 9340498
 9340652
 9340680
 9340731
 9340852
 9340921
 9341099
 9341298
 9341314
 9341319
 9341332
 9341348
 9341475
 9341576
 9341577
 9341594
 9341806
 9341988
 9342211
 9342321
 9342415
 9342418
 9342652
 9342832
 9342852
 9342858
 9342918
 9342976
 9343069
 9343103
 9343113
 9343136
 9343389
 9343405
 9343486
 9343535
 9343584
 9343752
 9343903
 9343934
 9344005
 9344165
 9344237
 9344249
 9344356
 9344399
 9344482
 9344634
 9344644
 9344819
 9344965
 9344995
 9345093
 9345247
 9345346
 9345353
 9345354
 9345391
 9345482
 9345552
 9345837
 9345881
 9346018
 9346032
 9346166
 9346393
 9346530
 9346577
 9346960
 9347028
 9347047
 9347116
 9347266
 9347464
 9347541
 9347832
 9347890
 9347930
 9347931
 9348012
 9348054
 9348172
 9348445
 9348580
 9348664
 9348867
 9348962
 9348988
 9349083
 9349200
 9349262
 9349358
 9349361
 9349448
 9349473
 9349574
 9349583
 9349782
 9350200
 9350254
 9350456
 9350495
 9350578
 9350687
 9350727
 9350728
 9350914
 9350928
 9351008
 9351180
 9351211
 9351296
 9351501
 9351611
 9351743
 9351812
 9351913
 9352102
 9352305
 9352364
 9352388
 9352392
 9352476
 9352632
 9353032
 9353113
 9353222
 9353270
 9353331
 9353601
 9353731
 9353830
 9353890
 9353951
 9354027
 9354191
 9354255
 9354268
 9354422
 9354427
 9354448
 9354534
 9354627
 9354684
 9354810
 9354813
 9354870
 9355187
 9355267
 9355890
 9355986
 9356019
 9356021
 9356166
 9356213
 9356364
 9356544
 9356557
 9356660
 9356688
 9356718
 9356764
 9357058
 9357305
 9357321
 9357430
 9357490
 9357514
 9357547
 9357550
 9357590
 9357697
 9357699
 9357703
 9357877
 9358406
 9358442
 9358450
 9358544
 9358864
 9358963
 9359059
 9359385
 9359505
 9359515
 9359517
 9359587
 9359612
 9359634
 9359692
 9359712
 9359715
 9359761
 9359809
 9359957
 9359989
 9360002
 9360485
 9360683
 9360871
 9360965
 9361236
 9361335
 9361409
 9361523
 9361574
 9361611
 9361625
 9362317
 9362415
 9362691
 9363076
 9363149
 9363162
 9363306
 9363414
 9363578
 9363792
 9363797
 9363908
 9364072
 9364185
 9364212
 9364223
 9364243
 9364263
 9364407
 9364700
 9364784
 9364908
 9364931
 9364967
 9365002
 9365110
 9365286
 9365461
 9365494
 9365579
 9365622
 9365742
 9365815
 9365942
 9366079
 9366095
 9366501
 9366535
 9366557
 9366574
 9366612
 9366790
 9366815
 9367153
 9367258
 9367434
 9367437
 9367455
 9367535
 9367664
 9367754
 9367784
 9367847
 9367905
 9367928
 9368244
 9368543
 9368627
 9368734
 9368829
 9368876
 9368968
 9368996
 9369064
 9369418
 9369715
 9369716
 9369973
 9370160
 9370218
 9370238
 9370241
 9370522
 9370750
 9370888
 9371044
 9371080
 9371229
 9371262
 9371364
 9371610
 9371634
 9371647
 9371666
 9371675
 9371686
 9371714
 9371834
 9372197
 9372217
 9372244
 9372306
 9372417
 9372485
 9372635
 9372643
 9372651
 9372777
 9372796
 9372846
 9372966
 9373522
 9373579
 9373685
 9373696
 9373751
 9373855
 9373990
 9374125
 9374131
 9374180
 9374552
 9374678
 9374769
 9374799
 9374947
 9375004
 9375046
 9375063
 9375133
 9375134
 9375223
 9375245
 9375293
 9375980
 9376108
 9376361
 9376429
 9376615
 9376756
 9376850
 9377082
 9377116
 9377185
 9377201
 9377276
 9377422
 9377784
 9377864
 9378078
 9378240
 9378510
 9378611
 9378677
 9378754
 9378760
 9378785
 9379041
 9379096
 9379144
 9379267
 9379424
 9379517
 9379601
 9379806
 9379885
 9379904
 9379946
 9380276
 9380422
 9380423
 9380505
 9380538
 9380638
 9380661
 9380717
 9380735
 9380818
 9380820
 9380861
 9380987
 9381025
 9381195
 9381261
 9381357
 9381655
 9381679
 9381865
 9382014
 9382018
 9382113
 9382116
 9382181
 9382297
 9382354
 9382356
 9382425
 9382593
 9382879
 9382902
 9382974
 9383145
 9383163
 9383188
 9383221
 9383282
 9383348
 9383456
 9383482
 9383526
 9383535
 9383552
 9383560
 9383934
 9383980
 9383991
 9384061
 9384224
 9384294
 9384324
 9384341
 9384393
 9384491
 9384628
 9385464
 9385786
 9385958
 9385967
 9386407
 9386488
 9386690
 9386761
 9386877
 9386883
 9387071
 9387135
 9387208
 9387210
 9387364
 9387634
 9387748
 9387762
 9387847
 9387901
 9387902
 9387927
 9388044
 9388052
 9388195
 9388418
 9388531
 9388548
 9388697
 9388705
 9388843
 9388943
 9388965
 9389100
 9389140
 9389193
 9389223
 9389228
 9389319
 9389397
 9389474
 9389493
 9389534
 9389571
 9389846
 9389948
 9390048
 9390205
 9390223
 9390309
 9390323
 9390386
 9390459
 9390596
 9390704
 9390816
 9390849
 9391124
 9391474
 9391640
 9391849
 9391893
 9391969
 9392186
 9392199
 9392219
 9392259
 9392317
 9392480
 9392606
 9392797
 9393121
 9393395
 9393660
 9393915
 9393938
 9393972
 9394185
 9394221
 9394263
 9394265
 9394267
 9394439
 9394455
 9394467
 9394643
 9394776
 9394872
 9394875
 9394970
 9395000
 9395043
 9395088
 9395283
 9395497
 9395545
 9395595
 9395630
 9395661
 9395938
 9396160
 9396207
 9396219
 9396337
 9396527
 9396535
 9396566
 9396588
 9396732
 9396769
 9396815
 9396992
 9397145
 9397181
 9397195
 9397316
 9397561
 9397697
 9397786
 9397853
 9397951
 9397959
 9398000
 9398029
 9398368
 9398472
 9398495
 9398773
 9398924
 9399020
 9399161
 9399174
 9399202
 9399203
 9399272
 9399399
 9399511
 9399516
 9399527
 9399637
 9399661
 9399713
 9399754
 9399774
 9399976
 9399983
 9399995
 9400158
 9400230
 9400508
 9400771
 9400846
 9400888
 9400964
 9400991
 9401278
 9401312
 9401379
 9401508
 9401730
 9401816
 9401835
 9401954
 9401971
 9402090
 9402206
 9402303
 9402309
 9402511
 9402867
 9402950
 9403051
 9403236
 9403240
 9403376
 9403455
 9403491
 9403499
 9403548
 9403627
 9404042
 9404212
 9404231
 9404262
 9404314
 9404659
 9404670
 9404839
 9405308
 9405582
 9405639
 9405663
 9405738
 9405759
 9405887
 9405909
 9405914
 9406004
 9406040
 9406469
 9406636
 9406885
 9406955
 9406965
 9407092
 9407173
 9407241
 9407272
 9407609
 9407722
 9407897
 9407901
 9408012
 9408057
 9408169
 9408216
 9408656
 9408657
 9408738
 9408761
 9408972
 9408976
 9409117
 9409250
 9409258
 9409261
 9409356
 9409422
 9409460
 9409615
 9409670
 9409683
 9409760
 9409807
 9410073
 9410167
 9410177
 9410349
 9410371
 9410515
 9410912
 9410929
 9411000
 9411097
 9411231
 9411289
 9411297
 9411452
 9411783
 9411811
 9411838
 9411858
 9411859
 9411883
 9411928
 9412115
 9412127
 9412290
 9412502
 9412574
 9412606
 9412632
 9412652
 9412670
 9412807
 9412835
 9412944
 9413009
 9413221
 9413272
 9413510
 9413562
 9413731
 9413764
 9414070
 9414172
 9414219
 9414580
 9414627
 9414637
 9414659
 9414844
 9414927
 9414970
 9414977
 9415601
 9415633
 9415767
 9415828
 9416052
 9416108
 9416142
 9416205
 9416427
 9416519
 9416699
 9416762
 9416795
 9416877
 9416931
 9417743
 9417781
 9417831
 9417977
 9418053
 9418119
 9418139
 9418476
 9418494
 9418665
 9418886
 9418966
 9419155
 9419346
 9419583
 9419687
 9419907
 9419953
 9420018
 9420125
 9420173
 9420195
 9420252
 9420580
 9420583
 9420662
 9420677
 9420768
 9420794
 9420823
 9420889
 9420989
 9421467
 9421580
 9421599
 9421639
 9421640
 9421889
 9422044
 9422202
 9422217
 9422245
 9422260
 9422366
 9422402
 9422418
 9422484
 9422547
 9422624
 9422643
 9422822
 9422856
 9423043
 9423052
 9423133
 9423181
 9423266
 9423349
 9423365
 9423402
 9423644
 9423721
 9423858
 9423887
 9423978
 9424081
 9424286
 9424317
 9424442
 9424533
 9424713
 9424735
 9424742
 9424805
 9424867
 9424984
 9425149
 9425544
 9425604
 9425870
 9426274
 9426446
 9426541
 9426742
 9426824
 9426972
 9427020
 9427068
 9427211
 9427277
 9427465
 9427518
 9427712
 9427933
 9428216
 9428250
 9428316
 9428478
 9428482
 9428485
 9428650
 9428846
 9429205
 9429377
 9429781
 9429804
 9429925
 9430014
 9430034
 9430276
 9430321
 9430328
 9430371
 9430588
 9430623
 9430914
 9431031
 9431043
 9431063
 9431256
 9431401
 9431442
 9431586
 9431742
 9432005
 9432031
 9432124
 9432162
 9432273
 9432439
 9432548
 9432672
 9432703
 9432760
 9433285
 9433289
 9433308
 9433453
 9433592
 9433619
 9433730
 9433761
 9433774
 9433944
 9434081
 9434103
 9434153
 9434169
 9434236
 9434521
 9434569
 9434727
 9434831
 9435119
 9435139
 9435431
 9435610
 9435635
 9435665
 9435694
 9435704
 9435759
 9435934
 9435981
 9436226
 9436384
 9436534
 9436553
 9436857
 9436862
 9437247
 9437258
 9437364
 9437518
 9437630
 9438094
 9438148
 9438165
 9438265
 9438791
 9438837
 9438849
 9438926
 9439020
 9439461
 9439551
 9439579
 9439876
 9440004
 9440083
 9440268
 9440338
 9440369
 9440396
 9440412
 9440484
 9440532
 9440681
 9440705
 9440808
 9440828
 9440964
 9441079
 9441297
 9441339
 9441590
 9441603
 9441719
 9441737
 9441821
 9441928
 9441935
 9441994
 9442098
 9442144
 9442295
 9442811
 9442870
 9443105
 9443188
 9443226
 9443251
 9443293
 9443429
 9443440
 9443453
 9443529
 9443716
 9443739
 9443892
 9444054
 9444094
 9444376
 9444506
 9444572
 9444609
 9444610
 9444776
 9444786
 9444834
 9444859
 9445025
 9445030
 9445032
 9445038
 9445369
 9445408
 9445633
 9445700
 9445772
 9445906
 9445962
 9446128
 9446206
 9446225
 9446350
 9446414
 9446724
 9446797
 9447289
 9447331
 9447341
 9447416
 9447600
 9447614
 9447616
 9447750
 9447841
 9447872
 9448077
 9448275
 9448308
 9448484
 9448831
 9448834
 9449179
 9449616
 9449748
 9449900
 9449908
 9449993
 9450108
 9450176
 9450443
 9450524
 9450619
 9450645
 9450804
 9450847
 9450970
 9451125
 9451260
 9451261
 9451346
 9451367
 9451547
 9451758
 9451837
 9451842
 9451851
 9451985
 9452000
 9452104
 9452314
 9452546
 9452617
 9452661
 9452662
 9452710
 9452780
 9453097
 9453101
 9453150
 9453238
 9453251
 9453431
 9453600
 9453620
 9453654
 9453836
 9453873
 9453911
 9454069
 9454130
 9454302
 9454554
 9454587
 9454769
 9454882
 9454948
 9455089
 9455138
 9455336
 9455502
 9455532
 9455550
 9455653
 9455681
 9455858
 9455913
 9455923
 9456026
 9456454
 9456485
 9456585
 9456772
 9456823
 9456852
 9456866
 9456965
 9457001
 9457057
 9457322
 9457433
 9457468
 9457641
 9457713
 9457759
 9458093
 9458217
 9458236
 9458480
 9458511
 9458522
 9458657
 9458678
 9458775
 9458838
 9458842
 9459012
 9459030
 9459096
 9459109
 9459152
 9459182
 9459301
 9459340
 9459376
 9459408
 9459484
 9459657
 9459899
 9459952
 9460329
 9460399
 9460469
 9460653
 9460734
 9461156
 9461164
 9461201
 9461319
 9461458
 9461875
 9461899
 9462043
 9462112
 9462123
 9462221
 9462235
 9462406
 9462461
 9462607
 9462656
 9462765
 9462930
 9463032
 9463074
 9463079
 9463233
 9463312
 9463435
 9463486
 9463626
 9463808
 9463885
 9463916
 9463960
 9464039
 9464295
 9464314
 9464316
 9464458
 9464547
 9464716
 9464865
 9465192
 9465443
 9465541
 9466003
 9466070
 9466118
 9466134
 9466143
 9466213
 9466250
 9466268
 9466283
 9466369
 9466546
 9466756
 9466784
 9466790
 9466924
 9467028
 9467037
 9467069
 9467078
 9467110
 9467124
 9467130
 9467166
 9467169
 9467219
 9467337
 9467358
 9467404
 9467439
 9467446
 9467464
 9467492
 9467627
 9467693
 9467775
 9467933
 9468233
 9468294
 9468383
 9468500
 9468925
 9469023
 9469045
 9469099
 9469121
 9469138
 9469207
 9469210
 9469298
 9469357
 9469463
 9469486
 9469561
 9469661
 9469677
 9469785
 9470205
 9470274
 9470375
 9470511
 9470573
 9470692
 9470795
 9470839
 9470927
 9470940
 9470961
 9471064
 9471081
 9471656
 9471799
 9471827
 9471893
 9471932
 9471948
 9472023
 9472201
 9472202
 9472209
 9472244
 9472388
 9472445
 9472840
 9472853
 9472989
 9473022
 9473132
 9473209
 9473250
 9473378
 9473776
 9473862
 9474150
 9474156
 9474178
 9474217
 9474300
 9474410
 9474526
 9474688
 9474744
 9474803
 9474900
 9474967
 9475133
 9475155
 9475193
 9475405
 9475422
 9475438
 9475483
 9475534
 9475608
 9475697
 9475784
 9475797
 9475960
 9475985
 9476035
 9476052
 9476101
 9476138
 9476357
 9476592
 9476761
 9476811
 9476871
 9476977
 9477029
 9477087
 9477184
 9477231
 9477257
 9477309
 9477343
 9477370
 9477407
 9477640
 9477712
 9477797
 9477959
 9478000
 9478144
 9478453
 9478602
 9478656
 9478702
 9478826
 9478913
 9479160
 9479544
 9479550
 9479555
 9479587
 9479759
 9479833
 9479947
 9479955
 9480094
 9480187
 9480291
 9480437
 9480660
 9480701
 9480711
 9480850
 9480859
 9481258
 9481313
 9481877
 9482005
 9482070
 9482149
 9482213
 9482305
 9482344
 9482372
 9482549
 9482710
 9482822
 9482831
 9482842
 9482855
 9482871
 9483157
 9483354
 9483437
 9483464
 9483487
 9483538
 9483797
 9483975
 9484105
 9484115
 9484287
 9484294
 9484438
 9484468
 9484488
 9484507
 9484582
 9484830
 9484913
 9484924
 9484948
 9485012
 9485177
 9485226
 9485243
 9485298
 9485486
 9485629
 9485662
 9485668
 9485710
 9485866
 9485923
 9485939
 9486007
 9486036
 9486104
 9486130
 9486173
 9486179
 9486214
 9486406
 9486499
 9486561
 9486576
 9486623
 9486733
 9486803
 9487076
 9487196
 9487539
 9487591
 9487687
 9487773
 9487774
 9487995
 9488043
 9488090
 9488173
 9488256
 9488270
 9488339
 9488614
 9488620
 9488672
 9488702
 9488765
 9488859
 9488881
 9488920
 9489058
 9489078
 9489179
 9489294
 9489339
 9489355
 9489444
 9489498
 9489679
 9489837
 9489933
 9489978
 9490098
 9490149
 9490214
 9490233
 9490329
 9490349
 9490360
 9490481
 9490628
 9490642
 9490744
 9490775
 9490808
 9490961
 9490970
 9491120
 9491333
 9491477
 9491739
 9492200
 9492267
 9492288
 9492346
 9492552
 9492624
 9492652
 9492983
 9493023
 9493152
 9493185
 9493201
 9493251
 9493313
 9493360
 9493408
 9493585
 9493749
 9493863
 9493934
 9493985
 9494075
 9494092
 9494127
 9494132
 9494137
 9494191
 9494340
 9494352
 9494505
 9494534
 9494557
 9494658
 9494755
 9494895
 9494913
 9494914
 9494918
 9495040
 9495078
 9495154
 9495310
 9495320
 9495484
 9495493
 9495736
 9495854
 9496075
 9496127
 9496136
 9496223
 9496252
 9496428
 9496674
 9496774
 9496802
 9496812
 9496830
 9496997
 9497048
 9497294
 9497459
 9497473
 9497821
 9497823
 9497841
 9498036
 9498104
 9498208
 9498218
 9498285
 9498410
 9498538
 9498553
 9498615
 9498669
 9498706
 9498959
 9499105
 9499200
 9499300
 9499331
 9499454
 9499489
 9499635
 9499912
 9500078
 9500181
 9500322
 9500457
 9500685
 9500834
 9500844
 9500942
 9501128
 9501244
 9501266
 9501333
 9501389
 9501894
 9501974
 9502083
 9502303
 9502350
 9502579
 9502694
 9502747
 9502759
 9502856
 9502959
 9502975
 9502985
 9502990
 9503121
 9503149
 9503209
 9503296
 9503365
 9503529
 9503530
 9503843
 9504002
 9504151
 9504227
 9504505
 9504563
 9504684
 9504871
 9504937
 9505086
 9505339
 9505340
 9505372
 9505382
 9505409
 9505864
 9505895
 9505936
 9506006
 9506017
 9506038
 9506238
 9506276
 9506286
 9506418
 9506467
 9506512
 9506579
 9506583
 9506657
 9506748
 9506791
 9506841
 9506940
 9507045
 9507097
 9507187
 9507253
 9507385
 9507707
 9507730
 9507754
 9507790
 9507858
 9507863
 9507954
 9508069
 9508151
 9508193
 9508284
 9508338
 9508600
 9508613
 9508753
 9508801
 9508833
 9508876
 9508949
 9508966
 9508993
 9509114
 9509161
 9509203
 9509241
 9509291
 9509374
 9509381
 9509432
 9509467
 9509909
 9510011
 9510051
 9510177
 9510251
 9510317
 9510378
 9510418
 9510520
 9510810
 9511073
 9511133
 9511268
 9511277
 9511344
 9511492
 9511520
 9511558
 9511684
 9511692
 9512033
 9512162
 9512386
 9512503
 9512513
 9512521
 9512550
 9512801
 9513173
 9513233
 9513295
 9513333
 9513365
 9513550
 9513658
 9513660
 9513681
 9513791
 9513937
 9514110
 9514126
 9514142
 9514251
 9514328
 9514365
 9514393
 9514508
 9514530
 9514683
 9514716
 9515013
 9515146
 9515239
 9515255
 9515404
 9515790
 9515792
 9515851
 9515962
 9515970
 9516130
 9516299
 9516511
 9516514
 9516585
 9516632
 9516676
 9516725
 9516815
 9517080
 9517132
 9517328
 9517336
 9517460
 9517693
 9517780
 9517806
 9517824
 9517848
 9517860
 9518355
 9518388
 9518427
 9518508
 9518634
 9518641
 9518659
 9518681
 9518828
 9518888
 9518901
 9519037
 9519133
 9519158
 9519259
 9519269
 9519337
 9519400
 9519440
 9519563
 9519943
 9520257
 9520409
 9520414
 9520461
 9520467
 9520512
 9520516
 9520577
 9520813
 9520890
 9520954
 9520967
 9521000
 9521012
 9521071
 9521214
 9521236
 9521430
 9521519
 9521588
 9521624
 9521740
 9521806
 9521869
 9521876
 9522012
 9522254
 9522298
 9522343
 9522625
 9522654
 9522657
 9522696
 9522827
 9522895
 9523018
 9523100
 9523288
 9523370
 9523565
 9523587
 9523694
 9523721
 9523727
 9523771
 9523833
 9524035
 9524354
 9524424
 9524753
 9524808
 9525098
 9525147
 9525182
 9525236
 9525353
 9525361
 9525473
 9525654
 9525692
 9526001
 9526478
 9526535
 9526538
 9526635
 9526782
 9526832
 9526860
 9526992
 9527011
 9527227
 9527237
 9527265
 9527354
 9527651
 9527707
 9527710
 9527833
 9527842
 9527976
 9528072
 9528126
 9528203
 9528205
 9528339
 9528442
 9528467
 9528559
 9528761
 9528849
 9529109
 9529230
 9529266
 9529329
 9529343
 9529740
 9529863
 9529893
 9529919
 9529942
 9529994
 9530022
 9530039
 9530174
 9530225
 9530233
 9530295
 9530499
 9530510
 9530614
 9530619
 9530733
 9530772
 9530785
 9530941
 9530961
 9531074
 9531117
 9531473
 9531588
 9531604
 9531625
 9531641
 9531706
 9531707
 9531822
 9531983
 9532041
 9532145
 9532154
 9532377
 9532513
 9532633
 9532698
 9533000
 9533164
 9533391
 9533650
 9533781
 9533788
 9533837
 9533870
 9533989
 9534163
 9534240
 9534274
 9534328
 9534378
 9534544
 9534559
 9534694
 9534879
 9534886
 9534936
 9534952
 9534966
 9535144
 9535194
 9535228
 9535246
 9535287
 9535604
 9535701
 9535746
 9535879
 9536149
 9536271
 9536296
 9536725
 9536753
 9536767
 9536908
 9537021
 9537103
 9537189
 9537202
 9537259
 9537475
 9537526
 9537587
 9537646
 9537981
 9538019
 9538385
 9538532
 9538653
 9538695
 9538800
 9538966
 9539023
 9539494
 9539790
 9539792
 9539853
 9540049
 9540062
 9540084
 9540094
 9540132
 9540501
 9540558
 9540823
 9540830
 9540855
 9540918
 9540944
 9540964
 9541000
 9541133
 9541156
 9541455
 9541459
 9541526
 9541550
 9541578
 9541595
 9541612
 9541630
 9541648
 9541778
 9541791
 9541807
 9541841
 9541842
 9541862
 9542204
 9542396
 9542607
 9542677
 9542785
 9542926
 9543145
 9543184
 9543355
 9543369
 9543398
 9543601
 9543651
 9543687
 9543694
 9543862
 9543897
 9544028
 9544186
 9544240
 9544265
 9544348
 9544390
 9544834
 9544856
 9545048
 9545656
 9545710
 9545749
 9545750
 9545760
 9545808
 9545866
 9546001
 9546087
 9546122
 9546164
 9546195
 9546309
 9546527
 9546625
 9546634
 9546776
 9546809
 9546930
 9546954
 9547054
 9547057
 9547077
 9547101
 9547134
 9547433
 9547542
 9547581
 9547651
 9547688
 9547708
 9548023
 9548097
 9548123
 9548150
 9548208
 9548379
 9548388
 9548739
 9548776
 9548849
 9548874
 9548899
 9548945
 9548976
 9549239
 9549384
 9549618
 9549803
 9549950
 9550065
 9550078
 9550287
 9550328
 9550362
 9550546
 9550603
 9550698
 9550706
 9550848
 9550850
 9550932
 9550933
 9551163
 9551218
 9551305
 9551386
 9551400
 9551423
 9551566
 9551679
 9551716
 9551732
 9551766
 9551811
 9551822
 9551837
 9551893
 9552123
 9552170
 9552221
 9552244
 9552573
 9552645
 9552823
 9552923
 9553002
 9553114
 9553280
 9553420
 9553423
 9553576
 9553602
 9553843
 9553932
 9553967
 9553969
 9554631
 9554655
 9554683
 9554836
 9554862
 9554970
 9554987
 9555026
 9555126
 9555150
 9555191
 9555229
 9555245
 9555360
 9555486
 9555607
 9555627
 9555817
 9555912
 9555956
 9556165
 9556171
 9556178
 9556271
 9556390
 9556393
 9556526
 9556679
 9556842
 9556854
 9556945
 9557026
 9557289
 9557323
 9557467
 9557614
 9557630
 9557664
 9557696
 9557729
 9557911
 9558019
 9558041
 9558096
 9558126
 9558150
 9558183
 9558237
 9558241
 9558375
 9558439
 9558502
 9558560
 9558793
 9558863
 9559127
 9559158
 9559201
 9559563
 9559648
 9559651
 9559658
 9559907
 9559960
 9559964
 9560000
 9560084
 9560291
 9560327
 9560336
 9560371
 9560421
 9560739
 9560876
 9560991
 9561155
 9561156
 9561363
 9561394
 9561483
 9561533
 9561537
 9561671
 9561914
 9561984
 9562033
 9562073
 9562482
 9562718
 9562803
 9562865
 9562976
 9563018
 9563029
 9563059
 9563189
 9563195
 9563344
 9563479
 9563540
 9563648
 9563677
 9564146
 9564153
 9564164
 9564523
 9564539
 9564640
 9564720
 9564749
 9564894
 9564963
 9565119
 9565167
 9565240
 9565396
 9565458
 9565464
 9565554
 9565725
 9565887
 9565967
 9565996
 9566023
 9566081
 9566147
 9566256
 9566261
 9566427
 9566505
 9566533
 9566610
 9566617
 9566643
 9566840
 9566997
 9567124
 9567133
 9567185
 9567274
 9567296
 9567319
 9567536
 9567586
 9567600
 9567682
 9567713
 9567783
 9567800
 9567863
 9567986
 9568169
 9568188
 9568257
 9568316
 9568360
 9568446
 9568472
 9568708
 9568758
 9568776
 9568801
 9568982
 9569054
 9569082
 9569145
 9569153
 9569179
 9569279
 9569335
 9569419
 9569474
 9569524
 9569528
 9569542
 9569847
 9569925
 9569983
 9570052
 9570229
 9570398
 9570463
 9570761
 9570869
 9570900
 9570957
 9571064
 9571169
 9571245
 9571316
 9571343
 9571613
 9571646
 9571657
 9571766
 9571861
 9571898
 9572119
 9572150
 9572268
 9572274
 9572422
 9572890
 9573020
 9573336
 9573621
 9573637
 9573877
 9573878
 9574095
 9574107
 9574323
 9574449
 9574526
 9574701
 9574732
 9574800
 9575137
 9575244
 9575362
 9575540
 9575541
 9575547
 9575568
 9575573
 9575575
 9575681
 9575723
 9575767
 9575771
 9575877
 9575911
 9575987
 9575993
 9576194
 9576292
 9576338
 9576354
 9576443
 9576521
 9576637
 9576772
 9576865
 9576957
 9576983
 9577008
 9577018
 9577314
 9577396
 9577429
 9577505
 9577601
 9577613
 9577726
 9577746
 9577747
 9578043
 9578082
 9578169
 9578441
 9578582
 9578966
 9579106
 9579136
 9579241
 9579309
 9579554
 9579673
 9579692
 9580064
 9580106
 9580121
 9580312
 9580441
 9580512
 9580560
 9580565
 9580599
 9580689
 9580819
 9580916
 9581001
 9581084
 9581229
 9581244
 9581528
 9581656
 9581813
 9581838
 9581918
 9581969
 9581985
 9582029
 9582040
 9582048
 9582049
 9582432
 9582461
 9582484
 9582497
 9582521
 9582643
 9582649
 9582680
 9582689
 9582734
 9582777
 9582860
 9582935
 9582985
 9583094
 9583265
 9583357
 9583386
 9583408
 9583432
 9583566
 9583592
 9583672
 9583696
 9583714
 9583720
 9584000
 9584042
 9584458
 9584506
 9584630
 9584851
 9585041
 9585080
 9585306
 9585362
 9585550
 9585621
 9585680
 9585780
 9585955
 9586048
 9586071
 9586119
 9586139
 9586192
 9586220
 9586356
 9586905
 9586922
 9587117
 9587155
 9587161
 9587235
 9587307
 9587504
 9587661
 9587691
 9587771
 9587805
 9587886
 9587953
 9588017
 9588021
 9588357
 9588736
 9588810
 9588859
 9588898
 9588948
 9589077
 9589219
 9589231
 9589300
 9589357
 9589366
 9589528
 9589559
 9589665
 9589672
 9589718
 9589832
 9589906
 9589923
 9590010
 9590210
 9590220
 9590230
 9590268
 9590403
 9590541
 9590593
 9590685
 9590703
 9590709
 9590715
 9590796
 9590858
 9590881
 9590929
 9591084
 9591525
 9591608
 9591887
 9591941
 9592274
 9592373
 9592426
 9592639
 9592669
 9592764
 9592997
 9593083
 9593158
 9593199
 9593207
 9593228
 9593230
 9593231
 9593270
 9593348
 9593491
 9593540
 9593637
 9593688
 9593742
 9593759
 9593826
 9593833
 9593864
 9593929
 9594156
 9594222
 9594430
 9594438
 9594455
 9594457
 9594474
 9594567
 9594579
 9594606
 9594670
 9594726
 9594862
 9594917
 9594919
 9594944
 9594995
 9595040
 9595211
 9595221
 9595512
 9595529
 9595546
 9595596
 9595605
 9595890
 9596011
 9596080
 9596199
 9596250
 9596282
 9596351
 9596534
 9596648
 9596664
 9596796
 9596975
 9596980
 9597080
 9597118
 9597138
 9597293
 9597533
 9597548
 9597758
 9597816
 9597912
 9598012
 9598079
 9598184
 9598250
 9598252
 9598407
 9598533
 9598549
 9598564
 9598704
 9598818
 9599551
 9599683
 9599760
 9599811
 9599816
 9599885
 9599996
 9600093
 9600158
 9600460
 9600648
 9600659
 9600829
 9601210
 9601226
 9601292
 9601312
 9601532
 9601624
 9601917
 9602425
 9602437
 9602439
 9602502
 9602534
 9602663
 9602800
 9603044
 9603080
 9603112
 9603342
 9603507
 9603680
 9603769
 9603960
 9604108
 9604114
 9604312
 9604372
 9604409
 9604422
 9604479
 9604660
 9604662
 9604796
 9604836
 9605103
 9605149
 9605276
 9605656
 9605696
 9605822
 9605879
 9605902
 9605992
 9606146
 9606316
 9606351
 9606396
 9606406
 9606726
 9606750
 9606761
 9606797
 9606982
 9607203
 9607205
 9607216
 9607269
 9607330
 9607370
 9607387
 9607430
 9607536
 9607591
 9607633
 9607640
 9607643
 9607816
 9608006
 9608060
 9608205
 9608279
 9608366
 9608400
 9608438
 9608482
 9608582
 9608723
 9608802
 9609023
 9609188
 9609501
 9609577
 9609626
 9609817
 9610347
 9610426
 9610486
 9610535
 9610560
 9610567
 9610748
 9610839
 9610894
 9610911
 9610942
 9611168
 9611171
 9611225
 9611531
 9611633
 9611703
 9611736
 9611779
 9611798
 9612461
 9612472
 9612523
 9612644
 9612663
 9612808
 9612886
 9612993
 9613629
 9613649
 9613666
 9613671
 9613684
 9613853
 9613925
 9614055
 9614128
 9614286
 9614590
 9614732
 9615005
 9615038
 9615088
 9615100
 9615124
 9615142
 9615170
 9615210
 9615269
 9615284
 9615662
 9615822
 9616220
 9616335
 9616523
 9616739
 9616896
 9617006
 9617010
 9617085
 9617176
 9617452
 9617641
 9617901
 9618173
 9618288
 9618383
 9618482
 9618746
 9618787
 9618798
 9618800
 9618886
 9619135
 9619216
 9619728
 9619774
 9619825
 9620061
 9620195
 9620205
 9620259
 9620588
 9620609
 9620629
 9620847
 9620859
 9620880
 9620887
 9620896
 9620925
 9620927
 9620966
 9621101
 9621193
 9621302
 9621463
 9621634
 9621641
 9621728
 9621903
 9621945
 9622286
 9622440
 9622573
 9622603
 9622609
 9622658
 9622662
 9622861
 9622878
 9623075
 9623147
 9623189
 9623232
 9623236
 9623679
 9623772
 9623781
 9623845
 9623868
 9623916
 9623949
 9623978
 9623995
 9624123
 9624149
 9624161
 9624207
 9624318
 9624353
 9624507
 9624586
 9624665
 9624864
 9624952
 9625053
 9625138
 9625172
 9625544
 9625704
 9625734
 9625743
 9625833
 9625881
 9626099
 9626139
 9626323
 9626354
 9626373
 9626417
 9626456
 9626771
 9626808
 9626848
 9627024
 9627046
 9627185
 9627349
 9627368
 9627484
 9627540
 9627652
 9627713
 9627731
 9627750
 9627812
 9627831
 9627875
 9628052
 9628154
 9628181
 9628273
 9628361
 9628542
 9628740
 9628746
 9628825
 9628843
 9628850
 9628962
 9629141
 9629284
 9629388
 9629571
 9629587
 9629945
 9630026
 9630190
 9630199
 9630355
 9630515
 9630546
 9630626
 9630715
 9630805
 9630852
 9630949
 9630957
 9630971
 9631126
 9631155
 9631203
 9631453
 9631555
 9631677
 9631861
 9632296
 9632360
 9632522
 9632538
 9632546
 9632604
 9632633
 9632657
 9632699
 9632723
 9632795
 9632814
 9632951
 9632965
 9633207
 9633230
 9633349
 9633426
 9633545
 9633602
 9633696
 9633720
 9633810
 9633861
 9633895
 9634047
 9634062
 9634145
 9634196
 9634299
 9634320
 9634364
 9634428
 9634461
 9634539
 9634624
 9634670
 9634874
 9634898
 9634928
 9634971
 9635051
 9635052
 9635119
 9635128
 9635446
 9635523
 9635629
 9635644
 9635732
 9635854
 9635877
 9635888
 9635894
 9635912
 9635961
 9636011
 9636041
 9636069
 9636164
 9636165
 9636187
 9636322
 9636463
 9636570
 9636789
 9636877
 9637028
 9637047
 9637068
 9637071
 9637271
 9637416
 9637588
 9637805
 9637834
 9637845
 9637919
 9637955
 9638075
 9638401
 9638476
 9638696
 9638738
 9638800
 9638825
 9638837
 9638951
 9638976
 9639161
 9639269
 9639416
 9639461
 9639706
 9639893
 9640050
 9640055
 9640107
 9640211
 9640401
 9640406
 9640475
 9640519
 9640564
 9640694
 9640726
 9640806
 9640813
 9640967
 9641176
 9641385
 9641624
 9641648
 9641717
 9641762
 9641840
 9641860
 9641883
 9642120
 9642183
 9642236
 9642427
 9642434
 9642900
 9643020
 9643386
 9643521
 9643548
 9643561
 9643644
 9643787
 9644122
 9644150
 9644298
 9644318
 9644412
 9644626
 9644814
 9644910
 9644999
 9645007
 9645073
 9645238
 9645295
 9645377
 9645473
 9645556
 9645636
 9645656
 9646756
 9647146
 9647219
 9647221
 9647249
 9647323
 9647328
 9647334
 9647377
 9647441
 9647488
 9647511
 9647543
 9647743
 9647828
 9647830
 9647918
 9648044
 9648281
 9648293
 9648325
 9648372
 9648428
 9648663
 9648702
 9648786
 9648813
 9648851
 9648952
 9649082
 9649216
 9649220
 9649229
 9649331
 9649388
 9649503
 9649532
 9649559
 9649614
 9649795
 9649886
 9649897
 9649908
 9649976
 9650395
 9650556
 9650587
 9650626
 9650706
 9650901
 9651030
 9651105
 9651120
 9651143
 9651227
 9651268
 9651465
 9651473
 9651497
 9651550
 9651824
 9651829
 9651934
 9651940
 9652011
 9652208
 9652329
 9652340
 9652406
 9652461
 9652599
 9652653
 9653131
 9653310
 9653412
 9653771
 9654055
 9654123
 9654131
 9654170
 9654237
 9654322
 9654408
 9654542
 9654579
 9654620
 9654699
 9654753
 9654769
 9654781
 9654824
 9654871
 9654928
 9654929
 9654990
 9654997
 9655087
 9655135
 9655209
 9655476
 9655520
 9655550
 9655629
 9655681
 9655804
 9655837
 9655879
 9655922
 9656067
 9656210
 9656286
 9656342
 9656400
 9656418
 9656597
 9657014
 9657093
 9657163
 9657324
 9657474
 9657592
 9657892
 9657973
 9658376
 9658381
 9658468
 9658524
 9658546
 9658572
 9658894
 9658980
 9659065
 9659081
 9659224
 9659300
 9659452
 9659659
 9659889
 9659907
 9659984
 9659985
 9660098
 9660243
 9660257
 9660289
 9660367
 9660416
 9660417
 9660430
 9660431
 9660488
 9660569
 9660624
 9660694
 9660843
 9660925
 9661036
 9661282
 9661313
 9661316
 9661352
 9661402
 9661419
 9661495
 9661539
 9661543
 9661573
 9661598
 9661667
 9661680
 9661696
 9661710
 9661762
 9661769
 9661828
 9661949
 9662348
 9662365
 9662431
 9662572
 9662617
 9662786
 9662789
 9662999
 9663229
 9663508
 9663537
 9663612
 9663762
 9663865
 9663979
 9663994
 9664063
 9664155
 9664189
 9664243
 9664265
 9664295
 9664314
 9664396
 9664504
 9664837
 9664896
 9665019
 9665106
 9665200
 9665254
 9665295
 9665302
 9665303
 9665317
 9665337
 9665374
 9665514
 9665568
 9665580
 9665649
 9665697
 9665711
 9665774
 9665884
 9665946
 9665948
 9665969
 9666102
 9666119
 9666251
 9666255
 9666429
 9666520
 9666551
 9666608
 9666645
 9666687
 9666751
 9666854
 9666917
 9666983
 9667171
 9667196
 9667455
 9667524
 9667648
 9667743
 9667839
 9668122
 9668655
 9668854
 9668862
 9668930
 9668954
 9669022
 9669073
 9669390
 9669575
 9669635
 9669743
 9669847
 9669993
 9670066
 9670429
 9670560
 9670591
 9670729
 9670730
 9670904
 9670910
 9671048
 9671158
 9671179
 9671306
 9671505
 9671559
 9671597
 9671617
 9671622
 9671690
 9671722
 9671764
 9671963
 9672269
 9672322
 9672440
 9672468
 9672542
 9672679
 9672724
 9672818
 9673071
 9673091
 9673127
 9673210
 9673269
 9673308
 9673357
 9673415
 9673467
 9673489
 9673494
 9673543
 9673717
 9673865
 9673943
 9673989
 9674163
 9674180
 9674198
 9674228
 9674572
 9674638
 9674778
 9675219
 9675379
 9675387
 9675430
 9675500
 9675556
 9675660
 9675738
 9675798
 9675847
 9675891
 9675922
 9676004
 9676020
 9676062
 9676076
 9676172
 9676273
 9676332
 9676605
 9676622
 9676827
 9676899
 9676931
 9676981
 9677027
 9677300
 9677415
 9677491
 9677510
 9677600
 9677624
 9677837
 9678120
 9678288
 9678385
 9678389
 9678436
 9678577
 9678827
 9678878
 9678896
 9678950
 9678974
 9678992
 9679034
 9679064
 9679210
 9679300
 9679473
 9679523
 9679590
 9679614
 9679619
 9679622
 9679696
 9679733
 9679764
 9679800
 9679874
 9679876
 9680068
 9680084
 9680221
 9680234
 9680567
 9680635
 9680826
 9681069
 9681075
 9681206
 9681219
 9681281
 9681577
 9681611
 9681686
 9681739
 9681831
 9681899
 9681903
 9682062
 9682100
 9682546
 9682674
 9682730
 9682867
 9683159
 9683423
 9683449
 9683517
 9683524
 9683595
 9683645
 9683735
 9683821
 9683976
 9683980
 9683982
 9684271
 9684814
 9684876
 9684897
 9684987
 9685114
 9685174
 9685218
 9685337
 9685347
 9685349
 9685354
 9685362
 9685425
 9685531
 9685546
 9685813
 9685853
 9685886
 9685991
 9686380
 9686398
 9686476
 9686515
 9686718
 9686761
 9686797
 9686907
 9686935
 9687067
 9687121
 9687125
 9687141
 9687275
 9687276
 9687284
 9687422
 9687636
 9687647
 9687777
 9687838
 9687915
 9687994
 9688063
 9688104
 9688106
 9688108
 9688179
 9688240
 9688403
 9688489
 9688506
 9688538
 9688795
 9688810
 9688846
 9688870
 9688978
 9689032
 9689081
 9689121
 9689252
 9689296
 9689404
 9689465
 9689544
 9689566
 9689611
 9689615
 9689648
 9689895
 9689916
 9690165
 9690175
 9690212
 9690282
 9690285
 9690447
 9690469
 9690510
 9690625
 9690865
 9691000
 9691103
 9691158
 9691298
 9691341
 9691345
 9691513
 9691531
 9691544
 9691656
 9691664
 9691781
 9691787
 9691803
 9691830
 9691835
 9692030
 9692087
 9692161
 9692228
 9692243
 9692253
 9692687
 9692694
 9692773
 9692785
 9692887
 9692888
 9692932
 9693005
 9693336
 9693707
 9693783
 9693894
 9694338
 9694346
 9694455
 9694585
 9694637
 9695230
 9695300
 9695328
 9695385
 9695510
 9695520
 9695561
 9695573
 9695602
 9695649
 9695757
 9695852
 9696091
 9696236
 9696287
 9696503
 9696532
 9696607
 9696759
 9696948
 9697022
 9697347
 9697376
 9697436
 9697481
 9697621
 9697652
 9697672
 9697796
 9697851
 9697867
 9698046
 9698235
 9698274
 9698698
 9698790
 9698798
 9698835
 9698906
 9698916
 9698942
 9698983
 9698994
 9699096
 9699109
 9699125
 9699169
 9699433
 9699514
 9699561
 9699657
 9699862
 9699864
 9699919
 9699951
 9699970
 9700009
 9700017
 9700219
 9700290
 9700301
 9700603
 9700870
 9700912
 9700946
 9701002
 9701004
 9701070
 9701164
 9701180
 9701258
 9701344
 9701440
 9701502
 9701737
 9701774
 9701790
 9701801
 9701842
 9701888
 9702083
 9702108
 9702334
 9702530
 9702558
 9702656
 9702720
 9702724
 9702900
 9702932
 9702988
 9702994
 9703005
 9703122
 9703150
 9703307
 9703313
 9703467
 9703620
 9703796
 9704003
 9704011
 9704054
 9704082
 9704145
 9704180
 9704565
 9704591
 9704908
 9705322
 9705476
 9705502
 9705521
 9705614
 9705644
 9705673
 9705773
 9705775
 9705938
 9705967
 9706086
 9706157
 9706193
 9706252
 9706255
 9706264
 9706346
 9706402
 9706480
 9706599
 9706647
 9706674
 9706699
 9706885
 9706978
 9707134
 9707269
 9707430
 9707571
 9707572
 9707592
 9707709
 9707716
 9707721
 9707998
 9708002
 9708150
 9708267
 9708315
 9708400
 9708430
 9708530
 9708545
 9708958
 9708966
 9709147
 9709306
 9709418
 9709449
 9709488
 9709610
 9710080
 9710088
 9710101
 9710127
 9710343
 9710491
 9710590
 9710681
 9710719
 9711000
 9711108
 9711140
 9711154
 9711287
 9711404
 9711537
 9711659
 9711709
 9711771
 9711816
 9712061
 9712073
 9712459
 9712545
 9712654
 9712679
 9712837
 9712955
 9713565
 9713587
 9713668
 9713801
 9713952
 9714059
 9714210
 9714214
 9714263
 9714330
 9714385
 9714444
 9714613
 9714631
 9714709
 9714867
 9714891
 9714916
 9715069
 9715081
 9715220
 9715282
 9715448
 9715534
 9715564
 9715863
 9716173
 9716198
 9716313
 9716343
 9716385
 9716467
 9716643
 9716925
 9717005
 9717064
 9717288
 9717326
 9717337
 9717441
 9717527
 9717558
 9717618
 9717674
 9717702
 9717802
 9717928
 9717997
 9718025
 9718207
 9718273
 9718339
 9718349
 9718354
 9718452
 9719175
 9719272
 9719394
 9719397
 9719524
 9719530
 9719564
 9719565
 9719635
 9719808
 9719813
 9720277
 9720474
 9720477
 9720600
 9720611
 9720653
 9720732
 9720861
 9720899
 9721050
 9721053
 9721107
 9721133
 9721143
 9721289
 9721308
 9721376
 9721569
 9721602
 9721609
 9721820
 9721876
 9721913
 9721956
 9722406
 9722472
 9722520
 9722522
 9722541
 9722580
 9722679
 9722851
 9722930
 9722980
 9722987
 9723009
 9723041
 9723382
 9723385
 9723455
 9723477
 9723524
 9723651
 9723689
 9723887
 9723980
 9724043
 9724056
 9724113
 9724231
 9724262
 9724283
 9724290
 9724350
 9724391
 9724403
 9724410
 9724441
 9724502
 9724651
 9724657
 9724705
 9724878
 9724906
 9724952
 9725082
 9725157
 9725228
 9725313
 9725493
 9725530
 9725711
 9725901
 9725948
 9726292
 9726386
 9726412
 9726454
 9726687
 9726873
 9726874
 9726959
 9727121
 9727140
 9727675
 9727693
 9727746
 9727757
 9727869
 9727900
 9727931
 9728162
 9728240
 9728327
 9728538
 9728667
 9728788
 9728801
 9728822
 9728853
 9728890
 9728922
 9729026
 9729129
 9729145
 9729414
 9729817
 9729877
 9729921
 9729958
 9730177
 9730191
 9730243
 9730379
 9730662
 9730678
 9730751
 9730805
 9730843
 9730957
 9731276
 9731298
 9731325
 9731401
 9731509
 9731536
 9731581
 9731721
 9731741
 9731748
 9731760
 9731857
 9732001
 9732072
 9732109
 9732152
 9732218
 9732379
 9732406
 9732515
 9732924
 9732980
 9733006
 9733145
 9733147
 9733198
 9733293
 9733420
 9733596
 9733766
 9733850
 9733934
 9733953
 9734047
 9734083
 9734271
 9734322
 9734392
 9734690
 9734704
 9734765
 9734785
 9734872
 9734912
 9734946
 9735013
 9735047
 9735122
 9735131
 9735144
 9735336
 9735495
 9735608
 9735679
 9735680
 9736045
 9736093
 9736302
 9736326
 9736478
 9736518
 9736675
 9736718
 9736798
 9736808
 9737223
 9737291
 9737559
 9737720
 9737795
 9737819
 9738170
 9738287
 9738466
 9738490
 9738744
 9738778
 9738821
 9738884
 9738895
 9738898
 9738962
 9739082
 9739087
 9739239
 9739397
 9739548
 9739609
 9739620
 9739829
 9739832
 9739891
 9740029
 9740078
 9740099
 9740124
 9740179
 9740256
 9740294
 9740320
 9740327
 9740405
 9740430
 9740456
 9740481
 9740568
 9740633
 9740719
 9741105
 9741183
 9741308
 9741580
 9741657
 9741752
 9741794
 9742092
 9742194
 9742210
 9742291
 9742422
 9742478
 9742559
 9742628
 9742641
 9742683
 9742698
 9742746
 9743014
 9743022
 9743358
 9743366
 9743371
 9743387
 9743436
 9743455
 9743513
 9743611
 9743668
 9744055
 9744480
 9744492
 9744522
 9744586
 9744689
 9744704
 9744778
 9744971
 9745091
 9745126
 9745205
 9745257
 9745332
 9745646
 9745739
 9745838
 9745841
 9745894
 9746049
 9746075
 9746153
 9746166
 9746227
 9746262
 9746266
 9746304
 9746351
 9746663
 9746689
 9746692
 9746706
 9746793
 9746891
 9746944
 9747063
 9747168
 9747175
 9747178
 9747204
 9747484
 9747547
 9747605
 9747671
 9747751
 9748029
 9748053
 9748165
 9748176
 9748229
 9748296
 9748392
 9748421
 9748610
 9748889
 9749109
 9749244
 9749262
 9749329
 9749458
 9749470
 9749486
 9749591
 9749669
 9750001
 9750071
 9750201
 9750458
 9750814
 9750928
 9750948
 9750998
 9751003
 9751053
 9751061
 9751291
 9751355
 9751375
 9751528
 9751641
 9751671
 9751688
 9751781
 9751799
 9751985
 9751986
 9752262
 9752269
 9752464
 9752479
 9752568
 9752688
 9752690
 9752762
 9752774
 9752802
 9752822
 9752841
 9752947
 9753051
 9753068
 9753124
 9753187
 9753212
 9753318
 9753397
 9753425
 9753446
 9753491
 9753591
 9753607
 9753708
 9753752
 9753814
 9753974
 9754035
 9754117
 9754324
 9754388
 9754509
 9754672
 9754699
 9754793
 9755074
 9755146
 9755148
 9755185
 9755188
 9755274
 9755320
 9755958
 9756035
 9756091
 9756111
 9756205
 9756507
 9756592
 9756716
 9756743
 9756762
 9756866
 9756921
 9756961
 9756976
 9756998
 9757087
 9757156
 9757230
 9757296
 9757301
 9757379
 9757496
 9757627
 9757641
 9757805
 9758163
 9758178
 9758229
 9758297
 9758303
 9758326
 9758365
 9758395
 9758435
 9758607
 9758646
 9758743
 9758882
 9758884
 9758885
 9758911
 9758984
 9759000
 9759018
 9759211
 9759239
 9759299
 9759355
 9759380
 9759402
 9759438
 9759458
 9759555
 9759602
 9759671
 9759683
 9759814
 9759918
 9760034
 9760078
 9760164
 9760259
 9760419
 9760665
 9760675
 9760714
 9760770
 9760788
 9760917
 9761014
 9761409
 9761413
 9761672
 9761701
 9761865
 9761955
 9762045
 9762080
 9762377
 9762420
 9762586
 9762638
 9762694
 9762890
 9762948
 9763025
 9763213
 9763280
 9763292
 9763595
 9763674
 9764083
 9764117
 9764188
 9764331
 9764493
 9764630
 9764730
 9764744
 9764907
 9765028
 9765116
 9765307
 9765310
 9765676
 9765793
 9766044
 9766191
 9766226
 9766340
 9766438
 9766544
 9766631
 9767123
 9767164
 9767221
 9767332
 9767485
 9767688
 9767747
 9767767
 9767936
 9768062
 9768214
 9768225
 9768279
 9768281
 9768378
 9768492
 9768576
 9768860
 9768942
 9769055
 9769063
 9769333
 9769363
 9769608
 9769884
 9769936
 9770003
 9770015
 9770028
 9770093
 9770109
 9770215
 9770462
 9770719
 9770757
 9770891
 9770894
 9771098
 9771102
 9771135
 9771186
 9771200
 9771229
 9771401
 9771421
 9771458
 9771557
 9771587
 9771748
 9771946
 9772013
 9772525
 9772701
 9772717
 9772796
 9772935
 9772962
 9773060
 9773121
 9773240
 9773561
 9773734
 9773761
 9773871
 9773875
 9773912
 9773932
 9773982
 9774043
 9774313
 9774316
 9774369
 9774439
 9774457
 9774555
 9774557
 9774927
 9774936
 9774996
 9775176
 9775197
 9775251
 9775328
 9775463
 9775471
 9775531
 9775569
 9775590
 9775699
 9775733
 9775856
 9775919
 9776002
 9776275
 9776311
 9776359
 9776382
 9776426
 9776482
 9776532
 9776599
 9776823
 9777008
 9777096
 9777101
 9777232
 9777467
 9777550
 9777573
 9777657
 9777673
 9777729
 9777733
 9777769
 9777814
 9777936
 9777943
 9777949
 9778110
 9778226
 9778316
 9778318
 9778324
 9778475
 9778598
 9778832
 9778851
 9778871
 9778898
 9778980
 9779042
 9779317
 9779394
 9779609
 9779699
 9779718
 9779781
 9779792
 9780065
 9780108
 9780163
 9780174
 9780594
 9780662
 9780671
 9780821
 9780912
 9781152
 9781352
 9781393
 9781394
 9781414
 9781477
 9781622
 9781771
 9781817
 9781896
 9781899
 9782624
 9782719
 9782727
 9782940
 9782978
 9783007
 9783094
 9783194
 9783206
 9783295
 9783470
 9783476
 9783535
 9783803
 9783838
 9783987
 9784013
 9784144
 9784183
 9784186
 9784270
 9784374
 9784476
 9784652
 9784690
 9784762
 9784804
 9784823
 9784843
 9784871
 9784902
 9785099
 9785294
 9785326
 9785379
 9785410
 9785610
 9785998
 9786150
 9786387
 9786400
 9786445
 9786458
 9786535
 9786744
 9786787
 9786944
 9786952
 9787166
 9787570
 9787642
 9787743
 9787748
 9787766
 9787787
 9788023
 9788105
 9788164
 9788235
 9788254
 9788356
 9788404
 9788461
 9788477
 9788583
 9788644
 9788654
 9788925
 9788959
 9789018
 9789040
 9789055
 9789176
 9789411
 9789485
 9789549
 9789684
 9789728
 9790165
 9790235
 9790253
 9790273
 9790325
 9790532
 9790872
 9790894
 9790921
 9790945
 9791097
 9791134
 9791215
 9791234
 9791245
 9791275
 9791471
 9791508
 9791633
 9791672
 9791691
 9791783
 9792210
 9792212
 9792302
 9792660
 9792791
 9792851
 9793125
 9793396
 9793406
 9793415
 9793491
 9793519
 9793531
 9793668
 9793676
 9794001
 9794068
 9794123
 9794346
 9794365
 9794458
 9794486
 9794573
 9794579
 9794616
 9794699
 9794704
 9794865
 9795043
 9795348
 9795379
 9795427
 9795579
 9795774
 9795810
 9795932
 9796082
 9796158
 9796247
 9796571
 9796624
 9796668
 9796743
 9796744
 9796834
 9796837
 9796888
 9797366
 9797470
 9797517
 9797656
 9797689
 9797746
 9797767
 9797770
 9797783
 9798042
 9798202
 9798319
 9798331
 9798382
 9798427
 9798473
 9798535
 9798620
 9798680
 9798692
 9798747
 9798787
 9798798
 9798893
 9798997
 9799005
 9799030
 9799181
 9799242
 9799255
 9799258
 9799313
 9799728
 9799772
 9799989
 9800026
 9800154
 9800356
 9800411
 9800433
 9800705
 9800846
 9800862
 9800866
 9800871
 9800947
 9800974
 9801271
 9801399
 9801537
 9801681
 9801883
 9802074
 9802272
 9802499
 9802621
 9802667
 9803206
 9803217
 9803360
 9803364
 9803612
 9803665
 9803895
 9803934
 9804025
 9804161
 9804256
 9804573
 9804618
 9804628
 9804771
 9804838
 9805036
 9805146
 9805186
 9805413
 9805506
 9805737
 9805794
 9805977
 9806052
 9806056
 9806176
 9806208
 9806272
 9806273
 9806315
 9806449
 9806693
 9806867
 9806874
 9806880
 9806902
 9806939
 9807108
 9807316
 9807415
 9807452
 9807474
 9807479
 9807499
 9807670
 9807832
 9807853
 9807892
 9808155
 9808214
 9808275
 9808333
 9808383
 9808421
 9808453
 9808537
 9808581
 9808753
 9808807
 9808837
 9808874
 9808912
 9809235
 9809268
 9809328
 9809333
 9809359
 9809389
 9809451
 9809462
 9809627
 9809764
 9809835
 9810061
 9810198
 9810310
 9810376
 9810634
 9810717
 9810740
 9810887
 9810923
 9810995
 9811136
 9811211
 9811218
 9811271
 9811665
 9812062
 9812112
 9812164
 9812187
 9812304
 9812475
 9812566
 9812601
 9812656
 9812674
 9812690
 9812714
 9812803
 9812855
 9812977
 9813249
 9813252
 9813563
 9813762
 9813853
 9813964
 9814033
 9814197
 9814205
 9814314
 9814323
 9814395
 9814485
 9814618
 9814645
 9814649
 9814918
 9814936
 9815397
 9815575
 9815896
 9816116
 9816118
 9816248
 9816266
 9816324
 9816353
 9816394
 9816492
 9816588
 9816645
 9816690
 9816884
 9816889
 9816896
 9816984
 9817407
 9817621
 9817709
 9817810
 9817876
 9817927
 9818067
 9818164
 9818193
 9818197
 9818206
 9818946
 9818999
 9819011
 9819135
 9819152
 9819160
 9819201
 9819479
 9819485
 9819620
 9819680
 9819818
 9819842
 9819930
 9819945
 9819957
 9819967
 9819982
 9820064
 9820124
 9820210
 9820251
 9820412
 9820416
 9820453
 9820520
 9820526
 9820614
 9820644
 9820753
 9820826
 9820845
 9820890
 9820932
 9820976
 9821051
 9821103
 9821145
 9821281
 9821330
 9821360
 9821430
 9821438
 9821715
 9821720
 9821796
 9822050
 9822085
 9822240
 9822243
 9822257
 9822378
 9822451
 9822585
 9822606
 9822672
 9822677
 9822899
 9822927
 9822953
 9823033
 9823075
 9823205
 9823221
 9823248
 9823418
 9823457
 9823553
 9823626
 9823787
 9823788
 9823836
 9824085
 9824258
 9824278
 9824286
 9824320
 9824413
 9824421
 9824598
 9824851
 9824950
 9824971
 9825059
 9825289
 9825306
 9825401
 9825693
 9825842
 9825877
 9826026
 9826077
 9826131
 9826212
 9826542
 9826860
 9826872
 9827136
 9827188
 9827201
 9827207
 9827636
 9827788
 9827833
 9827939
 9828085
 9828347
 9828431
 9828597
 9828686
 9828798
 9828808
 9828882
 9829119
 9829365
 9829538
 9829613
 9829625
 9829771
 9829849
 9830011
 9830056
 9830099
 9830881
 9830935
 9831034
 9831056
 9831226
 9831428
 9831547
 9831566
 9831671
 9832049
 9832096
 9832249
 9832330
 9832386
 9832400
 9832437
 9832461
 9832541
 9832615
 9832695
 9832782
 9832932
 9832977
 9833052
 9833086
 9833156
 9833352
 9833485
 9833750
 9833831
 9833987
 9834251
 9834631
 9834690
 9834833
 9834914
 9834955
 9834994
 9835105
 9835324
 9835371
 9835514
 9835622
 9835782
 9835793
 9836059
 9836063
 9836092
 9836217
 9836539
 9836548
 9836550
 9836574
 9836847
 9836972
 9837637
 9837722
 9837783
 9837802
 9837841
 9838158
 9838255
 9838299
 9838362
 9838497
 9838653
 9838834
 9838882
 9838964
 9839169
 9839183
 9839448
 9839822
 9839869
 9840021
 9840101
 9840165
 9840454
 9840511
 9840677
 9841141
 9841195
 9841298
 9841312
 9841338
 9841481
 9841491
 9841585
 9841734
 9841852
 9841867
 9842494
 9842551
 9842566
 9842644
 9843061
 9843264
 9843342
 9843358
 9843463
 9843587
 9843826
 9844250
 9844306
 9844484
 9844548
 9844579
 9844618
 9844636
 9845087
 9845097
 9845107
 9845267
 9845560
 9845848
 9845982
 9846011
 9846414
 9846444
 9846482
 9846602
 9846727
 9846746
 9846764
 9846819
 9846834
 9847117
 9847212
 9847302
 9847308
 9847412
 9847520
 9847538
 9847584
 9847667
 9847966
 9847974
 9848015
 9848153
 9848246
 9848345
 9848366
 9848515
 9848766
 9848877
 9849212
 9849265
 9849636
 9849644
 9849684
 9849785
 9849796
 9849887
 9850018
 9850049
 9850373
 9850532
 9850615
 9850756
 9850860
 9850903
 9851144
 9851146
 9851344
 9851732
 9852163
 9852194
 9852214
 9852254
 9852320
 9852360
 9852391
 9852434
 9852452
 9852600
 9852700
 9852702
 9852955
 9852976
 9853214
 9853307
 9853620
 9853666
 9853678
 9853686
 9853729
 9853892
 9854041
 9854075
 9854140
 9854317
 9854405
 9854731
 9854743
 9854825
 9854936
 9855006
 9855177
 9855310
 9855370
 9855434
 9855501
 9855534
 9855553
 9855566
 9855640
 9855753
 9855860
 9855958
 9855976
 9856129
 9856185
 9856205
 9856281
 9856335
 9856418
 9856481
 9856603
 9857240
 9857413
 9857495
 9857797
 9857904
 9857943
 9858004
 9858101
 9858146
 9858237
 9858413
 9858440
 9858500
 9858550
 9858624
 9858694
 9858758
 9858870
 9858905
 9858971
 9859004
 9859131
 9859212
 9859288
 9859303
 9859353
 9859393
 9859604
 9859734
 9859843
 9859851
 9860034
 9860206
 9860233
 9860324
 9860416
 9860431
 9860535
 9860615
 9860772
 9860850
 9860898
 9861101
 9861386
 9861562
 9861781
 9861858
 9861870
 9862040
 9862080
 9862219
 9862290
 9862304
 9862385
 9862632
 9862712
 9862854
 9862896
 9862905
 9863001
 9863107
 9863219
 9863305
 9863411
 9863469
 9864085
 9864208
 9864261
 9864262
 9864279
 9864299
 9864427
 9864476
 9864498
 9864505
 9864545
 9864630
 9864723
 9864764
 9864826
 9864876
 9865136
 9865172
 9865235
 9865267
 9865333
 9865338
 9865352
 9865387
 9865530
 9865535
 9865552
 9865780
 9866023
 9866164
 9866201
 9866211
 9866271
 9866322
 9866979
 9866989
 9867124
 9867139
 9867179
 9867254
 9867294
 9867567
 9867595
 9867674
 9867751
 9867756
 9867762
 9867791
 9867803
 9867837
 9867896
 9867898
 9868004
 9868089
 9868216
 9868250
 9868257
 9868269
 9868271
 9868292
 9868331
 9868484
 9868504
 9868597
 9868662
 9868685
 9868696
 9868858
 9868920
 9869015
 9869290
 9869327
 9869465
 9869703
 9869788
 9869790
 9869911
 9870041
 9870071
 9870348
 9870354
 9870473
 9870572
 9870640
 9870860
 9870869
 9871146
 9871163
 9871213
 9871306
 9871333
 9871368
 9871512
 9871619
 9871789
 9871857
 9871878
 9871896
 9872025
 9872084
 9872190
 9872232
 9872243
 9872312
 9872389
 9872419
 9872421
 9872452
 9872778
 9872779
 9872849
 9872943
 9873216
 9873221
 9873233
 9873275
 9873441
 9873753
 9873840
 9873881
 9874082
 9874160
 9874252
 9874303
 9874367
 9874395
 9874495
 9874514
 9874548
 9874613
 9874632
 9874790
 9874919
 9874926
 9874966
 9874976
 9874979
 9874984
 9875024
 9875144
 9875161
 9875386
 9875422
 9875755
 9875795
 9875825
 9875948
 9876540
 9876616
 9876648
 9876665
 9876733
 9876754
 9876773
 9876937
 9877012
 9877123
 9877161
 9877222
 9877241
 9877262
 9877379
 9877628
 9877705
 9877806
 9877975
 9877982
 9878090
 9878123
 9878179
 9878183
 9878250
 9878503
 9878561
 9878660
 9878693
 9878704
 9878872
 9879005
 9879099
 9879258
 9879296
 9879301
 9879560
 9879615
 9879627
 9879681
 9879794
 9879934
 9879949
 9879973
 9880084
 9880286
 9880302
 9880344
 9880375
 9880384
 9880442
 9880730
 9880778
 9880825
 9880851
 9881049
 9881104
 9881254
 9881304
 9881307
 9881414
 9881584
 9881595
 9881636
 9881706
 9881778
 9881968
 9882119
 9882354
 9882401
 9882438
 9882451
 9882869
 9882916
 9882974
 9883008
 9883013
 9883160
 9883434
 9883615
 9883756
 9884203
 9884284
 9884347
 9884567
 9884667
 9885114
 9885410
 9885419
 9885506
 9885510
 9885631
 9885640
 9885696
 9885720
 9885868
 9885938
 9885988
 9886030
 9886132
 9886331
 9886467
 9886595
 9886689
 9886783
 9886795
 9886951
 9887254
 9887290
 9887387
 9887413
 9887440
 9887471
 9887495
 9887666
 9887699
 9887918
 9887977
 9888019
 9888086
 9888138
 9888205
 9888211
 9888328
 9888359
 9888468
 9888474
 9888552
 9888667
 9888759
 9888781
 9888853
 9888881
 9888952
 9889017
 9889043
 9889176
 9889234
 9889301
 9889340
 9889366
 9889375
 9889413
 9889660
 9889670
 9889735
 9889749
 9889757
 9889850
 9889969
 9890003
 9890471
 9890561
 9890724
 9890749
 9890857
 9890885
 9891216
 9891357
 9891460
 9891461
 9891774
 9891815
 9891910
 9892121
 9892261
 9892348
 9892594
 9892677
 9892909
 9892984
 9892987
 9893232
 9893402
 9893408
 9893504
 9893965
 9894080
 9894245
 9894297
 9894505
 9894719
 9894770
 9894948
 9894973
 9895109
 9895268
 9895295
 9895348
 9895453
 9895751
 9895816
 9896024
 9896026
 9896396
 9896590
 9896604
 9896635
 9896698
 9896736
 9896892
 9897134
 9897141
 9897292
 9897544
 9897650
 9897870
 9897872
 9897981
 9898100
 9898143
 9898342
 9898474
 9898556
 9898658
 9898680
 9898755
 9898851
 9898883
 9899123
 9899181
 9899319
 9899563
 9899599
 9899615
 9899689
 9900086
 9900110
 9900159
 9900332
 9900524
 9900573
 9900712
 9901010
 9901024
 9901500
 9901514
 9901549
 9901597
 9901799
 9901818
 9901906
 9901995
 9902343
 9902503
 9902509
 9902521
 9902551
 9902562
 9902692
 9902726
 9902859
 9903526
 9903535
 9903790
 9903875
 9903919
 9903940
 9903941
 9903962
 9904142
 9904159
 9904186
 9904298
 9904354
 9904479
 9904544
 9904681
 9904756
 9904879
 9904982
 9905024
 9905069
 9905183
 9905242
 9905512
 9905522
 9905659
 9905799
 9905803
 9905930
 9905950
 9906056
 9906155
 9906172
 9906270
 9906373
 9906691
 9906713
 9906737
 9906752
 9906796
 9906878
 9907005
 9907053
 9907089
 9907099
 9907260
 9907342
 9907372
 9907388
 9907423
 9907524
 9907543
 9907666
 9907856
 9908146
 9908185
 9908363
 9908366
 9908569
 9908725
 9908947
 9908963
 9909193
 9909222
 9909229
 9909249
 9909272
 9909453
 9909463
 9909661
 9909678
 9909682
 9909709
 9909747
 9909916
 9910080
 9910118
 9910209
 9910308
 9910663
 9910697
 9910727
 9910734
 9910930
 9911052
 9911125
 9911362
 9911420
 9911528
 9911827
 9911865
 9911904
 9912005
 9912056
 9912319
 9912468
 9912534
 9912551
 9912663
 9912790
 9912881
 9912925
 9913022
 9913034
 9913036
 9913097
 9913180
 9913224
 9913237
 9913258
 9913594
 9913615
 9913985
 9913999
 9914126
 9914235
 9914236
 9914248
 9914417
 9914572
 9914685
 9914713
 9914801
 9914888
 9914902
 9915030
 9915123
 9915313
 9915572
 9915786
 9915833
 9916053
 9916088
 9916234
 9916329
 9916420
 9916580
 9916778
 9916899
 9916926
 9916965
 9917508
 9917581
 9917584
 9917657
 9917832
 9917883
 9917893
 9917944
 9917948
 9918287
 9918402
 9918618
 9918631
 9918637
 9918674
 9918758
 9918912
 9919066
 9919113
 9919144
 9919225
 9919256
 9919263
 9919347
 9919421
 9919452
 9919492
 9919702
 9919704
 9919979
 9920026
 9920039
 9920079
 9920117
 9920138
 9920357
 9920577
 9920740
 9920752
 9920773
 9920779
 9920857
 9920894
 9920957
 9921014
 9921071
 9921191
 9921214
 9921283
 9921343
 9921482
 9921507
 9921576
 9921690
 9921821
 9921838
 9921902
 9922105
 9922145
 9922224
 9922440
 9922443
 9922512
 9922561
 9922605
 9922654
 9922879
 9923012
 9923027
 9923099
 9923238
 9923276
 9923294
 9923580
 9923582
 9923584
 9923847
 9924028
 9924354
 9924466
 9924837
 9924906
 9924969
 9925008
 9925124
 9925353
 9925396
 9925475
 9925522
 9925928
 9925999
 9926249
 9926350
 9926417
 9926437
 9926458
 9926475
 9926489
 9926520
 9926631
 9926776
 9926805
 9926864
 9926932
 9927068
 9927086
 9927149
 9927209
 9927358
 9927362
 9927622
 9927662
 9927807
 9927847
 9927849
 9927857
 9927875
 9927989
 9928106
 9928267
 9928318
 9928337
 9928562
 9928683
 9928764
 9928890
 9928938
 9928985
 9929253
 9929330
 9929333
 9929416
 9929503
 9929562
 9929732
 9929765
 9929827
 9930010
 9930024
 9930049
 9930116
 9930141
 9930192
 9930267
 9930334
 9930362
 9930365
 9930629
 9930701
 9930757
 9931160
 9931240
 9931397
 9931671
 9931697
 9931841
 9932027
 9932179
 9932224
 9932269
 9932356
 9932415
 9932492
 9932496
 9932541
 9932551
 9932578
 9932873
 9933008
 9933054
 9933210
 9933248
 9933395
 9933407
 9933569
 9933713
 9933722
 9933741
 9933844
 9933862
 9934265
 9934399
 9934602
 9934621
 9934647
 9934652
 9935018
 9935170
 9935320
 9935371
 9935398
 9935400
 9935424
 9935467
 9935734
 9935825
 9935827
 9935834
 9935980
 9936049
 9936179
 9936206
 9936309
 9936417
 9936422
 9936464
 9936509
 9936551
 9936577
 9936597
 9936620
 9936668
 9936676
 9936777
 9936872
 9937022
 9937083
 9937095
 9937098
 9937174
 9937277
 9937334
 9937613
 9937812
 9937957
 9938076
 9938183
 9938507
 9938864
 9938903
 9938974
 9939062
 9939086
 9939431
 9939472
 9939575
 9939633
 9939844
 9939960
 9940059
 9940295
 9940366
 9940417
 9940520
 9940558
 9940608
 9940619
 9940683
 9940772
 9940773
 9940809
 9940863
 9940877
 9940921
 9940988
 9941094
 9941145
 9941153
 9941163
 9941166
 9941324
 9941373
 9941509
 9941536
 9941652
 9941770
 9941890
 9941918
 9941920
 9942125
 9942162
 9942391
 9942524
 9942527
 9942615
 9942965
 9942981
 9943031
 9943223
 9943349
 9943394
 9943458
 9943636
 9943651
 9943671
 9943692
 9943777
 9943818
 9943874
 9943947
 9943968
 9944008
 9944138
 9944150
 9944329
 9944691
 9944730
 9945003
 9945047
 9945068
 9945231
 9945235
 9945236
 9945339
 9945521
 9945565
 9945619
 9945650
 9945703
 9945783
 9945792
 9945832
 9946088
 9946136
 9946150
 9946233
 9946281
 9946551
 9946579
 9946704
 9946985
 9947108
 9947168
 9947429
 9947765
 9947967
 9948146
 9948178
 9948256
 9948296
 9948374
 9948555
 9948880
 9948885
 9948916
 9948998
 9949214
 9949290
 9949387
 9949457
 9949475
 9949511
 9949673
 9949676
 9949732
 9949883
 9949964
 9950032
 9950033
 9950087
 9950104
 9950320
 9950471
 9950560
 9950594
 9950596
 9950703
 9950787
 9950915
 9951051
 9951261
 9951327
 9951377
 9951408
 9951686
 9951695
 9951836
 9951876
 9951905
 9951962
 9952105
 9952134
 9952217
 9952229
 9952247
 9952473
 9952634
 9952788
 9952947
 9952976
 9952996
 9953100
 9953145
 9953219
 9953283
 9953301
 9953410
 9953464
 9953554
 9953572
 9953880
 9953894
 9953945
 9953989
 9954142
 9954154
 9954475
 9954684
 9954752
 9954758
 9954841
 9954910
 9954968
 9955178
 9955255
 9955396
 9955616
 9955617
 9955670
 9955744
 9955750
 9955947
 9956144
 9956182
 9956437
 9956536
 9956548
 9956738
 9956788
 9956850
 9956872
 9957280
 9957342
 9957429
 9957808
 9957814
 9957860
 9957937
 9957963
 9957971
 9958172
 9958532
 9958688
 9958697
 9958718
 9958724
 9959066
 9959327
 9959540
 9959641
 9959675
 9959707
 9959739
 9959778
 9959962
 9960104
 9960118
 9960120
 9960426
 9960484
 9960538
 9960624
 9960936
 9960987
 9961089
 9961274
 9961330
 9961488
 9961545
 9961669
 9961869
 9962024
 9962312
 9962349
 9962960
 9963201
 9963357
 9963903
 9964072
 9964095
 9964155
 9964310
 9964353
 9964647
 9964779
 9964797
 9964949
 9964959
 9964972
 9964989
 9965051
 9965116
 9965566
 9965696
 9965781
 9965796
 9965829
 9966055
 9966056
 9966169
 9966340
 9966456
 9966470
 9966603
 9966761
 9966928
 9967114
 9967123
 9967257
 9967261
 9967431
 9967543
 9967632
 9967636
 9967733
 9967741
 9967826
 9967829
 9967946
 9968083
 9968104
 9968112
 9968173
 9968319
 9968438
 9968786
 9968816
 9968886
 9968910
 9968964
 9968998
 9969077
 9969216
 9969317
 9969446
 9969507
 9969619
 9969654
 9969676
 9969890
 9969958
 9970506
 9970595
 9970816
 9970874
 9970896
 9970914
 9970923
 9971111
 9971334
 9971344
 9971388
 9971400
 9971663
 9971667
 9972217
 9972233
 9972321
 9972338
 9972422
 9972449
 9972508
 9972603
 9972635
 9972685
 9972734
 9972740
 9972778
 9972818
 9972889
 9973039
 9973106
 9973280
 9973366
 9973369
 9973376
 9973532
 9973592
 9973654
 9973775
 9973821
 9973875
 9974188
 9974396
 9974684
 9974693
 9974753
 9974783
 9975120
 9975385
 9975512
 9976129
 9976254
 9976684
 9976753
 9976799
 9976950
 9977074
 9977211
 9977373
 9977374
 9977451
 9977737
 9977826
 9977993
 9978011
 9978064
 9978431
 9978719
 9978728
 9978795
 9978845
 9978910
 9979118
 9979166
 9979374
 9979473
 9979507
 9979511
 9979651
 9979832
 9979847
 9979959
 9980082
 9980215
 9980254
 9980259
 9980383
 9980492
 9980699
 9980936
 9981094
 9981191
 9981230
 9981496
 9981544
 9981626
 9981652
 9981996
 9982037
 9982114
 9982223
 9982293
 9982515
 9982776
 9982854
 9982951
 9982988
 9983059
 9983267
 9983302
 9983347
 9983366
 9983372
 9983378
 9983450
 9983498
 9983551
 9983575
 9983807
 9983851
 9983866
 9983910
 9983933
 9984324
 9984436
 9984485
 9984486
 9984904
 9985010
 9985105
 9985750
 9985823
 9986071
 9986150
 9986164
 9986251
 9986331
 9986442
 9986595
 9986621
 9986691
 9986739
 9986848
 9986888
 9986897
 9986913
 9986962
 9987078
 9987203
 9987418
 9987435
 9987497
 9987571
 9987612
 9987646
 9987726
 9987929
 9987936
 9988164
 9988224
 9988229
 9988252
 9988334
 9988394
 9988587
 9988809
 9988943
 9988971
 9989064
 9989089
 9989158
 9989216
 9989249
 9989297
 9989582
 9989597
 9989690
 9989817
 9989863
 9989997
 9990033
 9990112
 9990130
 9990205
 9990475
 9990607
 9990682
 9990809
 9990866
 9991174
 9991230
 9991241
 9991320
 9991427
 9991599
 9991614
 9991666
 9991781
 9991924
 9992150
 9992319
 9992412
 9992416
 9992457
 9992471
 9992573
 9992575
 9992576
 9992583
 9992654
 9992739
 9992757
 9992772
 9992795
 9992813
 9993007
 9993066
 9993133
 9993153
 9993198
 9993258
 9993272
 9993427
 9993479
 9993502
 9993624
 9993792
 9993844
 9993868
 9993944
 9993955
 9993959
 9994144
 9994382
 9994554
 9994805
 9994847
 9995071
 9995419
 9995454
 9995985
 9996182
 9996204
 9996417
 9996538
 9996635
 9996658
 9996713
 9996757
 9996758
 9996795
 9996932
 9996938
 9997092
 9997148
 9997193
 9997364
 9997480
 9997483
 9997540
 9997558
 9997614
 9997654
 9997655
 9997789
 9997796
 9997839
 9997919
 9997933
 9997955
 9998034
 9998042
 9998162
 9998335
 9998358
 9998387
 9998498
 9998629
 9998744
 9998892
 9999020
 9999079
 9999108
 9999156
 9999218
 9999271
 9999354
 9999419
 9999493
 9999613
 9999698
 9999836